Orthogroup	Cmi	Cpl	Ler	Loc	Gga	Xtr
N0.HOG0000000					Gga29, Gga16, Gga33	
N0.HOG0000001			Ler28, Ler15, Ler10, Ler36, Ler08, Ler18, Ler04, Ler03, Ler24, Ler06, Ler14, Ler07, Ler11, Ler26, Ler02, Ler09			Xtr06
N0.HOG0000002			LerSca			Xtr09
N0.HOG0000003			Ler08			Xtr09
N0.HOG0000004			Ler02, Ler13, Ler05, Ler04, Ler18, Ler17			
N0.HOG0000005			Ler05, Ler27, Ler07, Ler23, Ler29, Ler36, Ler03, Ler04, Ler21, Ler06			
N0.HOG0000006			Ler03, Ler01			Xtr02, Xtr06, Xtr05
N0.HOG0000007			Ler03, Ler30			
N0.HOG0000008			Ler01, Ler13, Ler27, Ler34, Ler04			
N0.HOG0000009			Ler28, Ler01, Ler14, Ler05, Ler11, Ler16, Ler08, Ler12, Ler30, Ler03, Ler09, Ler06			
N0.HOG0000010			Ler01, Ler14, Ler05, Ler10, Ler11, Ler07, Ler16, Ler26, Ler02, Ler40, Ler03, Ler09			Xtr03
N0.HOG0000011		Cpl33	Ler13, Ler01, Ler27, Ler35, Ler12, Ler03, Ler43, Ler18, Ler04, Ler17, Ler06			
N0.HOG0000012			Ler34, Ler01, Ler21		GgaW	
N0.HOG0000013			Ler04		Gga27, Gga02	
N0.HOG0000014			Ler15, Ler01, Ler05, Ler10, Ler08, Ler12, Ler22, Ler04, Ler03, Ler13, Ler14, Ler20, Ler07, Ler29, Ler16, Ler02, Ler32, Ler17, Ler21			
N0.HOG0000015	Cmi08		Ler01, Ler05, Ler12, Ler43, Ler24, Ler06, Ler50, Ler07, Ler11, Ler23, Ler25, Ler26, Ler32, Ler40, Ler09, Ler21, Ler28, Ler15, Ler33, Ler36, Ler08, Ler22, Ler04, Ler03, Ler13, Ler31, Ler20, Ler29, Ler16, Ler02, Ler34, Ler19			Xtr07
N0.HOG0000016	Cmi27	Cpl43	Ler40, Ler26, Ler10, Ler17	Loc04		
N0.HOG0000017	Cmi04	Cpl12	Ler02, Ler38, Ler15, Ler14			Xtr07
N0.HOG0000018	Cmi03, Cmi28	Cpl01, Cpl03	Ler28, Ler15, Ler01, Ler05, Ler10, Ler33, Ler08, Ler38, Ler12, Ler43, Ler18, Ler22, Ler04, Ler03, Ler24, Ler06, Ler13, Ler20, Ler31, Ler27, Ler11, Ler07, Ler29, Ler45, Ler26, Ler02, Ler32, Ler30, Ler40, Ler21	Loc16	Gga03	Xtr05
N0.HOG0000019	Cmi07		Ler28, Ler15, Ler01, Ler19, Ler05, Ler10, Ler08, Ler12, Ler18, Ler22, Ler03, Ler04, Ler06, Ler13, Ler14, Ler20, Ler27, Ler07, Ler23, Ler11, Ler25, Ler29, Ler02, Ler32, Ler37, Ler30, Ler34, Ler09, Ler17, Ler21	Loc05		
N0.HOG0000020	Cmi05	Cpl23	Ler02, Ler22, Ler05, Ler04, Ler07		Gga01	
N0.HOG0000021			Ler28, Ler15, Ler01, Ler19, Ler05, Ler10, Ler33, Ler08, Ler38, Ler12, Ler22, Ler03, Ler04, Ler06, Ler13, Ler14, Ler20, Ler31, Ler50, Ler11, Ler23, Ler07, Ler25, Ler29, Ler02, Ler32, Ler37, Ler30, Ler09, Ler17, Ler21	Loc08	Gga01	
N0.HOG0000022	Cmi12	Cpl10, Cpl37, Cpl46, Cpl27, Cpl49, Cpl30, Cpl24, Cpl08, Cpl44, Cpl26, Cpl38, Cpl25, Cpl14, Cpl50, Cpl31, Cpl32, Cpl45, Cpl17	Ler15	Loc01		Xtr05
N0.HOG0000023				Loc26	Gga01	Xtr06, Xtr09
N0.HOG0000024		Cpl50	LerSca			Xtr06, Xtr09
N0.HOG0000025		Cpl50, Cpl07, Cpl04	Ler08, Ler38, Ler12, Ler04, Ler06			Xtr09
N0.HOG0000026	Cmi05	Cpl50	LerSca	Loc14		
N0.HOG0000027		Cpl15	Ler28, Ler15, Ler01, Ler05, Ler10, Ler08, Ler38, Ler12, Ler18, Ler22, Ler04, Ler03, Ler24, Ler06, Ler13, Ler31, Ler20, Ler27, Ler07, Ler23, Ler11, Ler25, Ler16, Ler02, Ler32, Ler30, Ler09, Ler17, Ler21			
N0.HOG0000028			Ler28, Ler15, Ler01, Ler05, Ler10, Ler08, Ler12, Ler18, Ler22, Ler04, Ler03, Ler24, Ler06, Ler13, Ler14, Ler20, Ler27, Ler07, Ler23, Ler25, Ler11, Ler16, Ler42, Ler26, Ler02, Ler32, Ler34, Ler09, Ler17, Ler21			
N0.HOG0000029						Xtr02, Xtr06, Xtr10, Xtr08, Xtr01, Xtr03, Xtr09
N0.HOG0000030	Cmi30			Loc07		Xtr09, Xtr05
N0.HOG0000031	CmiSca	CplSca	LerSca	Loc05		
N0.HOG0000032	Cmi30			Loc05		
N0.HOG0000033	Cmi29, Cmi09, Cmi30		LerSca	Loc11, Loc10, Loc09, Loc02, Loc05		
N0.HOG0000034						Xtr09, Xtr04
N0.HOG0000035						Xtr07, Xtr08, Xtr03
N0.HOG0000036			Ler29			Xtr06
N0.HOG0000037			Ler28, Ler01, Ler05, Ler10, Ler08, Ler38, Ler12, Ler18, Ler22, Ler03, Ler04, Ler24, Ler06, Ler13, Ler14, Ler20, Ler11, Ler07, Ler02, Ler30, Ler09, Ler17			
N0.HOG0000038			Ler01, Ler05			
N0.HOG0000039			Ler17, Ler01, Ler13, Ler14, Ler05, Ler07, Ler23, Ler18, Ler08, Ler02, Ler03, Ler22, Ler04, Ler30, Ler06			
N0.HOG0000040			Ler05, Ler17, Ler06			
N0.HOG0000041			Ler29, Ler01, Ler05			
N0.HOG0000042			Ler02			Xtr01
N0.HOG0000043			Ler27, Ler06			Xtr01
N0.HOG0000044	CmiSca	Cpl09	Ler01, Ler05, Ler33, Ler47, Ler08, Ler03, Ler04, Ler06, Ler14, Ler31, Ler20, Ler27, Ler07, Ler23, Ler25, Ler26, Ler02, Ler32, Ler30, Ler19	Loc17		
N0.HOG0000045					GgaZ, Gga01, Gga02, Gga12, Gga28	
N0.HOG0000046			Ler28, Ler15, Ler01, Ler19, Ler05, Ler10, Ler47, Ler36, Ler08, Ler12, Ler18, Ler22, Ler04, Ler03, Ler06, Ler13, Ler14, Ler20, Ler27, Ler07, Ler23, Ler11, Ler35, Ler02, Ler32, Ler30, Ler09, Ler17, Ler21			
N0.HOG0000047			Ler28, Ler15, Ler01, Ler05, Ler10, Ler08, Ler12, Ler18, Ler04, Ler03, Ler06, Ler13, Ler14, Ler27, Ler11, Ler07, Ler29, Ler16, Ler35, Ler45, Ler02, Ler32, Ler37, Ler30, Ler09, Ler17, Ler19			
N0.HOG0000048	Cmi04	Cpl07, Cpl39, Cpl37, Cpl41, Cpl46, Cpl49, Cpl12, Cpl42, Cpl17	Ler28, Ler24	Loc04		
N0.HOG0000049	CmiSca	Cpl50	Ler03		Gga01	Xtr06
N0.HOG0000050	CmiSca	Cpl50				Xtr06
N0.HOG0000051		Cpl37	LerSca			Xtr09
N0.HOG0000052		Cpl50	Ler01		Gga01	Xtr09
N0.HOG0000053			LerSca			Xtr03
N0.HOG0000054			LerSca			Xtr06
N0.HOG0000055			LerSca			Xtr03
N0.HOG0000056			LerSca		Gga01	Xtr03
N0.HOG0000057					Gga01	Xtr06
N0.HOG0000058			LerSca		Gga01	
N0.HOG0000059			LerSca			Xtr06
N0.HOG0000060			LerSca			Xtr03
N0.HOG0000061		Cpl50				Xtr06
N0.HOG0000062		Cpl50	LerSca			
N0.HOG0000063	Cmi03	Cpl03	Ler23, Ler20, Ler05	Loc02	Gga38	Xtr10, Xtr09, Xtr05
N0.HOG0000064		Cpl21			Gga03	
N0.HOG0000065	CmiSca	Cpl24		Loc10		
N0.HOG0000066		Cpl02	Ler28, Ler15, Ler01, Ler05, Ler10, Ler33, Ler08, Ler38, Ler12, Ler04, Ler03, Ler06, Ler13, Ler14, Ler20, Ler31, Ler07, Ler11, Ler25, Ler23, Ler29, Ler16, Ler45, Ler02, Ler09, Ler17, Ler19			Xtr01
N0.HOG0000067		Cpl27	Ler28, Ler15, Ler01, Ler05, Ler10, Ler33, Ler08, Ler12, Ler18, Ler22, Ler04, Ler03, Ler24, Ler06, Ler13, Ler14, Ler20, Ler31, Ler07, Ler11, Ler23, Ler29, Ler16, Ler02, Ler37, Ler30, Ler34, Ler09, Ler17, Ler21		Gga01	
N0.HOG0000068	Cmi02	Cpl29	Ler02		Gga02	Xtr06
N0.HOG0000069	Cmi01	CplSca	Ler15, Ler01, Ler19, Ler05, Ler33, Ler36, Ler08, Ler38, Ler12, Ler18, Ler22, Ler03, Ler04, Ler06, Ler13, Ler14, Ler31, Ler20, Ler27, Ler07, Ler23, Ler25, Ler11, Ler29, Ler26, Ler39, Ler02, Ler32, Ler30, Ler17, Ler21	Loc11		Xtr03
N0.HOG0000070	Cmi27, Cmi30	Cpl44, Cpl07, Cpl48, Cpl39, Cpl37, Cpl46, Cpl27, Cpl49, Cpl47, Cpl50, Cpl12, Cpl42, Cpl08, Cpl45, Cpl17	Ler24			Xtr05
N0.HOG0000071		Cpl24, Cpl12	Ler15, Ler01, Ler05, Ler10, Ler33, Ler36, Ler08, Ler38, Ler12, Ler18, Ler03, Ler04, Ler24, Ler06, Ler13, Ler14, Ler20, Ler27, Ler07, Ler11, Ler23, Ler16, Ler26, Ler02, Ler32, Ler41, Ler30, Ler34, Ler09, Ler17, Ler19			
N0.HOG0000072	Cmi06	Cpl07	LerSca	Loc12	Gga09	
N0.HOG0000073	Cmi06			Loc05		
N0.HOG0000074	Cmi06	Cpl07	Ler07	Loc12		
N0.HOG0000075	Cmi06	Cpl07	Ler07	Loc12		
N0.HOG0000076	CmiSca	Cpl37	Ler15, Ler29		Gga01	Xtr03
N0.HOG0000077		Cpl50	Ler33		Gga01	Xtr03, Xtr05
N0.HOG0000078		Cpl50				Xtr06
N0.HOG0000079		Cpl50				Xtr03
N0.HOG0000080		CplSca	LerSca			Xtr06
N0.HOG0000081		Cpl12				Xtr03
N0.HOG0000082	CmiSca	Cpl50	LerSca			Xtr03
N0.HOG0000083			LerSca			Xtr06
N0.HOG0000084		CplSca	Ler04	Loc10		Xtr03
N0.HOG0000085		CplSca				Xtr03
N0.HOG0000086		CplSca	LerSca			
N0.HOG0000087			LerSca		Gga01	Xtr06
N0.HOG0000088	CmiSca	Cpl50				Xtr06
N0.HOG0000089			LerSca			Xtr05
N0.HOG0000090			LerSca			Xtr03
N0.HOG0000091		CplSca	LerSca			
N0.HOG0000092	CmiSca	Cpl18	Ler16		Gga12	Xtr04
N0.HOG0000093	CmiSca	Cpl37	LerSca	Loc26	Gga24	Xtr07
N0.HOG0000094			Ler38, Ler32			Xtr06
N0.HOG0000095			LerSca		Gga01	Xtr06, Xtr03, Xtr09
N0.HOG0000096	CmiSca	Cpl03, Cpl37	LerSca	LocSca	Gga31	
N0.HOG0000097	Cmi05	Cpl23	Ler01	Loc08	Gga01	Xtr03
N0.HOG0000098	Cmi14	Cpl01, Cpl17	Ler15, Ler02, Ler38, Ler17	Loc23	Gga11	Xtr04
N0.HOG0000099	Cmi04	CplSca	Ler20	Loc03		
N0.HOG0000100			Ler03, Ler01, Ler17, Ler22			Xtr02
N0.HOG0000101			Ler01, Ler05, Ler10, Ler36, Ler12, Ler22, Ler03, Ler04, Ler06, Ler14, Ler20, Ler07, Ler23, Ler35, Ler16, Ler26, Ler02, Ler30, Ler40, Ler09	Loc24		
N0.HOG0000102			Ler28, Ler15, Ler01, Ler19, Ler05, Ler10, Ler08, Ler38, Ler12, Ler04, Ler03, Ler06, Ler14, Ler27, Ler11, Ler23, Ler07, Ler25, Ler26, Ler02, Ler30, Ler34, Ler09, Ler17, Ler21			
N0.HOG0000103						Xtr07, Xtr06, Xtr08, Xtr03, Xtr09, Xtr04, Xtr02, Xtr10, Xtr05, Xtr01
N0.HOG0000104						Xtr02, Xtr10, Xtr08, Xtr01, Xtr03, Xtr09
N0.HOG0000105			Ler28, Ler01, Ler05, Ler33, Ler08, Ler12, Ler03, Ler04, Ler13, Ler14, Ler07, Ler23, Ler11, Ler26, Ler02, Ler32, Ler09, Ler19			
N0.HOG0000106			Ler15, Ler01, Ler19, Ler05, Ler10, Ler47, Ler12, Ler04, Ler03, Ler24, Ler06, Ler13, Ler14, Ler20, Ler46, Ler07, Ler11, Ler25, Ler16, Ler26, Ler02, Ler32, Ler30, Ler09, Ler21			
N0.HOG0000107			Ler28, Ler15, Ler01, Ler05, Ler33, Ler36, Ler08, Ler38, Ler12, Ler04, Ler03, Ler24, Ler06, Ler13, Ler14, Ler20, Ler27, Ler11, Ler07, Ler25, Ler29, Ler35, Ler26, Ler39, Ler02, Ler32, Ler09, Ler17, Ler19			
N0.HOG0000108			Ler28, Ler15, Ler01, Ler19, Ler05, Ler10, Ler08, Ler12, Ler43, Ler22, Ler03, Ler04, Ler24, Ler06, Ler13, Ler14, Ler27, Ler07, Ler11, Ler16, Ler26, Ler02, Ler37, Ler30, Ler34, Ler17, Ler21			
N0.HOG0000109			Ler01, Ler05, Ler10, Ler08, Ler18, Ler04, Ler03, Ler06, Ler13, Ler14, Ler20, Ler27, Ler11, Ler23, Ler07, Ler25, Ler16, Ler26, Ler02, Ler30, Ler09, Ler17, Ler21			
N0.HOG0000110						Xtr02, Xtr10, Xtr08, Xtr05, Xtr01, Xtr03, Xtr09
N0.HOG0000111					Gga16, Gga31	Xtr07
N0.HOG0000112			Ler28, Ler15, Ler01, Ler19, Ler05, Ler33, Ler08, Ler12, Ler22, Ler04, Ler06, Ler13, Ler14, Ler31, Ler20, Ler11, Ler07, Ler29, Ler35, Ler42, Ler26, Ler02, Ler09, Ler17, Ler21			
N0.HOG0000113			Ler01, Ler13, Ler14, Ler05, Ler10, Ler07, Ler04, Ler26, Ler08, Ler02, Ler12, Ler32, Ler03, Ler09, Ler06			
N0.HOG0000114	Cmi13	Cpl14	Ler11	Loc06	Gga13	Xtr03
N0.HOG0000115	Cmi11	Cpl13	Ler03, Ler19	Loc14	Gga17	Xtr05
N0.HOG0000116	Cmi18	Cpl20	Ler01, Ler20, Ler14, Ler05, Ler07, Ler19, Ler06	Loc18	Gga20	Xtr10
N0.HOG0000117	Cmi13	Cpl14		Loc06	Gga13	Xtr03
N0.HOG0000118		CplSca	Ler15, Ler01, Ler19, Ler05, Ler10, Ler33, Ler08, Ler38, Ler06, Ler14, Ler07, Ler11, Ler26, Ler39, Ler37, Ler30, Ler09, Ler21			
N0.HOG0000119					Gga06, Gga25, Gga01, Gga27	
N0.HOG0000120			Ler01, Ler05, Ler10, Ler08, Ler03, Ler04, Ler06, Ler13, Ler31, Ler14, Ler07, Ler23, Ler11, Ler02, Ler09, Ler17, Ler21			
N0.HOG0000121			Ler28, Ler15, Ler01, Ler05, Ler10, Ler08, Ler12, Ler18, Ler22, Ler04, Ler03, Ler06, Ler13, Ler14, Ler11, Ler07, Ler16, Ler26, Ler02, Ler09			
N0.HOG0000122		Cpl23	Ler22	Loc08		Xtr03
N0.HOG0000123		CplSca	Ler28, Ler15, Ler01, Ler05, Ler10, Ler36, Ler08, Ler18, Ler04, Ler03, Ler06, Ler13, Ler14, Ler31, Ler20, Ler27, Ler07, Ler23, Ler49, Ler11, Ler25, Ler42, Ler29, Ler45, Ler02, Ler41, Ler40, Ler34, Ler17, Ler19			Xtr09
N0.HOG0000124	Cmi06	Cpl07	LerSca	Loc12	Gga07	Xtr09
N0.HOG0000125	Cmi27	Cpl43	Ler40	Loc04	Gga34	
N0.HOG0000126	CmiSca	Cpl03	LerSca	Loc01	Gga09	Xtr02
N0.HOG0000127	Cmi06	Cpl07	LerSca	Loc02	Gga01	Xtr03
N0.HOG0000128		Cpl07		Loc03	Gga01	Xtr09
N0.HOG0000129				Loc12		
N0.HOG0000130						Xtr09
N0.HOG0000131	Cmi06	Cpl07	LerSca			
N0.HOG0000132	Cmi27	Cpl43	Ler40		Gga34	Xtr02
N0.HOG0000133		Cpl43			Gga34	Xtr02
N0.HOG0000134	Cmi06	Cpl07				
N0.HOG0000135			Ler14	Loc14		
N0.HOG0000136			Ler01, Ler05, Ler10, Ler36, Ler08, Ler12, Ler18, Ler04, Ler03, Ler24, Ler06, Ler14, Ler31, Ler46, Ler11, Ler29, Ler16, Ler26, Ler02, Ler09			
N0.HOG0000137		Cpl44, Cpl26, Cpl34, Cpl20, Cpl10, Cpl37, Cpl41, Cpl24, Cpl27, Cpl30, Cpl31, Cpl45				
N0.HOG0000138			Ler15, Ler01, Ler05, Ler08, Ler12, Ler18, Ler03, Ler04, Ler24, Ler06, Ler13, Ler14, Ler20, Ler11, Ler07, Ler42, Ler45, Ler26, Ler02, Ler32, Ler34, Ler17, Ler21			
N0.HOG0000139		Cpl30, Cpl25, Cpl03, Cpl39, Cpl11				
N0.HOG0000140			Ler28, Ler01, Ler05, Ler10, Ler36, Ler08, Ler12, Ler18, Ler03, Ler04, Ler24, Ler13, Ler14, Ler31, Ler07, Ler23, Ler11, Ler29, Ler45, Ler26, Ler02, Ler34, Ler09, Ler17, Ler21			
N0.HOG0000141			Ler15, Ler01, Ler05, Ler10, Ler08, Ler38, Ler22, Ler03, Ler04, Ler06, Ler14, Ler20, Ler27, Ler07, Ler11, Ler29, Ler16, Ler26, Ler02, Ler30, Ler34, Ler09, Ler17, Ler19			
N0.HOG0000142			Ler28, Ler15, Ler01, Ler05, Ler10, Ler18, Ler04, Ler03, Ler24, Ler06, Ler14, Ler20, Ler27, Ler07, Ler11, Ler16, Ler26, Ler02, Ler37, Ler41, Ler30, Ler09, Ler19	Loc17		
N0.HOG0000143	Cmi20	Cpl24	Ler23	Loc10		Xtr10
N0.HOG0000144	Cmi20, Cmi02, Cmi14	Cpl24, Cpl17	Ler08, Ler23	Loc03, Loc09, Loc26, Loc05, Loc08, Loc12, Loc23, Loc14, Loc22, Loc01, Loc02		Xtr10
N0.HOG0000145		Cpl35	Ler28, Ler15, Ler01, Ler05, Ler10, Ler12, Ler22, Ler03, Ler04, Ler06, Ler13, Ler31, Ler20, Ler27, Ler07, Ler11, Ler25, Ler29, Ler16, Ler02, Ler32, Ler09, Ler19			
N0.HOG0000146		Cpl45, Cpl37	Ler04			
N0.HOG0000147					Gga01, GgaZ	
N0.HOG0000148	Cmi18	Cpl20	Ler21	Loc18	Gga20	Xtr10
N0.HOG0000149		Cpl05		Loc03		
N0.HOG0000150	Cmi04				Gga01	Xtr02
N0.HOG0000151		Cpl24			Gga18	Xtr10
N0.HOG0000152		Cpl24	Ler23	Loc10		
N0.HOG0000153	Cmi20	Cpl24	Ler23	Loc10		Xtr08
N0.HOG0000154				Loc07	Gga19	Xtr01
N0.HOG0000155		Cpl41		Loc05, Loc07	Gga35	Xtr01
N0.HOG0000156			Ler01, Ler20, Ler14, Ler07, Ler11, Ler23, Ler16, Ler08, Ler02, Ler32, Ler09, Ler17, Ler19, Ler06			
N0.HOG0000157			Ler15, Ler01, Ler05, Ler10, Ler08, Ler38, Ler12, Ler22, Ler03, Ler04, Ler06, Ler13, Ler14, Ler20, Ler07, Ler25, Ler11, Ler29, Ler26, Ler02, Ler09, Ler17, Ler19			
N0.HOG0000158		CplSca		Loc26		Xtr03
N0.HOG0000159	CmiSca	CplSca	LerSca		Gga01	Xtr06, Xtr09
N0.HOG0000160	Cmi30				Gga16	
N0.HOG0000161	Cmi30	Cpl37	Ler02	Loc01	Gga28	
N0.HOG0000162				Loc28	Gga15	Xtr01
N0.HOG0000163			Ler28, Ler01, Ler05, Ler08, Ler38, Ler12, Ler04, Ler03, Ler06, Ler13, Ler14, Ler07, Ler11, Ler23, Ler29, Ler16, Ler39, Ler02, Ler09, Ler17			
N0.HOG0000164			Ler15, Ler01, Ler05, Ler10, Ler03, Ler04, Ler06, Ler13, Ler31, Ler20, Ler21, Ler07, Ler11, Ler16, Ler02, Ler09, Ler17, Ler19			
N0.HOG0000165			Ler01, Ler05, Ler10, Ler08, Ler12, Ler22, Ler04, Ler03, Ler24, Ler06, Ler14, Ler11, Ler07, Ler25, Ler29, Ler02, Ler32, Ler37, Ler17, Ler19			
N0.HOG0000166						Xtr07, Xtr06, Xtr08, Xtr03, Xtr09, Xtr04, Xtr02, Xtr10, Xtr05, Xtr01
N0.HOG0000167			Ler28, Ler15, Ler01, Ler19, Ler05, Ler10, Ler08, Ler12, Ler18, Ler04, Ler03, Ler14, Ler31, Ler20, Ler11, Ler23, Ler07, Ler29, Ler26, Ler02, Ler30, Ler09, Ler21	Loc08		
N0.HOG0000168	CmiSca	Cpl44	LerSca	Loc24	Gga27	Xtr01
N0.HOG0000169	Cmi02	Cpl39, Cpl04	Ler04	Loc02	Gga03	Xtr06
N0.HOG0000170		Cpl39	LerSca			
N0.HOG0000171	Cmi08	Cpl25	Ler25	Loc01	Gga15	
N0.HOG0000172		Cpl45		Loc05		
N0.HOG0000173	Cmi11		Ler14			
N0.HOG0000174	Cmi14	Cpl17	Ler17	Loc24		Xtr07
N0.HOG0000175					Gga22, Gga06, Gga18, Gga28, Gga13, Gga14, Gga23, Gga10, Gga24	
N0.HOG0000176					Gga32, Gga31, Gga02, Gga29, Gga18, Gga10, Gga16, Gga12, Gga33	
N0.HOG0000177			Ler28, Ler15, Ler01, Ler05, Ler08, Ler12, Ler18, Ler04, Ler03, Ler06, Ler13, Ler14, Ler07, Ler23, Ler29, Ler16, Ler26, Ler02, Ler09, Ler17, Ler21			
N0.HOG0000178	Cmi29, Cmi04	Cpl08, Cpl04	Ler03, Ler31, Ler50	Loc05	Gga35	Xtr01
N0.HOG0000179			Ler15, Ler01, Ler05, Ler10, Ler08, Ler12, Ler18, Ler22, Ler03, Ler04, Ler06, Ler13, Ler07, Ler23, Ler11, Ler25, Ler16, Ler02, Ler32, Ler09, Ler17			
N0.HOG0000180		Cpl10	Ler09	Loc07	Gga05, Gga03	Xtr01, Xtr07, Xtr08, Xtr05
N0.HOG0000181		Cpl49		Loc16, Loc07		Xtr04
N0.HOG0000182	Cmi16	CplSca	Ler20	Loc13	Gga14	Xtr09
N0.HOG0000183	Cmi20	Cpl24	Ler23	Loc10	Gga18, Gga10	
N0.HOG0000184		Cpl04	LerSca			
N0.HOG0000185		Cpl04	Ler04			
N0.HOG0000186	Cmi03	Cpl04		Loc05	Gga22	
N0.HOG0000187	Cmi07	Cpl22	Ler15	Loc27	Gga05	
N0.HOG0000188	Cmi15	Cpl21, Cpl09, Cpl15, Cpl47	Ler08, Ler12, Ler20	Loc24		
N0.HOG0000189		Cpl31		Loc24		Xtr07
N0.HOG0000190		CplSca		Loc24		
N0.HOG0000191			Ler15, Ler01, Ler05, Ler10, Ler08, Ler03, Ler04, Ler06, Ler13, Ler27, Ler11, Ler23, Ler07, Ler02, Ler30, Ler09, Ler17, Ler21			
N0.HOG0000192			Ler15, Ler01, Ler05, Ler33, Ler18, Ler03, Ler04, Ler06, Ler20, Ler31, Ler46, Ler07, Ler11, Ler25, Ler23, Ler16, Ler26, Ler02, Ler32, Ler17, Ler21			
N0.HOG0000193			Ler28, Ler15, Ler01, Ler19, Ler05, Ler12, Ler03, Ler04, Ler06, Ler13, Ler14, Ler20, Ler31, Ler11, Ler07, Ler23, Ler25, Ler29, Ler26, Ler02, Ler30, Ler09, Ler21			
N0.HOG0000194	Cmi03, Cmi07	Cpl22	Ler15	Loc05	Gga06	Xtr07
N0.HOG0000195					Gga19	
N0.HOG0000196	Cmi21	Cpl31	Ler29	Loc19		Xtr01
N0.HOG0000197	Cmi05, Cmi17	Cpl23, Cpl16	Ler22, Ler18	Loc08		Xtr03
N0.HOG0000198	Cmi29	Cpl44	Ler38			Xtr01
N0.HOG0000199	CmiSca	Cpl44	LerSca	Loc24		
N0.HOG0000200			Ler15, Ler01, Ler05, Ler10, Ler08, Ler12, Ler18, Ler22, Ler04, Ler03, Ler24, Ler06, Ler13, Ler07, Ler23, Ler16, Ler02, Ler09, Ler17			
N0.HOG0000201				Loc08, Loc12, Loc01, Loc09, Loc02, Loc05		
N0.HOG0000202						Xtr03
N0.HOG0000203	Cmi29, Cmi08	Cpl30	Ler31	Loc06	Gga17	Xtr03
N0.HOG0000204	Cmi08	Cpl30	Ler31	Loc21		
N0.HOG0000205	Cmi02	Cpl04	Ler04	Loc09	Gga02	Xtr06
N0.HOG0000206		Cpl17	Ler17	Loc23	Gga11	
N0.HOG0000207	Cmi18	Cpl35	Ler21	Loc18		Xtr10
N0.HOG0000208	Cmi30	CplSca				Xtr06, Xtr08
N0.HOG0000209		Cpl30				Xtr04
N0.HOG0000210	Cmi18	Cpl20	Ler21			
N0.HOG0000211	Cmi02	Cpl37	LerSca	Loc09	Gga02	
N0.HOG0000212	Cmi13	Cpl14	Ler28, Ler15, Ler01, Ler10, Ler08, Ler18, Ler03, Ler04, Ler24, Ler13, Ler20, Ler14, Ler11, Ler16, Ler02, Ler41, Ler17, Ler21	Loc06		
N0.HOG0000213	Cmi11		Ler14	Loc04		Xtr01
N0.HOG0000214			Ler19, Ler01, Ler05, Ler10, Ler33, Ler36, Ler08, Ler12, Ler18, Ler22, Ler03, Ler04, Ler06, Ler14, Ler07, Ler23, Ler02, Ler32, Ler37, Ler34, Ler21			
N0.HOG0000215			Ler15, Ler01, Ler05, Ler08, Ler04, Ler03, Ler06, Ler13, Ler11, Ler23, Ler07, Ler29, Ler16, Ler26, Ler02, Ler30			
N0.HOG0000216				Loc04, Loc29, Loc09, Loc18, Loc28, Loc05, Loc24, Loc14, Loc15, Loc22, Loc01, Loc17, Loc02		
N0.HOG0000217						Xtr10, Xtr03
N0.HOG0000218						Xtr01, Xtr02, Xtr06, Xtr08, Xtr05, Xtr04, Xtr09
N0.HOG0000219					Gga25	
N0.HOG0000220			Ler28, Ler15, Ler01, Ler05, Ler10, Ler08, Ler38, Ler12, Ler04, Ler03, Ler24, Ler13, Ler14, Ler20, Ler50, Ler11, Ler23, Ler07, Ler16, Ler26, Ler02, Ler30, Ler09, Ler17, Ler21			
N0.HOG0000221	Cmi02	Cpl04	Ler15, Ler01, Ler05, Ler10, Ler33, Ler08, Ler12, Ler22, Ler04, Ler24, Ler06, Ler27, Ler07, Ler11, Ler29, Ler16, Ler26, Ler02, Ler32, Ler09, Ler19	Loc09		
N0.HOG0000222						Xtr01, Xtr10, Xtr08, Xtr05, Xtr09, Xtr07, Xtr04
N0.HOG0000223	Cmi05, Cmi07	Cpl03	Ler28, Ler15, Ler01, Ler05, Ler08, Ler12, Ler22, Ler03, Ler04, Ler06, Ler13, Ler14, Ler20, Ler27, Ler07, Ler11, Ler42, Ler45, Ler02, Ler32, Ler40, Ler09, Ler19			
N0.HOG0000224	Cmi08	Cpl39	Ler02, Ler05, Ler09, Ler18, Ler19			Xtr07
N0.HOG0000225					Gga04, Gga31, Gga17, Gga02, Gga06, Gga20, GgaZ, Gga14, Gga01, Gga03, GgaW, Gga09, Gga05, Gga12	
N0.HOG0000226	Cmi13					Xtr03
N0.HOG0000227	Cmi16	Cpl21	Ler20		Gga14	
N0.HOG0000228			Ler01, Ler05, Ler11, Ler10, Ler18, Ler03, Ler34, Ler24, Ler21			
N0.HOG0000229			Ler29			Xtr02
N0.HOG0000230			Ler15, Ler01, Ler05, Ler10, Ler08, Ler12, Ler22, Ler03, Ler20, Ler07, Ler26, Ler02, Ler32, Ler37, Ler34, Ler19		Gga01	Xtr05
N0.HOG0000231	Cmi27	Cpl43	Ler40	Loc04	Gga34	Xtr02
N0.HOG0000232				Loc12		Xtr09
N0.HOG0000233	Cmi23	Cpl33	Ler27	Loc15	Gga27	Xtr10
N0.HOG0000234		Cpl33	Ler27	Loc06		
N0.HOG0000235		CplSca	LerSca	Loc10, Loc21	Gga17	Xtr08, Xtr04
N0.HOG0000236		Cpl08	Ler39	Loc06	Gga36	Xtr09
N0.HOG0000237			Ler15, Ler01, Ler05, Ler10, Ler47, Ler12, Ler03, Ler04, Ler24, Ler06, Ler13, Ler14, Ler20, Ler11, Ler07, Ler29, Ler02, Ler09, Ler17			
N0.HOG0000238						Xtr07, Xtr06, Xtr08, Xtr03, Xtr09, Xtr04, Xtr02, Xtr05, Xtr01
N0.HOG0000239	Cmi11	Cpl13	Ler14			
N0.HOG0000240		Cpl38, Cpl50				
N0.HOG0000241					Gga16, Gga01	
N0.HOG0000242					Gga07, GgaZ, Gga01, Gga02	
N0.HOG0000243					Gga25	Xtr01, Xtr08
N0.HOG0000244	Cmi09	Cpl10, Cpl43, Cpl13, Cpl47	Ler27, Ler09, Ler14, Ler06	Loc04		Xtr02
N0.HOG0000245	Cmi16	CplSca	Ler20	Loc13	Gga01	Xtr09
N0.HOG0000246	Cmi16		Ler20	Loc13	Gga14	Xtr09
N0.HOG0000247			Ler01, Ler14, Ler05, Ler21, Ler11, Ler07, Ler04, Ler08, Ler02, Ler03, Ler34, Ler09, Ler19, Ler06	LocSca		
N0.HOG0000248		Cpl05, Cpl09, Cpl13	Ler01, Ler05, Ler10, Ler36, Ler18, Ler22, Ler04, Ler03, Ler24, Ler06, Ler13, Ler14, Ler20, Ler07, Ler26, Ler39, Ler37, Ler30, Ler17, Ler19			Xtr02, Xtr06, Xtr01
N0.HOG0000249			Ler15, Ler01, Ler05, Ler33, Ler12, Ler22, Ler04, Ler06, Ler14, Ler21, Ler11, Ler23, Ler16, Ler02, Ler32, Ler09, Ler19		Gga10	
N0.HOG0000250			Ler01, Ler14, Ler05, Ler10, Ler11, Ler16, Ler26, Ler02, Ler12, Ler03, Ler18, Ler04, Ler30, Ler21, Ler06			
N0.HOG0000251	Cmi19	Cpl26	Ler24	Loc03	Gga26	Xtr02
N0.HOG0000252	Cmi05	Cpl23	Ler22	Loc08	Gga01	Xtr03
N0.HOG0000253	Cmi19	Cpl26	Ler24	Loc03	Gga26	Xtr02
N0.HOG0000254	Cmi05	Cpl23	Ler22	Loc08		Xtr03
N0.HOG0000255	Cmi19			Loc03	Gga26	Xtr02
N0.HOG0000256	Cmi05	Cpl23	Ler22		Gga01	Xtr03
N0.HOG0000257	Cmi17	Cpl16		Loc27	Gga05	Xtr04
N0.HOG0000258		Cpl02		Loc03, Loc14, Loc02		
N0.HOG0000259			Ler28, Ler01, Ler05, Ler07, Ler29, Ler25, Ler23, Ler08, Ler02, Ler12, Ler03, Ler04, Ler09, Ler24, Ler06			
N0.HOG0000260						Xtr06, Xtr08, Xtr09, Xtr04, Xtr01, Xtr02, Xtr05, Xtr07
N0.HOG0000261						Xtr06, Xtr09
N0.HOG0000262	CmiSca	Cpl44	LerSca	Loc24		
N0.HOG0000263			Ler28, Ler01, Ler05, Ler10, Ler47, Ler08, Ler12, Ler22, Ler03, Ler04, Ler24, Ler44, Ler06, Ler13, Ler14, Ler31, Ler27, Ler11, Ler07, Ler29, Ler16, Ler35, Ler02, Ler34, Ler19			
N0.HOG0000264			Ler01, Ler05, Ler33, Ler38, Ler12, Ler04, Ler03, Ler24, Ler06, Ler13, Ler11, Ler02, Ler32, Ler34, Ler09, Ler17			
N0.HOG0000265	Cmi17	Cpl16	Ler18		Gga05	Xtr08, Xtr04
N0.HOG0000266					Gga37	
N0.HOG0000267	Cmi01	Cpl32, Cpl02	Ler03, Ler01	Loc04	Gga04	Xtr01
N0.HOG0000268			Ler01	Loc04		
N0.HOG0000269	Cmi01	Cpl01	Ler01	Loc23, Loc04	Gga04	Xtr01
N0.HOG0000270	Cmi04, Cmi15	Cpl06, Cpl15	Ler12, Ler06	Loc17, Loc07	Gga04, Gga01	Xtr02, Xtr08
N0.HOG0000271				Loc17	Gga01	Xtr02
N0.HOG0000272	Cmi15	Cpl15	Ler12		Gga04	Xtr08
N0.HOG0000273	Cmi04	Cpl06	Ler06	Loc07		
N0.HOG0000274	Cmi11	Cpl13	Ler14		Gga09	
N0.HOG0000275	Cmi11	Cpl13	Ler14	Loc14	Gga09	
N0.HOG0000276	Cmi05	Cpl49, Cpl11, Cpl25				Xtr01
N0.HOG0000277		Cpl31	Ler15, Ler01, Ler05, Ler33, Ler47, Ler08, Ler38, Ler04, Ler24, Ler06, Ler14, Ler20, Ler46, Ler29, Ler16, Ler42, Ler02, Ler32, Ler41, Ler30, Ler17, Ler19	Loc19		
N0.HOG0000278			Ler11			
N0.HOG0000279						Xtr06, Xtr08, Xtr03, Xtr04, Xtr09, Xtr01, Xtr02, Xtr10, Xtr05, Xtr07
N0.HOG0000280	Cmi05	Cpl18	Ler17, Ler15, Ler13, Ler20, Ler27, Ler16, Ler02, Ler03, Ler04, Ler09, Ler24			Xtr01
N0.HOG0000281	Cmi03	Cpl10, Cpl03	Ler01, Ler32, Ler03, Ler05, Ler04, Ler07, Ler06	Loc01	Gga03	Xtr05
N0.HOG0000282	Cmi27		LerSca	Loc04	Gga34	Xtr02
N0.HOG0000283	Cmi05, Cmi10	Cpl23, Cpl28	Ler28, Ler22		Gga01	Xtr02, Xtr06, Xtr01, Xtr05
N0.HOG0000284	Cmi06		Ler07, Ler25		Gga07	
N0.HOG0000285			LerSca	Loc12		
N0.HOG0000286			Ler15, Ler20, Ler14, Ler05, Ler10, Ler07, Ler04, Ler16, Ler26, Ler02, Ler18, Ler03, Ler09, Ler30			Xtr09
N0.HOG0000287	Cmi08	Cpl44, Cpl33, Cpl49		Loc08		Xtr05
N0.HOG0000288	Cmi17	Cpl16	Ler18	Loc27	Gga05	Xtr04
N0.HOG0000289	Cmi17	Cpl16	Ler18	Loc27	Gga05	Xtr04
N0.HOG0000290	Cmi23	Cpl33	Ler27	Loc15	GgaZ	
N0.HOG0000291		Cpl47	LerSca	Loc26	Gga01	Xtr07
N0.HOG0000292	CmiSca	CplSca				Xtr07
N0.HOG0000293	CmiSca					Xtr07
N0.HOG0000294					Gga01, Gga27	
N0.HOG0000295					Gga04, Gga01	Xtr07, Xtr06, Xtr08, Xtr09, Xtr04, Xtr02, Xtr10, Xtr05, Xtr01
N0.HOG0000296			LerSca	Loc11, Loc09, Loc05, Loc01	Gga31	Xtr07
N0.HOG0000297			LerSca	Loc11		Xtr07
N0.HOG0000298				Loc09, Loc05		
N0.HOG0000299			LerSca	LocSca		
N0.HOG0000300			Ler35			
N0.HOG0000301					Gga34	
N0.HOG0000302			Ler01, Ler13, Ler20, Ler05, Ler07, Ler10, Ler04, Ler08, Ler02, Ler12, Ler03, Ler09			
N0.HOG0000303			Ler01, Ler05, Ler10, Ler08, Ler12, Ler22, Ler04, Ler06, Ler13, Ler14, Ler27, Ler11, Ler23, Ler25, Ler02, Ler09			
N0.HOG0000304				Loc03		
N0.HOG0000305						Xtr06, Xtr09
N0.HOG0000306						Xtr06, Xtr07
N0.HOG0000307	CmiSca	Cpl43	Ler40	Loc04	Gga34	Xtr02
N0.HOG0000308	Cmi27	Cpl05	Ler02, Ler07			
N0.HOG0000309	Cmi02			Loc09	Gga02	Xtr06
N0.HOG0000310	Cmi23	Cpl33	Ler27	Loc15	Gga27	Xtr10
N0.HOG0000311	Cmi06	Cpl07		Loc12	Gga07	Xtr09
N0.HOG0000312	Cmi05	Cpl11	Ler28, Ler01, Ler14, Ler31, Ler05, Ler27, Ler10, Ler18, Ler04, Ler08, Ler02, Ler12, Ler22, Ler03, Ler09			
N0.HOG0000313	Cmi18	CplSca	LerSca	Loc24	Gga31	Xtr07
N0.HOG0000314	CmiSca	Cpl39, Cpl14, Cpl36	Ler33, Ler17	Loc03, Loc01		Xtr01
N0.HOG0000315					Gga05, Gga10, Gga17, Gga27	Xtr01, Xtr07, Xtr08, Xtr04
N0.HOG0000316					Gga02	
N0.HOG0000317			Ler01, Ler13, Ler20, Ler05, Ler04, Ler08, Ler02, Ler12, Ler18, Ler03, Ler34, Ler09, Ler17, Ler06			
N0.HOG0000318		CplSca				
N0.HOG0000319	Cmi11	Cpl13	Ler14	Loc14		
N0.HOG0000320	CmiSca	Cpl48	LerSca	Loc02		
N0.HOG0000321		CplSca		Loc03		Xtr07
N0.HOG0000322	CmiSca	CplSca		Loc03, Loc24	GgaSca	Xtr07
N0.HOG0000323		Cpl07	LerSca	Loc12		Xtr09
N0.HOG0000324	Cmi27	Cpl43	Ler40	Loc04	Gga34	Xtr02
N0.HOG0000325	CmiSca	Cpl44, Cpl08, Cpl11	Ler50			
N0.HOG0000326	CmiSca			Loc08, Loc05		Xtr09
N0.HOG0000327					GgaZ	
N0.HOG0000328						Xtr08
N0.HOG0000329	Cmi25	Cpl35	Ler32	Loc24	Gga24	Xtr07
N0.HOG0000330	Cmi10	Cpl27				
N0.HOG0000331		Cpl10	Ler09		Gga05	Xtr08
N0.HOG0000332	Cmi30	Cpl37	Ler36	Loc18		Xtr08, Xtr04
N0.HOG0000333	Cmi15	Cpl15, Cpl20	Ler12	Loc07	Gga04	Xtr08
N0.HOG0000334		Cpl20	Ler01, Ler05, Ler11, Ler02, Ler08, Ler12, Ler30, Ler18, Ler04, Ler09, Ler24, Ler21, Ler06			
N0.HOG0000335				LocSca	Gga16	
N0.HOG0000336					Gga04	
N0.HOG0000337			Ler15, Ler01, Ler05, Ler10, Ler08, Ler38, Ler22, Ler13, Ler20, Ler14, Ler11, Ler25, Ler16, Ler45, Ler32, Ler34, Ler17, Ler19			
N0.HOG0000338			Ler13, Ler01, Ler10, Ler11, Ler24, Ler47, Ler02, Ler08, Ler12, Ler30, Ler22, Ler03, Ler09, Ler17, Ler06			
N0.HOG0000339			Ler28, Ler15, Ler01, Ler05, Ler10, Ler08, Ler04, Ler03, Ler06, Ler13, Ler07, Ler11, Ler25, Ler16, Ler02, Ler30, Ler09, Ler21			
N0.HOG0000340						Xtr08
N0.HOG0000341		Cpl06		Loc03	Gga01	Xtr02
N0.HOG0000342		CplSca	Ler15	LocSca		
N0.HOG0000343			Ler50			
N0.HOG0000344		CplSca		LocSca	Gga01, Gga31	Xtr06, Xtr03, Xtr09
N0.HOG0000345		Cpl44				Xtr06
N0.HOG0000346			Ler13, Ler20, Ler27, Ler23, Ler18, Ler35, Ler26, Ler38, Ler37, Ler22, Ler34, Ler09, Ler17			
N0.HOG0000347			Ler01, Ler14, Ler27, Ler07, Ler25, Ler11, Ler35, Ler08, Ler02, Ler04, Ler06			
N0.HOG0000348	Cmi01			Loc25		Xtr09
N0.HOG0000349	Cmi03	Cpl03		Loc01		
N0.HOG0000350	Cmi03	Cpl03	Ler05	Loc01	Gga03	Xtr05
N0.HOG0000351	Cmi03	Cpl03	Ler05	Loc01		
N0.HOG0000352	Cmi15	Cpl15	Ler12	Loc07	Gga04	Xtr08
N0.HOG0000353	Cmi04	Cpl06	Ler06	LocSca	Gga01	Xtr02
N0.HOG0000354	Cmi04	CplSca		Loc06, Loc17	Gga01	Xtr02
N0.HOG0000355	Cmi03	Cpl03		Loc01		
N0.HOG0000356	Cmi10	Cpl27	Ler26	Loc06	Gga23	Xtr02
N0.HOG0000357	Cmi31	Cpl39	Ler37			Xtr07
N0.HOG0000358		Cpl39		Loc08		Xtr07
N0.HOG0000359	Cmi31, Cmi04	Cpl39	Ler01, Ler37			Xtr07
N0.HOG0000360	Cmi06, Cmi17	Cpl27, Cpl16, Cpl35, Cpl39, Cpl19	Ler03, Ler37, Ler18		Gga05	Xtr04
N0.HOG0000361	Cmi08	Cpl25	Ler25	Loc20, Loc16, Loc01		Xtr01
N0.HOG0000362	Cmi11	Cpl39, Cpl13	Ler14	Loc03, Loc22, Loc04		
N0.HOG0000363	Cmi16	Cpl21	Ler20		Gga14	Xtr09
N0.HOG0000364	Cmi31, Cmi16	Cpl21	Ler37			
N0.HOG0000365		Cpl39	Ler37		Gga01	Xtr04
N0.HOG0000366		Cpl21		Loc13	Gga14	Xtr09
N0.HOG0000367		Cpl07, Cpl17	Ler15, Ler01, Ler20, Ler14, Ler27, Ler04, Ler02, Ler12, Ler03, Ler17, Ler06	Loc06		Xtr08
N0.HOG0000368					Gga04, Gga13, Gga01, Gga02, GgaW, Gga08, GgaZ	
N0.HOG0000369					Gga12, Gga34	
N0.HOG0000370					Gga20, Gga31	
N0.HOG0000371			Ler15, Ler01, Ler13, Ler31, Ler20, Ler05, Ler10, Ler25, Ler04, Ler12, Ler30, Ler03, Ler09, Ler24			
N0.HOG0000372			Ler01, Ler08, Ler18, Ler03, Ler04, Ler06, Ler13, Ler14, Ler27, Ler11, Ler16, Ler35, Ler02, Ler40, Ler09, Ler17, Ler21			
N0.HOG0000373				Loc01		
N0.HOG0000374						Xtr03
N0.HOG0000375	Cmi23	Cpl05	Ler02	Loc09, Loc15	Gga27, Gga02	Xtr10
N0.HOG0000376	Cmi02	Cpl05	Ler02, Ler16	Loc09	Gga02	
N0.HOG0000377	Cmi06		Ler07		Gga07	Xtr09
N0.HOG0000378	Cmi23, Cmi02	Cpl33, Cpl05	Ler27, Ler02	Loc09	Gga02	Xtr06
N0.HOG0000379	Cmi05	Cpl19	Ler19	Loc08	Gga01	Xtr03, Xtr10, Xtr08, Xtr04
N0.HOG0000380	Cmi13	Cpl14	Ler11, Ler07, Ler08, Ler32	Loc26		Xtr03
N0.HOG0000381		Cpl02, Cpl16	Ler18			Xtr04
N0.HOG0000382	Cmi17	Cpl16	Ler18	Loc27	Gga05	Xtr04
N0.HOG0000383						Xtr02
N0.HOG0000384		Cpl26			Gga26	
N0.HOG0000385	Cmi19	Cpl26	Ler24	Loc03	Gga26	
N0.HOG0000386	CmiSca	Cpl28	Ler28, Ler05		Gga01	Xtr06, Xtr04
N0.HOG0000387		Cpl37	LerSca	LocSca		
N0.HOG0000388		Cpl46, Cpl41	Ler34	Loc07		
N0.HOG0000389				Loc03		
N0.HOG0000390						Xtr07, Xtr08
N0.HOG0000391	Cmi01					
N0.HOG0000392						Xtr07
N0.HOG0000393		Cpl01	Ler01	Loc02	Gga04	
N0.HOG0000394		Cpl27	Ler03, Ler26, Ler23	Loc06		
N0.HOG0000395		Cpl37	LerSca	Loc24		
N0.HOG0000396				Loc24, Loc06		
N0.HOG0000397	Cmi02	Cpl05, Cpl48	Ler15, Ler20, Ler05, Ler10, Ler07, Ler35, Ler02, Ler30, Ler04, Ler17	Loc02		Xtr03
N0.HOG0000398	Cmi23	Cpl31	Ler27	Loc15	Gga27	Xtr10
N0.HOG0000399	Cmi02	Cpl05	Ler02	Loc09	Gga02	Xtr06
N0.HOG0000400	Cmi06	Cpl07	Ler07	Loc12, Loc02	Gga07, GgaZ	Xtr01, Xtr09
N0.HOG0000401	Cmi31, Cmi14	Cpl48, Cpl36	Ler39		Gga10	Xtr03
N0.HOG0000402					Gga18	Xtr10
N0.HOG0000403	Cmi20	Cpl24	Ler23	Loc10		
N0.HOG0000404	Cmi20	Cpl24	Ler23	Loc10		
N0.HOG0000405	Cmi16	Cpl21	Ler20	Loc13	Gga14	
N0.HOG0000406		Cpl21	Ler20	Loc13	Gga14	Xtr09
N0.HOG0000407		Cpl21		Loc13	Gga14	Xtr09
N0.HOG0000408		Cpl21	Ler01, Ler05, Ler10, Ler18, Ler22, Ler03, Ler13, Ler20, Ler14, Ler07, Ler23, Ler11, Ler16, Ler26, Ler09, Ler21			
N0.HOG0000409		Cpl49		Loc24, Loc09, Loc02	Gga17	Xtr09
N0.HOG0000410		CplSca	LerSca	Loc24	Gga01	Xtr07
N0.HOG0000411			Ler01, Ler05, Ler10, Ler04, Ler16, Ler02, Ler08, Ler12, Ler03, Ler17			
N0.HOG0000412			Ler28, Ler15, Ler01, Ler11, Ler29, Ler23, Ler07, Ler16, Ler12, Ler30, Ler04, Ler06			
N0.HOG0000413						Xtr08, Xtr03, Xtr09
N0.HOG0000414						Xtr09
N0.HOG0000415	Cmi02	Cpl29	Ler02	Loc09	Gga02	Xtr06
N0.HOG0000416	Cmi02	Cpl04	Ler04	Loc09		
N0.HOG0000417	Cmi02	Cpl04	Ler04	Loc09		Xtr06
N0.HOG0000418	Cmi02	Cpl29	Ler02	Loc09	Gga02	Xtr06
N0.HOG0000419		Cpl11	Ler10			
N0.HOG0000420				Loc10	Gga08	Xtr04
N0.HOG0000421		CplSca	LerSca	LocSca		
N0.HOG0000422		Cpl11	Ler10	Loc10, Loc05		
N0.HOG0000423	Cmi06	Cpl07	Ler07	Loc12	Gga07	
N0.HOG0000424	Cmi16				Gga03	Xtr05
N0.HOG0000425					Gga18	Xtr01
N0.HOG0000426	Cmi19	Cpl26	Ler24	Loc03		
N0.HOG0000427	Cmi19	Cpl26		Loc03, Loc09		
N0.HOG0000428		Cpl26	Ler24	Loc03, Loc06		
N0.HOG0000429	CmiSca	Cpl46	Ler34	Loc07		Xtr07, Xtr01
N0.HOG0000430		Cpl46	Ler14	Loc11		
N0.HOG0000431		Cpl46		Loc11, Loc02	GgaSca	
N0.HOG0000432		Cpl13		Loc24, Loc09, Loc26, Loc15	Gga05	Xtr02, Xtr07
N0.HOG0000433			Ler38	Loc02		Xtr10
N0.HOG0000434		Cpl41	Ler38	Loc10	Gga06	Xtr08
N0.HOG0000435			Ler28, Ler01, Ler05, Ler10, Ler07, Ler35, Ler43, Ler03			
N0.HOG0000436			Ler01, Ler13, Ler14, Ler05, Ler10, Ler11, Ler25, Ler23, Ler08, Ler02, Ler12, Ler04, Ler09, Ler21, Ler06			
N0.HOG0000437				Loc28		Xtr02, Xtr06, Xtr08, Xtr05, Xtr07, Xtr03
N0.HOG0000438				Loc03		
N0.HOG0000439						Xtr07, Xtr01, Xtr08
N0.HOG0000440						Xtr07, Xtr06, Xtr08, Xtr03, Xtr09, Xtr04, Xtr02, Xtr10, Xtr05, Xtr01
N0.HOG0000441						Xtr06, Xtr07, Xtr08
N0.HOG0000442	Cmi02	Cpl29, Cpl41	Ler01, Ler20, Ler07, Ler26, Ler02, Ler38, Ler30, Ler40, Ler04, Ler09	Loc09, Loc15	Gga02	Xtr06
N0.HOG0000443	Cmi23	Cpl33, Cpl16	Ler27	Loc15	Gga27	Xtr10
N0.HOG0000444	Cmi06			Loc12	Gga07	Xtr09
N0.HOG0000445	Cmi05	Cpl23	Ler22	Loc08	Gga01	
N0.HOG0000446		Cpl05	Ler02	Loc09	Gga02	Xtr06
N0.HOG0000447	Cmi08	CplSca		Loc20, Loc12, Loc24, Loc14	Gga07, Gga14, Gga15	Xtr07, Xtr01, Xtr09
N0.HOG0000448		CplSca		Loc02	Gga01, Gga38	Xtr07, Xtr08
N0.HOG0000449	Cmi11	Cpl13		Loc14	Gga09	Xtr05
N0.HOG0000450	Cmi11		Ler14	Loc14	Gga09	Xtr05
N0.HOG0000451	Cmi11	Cpl13		Loc14	Gga09	Xtr05
N0.HOG0000452		Cpl13	Ler14	Loc14	Gga09	Xtr05
N0.HOG0000453	Cmi17	Cpl16	Ler18	Loc18		Xtr10, Xtr04
N0.HOG0000454	Cmi19	Cpl26	Ler24	Loc03	Gga18	
N0.HOG0000455	Cmi19	Cpl26		Loc03		
N0.HOG0000456		Cpl26		Loc03		
N0.HOG0000457		Cpl26	Ler24	Loc03	Gga26	Xtr02
N0.HOG0000458	Cmi19			Loc03		Xtr02
N0.HOG0000459	Cmi19	Cpl26		Loc03		
N0.HOG0000460		CplSca	LerSca	Loc02	Gga34	Xtr06
N0.HOG0000461			LerSca	Loc18		
N0.HOG0000462		Cpl47		Loc26		
N0.HOG0000463		CplSca		Loc05		Xtr02
N0.HOG0000464	Cmi24	Cpl34	Ler30			Xtr09
N0.HOG0000465		Cpl01		Loc26		Xtr10, Xtr06, Xtr08
N0.HOG0000466	Cmi26	Cpl36	Ler01, Ler14, Ler05, Ler11, Ler23, Ler33, Ler02, Ler08, Ler04, Ler24	Loc03		Xtr03
N0.HOG0000467					Gga23, Gga12	
N0.HOG0000468	CmiSca	Cpl09		Loc01		
N0.HOG0000469		Cpl37		Loc24		
N0.HOG0000470		CplSca		Loc24		Xtr07, Xtr09
N0.HOG0000471	CmiSca	Cpl47	LerSca	Loc24, Loc02		
N0.HOG0000472					Gga13	
N0.HOG0000473				Loc15, Loc05	Gga25	Xtr08
N0.HOG0000474					Gga03	
N0.HOG0000475					Gga32	
N0.HOG0000476			Ler15, Ler01, Ler10, Ler08, Ler18, Ler22, Ler03, Ler04, Ler07, Ler23, Ler11, Ler26, Ler32, Ler09, Ler17, Ler21			
N0.HOG0000477			Ler15, Ler01, Ler20, Ler31, Ler05, Ler07, Ler29, Ler11, Ler02, Ler12, Ler32, Ler18, Ler04, Ler09, Ler06			
N0.HOG0000478			Ler15, Ler01, Ler05, Ler27, Ler33, Ler26, Ler08, Ler02, Ler30, Ler03, Ler19			
N0.HOG0000479			Ler26, Ler02, Ler01, Ler05, Ler27, Ler23, Ler06			
N0.HOG0000480						Xtr07, Xtr02, Xtr10, Xtr08, Xtr05, Xtr01, Xtr03
N0.HOG0000481						Xtr01, Xtr05, Xtr07, Xtr03, Xtr04
N0.HOG0000482						Xtr09
N0.HOG0000483	Cmi04	Cpl10	Ler06	Loc03	Gga01	Xtr02
N0.HOG0000484	Cmi15	Cpl15	Ler12	Loc07	Gga04	Xtr08
N0.HOG0000485	Cmi01	Cpl01	Ler01	Loc04	Gga04	Xtr01
N0.HOG0000486	Cmi13	Cpl14	Ler11	Loc06	Gga13	Xtr03
N0.HOG0000487	Cmi07	Cpl22	Ler15	Loc05	Gga06	Xtr07
N0.HOG0000488	Cmi13	Cpl14	Ler11	Loc06	Gga13	Xtr03
N0.HOG0000489	Cmi01	Cpl32	Ler01	Loc04	Gga04	Xtr01
N0.HOG0000490	Cmi28	Cpl42	Ler35	Loc01	Gga22	Xtr03
N0.HOG0000491	Cmi13	Cpl14	Ler11	Loc06	Gga13	Xtr03
N0.HOG0000492	Cmi15	Cpl15	Ler12	Loc07	Gga04	Xtr08
N0.HOG0000493	Cmi04	Cpl06	Ler06	Loc03	Gga01	Xtr02
N0.HOG0000494	Cmi01	Cpl02	Ler41	Loc04	Gga04	Xtr01
N0.HOG0000495		Cpl39	Ler37	Loc08		Xtr07
N0.HOG0000496	Cmi01	Cpl40	Ler01, Ler20, Ler31, Ler29, Ler36, Ler38, Ler12, Ler37, Ler22, Ler09, Ler19	Loc04		
N0.HOG0000497	Cmi26	Cpl36	Ler01, Ler33	Loc03, Loc24	Gga25	Xtr03
N0.HOG0000498	Cmi01	Cpl01		Loc02	GgaZ	Xtr01
N0.HOG0000499		Cpl31	Ler29		Gga28	Xtr01
N0.HOG0000500	Cmi01	Cpl01			GgaZ	Xtr01
N0.HOG0000501			Ler01, Ler33	Loc02		
N0.HOG0000502	Cmi02	CplSca		Loc22		
N0.HOG0000503	Cmi10	Cpl28	Ler28	Loc22, Loc02	Gga06, Gga05	Xtr02, Xtr03
N0.HOG0000504	Cmi03	Cpl09	Ler08	Loc16	Gga03	Xtr05
N0.HOG0000505	Cmi10	Cpl27	Ler26	Loc06	Gga23	Xtr02
N0.HOG0000506	Cmi15	Cpl15	Ler12	Loc07	Gga04	Xtr08
N0.HOG0000507	Cmi04	Cpl12	Ler13	Loc03	Gga01	Xtr02
N0.HOG0000508	Cmi04	Cpl12	Ler13	Loc17	Gga01	Xtr02
N0.HOG0000509	Cmi04		Ler13	Loc17	Gga01	Xtr02
N0.HOG0000510		CplSca		Loc24		
N0.HOG0000511	CmiSca	Cpl12		Loc05		Xtr07
N0.HOG0000512	CmiSca	CplSca	Ler32, Ler24	Loc24	Gga24	Xtr07, Xtr08, Xtr05
N0.HOG0000513	Cmi05	Cpl11, Cpl37	LerSca	Loc10	Gga08	Xtr04
N0.HOG0000514			LerSca	Loc21		
N0.HOG0000515	Cmi08	Cpl08, Cpl02, Cpl11	Ler39, Ler31	Loc06		Xtr08, Xtr03
N0.HOG0000516	Cmi17	Cpl16	Ler18	Loc27	Gga05	Xtr04
N0.HOG0000517	Cmi31	Cpl39	Ler37, Ler19			Xtr07
N0.HOG0000518	Cmi05	Cpl19	Ler19	Loc08	Gga01	Xtr03
N0.HOG0000519	Cmi19	Cpl26	Ler24	Loc03	Gga26	
N0.HOG0000520	Cmi05, Cmi12	Cpl18	Ler22	Loc08, Loc05	Gga12, Gga01	Xtr04
N0.HOG0000521	Cmi23, Cmi27	Cpl04	Ler40, Ler27, Ler49, Ler16	Loc09, Loc15, Loc04	Gga34	Xtr10, Xtr02, Xtr06
N0.HOG0000522	Cmi23	Cpl33	Ler27	Loc15	Gga27	Xtr10
N0.HOG0000523	Cmi27	Cpl43	Ler40	Loc04		Xtr02
N0.HOG0000524	Cmi06	Cpl07	Ler07	Loc12	Gga07	Xtr09
N0.HOG0000525	Cmi06	Cpl14	Ler07	Loc12	Gga07	Xtr09
N0.HOG0000526	Cmi13	Cpl07, Cpl14	Ler11			
N0.HOG0000527	CmiSca					
N0.HOG0000528		Cpl37	LerSca	Loc01		
N0.HOG0000529		Cpl21, Cpl41	Ler20	Loc06, Loc26, Loc13	Gga14	Xtr09
N0.HOG0000530					Gga16, Gga31	
N0.HOG0000531					Gga25	Xtr08
N0.HOG0000532			Ler15, Ler01, Ler20, Ler14, Ler27, Ler10, Ler29, Ler38, Ler12, Ler03, Ler37, Ler18, Ler04, Ler17			
N0.HOG0000533			Ler28, Ler01, Ler05, Ler11, Ler07, Ler10, Ler38, Ler22, Ler04, Ler34, Ler09			
N0.HOG0000534			Ler01, Ler14, Ler05, Ler10, Ler07, Ler02, Ler03, Ler04, Ler09, Ler06			
N0.HOG0000535			Ler01, Ler05, Ler11, Ler23, Ler07, Ler33, Ler26, Ler02, Ler04, Ler34, Ler06			
N0.HOG0000536			Ler01, Ler13, Ler11, Ler23, Ler04, Ler07, Ler02, Ler32, Ler03, Ler09, Ler06			
N0.HOG0000537			Ler15, Ler01, Ler33, Ler18, Ler04, Ler03, Ler13, Ler14, Ler27, Ler11, Ler23, Ler49, Ler29, Ler07, Ler39, Ler40, Ler09			
N0.HOG0000538				Loc05, Loc14, Loc04, Loc17		
N0.HOG0000539						Xtr01
N0.HOG0000540						Xtr10, Xtr08, Xtr04
N0.HOG0000541	Cmi01	Cpl01	Ler01	Loc02, Loc05	Gga01	Xtr04, Xtr05
N0.HOG0000542	Cmi01	Cpl01	LerSca	Loc12		
N0.HOG0000543	Cmi01, Cmi08, Cmi10	Cpl14, Cpl25	Ler25		Gga15	Xtr08, Xtr09
N0.HOG0000544	Cmi03, Cmi01, Cmi02, Cmi04, Cmi09	Cpl09	Ler08	Loc01	Gga03	Xtr05
N0.HOG0000545	Cmi01	Cpl01	Ler01	Loc04	Gga04	Xtr01
N0.HOG0000546	Cmi13		Ler11	Loc06	Gga13	Xtr03
N0.HOG0000547	Cmi07	Cpl38	Ler34	Loc05	Gga06	Xtr07
N0.HOG0000548	Cmi28	Cpl42	Ler35	Loc01	Gga22	
N0.HOG0000549	Cmi01	Cpl01	Ler01	Loc04	Gga04	Xtr01
N0.HOG0000550	Cmi13	Cpl14		Loc06	Gga13	Xtr03
N0.HOG0000551	Cmi15	Cpl15	Ler12	Loc07	Gga04	Xtr08
N0.HOG0000552	Cmi04	Cpl06	Ler06	Loc17	Gga01	Xtr02
N0.HOG0000553	Cmi01	Cpl02	Ler03	Loc04	Gga04	Xtr01
N0.HOG0000554	Cmi13	Cpl14	Ler11	Loc06	Gga13	Xtr03
N0.HOG0000555	Cmi28	Cpl42	Ler35		Gga22	Xtr03
N0.HOG0000556	Cmi07	Cpl22	Ler15	Loc05	Gga06	Xtr07
N0.HOG0000557	Cmi01	Cpl01	Ler01	Loc02	GgaZ	Xtr01
N0.HOG0000558	Cmi01	Cpl01	Ler01	Loc02		
N0.HOG0000559	Cmi03	Cpl03	Ler05	Loc01	Gga03	Xtr05
N0.HOG0000560	Cmi10	Cpl27	Ler26	Loc06	Gga23	Xtr02
N0.HOG0000561	Cmi02	Cpl04	Ler04	Loc09	Gga02	Xtr06
N0.HOG0000562	Cmi18	Cpl20	Ler21	Loc18		Xtr10
N0.HOG0000563	Cmi03	Cpl03	Ler05	Loc01	Gga03	Xtr05
N0.HOG0000564	Cmi04	Cpl06	Ler06	Loc17	Gga01	Xtr02
N0.HOG0000565	Cmi15		Ler12	Loc07	Gga04	Xtr08
N0.HOG0000566	Cmi10	Cpl27	Ler26	Loc06	Gga23	Xtr02
N0.HOG0000567	CmiSca	Cpl45	Ler02, Ler23	Loc28	GgaSca	Xtr04
N0.HOG0000568	Cmi03	Cpl09	Ler08	Loc16, Loc07		Xtr05
N0.HOG0000569	Cmi12	Cpl18	Ler16	Loc08, Loc05	Gga12	Xtr04
N0.HOG0000570	Cmi05, Cmi12	Cpl19, Cpl18	Ler19, Ler16	Loc08	Gga01	Xtr03
N0.HOG0000571	Cmi10	Cpl28	Ler28			
N0.HOG0000572				Loc22		
N0.HOG0000573		CplSca		Loc10		
N0.HOG0000574		Cpl37		Loc22	Gga19	
N0.HOG0000575	Cmi10	Cpl28	Ler28	Loc22	Gga19	Xtr02
N0.HOG0000576	Cmi11	Cpl13	Ler14	Loc14		Xtr05
N0.HOG0000577					Gga09	Xtr05
N0.HOG0000578	Cmi11			Loc14		
N0.HOG0000579	Cmi11	Cpl13	Ler14	Loc14		
N0.HOG0000580	Cmi18			Loc03, Loc10, Loc05		
N0.HOG0000581	Cmi11, Cmi21	Cpl31, Cpl13	Ler29, Ler14	Loc23		
N0.HOG0000582	Cmi13	Cpl14	Ler11	Loc06	Gga13	Xtr03
N0.HOG0000583	Cmi13		Ler11		Gga13	
N0.HOG0000584				Loc06		
N0.HOG0000585	Cmi29	Cpl08	Ler39			Xtr03
N0.HOG0000586			LerSca			Xtr03
N0.HOG0000587					Gga04, Gga14, Gga01, GgaZ	
N0.HOG0000588					Gga25	Xtr08
N0.HOG0000589			Ler01, Ler20, Ler21, Ler27, Ler10, Ler23, Ler11, Ler08, Ler02, Ler12, Ler03, Ler34, Ler09, Ler19, Ler06			
N0.HOG0000590			Ler01, Ler05, Ler10, Ler36, Ler22, Ler03, Ler24, Ler06, Ler20, Ler14, Ler27, Ler07, Ler25, Ler11, Ler42, Ler02, Ler32, Ler30			Xtr04
N0.HOG0000591			Ler01, Ler14, Ler05, Ler11, Ler07, Ler25, Ler08, Ler04, Ler09, Ler21, Ler06			
N0.HOG0000592			Ler15, Ler01, Ler14, Ler05, Ler27, Ler07, Ler11, Ler04, Ler02, Ler03, Ler09, Ler19, Ler06			Xtr02
N0.HOG0000593						Xtr06, Xtr08, Xtr03, Xtr09, Xtr04, Xtr01, Xtr02, Xtr10, Xtr05, Xtr07
N0.HOG0000594						Xtr02, Xtr10, Xtr08
N0.HOG0000595						Xtr02, Xtr07, Xtr08, Xtr05
N0.HOG0000596	Cmi13	Cpl14	Ler11	Loc06	Gga13	Xtr03
N0.HOG0000597	CmiSca				Gga13	
N0.HOG0000598				Loc06		Xtr04
N0.HOG0000599			Ler03			Xtr01
N0.HOG0000600	Cmi01	Cpl02	Ler03	Loc04	GgaZ	
N0.HOG0000601	Cmi27	Cpl43	Ler40	Loc04	Gga34	Xtr02
N0.HOG0000602	Cmi06	Cpl07	Ler07	Loc12	Gga07	
N0.HOG0000603	Cmi23		Ler27	Loc15		Xtr10
N0.HOG0000604	Cmi02	CplSca	Ler02	Loc09	Gga02	Xtr06
N0.HOG0000605	Cmi18	Cpl20	Ler21	Loc18	Gga20	Xtr10
N0.HOG0000606	Cmi14	Cpl17	Ler17	Loc23	Gga11, Gga02	Xtr06
N0.HOG0000607	Cmi02	Cpl04	Ler04	Loc09		
N0.HOG0000608			Ler04	Loc05	Gga35	Xtr01
N0.HOG0000609	Cmi03, Cmi30, Cmi19, Cmi15					
N0.HOG0000610	Cmi04			Loc03, Loc18		
N0.HOG0000611	Cmi04	Cpl06	Ler06	Loc17		Xtr02, Xtr06
N0.HOG0000612	Cmi05	Cpl11	Ler10	Loc10	Gga08	Xtr04
N0.HOG0000613	Cmi05	Cpl11	Ler10	Loc10	Gga08	Xtr04
N0.HOG0000614	Cmi05	Cpl11	LerSca		Gga08	
N0.HOG0000615	Cmi08	Cpl25	Ler25	Loc20, Loc05	Gga15	Xtr01
N0.HOG0000616	Cmi08	Cpl25	Ler25	Loc20	Gga15	Xtr01
N0.HOG0000617	CmiSca	Cpl37	LerSca		Gga16	Xtr08
N0.HOG0000618	CmiSca	Cpl37	LerSca		Gga16	Xtr08
N0.HOG0000619	Cmi08			Loc20	Gga15	Xtr01
N0.HOG0000620	Cmi11	Cpl13	Ler14	Loc14	Gga09	Xtr05
N0.HOG0000621		CplSca		Loc02		Xtr05
N0.HOG0000622	Cmi24	Cpl34	Ler30	Loc26, Loc25	Gga21	
N0.HOG0000623	Cmi11	Cpl13	Ler14	Loc14		Xtr05
N0.HOG0000624		Cpl12	Ler13	Loc17	Gga01	
N0.HOG0000625	Cmi11	Cpl13		Loc14		
N0.HOG0000626	Cmi11	Cpl13	Ler14	Loc10	Gga09	Xtr05
N0.HOG0000627	Cmi11	Cpl13	Ler14	Loc14	Gga09	Xtr05
N0.HOG0000628	Cmi15	Cpl15			Gga04	Xtr08
N0.HOG0000629		Cpl48	LerSca	Loc02, Loc07		Xtr03
N0.HOG0000630		Cpl06		Loc03	Gga01	Xtr02
N0.HOG0000631	Cmi11	Cpl13	Ler14			
N0.HOG0000632	Cmi12	Cpl23, Cpl18	Ler16	Loc05	Gga12	Xtr01, Xtr02, Xtr05, Xtr04, Xtr03, Xtr09
N0.HOG0000633	Cmi14	Cpl17	Ler02, Ler08, Ler04, Ler10, Ler07, Ler17			Xtr06, Xtr08
N0.HOG0000634			Ler03, Ler20, Ler21, Ler05	Loc23	Gga11	Xtr04
N0.HOG0000635	Cmi14	Cpl17		Loc23	Gga11	
N0.HOG0000636	Cmi14	Cpl17	Ler17	Loc23	Gga16	Xtr01
N0.HOG0000637	Cmi16	Cpl11	Ler01		Gga02	
N0.HOG0000638		Cpl12, Cpl01	Ler39, Ler08, Ler04, Ler07, Ler35	Loc10		
N0.HOG0000639	Cmi18	Cpl20	Ler21	Loc18	Gga20	Xtr10
N0.HOG0000640		Cpl20	Ler21	Loc18	Gga20	Xtr10
N0.HOG0000641	Cmi21	Cpl31, Cpl08, Cpl16	Ler29			
N0.HOG0000642						Xtr07
N0.HOG0000643		Cpl34	Ler30	Loc02		
N0.HOG0000644		Cpl34	Ler30	Loc25	Gga21	
N0.HOG0000645	Cmi24	Cpl34	Ler30		Gga21	Xtr07
N0.HOG0000646	CmiSca	Cpl32	Ler06	Loc01	Gga31	Xtr08
N0.HOG0000647	CmiSca	Cpl37	Ler30	Loc08	Gga17	Xtr07, Xtr08
N0.HOG0000648		Cpl06		Loc03		
N0.HOG0000649				Loc09	Gga01	Xtr02
N0.HOG0000650					Gga32, Gga17, Gga02, Gga09, Gga16	
N0.HOG0000651					Gga17, Gga37	
N0.HOG0000652					Gga31	
N0.HOG0000653						Xtr06, Xtr08, Xtr03, Xtr09, Xtr04, Xtr01, Xtr02, Xtr10, Xtr05, Xtr07
N0.HOG0000654	Cmi13	Cpl14	Ler11	Loc06	Gga13	Xtr03
N0.HOG0000655	Cmi01	Cpl01	Ler01	Loc04	Gga04	Xtr01
N0.HOG0000656	Cmi07	Cpl22	Ler15	Loc05		Xtr07
N0.HOG0000657	Cmi28			Loc01		
N0.HOG0000658	Cmi09	Cpl10	Ler09	Loc07	Gga05	Xtr08
N0.HOG0000659	Cmi03, Cmi01	Cpl09	Ler08	Loc16, Loc28	Gga03	Xtr04, Xtr05
N0.HOG0000660	CmiSca	Cpl41	Ler38	Loc02	Gga38	Xtr08
N0.HOG0000661	Cmi07	Cpl22	Ler15	Loc05	Gga06	Xtr07
N0.HOG0000662	Cmi01	Cpl01		Loc04		Xtr01
N0.HOG0000663	Cmi28	Cpl42	Ler35	Loc01	Gga22	Xtr03
N0.HOG0000664	Cmi13	Cpl14	Ler11	Loc06	Gga13	
N0.HOG0000665	Cmi28	Cpl42	Ler35	Loc01		Xtr03
N0.HOG0000666	Cmi07	Cpl38	Ler34	Loc05	Gga06	Xtr07
N0.HOG0000667			Ler11, Ler01			
N0.HOG0000668	Cmi01	Cpl32		Loc04	Gga04	Xtr01
N0.HOG0000669	Cmi13	Cpl14		Loc06		
N0.HOG0000670	Cmi02	Cpl29			Gga02	Xtr06
N0.HOG0000671	Cmi02	Cpl05, Cpl29	Ler02	Loc09	Gga02	Xtr06
N0.HOG0000672	Cmi02	Cpl04	Ler04, Ler32	Loc11	Gga02	Xtr06
N0.HOG0000673	Cmi10	Cpl27	Ler26	Loc06	Gga23	Xtr02
N0.HOG0000674	Cmi18	Cpl20		Loc18		
N0.HOG0000675	Cmi02	Cpl04	Ler04	Loc09		
N0.HOG0000676	Cmi03	Cpl03	Ler05	Loc01	Gga03	Xtr05
N0.HOG0000677	Cmi03		Ler05	Loc16	Gga03	Xtr05
N0.HOG0000678	Cmi03	Cpl45	Ler08	Loc16, Loc01	Gga39, Gga03	Xtr04, Xtr05
N0.HOG0000679	Cmi05	Cpl19, Cpl37	Ler32, Ler19	Loc08	Gga01	Xtr03
N0.HOG0000680	Cmi14			Loc23		Xtr04
N0.HOG0000681	Cmi14	Cpl17	Ler17	Loc24	Gga11	Xtr04
N0.HOG0000682					Gga11	
N0.HOG0000683	Cmi14			Loc08		
N0.HOG0000684	Cmi14	Cpl17	Ler17	Loc23		
N0.HOG0000685	Cmi19		Ler28, Ler01, Ler13, Ler05, Ler21, Ler07, Ler29, Ler37, Ler22, Ler03, Ler19			Xtr08
N0.HOG0000686	Cmi30	Cpl37	LerSca			
N0.HOG0000687	CmiSca	Cpl44				Xtr01
N0.HOG0000688			Ler01, Ler31, Ler05, Ler27, Ler10, Ler07, Ler23, Ler11, Ler02, Ler38, Ler22, Ler03, Ler44			
N0.HOG0000689			Ler15, Ler01, Ler20, Ler10, Ler29, Ler16, Ler35, Ler26, Ler08, Ler02, Ler12, Ler04, Ler34, Ler06			
N0.HOG0000690			Ler01, Ler13, Ler14, Ler20, Ler05, Ler10, Ler29, Ler33, Ler16, Ler12, Ler22, Ler03, Ler30, Ler06			
N0.HOG0000691			Ler01, Ler20, Ler10, Ler29, Ler11, Ler02, Ler03, Ler22, Ler04, Ler06			
N0.HOG0000692			Ler11	Loc16		
N0.HOG0000693			Ler11	Loc06		
N0.HOG0000694				Loc06		
N0.HOG0000695			Ler01, Ler05, Ler07, Ler18, Ler16, Ler02, Ler12, Ler32, Ler22, Ler04			
N0.HOG0000696						Xtr06, Xtr08, Xtr03, Xtr09, Xtr04, Xtr01, Xtr02, Xtr10, Xtr05, Xtr07
N0.HOG0000697						Xtr01, Xtr02, Xtr06, Xtr10, Xtr05, Xtr07, Xtr09
N0.HOG0000698	Cmi01	Cpl01	Ler01	Loc04	Gga04	Xtr01
N0.HOG0000699	Cmi13	Cpl14	Ler11	Loc06	Gga13	Xtr03
N0.HOG0000700	Cmi07	Cpl38	Ler34	Loc05	Gga06	Xtr07
N0.HOG0000701	Cmi07	Cpl38	Ler34	Loc05	Gga06	Xtr07
N0.HOG0000702	Cmi01	Cpl01	Ler01	Loc04	Gga04	Xtr01
N0.HOG0000703			Ler01	Loc06	Gga13	Xtr01
N0.HOG0000704	Cmi13	Cpl14	Ler11			
N0.HOG0000705	Cmi07	Cpl22	Ler15	Loc05	Gga06	Xtr07
N0.HOG0000706			Ler35	Loc01		Xtr03
N0.HOG0000707	Cmi13	Cpl14		Loc06	Gga13	Xtr03
N0.HOG0000708	Cmi01	Cpl02	Ler03	Loc04	Gga04	Xtr01
N0.HOG0000709	Cmi01	Cpl02	Ler03	Loc02	GgaZ	Xtr01
N0.HOG0000710		Cpl02	Ler03	Loc02	GgaZ	Xtr01
N0.HOG0000711	Cmi21	Cpl31	Ler29	Loc19		
N0.HOG0000712	Cmi22	Cpl36	Ler33	Loc03	Gga10	
N0.HOG0000713	Cmi21	Cpl31	Ler29	Loc06	Gga28	Xtr01
N0.HOG0000714	Cmi01			Loc02	GgaZ	Xtr01
N0.HOG0000715	Cmi29		Ler39	Loc06		Xtr03
N0.HOG0000716		Cpl08, Cpl11	Ler10	Loc10	Gga08	Xtr04
N0.HOG0000717			Ler01		GgaZ	
N0.HOG0000718		Cpl31		Loc19		Xtr01
N0.HOG0000719	Cmi01	Cpl01		Loc02		Xtr01
N0.HOG0000720	Cmi18	Cpl20	Ler21	Loc18	Gga20	Xtr10
N0.HOG0000721	Cmi02		Ler04	Loc09	Gga02	Xtr06
N0.HOG0000722		Cpl09	Ler08	Loc16	Gga03	Xtr05
N0.HOG0000723		Cpl27	Ler26, Ler08	Loc06		
N0.HOG0000724		Cpl05	Ler04, Ler02	Loc24		
N0.HOG0000725	Cmi02	CplSca		Loc24		
N0.HOG0000726	Cmi10	Cpl27	Ler26		Gga23	Xtr02
N0.HOG0000727	Cmi03	Cpl03	Ler05	Loc01	Gga03	Xtr05
N0.HOG0000728		Cpl03	Ler05	Loc16	Gga03	
N0.HOG0000729	Cmi03	Cpl03	Ler05	Loc01		
N0.HOG0000730	Cmi04	Cpl12		Loc03		
N0.HOG0000731	Cmi04	Cpl12	Ler13	Loc17	Gga01	Xtr02
N0.HOG0000732	Cmi19	Cpl28	Ler24	Loc03	Gga26	Xtr02
N0.HOG0000733	Cmi05	Cpl19	Ler19	Loc08	Gga01	Xtr03
N0.HOG0000734	Cmi17	Cpl39, Cpl16	Ler37, Ler18	Loc27	Gga05	Xtr07
N0.HOG0000735	Cmi19	Cpl26	Ler24	Loc03	Gga26	Xtr02
N0.HOG0000736	Cmi05	Cpl23	Ler22	Loc08	Gga01	Xtr03
N0.HOG0000737	Cmi12	Cpl22	Ler16	Loc05, Loc01	GgaSca	Xtr08, Xtr04
N0.HOG0000738	Cmi06	Cpl07	Ler07	Loc12	Gga07	Xtr09
N0.HOG0000739		Cpl33, Cpl04	Ler27, Ler43	Loc09, Loc15	Gga02	Xtr10
N0.HOG0000740		Cpl43	Ler40	Loc04	Gga34	Xtr02
N0.HOG0000741	Cmi07	Cpl22	Ler15	Loc05		Xtr07
N0.HOG0000742			Ler35	Loc01		Xtr03
N0.HOG0000743				Loc05		
N0.HOG0000744	Cmi08	Cpl25	Ler25	Loc20		
N0.HOG0000745	Cmi28	Cpl42	Ler35	Loc01	Gga22	Xtr03
N0.HOG0000746						Xtr08, Xtr04
N0.HOG0000747	Cmi24	Cpl34, Cpl37	Ler30	Loc25		
N0.HOG0000748	Cmi08			Loc21	Gga17	
N0.HOG0000749	Cmi10	Cpl28	Ler28	Loc22	Gga19	Xtr02, Xtr08
N0.HOG0000750	Cmi17, Cmi10	Cpl28, Cpl16	Ler28, Ler18	Loc17, Loc01	Gga19	Xtr02
N0.HOG0000751	Cmi11	Cpl13	Ler14	Loc14	Gga09	Xtr05
N0.HOG0000752	Cmi11	Cpl48		Loc14	Gga09	Xtr05
N0.HOG0000753	CmiSca	Cpl48	LerSca	Loc02		Xtr03
N0.HOG0000754	Cmi16	Cpl21	Ler20		Gga14	Xtr09
N0.HOG0000755	Cmi16	Cpl21	Ler20		Gga14	Xtr09
N0.HOG0000756		Cpl44	LerSca	Loc06, Loc21	Gga21, Gga01	Xtr07, Xtr08, Xtr03
N0.HOG0000757	Cmi18	Cpl20	Ler21	Loc18		
N0.HOG0000758	Cmi18	Cpl20	Ler21	Loc18	Gga20	Xtr10
N0.HOG0000759	Cmi23	Cpl33	Ler27	Loc15	Gga27	Xtr10, Xtr07
N0.HOG0000760	CmiSca	Cpl44, Cpl46, Cpl08, Cpl15	Ler28, Ler15			
N0.HOG0000761			Ler08			Xtr01
N0.HOG0000762			LerSca			Xtr05
N0.HOG0000763	CmiSca		Ler17, Ler01, Ler31, Ler05, Ler07, Ler25, Ler03, Ler24			Xtr01, Xtr02, Xtr07
N0.HOG0000764		Cpl44, Cpl30, Cpl10, Cpl33, Cpl45				
N0.HOG0000765			LerSca	Loc02	Gga05	Xtr02
N0.HOG0000766				LocSca		
N0.HOG0000767		Cpl43	LerSca	Loc09		Xtr02
N0.HOG0000768			LerSca	LocSca		
N0.HOG0000769					Gga05, Gga01	
N0.HOG0000770					Gga04, Gga01, Gga03, Gga02, GgaW	
N0.HOG0000771			Ler02, Ler09, Ler05, Ler40, Ler11, Ler07, Ler34			
N0.HOG0000772			Ler05, Ler33, Ler08, Ler18, Ler22, Ler04, Ler03, Ler06, Ler13, Ler27, Ler07, Ler25, Ler29, Ler11, Ler16, Ler46			
N0.HOG0000773						Xtr06, Xtr08, Xtr03, Xtr09, Xtr01, Xtr02, Xtr05, Xtr07
N0.HOG0000774						Xtr02
N0.HOG0000775						Xtr03
N0.HOG0000776						Xtr09
N0.HOG0000777	Cmi01	Cpl32	Ler01			Xtr01
N0.HOG0000778	Cmi13			Loc06	Gga13	Xtr03
N0.HOG0000779	Cmi04	Cpl06	Ler06	Loc03		Xtr02
N0.HOG0000780	Cmi15	Cpl15	Ler12	Loc07	Gga04	Xtr08
N0.HOG0000781	Cmi13	Cpl14	Ler11	Loc06	Gga13	Xtr03
N0.HOG0000782	Cmi07	Cpl22	Ler15	Loc05	Gga06	Xtr07
N0.HOG0000783	Cmi01	Cpl01	Ler15, Ler01	Loc04	Gga04	Xtr01
N0.HOG0000784	Cmi22	CplSca	Ler33	Loc03	Gga10	Xtr03
N0.HOG0000785	Cmi01	Cpl02	Ler03	Loc04		Xtr01
N0.HOG0000786	Cmi21	Cpl31			Gga28	
N0.HOG0000787		Cpl37, Cpl51	LerSca		Gga25	Xtr08
N0.HOG0000788	Cmi01	Cpl02	Ler03	Loc02	GgaZ	Xtr01
N0.HOG0000789			Ler03, Ler33	LocSca	Gga25	Xtr08
N0.HOG0000790	Cmi22	Cpl36	Ler33	Loc03	Gga10	Xtr03
N0.HOG0000791	Cmi01	Cpl51		Loc24	GgaZ	
N0.HOG0000792	Cmi26	Cpl40	Ler01			Xtr01, Xtr03
N0.HOG0000793	Cmi21					Xtr01
N0.HOG0000794			Ler36	Loc03	Gga25	
N0.HOG0000795			Ler29	Loc19	Gga28	
N0.HOG0000796	Cmi14	Cpl17	Ler17	Loc23	Gga11	Xtr04
N0.HOG0000797		Cpl20	Ler21	Loc18	Gga20	Xtr10
N0.HOG0000798		CplSca		LocSca		
N0.HOG0000799	Cmi02	Cpl29	Ler02	Loc09	Gga02	
N0.HOG0000800	Cmi18	Cpl20	Ler21	LocSca		Xtr10
N0.HOG0000801		Cpl34	Ler30	Loc26		
N0.HOG0000802	Cmi02	Cpl29	Ler02	Loc09		
N0.HOG0000803	Cmi02	Cpl05		Loc09	Gga02	Xtr06, Xtr07
N0.HOG0000804	Cmi02	Cpl05	Ler02	Loc11	Gga02	Xtr06
N0.HOG0000805	Cmi03, Cmi14	Cpl17, Cpl03		Loc01	Gga03	
N0.HOG0000806	Cmi02	Cpl04	Ler04	Loc09	Gga02	Xtr06
N0.HOG0000807	Cmi14	Cpl17	Ler17	Loc23	Gga11	Xtr04
N0.HOG0000808	Cmi02	Cpl04				
N0.HOG0000809	Cmi10			Loc06	Gga23	Xtr02
N0.HOG0000810	Cmi03	Cpl03		Loc01	Gga03	
N0.HOG0000811	Cmi18	Cpl20	Ler21	Loc18	Gga20	Xtr10
N0.HOG0000812	Cmi10	Cpl27	Ler26	Loc06		Xtr02
N0.HOG0000813	Cmi10	Cpl27	Ler26		Gga23	
N0.HOG0000814	Cmi10	Cpl27		Loc06	Gga23	Xtr02
N0.HOG0000815	Cmi02	Cpl04		Loc11	Gga02	Xtr06
N0.HOG0000816	Cmi06	Cpl07	LerSca	Loc12	Gga07	Xtr09
N0.HOG0000817	Cmi02	Cpl04	Ler04	Loc09	Gga02	Xtr06
N0.HOG0000818	Cmi23	Cpl33	Ler27	Loc15	Gga27	Xtr10
N0.HOG0000819	Cmi09	Cpl10		Loc07	Gga05	Xtr08
N0.HOG0000820			LerSca	Loc28		
N0.HOG0000821	CmiSca	Cpl41			Gga38	Xtr08
N0.HOG0000822	Cmi03	Cpl03	Ler09	Loc16	Gga03	Xtr05
N0.HOG0000823	Cmi03	Cpl09	Ler08	Loc16	Gga03	Xtr05
N0.HOG0000824		Cpl41	Ler38	Loc02		Xtr08
N0.HOG0000825	Cmi09	Cpl10	Ler09	Loc07		
N0.HOG0000826	CmiSca	Cpl45	Ler44	Loc28		Xtr04
N0.HOG0000827	Cmi11	Cpl13	Ler14			Xtr05
N0.HOG0000828		Cpl13	Ler14			
N0.HOG0000829		CplSca			Gga09	
N0.HOG0000830	Cmi03	Cpl09	Ler08	Loc16	Gga09	
N0.HOG0000831	Cmi21	Cpl31	Ler29	Loc19	Gga28	Xtr01
N0.HOG0000832	Cmi04	Cpl06	Ler05, Ler06	Loc01		
N0.HOG0000833	Cmi22	Cpl40	Ler36	Loc03	Gga10	
N0.HOG0000834	Cmi05	Cpl19	Ler19	Loc08	Gga01	Xtr03
N0.HOG0000835	Cmi12	Cpl18		Loc05, Loc01	Gga12	Xtr08, Xtr04
N0.HOG0000836	Cmi19	Cpl26	Ler24	Loc03	Gga26	Xtr02
N0.HOG0000837	Cmi31	Cpl39	Ler37			Xtr07
N0.HOG0000838			Ler18	Loc27	Gga05	Xtr04
N0.HOG0000839	Cmi05	Cpl19	Ler19	Loc08	Gga01	Xtr03
N0.HOG0000840	Cmi19	Cpl26		Loc03	Gga26	Xtr02
N0.HOG0000841	Cmi12	Cpl18	Ler16	Loc05	Gga12	Xtr04
N0.HOG0000842	Cmi05, Cmi19	Cpl19	Ler24, Ler19	Loc03, Loc08, Loc01	Gga01, Gga26	Xtr03
N0.HOG0000843	Cmi19	Cpl26	Ler24	Loc03	Gga26	Xtr02
N0.HOG0000844	Cmi05	Cpl23	Ler22	Loc08	Gga01	Xtr03
N0.HOG0000845	Cmi12		Ler16	Loc05, Loc01	Gga12	Xtr08, Xtr04
N0.HOG0000846	Cmi07	Cpl46	Ler15	Loc05	Gga06	Xtr07
N0.HOG0000847	Cmi07	Cpl46		Loc05	Gga06	Xtr07
N0.HOG0000848	Cmi28	Cpl42		Loc06, Loc01	Gga22, Gga13	Xtr03
N0.HOG0000849	Cmi08	Cpl30	Ler31	Loc21	Gga17	Xtr08
N0.HOG0000850	Cmi08	Cpl30	Ler31		Gga17	Xtr02
N0.HOG0000851		Cpl30				Xtr08
N0.HOG0000852	Cmi20	Cpl24	Ler23	Loc26	Gga01	Xtr07
N0.HOG0000853	Cmi11	Cpl13	Ler14			Xtr05
N0.HOG0000854	Cmi11	Cpl13, Cpl48	LerSca	Loc14	Gga09	Xtr05
N0.HOG0000855				Loc02		Xtr03
N0.HOG0000856		Cpl06		Loc14	Gga01	Xtr02
N0.HOG0000857	Cmi15	Cpl15	Ler12	Loc07	Gga04	Xtr08
N0.HOG0000858		Cpl18	Ler16, Ler06	Loc05	Gga12	Xtr04
N0.HOG0000859	Cmi12	Cpl18	Ler16	Loc05		
N0.HOG0000860	Cmi14	Cpl17	Ler17	Loc23	Gga11	Xtr04
N0.HOG0000861		Cpl24	Ler23, Ler05	Loc24, Loc10	Gga31	Xtr07
N0.HOG0000862	Cmi16	Cpl21	Ler20	Loc13	Gga14	Xtr06, Xtr05
N0.HOG0000863	Cmi31	Cpl39	Ler37	Loc12	Gga01	Xtr04
N0.HOG0000864	Cmi16	Cpl21	Ler20	Loc13	Gga14	Xtr09
N0.HOG0000865	Cmi20	Cpl24	Ler23	Loc10	Gga18	Xtr10, Xtr07
N0.HOG0000866	Cmi29	Cpl08	Ler39	Loc06		Xtr03
N0.HOG0000867	CmiSca			LocSca		Xtr01
N0.HOG0000868	CmiSca	CplSca	LerSca		Gga35	Xtr01
N0.HOG0000869	CmiSca	Cpl37	LerSca	LocSca		Xtr08
N0.HOG0000870	CmiSca	Cpl25		Loc20		
N0.HOG0000871		Cpl11	Ler01, Ler05, Ler07, Ler10, Ler02, Ler38, Ler41, Ler03, Ler19, Ler06			
N0.HOG0000872		Cpl44, Cpl42, Cpl13	Ler14	Loc09		
N0.HOG0000873					Gga09	Xtr06, Xtr08, Xtr05
N0.HOG0000874			Ler15, Ler01, Ler13, Ler05, Ler07, Ler23, Ler04, Ler25, Ler16, Ler02, Ler03, Ler09, Ler24, Ler21	Loc04		
N0.HOG0000875			Ler28, Ler01, Ler31, Ler14, Ler05, Ler21, Ler10, Ler07, Ler02, Ler32, Ler03, Ler04, Ler19			
N0.HOG0000876			Ler28, Ler05, Ler27, Ler07, Ler10, Ler11, Ler08, Ler02, Ler12, Ler03, Ler04			
N0.HOG0000877			Ler13, Ler20, Ler05, Ler11, Ler10, Ler26, Ler08, Ler02, Ler18, Ler03, Ler09, Ler17, Ler06			
N0.HOG0000878			Ler01, Ler20, Ler05, Ler27, Ler11, Ler10, Ler04, Ler08, Ler12, Ler41, Ler03, Ler06			
N0.HOG0000879			Ler05, Ler10, Ler04, Ler02, Ler38, Ler32, Ler03, Ler06			Xtr07
N0.HOG0000880			Ler15, Ler01, Ler13, Ler31, Ler05, Ler33, Ler08, Ler02, Ler03, Ler30, Ler04, Ler24			
N0.HOG0000881			Ler08, Ler12, Ler05, Ler07, Ler06			Xtr01
N0.HOG0000882			Ler01, Ler03, Ler34, Ler04, Ler06			Xtr04
N0.HOG0000883				Loc16		Xtr06, Xtr08, Xtr03, Xtr04, Xtr09, Xtr01, Xtr10, Xtr05, Xtr07
N0.HOG0000884						Xtr06, Xtr08, Xtr05, Xtr07, Xtr09
N0.HOG0000885	Cmi07	Cpl38	Ler34	Loc05	Gga06	Xtr07
N0.HOG0000886	Cmi28	Cpl42			Gga22	Xtr03
N0.HOG0000887	Cmi01	Cpl32	Ler01	Loc04	Gga04	Xtr01
N0.HOG0000888	Cmi01	Cpl02	Ler03	Loc04	Gga04	Xtr01
N0.HOG0000889			Ler10		GgaSca	
N0.HOG0000890	Cmi29, Cmi05	Cpl08, Cpl11	Ler39	Loc06, Loc10	Gga08	Xtr03, Xtr04
N0.HOG0000891	Cmi03, Cmi01, Cmi02, Cmi04, Cmi09					
N0.HOG0000892	Cmi13	Cpl14	Ler11	Loc06	Gga13	Xtr03
N0.HOG0000893	Cmi01	Cpl01	Ler01	Loc02		Xtr01
N0.HOG0000894	Cmi01, Cmi07	Cpl38	Ler34, Ler01		Gga04	Xtr01
N0.HOG0000895	Cmi01	Cpl02	Ler03	Loc04	GgaZ	Xtr01
N0.HOG0000896	Cmi05	Cpl11	Ler10	Loc10	Gga08	Xtr04
N0.HOG0000897	Cmi21	Cpl31	Ler29	Loc19	Gga28	Xtr01
N0.HOG0000898	Cmi21	Cpl31, Cpl36	Ler29	Loc19	Gga28	Xtr01
N0.HOG0000899	Cmi01	Cpl02	Ler03	Loc04	GgaZ	Xtr01
N0.HOG0000900	Cmi01	Cpl01	Ler01	Loc02	GgaZ, GgaW	Xtr01, Xtr04
N0.HOG0000901		Cpl08	Ler39	Loc06		Xtr03
N0.HOG0000902	Cmi05	Cpl11	Ler10	Loc10		
N0.HOG0000903	Cmi02	Cpl29	Ler02	Loc11		Xtr06
N0.HOG0000904	Cmi02	Cpl29	Ler02	Loc11	Gga02	Xtr06
N0.HOG0000905	Cmi20	Cpl24	Ler23	Loc10	Gga18	Xtr10
N0.HOG0000906	Cmi06	Cpl07		Loc12		Xtr09
N0.HOG0000907	Cmi02	Cpl05		Loc11		Xtr06
N0.HOG0000908	Cmi20	Cpl24		Loc10		
N0.HOG0000909	Cmi06	Cpl07	Ler07	Loc12	Gga07	Xtr09
N0.HOG0000910	Cmi02	Cpl05	Ler02	Loc11	Gga02	Xtr06
N0.HOG0000911	Cmi23	Cpl33	Ler27	Loc15	Gga27	Xtr10
N0.HOG0000912	Cmi02	Cpl04	Ler04	Loc11	Gga02	Xtr06
N0.HOG0000913		Cpl20	Ler21			
N0.HOG0000914	Cmi03	Cpl03	Ler05	Loc01	Gga03	Xtr05
N0.HOG0000915	Cmi10	Cpl27		Loc06	Gga23	
N0.HOG0000916	Cmi18	Cpl20	Ler21	Loc18	Gga20	Xtr10
N0.HOG0000917	Cmi03	Cpl03	Ler05	Loc01	Gga03	Xtr05
N0.HOG0000918	Cmi02	Cpl04	Ler04	Loc09	Gga02	Xtr06
N0.HOG0000919	Cmi02	Cpl04	Ler04	Loc11	Gga02	Xtr06
N0.HOG0000920	Cmi10	Cpl27	Ler26	Loc06	Gga23	
N0.HOG0000921	Cmi03	CplSca	Ler05	Loc16	Gga03	Xtr02, Xtr05
N0.HOG0000922	Cmi03	Cpl34, Cpl12, Cpl09	Ler08			
N0.HOG0000923	Cmi10	Cpl27	Ler26	Loc06	Gga23	Xtr02
N0.HOG0000924	Cmi04	Cpl12	Ler13	Loc14	Gga01	Xtr02
N0.HOG0000925	Cmi03	Cpl03	Ler05	Loc01	Gga03	Xtr05
N0.HOG0000926	Cmi10	Cpl27	Ler26	Loc06	Gga23	Xtr02
N0.HOG0000927	Cmi04	Cpl12		Loc03	Gga01	Xtr02
N0.HOG0000928	Cmi03	Cpl03	Ler05	Loc01	Gga03	Xtr05
N0.HOG0000929	Cmi05, Cmi04	Cpl08	Ler14	Loc28	Gga05	
N0.HOG0000930	Cmi11	Cpl13	Ler14	Loc14	Gga09	Xtr05
N0.HOG0000931	Cmi04	Cpl12	Ler13	Loc17	Gga01	Xtr02
N0.HOG0000932	Cmi15	Cpl15	Ler12	Loc07	Gga04	Xtr08
N0.HOG0000933	Cmi11	Cpl13	Ler14	Loc14	Gga09	Xtr05
N0.HOG0000934	Cmi04	Cpl06	Ler06	Loc17	Gga01	Xtr02
N0.HOG0000935	Cmi15	Cpl15	Ler12	Loc07	Gga04	Xtr08
N0.HOG0000936		CplSca			Gga01	Xtr09
N0.HOG0000937	Cmi05				Gga04	Xtr09, Xtr04
N0.HOG0000938	Cmi05	Cpl11	Ler10	Loc10	Gga08	Xtr04
N0.HOG0000939	Cmi29	Cpl08	Ler39	Loc06		Xtr03
N0.HOG0000940	Cmi08	Cpl30	Ler31	Loc21	Gga17	Xtr08
N0.HOG0000941	Cmi29	Cpl08	Ler39	Loc06	Gga30	Xtr03
N0.HOG0000942	Cmi21	Cpl31	Ler29	Loc19	Gga28	Xtr01
N0.HOG0000943	Cmi05	Cpl11	Ler10	Loc10	Gga08	Xtr04
N0.HOG0000944	Cmi05	Cpl23, Cpl19, Cpl15	Ler19	Loc09, Loc06	Gga01, Gga08	Xtr06, Xtr03
N0.HOG0000945	Cmi19	Cpl26	Ler24	Loc03	Gga26	Xtr02
N0.HOG0000946	Cmi17	Cpl39, Cpl16	Ler18	Loc27	Gga05	Xtr04
N0.HOG0000947	Cmi05	Cpl19	Ler19	Loc08		Xtr03
N0.HOG0000948	Cmi05			Loc08	Gga01	
N0.HOG0000949	CmiSca	Cpl17	Ler50	Loc23		
N0.HOG0000950		Cpl19	Ler19	Loc24		
N0.HOG0000951					Gga01	
N0.HOG0000952	Cmi05	Cpl23	Ler22	Loc08	Gga01	Xtr03
N0.HOG0000953	Cmi12	Cpl18	Ler16	Loc05	Gga12	Xtr04
N0.HOG0000954	Cmi19	Cpl26	Ler24	Loc03	Gga26	Xtr02
N0.HOG0000955		Cpl05	Ler02	Loc09, Loc25	Gga02	Xtr06
N0.HOG0000956	Cmi23	CplSca	Ler27	Loc15, Loc04	Gga27	
N0.HOG0000957	Cmi06	Cpl07	LerSca	Loc12	Gga07	Xtr09
N0.HOG0000958	Cmi06	Cpl07	Ler07			Xtr09
N0.HOG0000959	Cmi10		Ler28	LocSca	Gga19	Xtr02
N0.HOG0000960	Cmi06					Xtr09
N0.HOG0000961	Cmi06	Cpl07	Ler07	Loc12	Gga07	Xtr09
N0.HOG0000962	CmiSca	Cpl05	Ler02	Loc11	Gga02	Xtr06
N0.HOG0000963	Cmi23	Cpl33	Ler27	Loc15		Xtr10
N0.HOG0000964	Cmi07	Cpl22	Ler15	Loc05		
N0.HOG0000965		Cpl01	LerSca	Loc04		
N0.HOG0000966		Cpl08	Ler39		Gga30	Xtr03
N0.HOG0000967		Cpl41	Ler38			Xtr10, Xtr01
N0.HOG0000968				Loc06, Loc02		
N0.HOG0000969	Cmi07			Loc05	Gga06	Xtr07
N0.HOG0000970				LocSca	Gga22	
N0.HOG0000971	Cmi28	Cpl38, Cpl03	Ler34			Xtr02, Xtr03
N0.HOG0000972	Cmi28	Cpl42	Ler35			Xtr03
N0.HOG0000973	Cmi07	Cpl22	Ler15	Loc05	Gga06	Xtr07
N0.HOG0000974	Cmi13	Cpl14	Ler11	Loc06	Gga13	Xtr03
N0.HOG0000975	Cmi28	Cpl42	Ler35	Loc01	Gga22	Xtr03
N0.HOG0000976	Cmi27	Cpl43	Ler40	Loc25		
N0.HOG0000977	Cmi24, Cmi07		Ler30	Loc25		Xtr07
N0.HOG0000978	Cmi09	Cpl10	Ler09	Loc07	Gga05	Xtr08
N0.HOG0000979	Cmi09	Cpl10		Loc16, Loc02, Loc04		
N0.HOG0000980	CmiSca	Cpl20	Ler21	Loc18	Gga20	Xtr10
N0.HOG0000981		Cpl03	Ler05	Loc16	Gga03	Xtr05
N0.HOG0000982		Cpl18		Loc06		
N0.HOG0000983		Cpl27, Cpl04		Loc09		
N0.HOG0000984					Gga13	Xtr03
N0.HOG0000985		Cpl02	Ler03	Loc04		
N0.HOG0000986	Cmi13	Cpl14	Ler11	Loc06		
N0.HOG0000987	Cmi14	Cpl17	Ler17	Loc23	Gga11	Xtr04
N0.HOG0000988	Cmi14	Cpl17	Ler17	Loc23		
N0.HOG0000989		CplSca		Loc23, Loc07	Gga11	Xtr04
N0.HOG0000990	Cmi19	Cpl37	LerSca			
N0.HOG0000991	Cmi22	Cpl40	Ler36	Loc03	Gga10	Xtr03
N0.HOG0000992	CmiSca	Cpl31	Ler03	Loc19	Gga28	Xtr01
N0.HOG0000993		Cpl31, Cpl02		Loc02	GgaZ	Xtr01
N0.HOG0000994	Cmi29		Ler28, Ler01, Ler14, Ler16, Ler26, Ler18, Ler34, Ler24, Ler06			
N0.HOG0000995			LerSca	Loc28	Gga39	
N0.HOG0000996	CmiSca	Cpl45	LerSca		Gga39	Xtr04
N0.HOG0000997	CmiSca			Loc13		Xtr04
N0.HOG0000998	CmiSca	Cpl27, Cpl47	Ler26	Loc05		
N0.HOG0000999		Cpl47	Ler33	Loc24		Xtr07
N0.HOG0001000					GgaW	
N0.HOG0001001			Ler15, Ler01, Ler13, Ler14, Ler10, Ler07, Ler33, Ler35, Ler26, Ler39, Ler30, Ler22, Ler24, Ler19			
N0.HOG0001002			Ler19, Ler01, Ler13, Ler10, Ler25, Ler04, Ler02, Ler08, Ler03, Ler09, Ler17, Ler21, Ler06			
N0.HOG0001003			Ler13, Ler14, Ler27, Ler23, Ler29, Ler25, Ler18, Ler02, Ler08, Ler12, Ler22, Ler24, Ler06			
N0.HOG0001004				Loc26, Loc02, Loc01		Xtr01
N0.HOG0001005						Xtr01, Xtr10, Xtr08, Xtr05, Xtr07, Xtr03
N0.HOG0001006						Xtr02, Xtr06, Xtr10, Xtr05, Xtr03, Xtr04
N0.HOG0001007	Cmi01	Cpl32	Ler01	Loc04	Gga04	Xtr01
N0.HOG0001008	Cmi07	Cpl38	Ler34	Loc05	Gga06	Xtr07
N0.HOG0001009		Cpl14	Ler11	Loc06	Gga13	Xtr03
N0.HOG0001010	Cmi01, Cmi05	Cpl11	Ler10	Loc04	Gga08	Xtr04
N0.HOG0001011	Cmi21	Cpl31	Ler29	Loc19		
N0.HOG0001012	Cmi01	Cpl02	Ler03	Loc04	GgaZ	Xtr01
N0.HOG0001013	Cmi28	Cpl42	Ler35	Loc01		Xtr03
N0.HOG0001014	Cmi07	CplSca		Loc05	Gga06	
N0.HOG0001015	Cmi01	Cpl38, Cpl01	Ler01	Loc04	Gga04	Xtr01
N0.HOG0001016	Cmi01	Cpl32	Ler01	Loc04		
N0.HOG0001017	Cmi08, Cmi21	Cpl31, Cpl48, Cpl01	Ler29, Ler25	Loc04, Loc19		Xtr01
N0.HOG0001018	Cmi07	Cpl38	Ler34	Loc05	Gga06	Xtr07
N0.HOG0001019	Cmi13	Cpl14	Ler11	Loc06	Gga13	
N0.HOG0001020	Cmi01	Cpl01	Ler01	Loc02	Gga04	Xtr01
N0.HOG0001021	Cmi01	Cpl02	Ler03	Loc04	Gga04	Xtr01
N0.HOG0001022	Cmi01	Cpl02, Cpl14	Ler03, Ler11	Loc06		
N0.HOG0001023	Cmi21	Cpl31	Ler29	Loc19	Gga28	Xtr01
N0.HOG0001024	Cmi26	Cpl36		Loc03	Gga10	Xtr03
N0.HOG0001025	Cmi01	Cpl02	Ler03	Loc02	GgaZ	Xtr01
N0.HOG0001026		CplSca	LerSca	Loc24	Gga25	Xtr08
N0.HOG0001027	Cmi26	Cpl36		Loc03	Gga10	Xtr03
N0.HOG0001028	Cmi01	Cpl02	Ler03	Loc02	GgaZ	Xtr01
N0.HOG0001029	Cmi21	Cpl31	Ler29	Loc19	Gga28	Xtr01
N0.HOG0001030	Cmi01	Cpl02	Ler03	Loc02		Xtr01
N0.HOG0001031	Cmi05	Cpl11	Ler10	Loc10	Gga08	Xtr04
N0.HOG0001032	Cmi01	Cpl02	Ler03	Loc02		Xtr01
N0.HOG0001033	Cmi01	Cpl02	Ler03	Loc02		Xtr01
N0.HOG0001034	Cmi21	Cpl31	Ler29	Loc19	Gga28	Xtr01
N0.HOG0001035	Cmi01	Cpl02	Ler03	Loc02	GgaZ	Xtr01
N0.HOG0001036		Cpl36	Ler33	Loc03	Gga10	Xtr03
N0.HOG0001037	Cmi21	Cpl31	Ler29	Loc19	Gga28	Xtr01
N0.HOG0001038	Cmi22	Cpl40	Ler36	Loc03	Gga10	Xtr03
N0.HOG0001039		Cpl51	LerSca	Loc24	Gga25	Xtr08
N0.HOG0001040	Cmi01	Cpl02	Ler03	Loc02	GgaZ	Xtr01
N0.HOG0001041	Cmi22	Cpl40	Ler36	Loc03	Gga10	Xtr03
N0.HOG0001042	Cmi01	Cpl01	Ler01	Loc02	GgaZ	
N0.HOG0001043	Cmi21	Cpl31	Ler29	Loc19	Gga28	Xtr01
N0.HOG0001044	Cmi02	Cpl05	Ler02	Loc09	Gga02	Xtr06
N0.HOG0001045	Cmi06	Cpl07	Ler07	Loc12	Gga07	Xtr09
N0.HOG0001046	Cmi27	Cpl05		Loc04	Gga34	Xtr02
N0.HOG0001047	Cmi02	Cpl05	Ler02	Loc09	Gga02	Xtr02, Xtr06
N0.HOG0001048	Cmi27	Cpl43		Loc04	Gga34	
N0.HOG0001049	Cmi06	Cpl07	Ler07		Gga07	Xtr09
N0.HOG0001050	Cmi27			Loc04	Gga34	Xtr02
N0.HOG0001051	Cmi23		Ler27	Loc15		Xtr10
N0.HOG0001052	Cmi02	Cpl05	Ler02	Loc11	Gga02	
N0.HOG0001053		Cpl33	Ler27		Gga27	
N0.HOG0001054	Cmi27	Cpl43	Ler40	Loc04	Gga34	Xtr02
N0.HOG0001055	Cmi06	Cpl07	Ler07	Loc12		Xtr09
N0.HOG0001056	Cmi02	Cpl05		Loc11	Gga02	Xtr06
N0.HOG0001057	Cmi23	Cpl33	Ler27	Loc15	Gga27	Xtr10
N0.HOG0001058	Cmi02	Cpl05	Ler02	Loc11		Xtr06
N0.HOG0001059	Cmi06	Cpl07	Ler07	Loc12	Gga07	Xtr09
N0.HOG0001060	Cmi27	Cpl43	LerSca	Loc04	Gga34	Xtr02
N0.HOG0001061	Cmi02	Cpl05	Ler02		Gga02	Xtr06
N0.HOG0001062	Cmi06	CplSca	Ler07	Loc12	Gga07	Xtr09
N0.HOG0001063	Cmi18	Cpl20		Loc18	Gga20	
N0.HOG0001064	Cmi02	Cpl04	Ler04	Loc11		
N0.HOG0001065	Cmi02	Cpl04	Ler04	Loc11, Loc25	Gga02	Xtr10, Xtr06
N0.HOG0001066	Cmi02	Cpl04		LocSca	Gga02	Xtr06
N0.HOG0001067	Cmi03	Cpl03		Loc01	Gga03	Xtr05
N0.HOG0001068	Cmi18	Cpl20	Ler21	Loc18	Gga20	Xtr10
N0.HOG0001069			Ler02	Loc11		
N0.HOG0001070	Cmi02	Cpl05	Ler02	Loc11		Xtr05
N0.HOG0001071	Cmi03	Cpl09	Ler08	LocSca		
N0.HOG0001072	Cmi03	Cpl09	Ler08	LocSca	Gga03	Xtr05
N0.HOG0001073		Cpl12	Ler13	Loc17	Gga01	Xtr02
N0.HOG0001074	Cmi10	Cpl29	Ler26	Loc06	Gga23	Xtr02
N0.HOG0001075	Cmi03	Cpl03	Ler05	Loc01	Gga03	Xtr05
N0.HOG0001076	Cmi04	Cpl12	Ler13	Loc03	Gga01	
N0.HOG0001077	Cmi15	Cpl15	Ler12	Loc07	Gga04	Xtr08
N0.HOG0001078	CmiSca	Cpl41	Ler38	Loc02	Gga38	Xtr08
N0.HOG0001079	Cmi09	Cpl10	Ler09	Loc07	Gga05	Xtr08
N0.HOG0001080	Cmi03	Cpl09	Ler08	Loc16	Gga03	
N0.HOG0001081	Cmi04	Cpl06	Ler06	Loc17	Gga01	Xtr02
N0.HOG0001082	Cmi03	Cpl09	Ler08	Loc01		Xtr05
N0.HOG0001083	CmiSca	Cpl15	Ler12	Loc07	Gga04	Xtr08
N0.HOG0001084	Cmi03	Cpl03	LerSca	Loc16, Loc28	Gga03	Xtr04, Xtr05
N0.HOG0001085		CplSca	Ler38	Loc06		Xtr08
N0.HOG0001086	Cmi09	Cpl10		Loc02, Loc07	Gga05	
N0.HOG0001087	Cmi03	Cpl03	Ler05	Loc01	Gga03	Xtr05
N0.HOG0001088		Cpl45		Loc28, Loc02		Xtr04
N0.HOG0001089	Cmi09	Cpl10	Ler09	Loc07	Gga05	Xtr08
N0.HOG0001090	Cmi03	Cpl03	Ler05	Loc01	Gga03	Xtr05
N0.HOG0001091		Cpl07		Loc12	Gga07	Xtr09
N0.HOG0001092		Cpl07	Ler05	Loc12		
N0.HOG0001093	Cmi04	Cpl12	Ler13	Loc17	Gga01	Xtr02
N0.HOG0001094	Cmi04	Cpl06	Ler06	Loc17	Gga01	Xtr02
N0.HOG0001095	Cmi11	Cpl13	Ler14	Loc14	Gga09	Xtr05
N0.HOG0001096	Cmi15	Cpl24		Loc07	Gga04	Xtr08
N0.HOG0001097	Cmi05	Cpl11	Ler10	Loc10	Gga08	Xtr04
N0.HOG0001098	Cmi08	Cpl30	Ler31	Loc21	Gga17	
N0.HOG0001099	Cmi29	Cpl08	Ler39	Loc06	Gga17	Xtr03
N0.HOG0001100	Cmi05	Cpl11	Ler10	Loc10	Gga08	Xtr08, Xtr04
N0.HOG0001101	Cmi21	Cpl31	Ler29	Loc19	Gga28	Xtr01
N0.HOG0001102	Cmi29	Cpl34	Ler39	Loc06		Xtr03
N0.HOG0001103	Cmi05	Cpl11	Ler10	Loc10	Gga08	Xtr04
N0.HOG0001104	Cmi17	Cpl16	Ler18	Loc27	Gga05	Xtr04
N0.HOG0001105		Cpl39	Ler37	Loc08		Xtr07
N0.HOG0001106	Cmi05	Cpl23	Ler22		Gga01	Xtr03
N0.HOG0001107	Cmi19	Cpl26	Ler24	Loc03	Gga26	
N0.HOG0001108	Cmi05	Cpl23	Ler22	LocSca		
N0.HOG0001109	Cmi31	Cpl39				Xtr07
N0.HOG0001110	Cmi17			Loc27	Gga05	Xtr04
N0.HOG0001111	Cmi17	Cpl16	Ler18	Loc27	Gga05	Xtr04
N0.HOG0001112	Cmi05		Ler19	Loc08	Gga01	Xtr03
N0.HOG0001113	Cmi19	Cpl26	Ler24	Loc03	Gga26	Xtr07
N0.HOG0001114	Cmi05	Cpl19	Ler19	Loc08	Gga01	Xtr03
N0.HOG0001115	Cmi19	Cpl26	Ler24	Loc03	Gga26	
N0.HOG0001116	Cmi12	Cpl18	Ler16	Loc05	Gga12	Xtr04
N0.HOG0001117	Cmi05	Cpl23	Ler22	Loc08	Gga01	Xtr03
N0.HOG0001118	Cmi19	Cpl26	Ler24	Loc03		
N0.HOG0001119	Cmi12	Cpl18	Ler16	Loc05		Xtr04
N0.HOG0001120	Cmi05	Cpl23	Ler22	Loc08	Gga01	Xtr03
N0.HOG0001121	Cmi31	Cpl39	Ler37	Loc08		Xtr07
N0.HOG0001122	Cmi17	Cpl16	Ler18	Loc27	Gga05	Xtr04
N0.HOG0001123	Cmi06	Cpl07	LerSca	Loc12	Gga07	Xtr09
N0.HOG0001124	Cmi07	Cpl22	Ler15	Loc05	Gga06	Xtr07
N0.HOG0001125	Cmi28	Cpl42	Ler35		Gga22	Xtr03
N0.HOG0001126	CmiSca	Cpl14	Ler11	Loc06	Gga13	Xtr03
N0.HOG0001127	Cmi08	Cpl25	Ler25	Loc25	Gga21	Xtr07
N0.HOG0001128	Cmi08	Cpl25	Ler25	Loc27	Gga21, Gga11	Xtr04
N0.HOG0001129	Cmi08	Cpl30	Ler31	Loc21	Gga17	Xtr08
N0.HOG0001130	Cmi08	Cpl30		Loc21	Gga17	Xtr08
N0.HOG0001131	Cmi08				Gga17	
N0.HOG0001132	Cmi09	Cpl10	Ler09	Loc07	Gga05	Xtr02, Xtr08
N0.HOG0001133	Cmi09	Cpl10	Ler09	Loc07	Gga05	
N0.HOG0001134		Cpl41	Ler38	Loc02		
N0.HOG0001135	Cmi09	Cpl10	Ler09	Loc07	Gga05	Xtr08
N0.HOG0001136	CmiSca	Cpl10, Cpl41	Ler38	Loc07	Gga05	Xtr08
N0.HOG0001137	Cmi24, Cmi10	Cpl27	Ler30	Loc22, Loc25	Gga21	
N0.HOG0001138	Cmi24	Cpl34	Ler30	Loc25	Gga21	
N0.HOG0001139	Cmi10	Cpl27	Ler26	Loc06	Gga23	Xtr02
N0.HOG0001140		Cpl03	Ler05	Loc16	Gga03	Xtr05
N0.HOG0001141	CmiSca	Cpl20	Ler21	Loc18	Gga20	Xtr10
N0.HOG0001142	Cmi11, Cmi30	Cpl13	Ler14			
N0.HOG0001143	Cmi20	Cpl24	Ler23	Loc10	Gga18	Xtr10
N0.HOG0001144	Cmi31	Cpl39	Ler37	Loc12	Gga01	
N0.HOG0001145	Cmi16	Cpl21		Loc13	Gga14	
N0.HOG0001146	Cmi16	Cpl21	Ler20	Loc13	Gga14	Xtr09
N0.HOG0001147		Cpl39	Ler37		Gga01	Xtr04
N0.HOG0001148	Cmi20	Cpl24	Ler23	Loc10	Gga18	Xtr10
N0.HOG0001149	Cmi16	Cpl21	Ler20	Loc13	Gga14	Xtr09
N0.HOG0001150	Cmi31	Cpl39	Ler37	Loc12		
N0.HOG0001151	Cmi20	Cpl24	Ler23	Loc10	Gga18	Xtr10, Xtr07
N0.HOG0001152	Cmi20	Cpl24	Ler23	Loc10	Gga18	Xtr10
N0.HOG0001153	Cmi16	Cpl21	Ler20	Loc02, Loc13	Gga14, Gga38, Gga03	Xtr08, Xtr09, Xtr05
N0.HOG0001154	Cmi20	Cpl24	Ler23	Loc10	Gga18	Xtr10
N0.HOG0001155		Cpl39	Ler37		Gga20, Gga01	Xtr04
N0.HOG0001156	Cmi16	Cpl21	Ler20	Loc13	Gga14	Xtr07
N0.HOG0001157	Cmi20	Cpl24	Ler23	Loc10		
N0.HOG0001158		Cpl45		Loc05, Loc01	GgaZ, GgaW	Xtr10, Xtr01
N0.HOG0001159		Cpl04	Ler14, Ler05, Ler40, Ler04, Ler09, Ler06	Loc09, Loc06, Loc01	Gga02	Xtr06
N0.HOG0001160		Cpl17	Ler17	Loc23	Gga19	Xtr02
N0.HOG0001161		Cpl47	Ler26, Ler24			
N0.HOG0001162					Gga04, Gga01, Gga03, Gga02, Gga11, GgaZ	
N0.HOG0001163					Gga27, GgaZ	
N0.HOG0001164			LerSca			
N0.HOG0001165			Ler15, Ler01, Ler05, Ler46, Ler11, Ler25, Ler32, Ler18, Ler03, Ler19, Ler06			
N0.HOG0001166			Ler02, Ler13, Ler03, Ler14, Ler05, Ler04, Ler07			
N0.HOG0001167			Ler26, Ler15, Ler02, Ler12, Ler03, Ler29, Ler04			
N0.HOG0001168			Ler05, Ler27, Ler10, Ler23, Ler07, Ler11, Ler04, Ler02, Ler03, Ler21, Ler06			Xtr05
N0.HOG0001169			Ler01, Ler14, Ler27, Ler11, Ler07, Ler08, Ler02, Ler04			
N0.HOG0001170			Ler01, Ler27, Ler07, Ler35, Ler16, Ler02, Ler12, Ler30, Ler03, Ler09, Ler17, Ler21			
N0.HOG0001171			Ler20, Ler23, Ler33, Ler24, Ler35, Ler02, Ler12, Ler30, Ler18, Ler03, Ler09, Ler17			
N0.HOG0001172			Ler28, Ler14, Ler07, Ler29, Ler35, Ler16, Ler36, Ler38, Ler22, Ler04, Ler09, Ler30, Ler06			
N0.HOG0001173						Xtr01, Xtr08
N0.HOG0001174						Xtr02, Xtr06, Xtr10, Xtr01, Xtr09
N0.HOG0001175						Xtr02, Xtr06, Xtr08, Xtr05, Xtr09, Xtr07, Xtr04
N0.HOG0001176						Xtr02
N0.HOG0001177						Xtr02
N0.HOG0001178						Xtr07, Xtr09
N0.HOG0001179	Cmi15	Cpl15	Ler12	Loc17, Loc07	Gga04, Gga01	Xtr08
N0.HOG0001180	Cmi01	Cpl32, Cpl02	Ler03, Ler01	Loc04	Gga04	
N0.HOG0001181	Cmi01	Cpl01	Ler01	Loc04	Gga04	Xtr01
N0.HOG0001182	Cmi07	Cpl22	Ler15	Loc05	Gga06	Xtr07
N0.HOG0001183	Cmi13	Cpl14	Ler11	Loc06	Gga13	Xtr03
N0.HOG0001184					Gga04	Xtr01
N0.HOG0001185	Cmi15	Cpl15	Ler12	Loc07		
N0.HOG0001186	Cmi01	Cpl32	Ler01	Loc04		
N0.HOG0001187	Cmi01	Cpl01	Ler01	Loc04	Gga04	Xtr01
N0.HOG0001188	Cmi13	CplSca	Ler11	Loc06	Gga13	Xtr03
N0.HOG0001189	Cmi01	Cpl01	Ler01	Loc04	Gga04	Xtr01
N0.HOG0001190	Cmi28	Cpl42	Ler35			Xtr03
N0.HOG0001191	Cmi13	Cpl14	Ler11	Loc06	Gga13	Xtr03
N0.HOG0001192	Cmi28	Cpl42	Ler35	Loc01	Gga22	Xtr03
N0.HOG0001193		Cpl14	Ler11	Loc06	Gga13	
N0.HOG0001194	Cmi01	Cpl01	Ler48	Loc04	Gga04	Xtr01
N0.HOG0001195	Cmi07	Cpl22	Ler15	Loc05	Gga06	Xtr07
N0.HOG0001196	Cmi28	Cpl42	Ler35		Gga22	
N0.HOG0001197	Cmi01	Cpl01	LerSca	Loc04	Gga04	Xtr01
N0.HOG0001198	Cmi13	Cpl14	Ler11	Loc06	Gga13	Xtr03
N0.HOG0001199	Cmi01	Cpl01	LerSca	Loc04	Gga04	Xtr01
N0.HOG0001200	Cmi01	Cpl32	Ler01		Gga04	
N0.HOG0001201	Cmi07			Loc05	Gga06	
N0.HOG0001202	Cmi28			Loc01		
N0.HOG0001203	Cmi13	Cpl14	Ler11	Loc06, Loc04		
N0.HOG0001204	Cmi04			Loc26		Xtr02
N0.HOG0001205	Cmi01	Cpl02	Ler03		Gga04	Xtr01
N0.HOG0001206	Cmi05	Cpl11		Loc10	Gga08	Xtr04
N0.HOG0001207	Cmi29	Cpl08				Xtr03
N0.HOG0001208	Cmi21			Loc19		Xtr01
N0.HOG0001209	Cmi01	Cpl02		Loc02	GgaZ	Xtr01
N0.HOG0001210	Cmi22	Cpl40	Ler36	Loc03	Gga10	Xtr03
N0.HOG0001211	Cmi01	Cpl02	Ler03	Loc04	Gga25	Xtr08
N0.HOG0001212		Cpl48		Loc02		Xtr03
N0.HOG0001213	Cmi01	Cpl02	Ler03	Loc02	GgaZ	Xtr01
N0.HOG0001214	Cmi21	Cpl31	Ler29	Loc19	Gga28	Xtr01
N0.HOG0001215			Ler10	Loc10	Gga08	Xtr04
N0.HOG0001216	Cmi22	Cpl36	Ler33	Loc03	Gga10	Xtr03
N0.HOG0001217		Cpl51		Loc24	Gga25	Xtr08
N0.HOG0001218	Cmi01	Cpl02	Ler03	Loc02	GgaZ	Xtr01
N0.HOG0001219	Cmi26	Cpl36	Ler33	Loc03	Gga10	Xtr03
N0.HOG0001220	Cmi21	Cpl31	Ler29	Loc19		
N0.HOG0001221	Cmi01	Cpl01	Ler01	Loc02		
N0.HOG0001222	Cmi27, Cmi02	Cpl05	Ler02	Loc09	Gga02	Xtr06
N0.HOG0001223	Cmi06	Cpl07	Ler40	Loc12, Loc04	Gga07	Xtr02, Xtr09
N0.HOG0001224	Cmi02	Cpl05	LerSca	LocSca	Gga02	Xtr06
N0.HOG0001225	Cmi27			Loc04	Gga34	Xtr02
N0.HOG0001226	Cmi06	Cpl07	Ler07	Loc12	Gga07	Xtr09
N0.HOG0001227	Cmi27	CplSca	Ler40	Loc04	Gga34	Xtr02
N0.HOG0001228	Cmi06	Cpl07	Ler07	Loc12	Gga07	Xtr09
N0.HOG0001229	Cmi02	Cpl04	Ler04	Loc14		
N0.HOG0001230	Cmi02	Cpl05	Ler02	Loc09	Gga02	Xtr06
N0.HOG0001231	Cmi23	Cpl33	Ler27	Loc15	Gga27	Xtr10
N0.HOG0001232	Cmi27			Loc04	Gga34	Xtr02
N0.HOG0001233	Cmi14	Cpl17	Ler17	Loc23	Gga11	Xtr04
N0.HOG0001234		Cpl20		Loc18	Gga20	Xtr10
N0.HOG0001235	Cmi02	Cpl29	Ler02	Loc09	Gga02	Xtr06
N0.HOG0001236	Cmi23	Cpl33	Ler27	Loc15	Gga27	
N0.HOG0001237		Cpl07	Ler07	Loc12	Gga09	
N0.HOG0001238	Cmi02	Cpl05	Ler02	Loc11	Gga02	Xtr06
N0.HOG0001239	Cmi06	Cpl07	Ler07	Loc12	Gga07	Xtr09
N0.HOG0001240	Cmi02	Cpl05	Ler02	Loc11	Gga02	Xtr06
N0.HOG0001241	Cmi27			Loc04	Gga34	Xtr02
N0.HOG0001242	Cmi02	Cpl05		Loc11	Gga02	Xtr06
N0.HOG0001243		Cpl43	Ler40	Loc12		
N0.HOG0001244	Cmi06, Cmi27	Cpl07	Ler07	Loc04	Gga34, Gga09	Xtr02
N0.HOG0001245	Cmi02	Cpl05	Ler02	Loc11	Gga02	Xtr06
N0.HOG0001246	Cmi02	Cpl05	Ler02	Loc11	Gga02	Xtr06, Xtr04
N0.HOG0001247	Cmi02	Cpl05	Ler02	Loc11	Gga02	Xtr06
N0.HOG0001248	Cmi06	Cpl07		Loc12	Gga07	Xtr09
N0.HOG0001249	Cmi27			Loc04	Gga34	Xtr02
N0.HOG0001250	Cmi02	Cpl05	Ler02	Loc09	Gga02	Xtr06
N0.HOG0001251	Cmi06	Cpl07	Ler07	Loc12	Gga07	
N0.HOG0001252	Cmi23	Cpl33	Ler27	Loc15		
N0.HOG0001253	Cmi23	Cpl33	Ler27	Loc15	Gga27	Xtr10
N0.HOG0001254	Cmi02	Cpl05		Loc11	Gga02	Xtr06
N0.HOG0001255	Cmi06	Cpl07		Loc12		Xtr02, Xtr09
N0.HOG0001256	Cmi06	Cpl07	Ler07	Loc12	Gga07	Xtr09
N0.HOG0001257		Cpl43		Loc04	Gga34	Xtr02
N0.HOG0001258	Cmi02	Cpl05	Ler02	Loc11	Gga02	Xtr06
N0.HOG0001259	Cmi23	Cpl33	Ler27	Loc15	Gga27	Xtr10
N0.HOG0001260	Cmi02	Cpl05	Ler02	Loc11	Gga02	Xtr06
N0.HOG0001261	Cmi06			Loc12	Gga07	Xtr09
N0.HOG0001262	Cmi02	Cpl04	Ler04	Loc09	Gga02	Xtr06
N0.HOG0001263			Ler04	Loc06	Gga23	Xtr02
N0.HOG0001264	Cmi03	Cpl03	Ler05	Loc01	Gga03	Xtr05
N0.HOG0001265	Cmi25	Cpl35	Ler32	Loc24		Xtr07
N0.HOG0001266	Cmi14	Cpl17		Loc23	Gga11	Xtr04
N0.HOG0001267	Cmi02	Cpl04	Ler04	Loc11	Gga02	Xtr06
N0.HOG0001268			Ler26, Ler04, Ler05			
N0.HOG0001269	Cmi10	Cpl27		Loc06	Gga23	Xtr02
N0.HOG0001270	Cmi02			Loc11	Gga02	Xtr06
N0.HOG0001271	Cmi03	Cpl03		Loc16	Gga03	
N0.HOG0001272	Cmi06	Cpl07	Ler07	Loc12	Gga07	Xtr09
N0.HOG0001273	Cmi27	Cpl43	Ler40	Loc04		
N0.HOG0001274	Cmi02	Cpl04	Ler04	Loc09	Gga02	Xtr06
N0.HOG0001275	Cmi06	Cpl07	LerSca	Loc12	Gga07	Xtr09
N0.HOG0001276		Cpl33	Ler27	Loc15	Gga27	Xtr10
N0.HOG0001277		Cpl04	Ler49	Loc11		Xtr06
N0.HOG0001278	Cmi02	Cpl04	Ler04	Loc18	Gga20	Xtr10
N0.HOG0001279	Cmi10	Cpl27	Ler26	Loc01	Gga03, Gga02	Xtr06
N0.HOG0001280		Cpl03, Cpl20		Loc11		
N0.HOG0001281	Cmi03	Cpl31	Ler29	Loc19		Xtr01
N0.HOG0001282		Cpl31	Ler29	Loc19		
N0.HOG0001283	Cmi09	Cpl10, Cpl41	Ler38, Ler09	Loc02, Loc07	Gga05	Xtr08
N0.HOG0001284	Cmi03	Cpl09	Ler08	Loc16	Gga03	Xtr05
N0.HOG0001285	Cmi04	Cpl12	Ler13	Loc03	Gga01	Xtr02
N0.HOG0001286	Cmi25	Cpl35	Ler32	Loc24, Loc26	Gga24	Xtr07, Xtr08
N0.HOG0001287		Cpl39	LerSca	Loc17		
N0.HOG0001288	Cmi04	CplSca		Loc03, Loc14, Loc17	Gga01	Xtr02
N0.HOG0001289	Cmi04	Cpl06	Ler06	Loc17	Gga01	
N0.HOG0001290	Cmi15			Loc07	Gga04	Xtr08
N0.HOG0001291	Cmi11	Cpl13	Ler14	Loc14	Gga09	Xtr05
N0.HOG0001292	Cmi11	Cpl13	Ler14	Loc14	Gga09	Xtr05
N0.HOG0001293	Cmi15			Loc07	Gga04	Xtr08
N0.HOG0001294	Cmi04		Ler06	Loc17	Gga01	Xtr02
N0.HOG0001295	Cmi05	Cpl11	Ler10	Loc10	Gga08	Xtr04
N0.HOG0001296		Cpl34	Ler39	Loc06		Xtr03
N0.HOG0001297	Cmi08	Cpl30	Ler31	Loc21	Gga17	Xtr08
N0.HOG0001298		Cpl08, Cpl30	Ler31	Loc21	Gga17	Xtr08
N0.HOG0001299	Cmi29	Cpl08	Ler39	Loc06		
N0.HOG0001300	Cmi05	Cpl11	Ler10	Loc10	Gga08	Xtr04
N0.HOG0001301	Cmi05	Cpl23, Cpl04	Ler22	Loc08		Xtr03
N0.HOG0001302	Cmi05	Cpl23	Ler22	LocSca		Xtr03
N0.HOG0001303		Cpl22	Ler15	Loc05	Gga06	Xtr07
N0.HOG0001304		Cpl42	Ler35	Loc01	Gga22	Xtr03
N0.HOG0001305	Cmi07	Cpl22	Ler15	Loc05	Gga06	Xtr07
N0.HOG0001306		Cpl42	Ler35	Loc01	Gga22	Xtr03
N0.HOG0001307	CmiSca	CplSca		Loc04	Gga04	Xtr01
N0.HOG0001308	Cmi07	Cpl22	Ler15	Loc05	Gga06	Xtr07
N0.HOG0001309	Cmi13	Cpl14	Ler11	Loc06	Gga13	Xtr03
N0.HOG0001310	Cmi07	Cpl38		Loc05	Gga06	Xtr07
N0.HOG0001311		Cpl42	Ler35	Loc01	Gga22	Xtr03
N0.HOG0001312	Cmi13	Cpl14	Ler11	Loc06	Gga13	Xtr03
N0.HOG0001313	Cmi07	Cpl22		LocSca	Gga06	Xtr07
N0.HOG0001314		Cpl01	Ler01	Loc04	Gga04	Xtr01
N0.HOG0001315	Cmi09	Cpl10			Gga05	
N0.HOG0001316	Cmi09	Cpl10	Ler09	Loc07	Gga05	Xtr08
N0.HOG0001317	Cmi10		Ler28	Loc22	Gga19	Xtr02
N0.HOG0001318	Cmi10	Cpl28	Ler28	Loc22	Gga19	Xtr02
N0.HOG0001319	Cmi11	Cpl13	Ler14		Gga09	Xtr05
N0.HOG0001320		Cpl48	Ler51	Loc14, Loc02		Xtr03
N0.HOG0001321	Cmi24	Cpl34	Ler30	Loc25	Gga21	Xtr07
N0.HOG0001322	Cmi11	Cpl13	Ler14	Loc14	Gga09	Xtr05
N0.HOG0001323	Cmi11	Cpl13	Ler14	Loc14	Gga11	
N0.HOG0001324	Cmi20	Cpl24	Ler23	Loc10	Gga18	Xtr10
N0.HOG0001325			Ler20	Loc12		
N0.HOG0001326	Cmi16	Cpl21	Ler37	Loc13	Gga14, Gga01	Xtr04
N0.HOG0001327	Cmi31	Cpl39	Ler37	Loc03	Gga01	Xtr04
N0.HOG0001328		Cpl24		Loc10	Gga18	Xtr10
N0.HOG0001329	Cmi16	Cpl21	Ler20	Loc13	Gga14	Xtr09
N0.HOG0001330	Cmi17	Cpl16	Ler18		Gga05	
N0.HOG0001331	Cmi17	Cpl16	Ler18		Gga05	
N0.HOG0001332	Cmi26	CplSca	Ler33	Loc03, Loc24	Gga25, Gga10	Xtr08, Xtr03
N0.HOG0001333	Cmi21	Cpl31	Ler29	Loc19	Gga28	Xtr01
N0.HOG0001334	Cmi21	Cpl31	Ler29	Loc19		
N0.HOG0001335		Cpl40		Loc03	Gga10	Xtr03
N0.HOG0001336		CplSca		Loc16, Loc12		
N0.HOG0001337		Cpl02	Ler03	Loc02	GgaZ	Xtr01
N0.HOG0001338	Cmi24	Cpl34	Ler30	Loc25	Gga21	Xtr07
N0.HOG0001339		CplSca				
N0.HOG0001340		CplSca		Loc02		Xtr03
N0.HOG0001341		CplSca		Loc26	Gga01	Xtr07
N0.HOG0001342	Cmi27	Cpl43	Ler40	Loc17, Loc04	Gga34	Xtr02
N0.HOG0001343		Cpl37	LerSca	Loc04		
N0.HOG0001344	Cmi30	Cpl37	LerSca	Loc26	Gga04	
N0.HOG0001345	CmiSca					Xtr04
N0.HOG0001346	CmiSca	Cpl44, Cpl38			Gga29, Gga36	Xtr06
N0.HOG0001347		Cpl01	LerSca	Loc04	Gga04	Xtr01
N0.HOG0001348		Cpl37				Xtr02
N0.HOG0001349		CplSca				Xtr07, Xtr02, Xtr10, Xtr05, Xtr09, Xtr01, Xtr04
N0.HOG0001350		Cpl37	Ler26, Ler14	LocSca		
N0.HOG0001351			Ler15, Ler07, Ler10, Ler49, Ler26, Ler30, Ler04, Ler09, Ler17, Ler19, Ler06			
N0.HOG0001352						Xtr07, Xtr01
N0.HOG0001353						Xtr01, Xtr08, Xtr04
N0.HOG0001354						Xtr02
N0.HOG0001355	Cmi01	Cpl32	Ler11, Ler01	Loc04	Gga04	
N0.HOG0001356	Cmi01	Cpl02	Ler03	Loc10	Gga04, Gga08	Xtr04
N0.HOG0001357	Cmi05	Cpl08, Cpl11	Ler10, Ler39	Loc06	Gga30	Xtr03
N0.HOG0001358	Cmi01	Cpl32	Ler01	Loc04		Xtr01
N0.HOG0001359	Cmi04	Cpl06	Ler06	Loc03		Xtr02
N0.HOG0001360	Cmi04	Cpl06		Loc03	Gga01	Xtr02
N0.HOG0001361	Cmi15	Cpl15	Ler12	Loc07	Gga04	Xtr08
N0.HOG0001362	Cmi01		Ler01		Gga04	Xtr01
N0.HOG0001363	Cmi04		Ler06	Loc14	Gga01	Xtr02
N0.HOG0001364	Cmi07	Cpl22	Ler15	Loc05	Gga06	Xtr07
N0.HOG0001365	Cmi01, Cmi28	Cpl42, Cpl01	Ler01, Ler35	Loc04	Gga04	Xtr01
N0.HOG0001366	Cmi04	Cpl06	Ler06	Loc03		Xtr02
N0.HOG0001367	Cmi01	Cpl01	Ler01	Loc04	Gga04	
N0.HOG0001368		Cpl15	Ler12	Loc07	Gga04	Xtr08
N0.HOG0001369	Cmi04	Cpl12		Loc14	Gga01	Xtr02
N0.HOG0001370	Cmi04			Loc17	Gga01	Xtr02
N0.HOG0001371	Cmi01	Cpl02	LerSca	Loc04	Gga04	Xtr01
N0.HOG0001372	Cmi15	Cpl15		Loc07	Gga04	Xtr08
N0.HOG0001373	Cmi01	Cpl02	Ler03	Loc04	Gga04	
N0.HOG0001374		Cpl06	Ler06	LocSca	Gga01	Xtr02
N0.HOG0001375	Cmi01	CplSca	LerSca	Loc04, Loc01		Xtr01
N0.HOG0001376	Cmi13	Cpl14	Ler11			Xtr03
N0.HOG0001377	Cmi07	Cpl22	Ler15	Loc05		Xtr07
N0.HOG0001378	Cmi01	Cpl02	Ler03	Loc04		Xtr01
N0.HOG0001379	Cmi03	Cpl05, Cpl03	Ler05, Ler03, Ler18	Loc01	Gga03	Xtr05
N0.HOG0001380	Cmi05	Cpl11	Ler10	Loc10	Gga08	Xtr04
N0.HOG0001381		Cpl08	Ler39	Loc06		Xtr03
N0.HOG0001382	Cmi01	Cpl02		Loc04	GgaZ	Xtr01
N0.HOG0001383	Cmi21	Cpl31	Ler29	Loc19		Xtr01
N0.HOG0001384	Cmi01			Loc02		Xtr01
N0.HOG0001385		Cpl08	Ler39	Loc06		
N0.HOG0001386	Cmi05		Ler10	Loc10		Xtr04
N0.HOG0001387	Cmi01	Cpl02	Ler03	Loc02	GgaZ	Xtr01
N0.HOG0001388	Cmi05	Cpl08, Cpl02, Cpl11	Ler39, Ler10	Loc10	Gga08	Xtr04
N0.HOG0001389	Cmi27			Loc04	Gga34	Xtr02
N0.HOG0001390	Cmi06	Cpl07	Ler07	Loc12	Gga09	
N0.HOG0001391	Cmi02	Cpl05	Ler02	Loc09	Gga02	Xtr06
N0.HOG0001392	Cmi02		Ler02	Loc11	Gga02	Xtr06
N0.HOG0001393		Cpl05	Ler02		Gga02	Xtr06
N0.HOG0001394	Cmi06	Cpl07	Ler07	Loc12	Gga07	Xtr09
N0.HOG0001395	Cmi03	Cpl09	Ler08	Loc16	Gga03	Xtr05
N0.HOG0001396	Cmi02	Cpl05, Cpl09	Ler02, Ler08	Loc11	Gga02	Xtr06
N0.HOG0001397	Cmi02	Cpl05	Ler02	Loc11	Gga02	Xtr06
N0.HOG0001398	Cmi06	Cpl07	Ler07	Loc12	Gga07	
N0.HOG0001399		CplSca		Loc04	Gga34	Xtr02
N0.HOG0001400	Cmi02	Cpl04	Ler04	Loc09	Gga02	Xtr06
N0.HOG0001401	CmiSca		LerSca			Xtr01, Xtr07
N0.HOG0001402	Cmi03	CplSca	LerSca		Gga12	
N0.HOG0001403	Cmi03	Cpl03	Ler05	Loc16		Xtr05
N0.HOG0001404	Cmi10	Cpl27	Ler26			Xtr02
N0.HOG0001405	CmiSca	Cpl04	Ler04	Loc11		Xtr06
N0.HOG0001406	Cmi03	Cpl03	Ler05	Loc01	Gga03	Xtr05
N0.HOG0001407	Cmi10	Cpl27		Loc06	Gga23	Xtr02
N0.HOG0001408	Cmi04	Cpl12	Ler13	Loc03		Xtr02
N0.HOG0001409	Cmi03	Cpl03		Loc01		Xtr05
N0.HOG0001410	CmiSca	Cpl03	Ler05	Loc01	Gga03	Xtr05
N0.HOG0001411	Cmi03	Cpl03	Ler05			Xtr05
N0.HOG0001412	Cmi10	Cpl27		Loc06	Gga23	Xtr02
N0.HOG0001413	Cmi04		Ler06	Loc03	Gga01	Xtr02
N0.HOG0001414	Cmi03	Cpl03		Loc01	Gga03	Xtr05
N0.HOG0001415	Cmi04	Cpl12	Ler13	Loc17	Gga01	Xtr02
N0.HOG0001416	Cmi10	Cpl27	Ler26	Loc06		
N0.HOG0001417	Cmi03	Cpl09	Ler08	Loc01	Gga03	
N0.HOG0001418	Cmi09	Cpl10		Loc07	Gga05	Xtr08
N0.HOG0001419	CmiSca		Ler38	Loc16		
N0.HOG0001420	Cmi03	Cpl09, Cpl41		Loc02	Gga03, Gga38	Xtr08
N0.HOG0001421	Cmi04	Cpl06	Ler06	Loc03	Gga01	Xtr02
N0.HOG0001422	Cmi11	Cpl13	Ler14	Loc14	Gga09	Xtr05
N0.HOG0001423	CmiSca		LerSca			Xtr03
N0.HOG0001424	Cmi04	Cpl12	Ler13	Loc06, Loc17	Gga01	
N0.HOG0001425		CplSca	LerSca	Loc05	Gga19	Xtr02, Xtr09
N0.HOG0001426	CmiSca			Loc17	Gga01	Xtr02
N0.HOG0001427	Cmi04	Cpl12			Gga36	
N0.HOG0001428				Loc17	Gga01	
N0.HOG0001429					Gga01	Xtr02
N0.HOG0001430	Cmi15	Cpl15	Ler12	Loc07		
N0.HOG0001431		CplSca		Loc01		
N0.HOG0001432	Cmi04	Cpl12	Ler13			
N0.HOG0001433	Cmi05		Ler10	Loc12, Loc10	Gga08	
N0.HOG0001434	Cmi05	Cpl11	Ler10		Gga08	Xtr04
N0.HOG0001435	Cmi21	Cpl31, Cpl08, Cpl02	Ler03, Ler39	Loc19	Gga28	Xtr01
N0.HOG0001436	Cmi05		Ler10	Loc10	Gga08	Xtr04
N0.HOG0001437	Cmi10	Cpl28	Ler28	Loc22	Gga19	Xtr02
N0.HOG0001438	Cmi05	Cpl23	Ler22	Loc08	Gga01	Xtr03
N0.HOG0001439	Cmi19	Cpl26		Loc03	Gga26	
N0.HOG0001440			Ler19			Xtr03
N0.HOG0001441			Ler24			Xtr02
N0.HOG0001442	Cmi05	Cpl19		Loc08, Loc01	Gga01	Xtr08
N0.HOG0001443	Cmi06	Cpl07	Ler07, Ler02, Ler18	Loc12		Xtr09
N0.HOG0001444	Cmi27		Ler07	Loc15, Loc04		Xtr02, Xtr09
N0.HOG0001445	Cmi27	Cpl42	Ler40	Loc04	Gga34	Xtr02
N0.HOG0001446	Cmi23	Cpl33		Loc15	Gga27	
N0.HOG0001447	Cmi06	Cpl07		Loc12	Gga07	Xtr09
N0.HOG0001448	Cmi06	Cpl07	Ler07	Loc12	Gga07	Xtr09
N0.HOG0001449	Cmi23, Cmi06	Cpl33, Cpl07	Ler27, Ler07	Loc15	Gga07	Xtr09
N0.HOG0001450	Cmi27	Cpl43, Cpl37	Ler40	Loc04	Gga34	Xtr02
N0.HOG0001451	Cmi06	Cpl07	Ler07	Loc12		Xtr09
N0.HOG0001452	Cmi07	Cpl22	Ler15	Loc05	Gga06	Xtr07
N0.HOG0001453	Cmi28	Cpl42	Ler35	Loc01	Gga22	Xtr03
N0.HOG0001454	Cmi13, Cmi07	Cpl38, Cpl14	Ler11, Ler34	Loc06	Gga13	Xtr03
N0.HOG0001455	Cmi10	Cpl28	Ler28	Loc22	Gga19	Xtr02
N0.HOG0001456	Cmi08	Cpl25	Ler25	Loc20, Loc09	Gga05, Gga15	Xtr01, Xtr09
N0.HOG0001457	CmiSca	Cpl41	Ler38	Loc02		Xtr08
N0.HOG0001458	Cmi09	Cpl10		Loc07	Gga05	Xtr08
N0.HOG0001459	CmiSca	CplSca	LerSca	Loc28		Xtr04
N0.HOG0001460		Cpl27	Ler26	Loc02	Gga23	
N0.HOG0001461	Cmi10	Cpl27	Ler26		Gga02	
N0.HOG0001462		Cpl34	Ler30		Gga21	Xtr07
N0.HOG0001463			LerSca	Loc14		
N0.HOG0001464	Cmi11	Cpl13	Ler14	Loc25		
N0.HOG0001465		Cpl48	Ler51	Loc02		
N0.HOG0001466	Cmi24	Cpl34	Ler30	Loc25	Gga21	Xtr07
N0.HOG0001467		CplSca		Loc14		Xtr07
N0.HOG0001468		Cpl13	Ler14	Loc14	Gga09	Xtr05
N0.HOG0001469	Cmi15	Cpl15	Ler12	Loc07	Gga04	Xtr08
N0.HOG0001470	Cmi11	Cpl13	Ler14	Loc14	Gga09	Xtr05
N0.HOG0001471	Cmi11				Gga09	
N0.HOG0001472	Cmi24	Cpl34	Ler30	Loc25	Gga21	Xtr07
N0.HOG0001473	CmiSca		Ler14	Loc26, Loc02	Gga01	Xtr03, Xtr05
N0.HOG0001474	CmiSca	Cpl23		Loc08	Gga01	Xtr03
N0.HOG0001475	Cmi12	Cpl26	Ler24	Loc03, Loc05	Gga26	Xtr02
N0.HOG0001476			Ler22		GgaSca	Xtr08
N0.HOG0001477						Xtr04
N0.HOG0001478	Cmi12	Cpl18	Ler16	Loc05		
N0.HOG0001479			Ler03	Loc05		
N0.HOG0001480	CmiSca	Cpl51	LerSca	Loc24	Gga25	Xtr08
N0.HOG0001481	Cmi22				Gga10	
N0.HOG0001482	Cmi13	Cpl14	Ler11	Loc06	Gga07, Gga13	Xtr03
N0.HOG0001483	Cmi20	Cpl24	Ler23	Loc10	Gga18	Xtr10
N0.HOG0001484	Cmi16	Cpl21	Ler20	Loc13	Gga14	Xtr09
N0.HOG0001485		Cpl19	Ler19	Loc08	Gga01	Xtr03
N0.HOG0001486	Cmi17	Cpl16		Loc27	Gga05	Xtr04
N0.HOG0001487	Cmi19	Cpl26	Ler24	Loc03	Gga26	
N0.HOG0001488	Cmi18	Cpl20	Ler21	Loc18	Gga06, Gga20, Gga10, Gga02	Xtr10
N0.HOG0001489		Cpl04	Ler04	Loc09	Gga02	Xtr06
N0.HOG0001490		Cpl17	Ler17	Loc23	Gga11	Xtr04
N0.HOG0001491	Cmi18	Cpl20	Ler21	Loc18		Xtr10
N0.HOG0001492		Cpl39	LerSca	Loc24		
N0.HOG0001493	Cmi22	Cpl40	Ler36	Loc03	Gga10	Xtr03
N0.HOG0001494	Cmi24	Cpl34	Ler30	Loc25	Gga21	Xtr07
N0.HOG0001495		Cpl13	Ler14	Loc14, Loc02	Gga09	Xtr05
N0.HOG0001496		Cpl48		Loc26	Gga01	
N0.HOG0001497	Cmi27	Cpl43	Ler40	Loc09, Loc04	Gga34, Gga02	Xtr02, Xtr06
N0.HOG0001498	Cmi30			Loc14		
N0.HOG0001499	Cmi30	Cpl37	LerSca	Loc04	Gga04	Xtr01, Xtr08
N0.HOG0001500					GgaSca	
N0.HOG0001501	CmiSca	Cpl48	LerSca	Loc02		Xtr03
N0.HOG0001502		CplSca	LerSca			Xtr03
N0.HOG0001503	CmiSca	Cpl10		Loc22		Xtr01, Xtr07, Xtr08, Xtr09
N0.HOG0001504		Cpl01	Ler05			
N0.HOG0001505		Cpl05, Cpl12, Cpl14	Ler11, Ler02	Loc06		
N0.HOG0001506		Cpl09, Cpl37, Cpl47			Gga03	
N0.HOG0001507		Cpl10	Ler09	Loc07	Gga05	Xtr08
N0.HOG0001508		Cpl37		LocSca	Gga16	Xtr08
N0.HOG0001509			LerSca	LocSca	Gga16	Xtr08
N0.HOG0001510		Cpl47	LerSca			Xtr07
N0.HOG0001511		CplSca				Xtr07
N0.HOG0001512				Loc04	Gga01, Gga03	Xtr01, Xtr09
N0.HOG0001513					Gga13	
N0.HOG0001514					Gga31	
N0.HOG0001515					Gga08	
N0.HOG0001516			Ler01, Ler13, Ler20, Ler27, Ler10, Ler11, Ler25, Ler02, Ler18, Ler04			
N0.HOG0001517			Ler01, Ler13, Ler31, Ler05, Ler27, Ler10, Ler33, Ler02, Ler08, Ler22, Ler04, Ler34, Ler09, Ler06			
N0.HOG0001518			Ler08, Ler01, Ler20, Ler03, Ler10, Ler06			
N0.HOG0001519			Ler05, Ler27, Ler11, Ler07, Ler04, Ler02, Ler03, Ler17, Ler19, Ler06			
N0.HOG0001520			Ler15, Ler13, Ler20, Ler27, Ler23, Ler12, Ler30, Ler03, Ler24, Ler06			
N0.HOG0001521						Xtr02, Xtr06, Xtr08, Xtr05, Xtr01, Xtr03, Xtr04
N0.HOG0001522						Xtr01
N0.HOG0001523						Xtr08
N0.HOG0001524	Cmi07	Cpl38	Ler34	Loc05	Gga06	Xtr07
N0.HOG0001525	Cmi01, Cmi13	Cpl32, Cpl14	Ler01	Loc02	Gga04	Xtr01
N0.HOG0001526	Cmi13	Cpl14	Ler11	Loc06	Gga13	Xtr03
N0.HOG0001527	Cmi01	Cpl01	Ler01	Loc04	Gga04	Xtr01
N0.HOG0001528	Cmi13	Cpl14, Cpl30	Ler11	Loc06	Gga13	Xtr08
N0.HOG0001529	Cmi01	Cpl01	Ler01	Loc04	Gga04	Xtr01
N0.HOG0001530	Cmi04	Cpl06	Ler06	Loc14	Gga01	Xtr02
N0.HOG0001531	Cmi01	Cpl02	Ler03	Loc14, Loc06	Gga04	Xtr01
N0.HOG0001532	Cmi13	Cpl14	Ler11	Loc06	Gga13	Xtr03
N0.HOG0001533	Cmi01, Cmi07	Cpl22, Cpl01	Ler15	Loc04	Gga04	Xtr01
N0.HOG0001534	Cmi01	Cpl02	Ler03	Loc02	GgaZ	Xtr01
N0.HOG0001535	Cmi26	Cpl40	Ler36	Loc03	Gga10	Xtr03
N0.HOG0001536	Cmi01	Cpl02	Ler03	Loc02		Xtr01
N0.HOG0001537	Cmi21	Cpl31	Ler29	Loc19	Gga28	
N0.HOG0001538		Cpl40		Loc03	Gga10	Xtr03
N0.HOG0001539	Cmi01	Cpl01	Ler01	Loc02	GgaZ	Xtr01
N0.HOG0001540	Cmi01, Cmi21	Cpl31	Ler29, Ler01	Loc19	Gga28	Xtr01
N0.HOG0001541	Cmi01	Cpl01	Ler01	Loc02, Loc04		Xtr02, Xtr08
N0.HOG0001542	Cmi27	Cpl46		Loc04	Gga07	Xtr09
N0.HOG0001543	Cmi21	Cpl31	Ler29	Loc19	Gga28	Xtr01
N0.HOG0001544	Cmi01			Loc02	GgaZ	
N0.HOG0001545	Cmi22			Loc24	Gga25	Xtr08
N0.HOG0001546	Cmi01	Cpl02	Ler03			
N0.HOG0001547	Cmi02	Cpl05	Ler02	Loc11	Gga02	Xtr06, Xtr07
N0.HOG0001548	Cmi02	Cpl05		Loc11	Gga02	Xtr06
N0.HOG0001549	Cmi02	Cpl29	Ler02	Loc09	Gga02	Xtr06
N0.HOG0001550	Cmi02	Cpl04	Ler04	Loc11	Gga02	Xtr06
N0.HOG0001551	Cmi02	Cpl05	Ler02	Loc11	Gga02	Xtr06
N0.HOG0001552	Cmi27			Loc04		Xtr02
N0.HOG0001553		Cpl07	Ler07	Loc12		Xtr09
N0.HOG0001554	Cmi02			Loc09	Gga02	Xtr06
N0.HOG0001555	Cmi23	Cpl33		Loc15	Gga27	Xtr10
N0.HOG0001556	Cmi23, Cmi27	Cpl33	Ler40, Ler27	Loc04	Gga34	Xtr02
N0.HOG0001557	Cmi02	Cpl05	Ler02	Loc11	Gga02	Xtr06
N0.HOG0001558	Cmi02	Cpl04	Ler04	Loc11	Gga02	Xtr06
N0.HOG0001559	Cmi14	Cpl17	Ler17	Loc23	Gga11	
N0.HOG0001560	Cmi02	Cpl29		Loc09	Gga02	Xtr06
N0.HOG0001561	Cmi02	Cpl29		Loc09		Xtr06
N0.HOG0001562	Cmi03, Cmi02	Cpl04	Ler26, Ler08, Ler01, Ler13, Ler05, Ler04, Ler07			
N0.HOG0001563	Cmi18, Cmi02	Cpl04, Cpl20	Ler04, Ler21	Loc09	Gga20	
N0.HOG0001564	Cmi03	Cpl03	Ler05	Loc01	Gga03	Xtr05
N0.HOG0001565	Cmi18, Cmi02	Cpl04, Cpl20	Ler21	Loc18	Gga20	Xtr10
N0.HOG0001566	Cmi03	Cpl03	Ler05	Loc01	Gga03	Xtr05
N0.HOG0001567	Cmi02		LerSca		Gga14	Xtr09
N0.HOG0001568	Cmi02		LerSca	Loc02, Loc05		Xtr09
N0.HOG0001569	Cmi03	Cpl03	Ler05	Loc12, Loc01	Gga03	Xtr05
N0.HOG0001570	Cmi09	Cpl10		Loc07	Gga05	Xtr08
N0.HOG0001571		Cpl45		Loc28		Xtr04
N0.HOG0001572	Cmi03	Cpl09	Ler08	Loc16	Gga03	Xtr05
N0.HOG0001573	Cmi03	Cpl03	Ler05	Loc19		
N0.HOG0001574	Cmi21	Cpl31	Ler29	LocSca	Gga28	Xtr01
N0.HOG0001575	Cmi09	Cpl10	Ler09	Loc07	Gga05	Xtr08
N0.HOG0001576	Cmi03	Cpl03	Ler05	Loc01	Gga03	
N0.HOG0001577	Cmi09	CplSca	Ler09	Loc02, Loc07		
N0.HOG0001578	CmiSca			Loc16		
N0.HOG0001579	Cmi03	Cpl10	Ler08		Gga05	Xtr08, Xtr05
N0.HOG0001580	Cmi03	Cpl10	Ler09	Loc01	Gga03	Xtr05
N0.HOG0001581		Cpl41	Ler38	Loc02, Loc07	Gga05	Xtr08
N0.HOG0001582	Cmi04	Cpl12	Ler13	Loc17	Gga01	Xtr02
N0.HOG0001583		Cpl12	Ler13			Xtr08
N0.HOG0001584	Cmi04	Cpl12	Ler13	Loc11	Gga01	Xtr03
N0.HOG0001585	Cmi04	Cpl12	Ler13	Loc17		Xtr02
N0.HOG0001586	Cmi11, Cmi15	Cpl24, Cpl13	Ler14	Loc14	Gga09	Xtr05
N0.HOG0001587	Cmi11	Cpl13	Ler14	Loc14	Gga09	Xtr05
N0.HOG0001588		Cpl12	Ler13			
N0.HOG0001589	Cmi15			Loc07		
N0.HOG0001590	Cmi04			Loc17	Gga01	Xtr02
N0.HOG0001591					Gga09	Xtr05
N0.HOG0001592	Cmi04	Cpl06, Cpl13	Ler14, Ler06			
N0.HOG0001593			LerSca	Loc02		
N0.HOG0001594		Cpl13	Ler14	Loc14		
N0.HOG0001595	Cmi04	Cpl06	Ler06	Loc17	Gga01	Xtr02
N0.HOG0001596		CplSca	Ler12	Loc02		Xtr02
N0.HOG0001597	Cmi15			Loc07	Gga04	Xtr08
N0.HOG0001598	Cmi15	Cpl15	Ler12	Loc07	Gga04	Xtr08
N0.HOG0001599	Cmi04	Cpl12	Ler13	Loc17	Gga01	Xtr02
N0.HOG0001600	Cmi15	Cpl15	Ler12	Loc07	Gga04	Xtr08
N0.HOG0001601	Cmi04	Cpl06	Ler06	Loc17	Gga01	Xtr02
N0.HOG0001602	Cmi15	Cpl15	Ler12	Loc07	Gga04	Xtr08
N0.HOG0001603	Cmi04	Cpl06	Ler06	Loc17	Gga01	Xtr02
N0.HOG0001604	Cmi05	Cpl11	Ler10	Loc10	Gga08	Xtr04
N0.HOG0001605	Cmi05	Cpl11	Ler10	Loc10	Gga08	Xtr04
N0.HOG0001606		Cpl30	Ler31	Loc21	Gga17	Xtr08
N0.HOG0001607		Cpl08	Ler39	Loc06		
N0.HOG0001608	Cmi05	Cpl11	Ler10	Loc10	Gga08	Xtr04
N0.HOG0001609	Cmi05	Cpl04, Cpl37	LerSca	Loc10	Gga08	Xtr04
N0.HOG0001610	Cmi08	Cpl30	Ler31		Gga17	Xtr08
N0.HOG0001611	Cmi08	Cpl37, Cpl30	Ler31	Loc21		Xtr08
N0.HOG0001612	Cmi29			Loc06		
N0.HOG0001613	Cmi05	Cpl11	LerSca	Loc10	Gga08	Xtr04
N0.HOG0001614	Cmi17	Cpl16	Ler18	Loc27	Gga05	
N0.HOG0001615	Cmi19	Cpl26	Ler24	Loc03		
N0.HOG0001616	Cmi05	Cpl19		Loc08	Gga01	Xtr03
N0.HOG0001617	Cmi05	Cpl19	Ler19	Loc27	Gga05	
N0.HOG0001618	Cmi19	Cpl26, Cpl06	Ler24	Loc03, Loc08	Gga01	Xtr03
N0.HOG0001619	Cmi12	Cpl18	Ler16	Loc05, Loc01		Xtr08
N0.HOG0001620	Cmi05	Cpl19	Ler19	Loc08	Gga12, Gga01	Xtr03, Xtr04
N0.HOG0001621	Cmi12	Cpl18	Ler16	Loc05	Gga12	Xtr04
N0.HOG0001622	Cmi05	Cpl19	Ler07, Ler19	Loc08	Gga01	Xtr03
N0.HOG0001623	Cmi12	Cpl18	Ler16	Loc05	Gga12	Xtr04
N0.HOG0001624	Cmi05	Cpl19	Ler19	Loc08, Loc01	Gga01	Xtr08, Xtr03
N0.HOG0001625	Cmi05, Cmi12	Cpl19, Cpl18	Ler16, Ler19	Loc01		Xtr08
N0.HOG0001626		Cpl39	Ler16	Loc08	Gga01	Xtr03
N0.HOG0001627	Cmi05	Cpl19	Ler19	Loc08		Xtr03
N0.HOG0001628		Cpl39	Ler37			Xtr07
N0.HOG0001629	Cmi17	Cpl16	Ler18	LocSca	Gga05	Xtr04
N0.HOG0001630	Cmi19	Cpl26	Ler24	Loc03	Gga26	Xtr02
N0.HOG0001631	Cmi05, Cmi12	Cpl19, Cpl18	Ler19	Loc08	Gga01	Xtr03
N0.HOG0001632	Cmi12	Cpl18	Ler16	Loc05	Gga12	Xtr04
N0.HOG0001633		CplSca		Loc01		Xtr08
N0.HOG0001634	Cmi05	Cpl23	Ler22	Loc08		Xtr03
N0.HOG0001635			Ler07		Gga07	
N0.HOG0001636			Ler13		Gga07	
N0.HOG0001637			Ler28, Ler03			
N0.HOG0001638	Cmi06		LerSca	Loc12		
N0.HOG0001639	Cmi28	Cpl42	Ler35	Loc01	Gga22	Xtr03
N0.HOG0001640	Cmi07	Cpl22, Cpl01	Ler15	Loc02, Loc05	Gga06	Xtr07
N0.HOG0001641	Cmi08	Cpl25	Ler25	Loc03	Gga10	
N0.HOG0001642		Cpl28	Ler28	Loc22	Gga19	Xtr02
N0.HOG0001643	Cmi08	Cpl25	Ler25	Loc20, Loc05	Gga05, Gga15	Xtr07, Xtr09
N0.HOG0001644	Cmi08	Cpl25	Ler25	Loc20	Gga15	Xtr01
N0.HOG0001645	Cmi10	Cpl28	Ler28	Loc22	Gga19	Xtr02
N0.HOG0001646	Cmi08		Ler31	Loc21	Gga17	Xtr08
N0.HOG0001647	Cmi10	Cpl27	Ler26	Loc06, Loc01	Gga23	Xtr02
N0.HOG0001648			LerSca	Loc14		
N0.HOG0001649	Cmi09	Cpl12	Ler13	Loc03	Gga01	Xtr02
N0.HOG0001650	Cmi08	Cpl30	Ler31	Loc21	Gga17	Xtr08
N0.HOG0001651	Cmi09	Cpl10	Ler09	Loc07	Gga05	Xtr08
N0.HOG0001652		Cpl45				Xtr04
N0.HOG0001653	CmiSca	Cpl41	Ler38			Xtr05
N0.HOG0001654	CmiSca	Cpl45	LerSca	Loc28, Loc02	Gga38	Xtr08
N0.HOG0001655	Cmi09	Cpl10, Cpl41	Ler38, Ler09	Loc07	Gga05	
N0.HOG0001656	Cmi09	Cpl10	Ler09	Loc07	Gga05	Xtr08
N0.HOG0001657		Cpl41	Ler38	Loc02		
N0.HOG0001658		Cpl10	Ler09	Loc07	Gga05	Xtr08
N0.HOG0001659	Cmi10	Cpl27	Ler26	Loc06		Xtr02
N0.HOG0001660	Cmi10	Cpl27		Loc06	Gga23	Xtr02
N0.HOG0001661	Cmi11	Cpl13	Ler14		Gga09	Xtr06, Xtr05
N0.HOG0001662	Cmi19	Cpl26	Ler24	Loc03	Gga26	Xtr02
N0.HOG0001663	Cmi12	Cpl19, Cpl18	Ler16, Ler19	Loc05	Gga12	Xtr04
N0.HOG0001664	Cmi13	Cpl14	Ler11	Loc06		
N0.HOG0001665		Cpl02		Loc14, Loc04, Loc07	Gga04, Gga01	Xtr02, Xtr01, Xtr08
N0.HOG0001666	Cmi13	Cpl20	Ler11	Loc06	Gga13	Xtr03
N0.HOG0001667	Cmi15	Cpl15	Ler12	Loc07		Xtr08
N0.HOG0001668		CplSca		Loc03		Xtr02
N0.HOG0001669	Cmi15	Cpl15	Ler12	Loc07	Gga04	Xtr08
N0.HOG0001670	Cmi15	Cpl15	Ler12	Loc07	Gga04	Xtr08
N0.HOG0001671		Cpl06	Ler06	Loc17	Gga01	
N0.HOG0001672	Cmi15	Cpl15	Ler12	Loc07	Gga04	Xtr08
N0.HOG0001673	Cmi20	Cpl21	Ler20	Loc10, Loc13	Gga14	Xtr10, Xtr09
N0.HOG0001674	Cmi31, Cmi16	Cpl39	Ler37		Gga01	Xtr04
N0.HOG0001675	Cmi20	Cpl24	Ler23	Loc10	Gga18, Gga01	Xtr04
N0.HOG0001676	Cmi16	Cpl21, Cpl39	Ler20	Loc13	Gga14	Xtr09
N0.HOG0001677	Cmi17	Cpl16	Ler18	Loc27	Gga05	Xtr04
N0.HOG0001678		Cpl29	Ler02	Loc09	Gga02	Xtr06
N0.HOG0001679	Cmi18	Cpl20	Ler21	Loc18	Gga20	Xtr10
N0.HOG0001680	Cmi19	Cpl26	Ler24	Loc17	Gga31	Xtr09
N0.HOG0001681	Cmi21	Cpl31	Ler29	Loc19	Gga28	Xtr01
N0.HOG0001682	Cmi26	Cpl36	Ler33	Loc03, Loc24	Gga10	Xtr08, Xtr03
N0.HOG0001683	CmiSca	Cpl02		Loc02	GgaZ	Xtr01
N0.HOG0001684	Cmi22	Cpl32	Ler33	Loc03, Loc02	Gga31	Xtr03
N0.HOG0001685	Cmi28			Loc03, Loc08, Loc04	Gga01	Xtr01, Xtr08, Xtr03
N0.HOG0001686	Cmi28	Cpl42	Ler35	Loc01		
N0.HOG0001687	Cmi29, Cmi30					
N0.HOG0001688	Cmi29	Cpl08	Ler39	LocSca	Gga30	Xtr03
N0.HOG0001689		Cpl19	Ler19	Loc08		Xtr03
N0.HOG0001690		CplSca	Ler18	LocSca		Xtr07
N0.HOG0001691	Cmi31	Cpl39	Ler37	Loc08	Gga05	Xtr04
N0.HOG0001692	CmiSca	Cpl45	LerSca	Loc03, Loc24		
N0.HOG0001693	CmiSca	Cpl05	Ler02	Loc11	Gga02	Xtr06
N0.HOG0001694		Cpl12	Ler13	Loc03	Gga01	Xtr02
N0.HOG0001695		Cpl17	Ler31, Ler20, Ler14, Ler23, Ler16, Ler38, Ler32, Ler17, Ler09, Ler24			
N0.HOG0001696		Cpl47		Loc24, Loc15		Xtr07
N0.HOG0001697		Cpl50				
N0.HOG0001698					Gga20, Gga37	
N0.HOG0001699			Ler11	Loc02	Gga07	
N0.HOG0001700					GgaZ	
N0.HOG0001701			Ler01, Ler05, Ler10, Ler25, Ler07, Ler16, Ler26, Ler08, Ler02, Ler03, Ler04			
N0.HOG0001702			Ler01, Ler20, Ler14, Ler05, Ler11, Ler23, Ler02, Ler04, Ler24, Ler21, Ler06			
N0.HOG0001703			Ler01, Ler20, Ler14, Ler05, Ler07, Ler33, Ler08, Ler02, Ler12, Ler22			
N0.HOG0001704			Ler13, Ler01, Ler05, Ler07, Ler26, Ler02, Ler12, Ler03, Ler04, Ler09			
N0.HOG0001705			Ler15, Ler01, Ler20, Ler05, Ler16, Ler24, Ler02, Ler17, Ler06			
N0.HOG0001706				Loc14		
N0.HOG0001707				Loc03, Loc06, Loc02		
N0.HOG0001708						Xtr02, Xtr10, Xtr08, Xtr05, Xtr01, Xtr03, Xtr04
N0.HOG0001709						Xtr03
N0.HOG0001710						Xtr07
N0.HOG0001711	Cmi07	Cpl38		Loc05	Gga06	Xtr07
N0.HOG0001712	Cmi01			Loc02	GgaZ	
N0.HOG0001713	Cmi28	Cpl42	Ler35	Loc01	Gga22	
N0.HOG0001714	Cmi01	Cpl32	Ler01	Loc04	Gga04	Xtr01
N0.HOG0001715	Cmi13	Cpl14	Ler11	Loc06	Gga13	Xtr03
N0.HOG0001716	Cmi01	Cpl01		Loc04		Xtr01
N0.HOG0001717		Cpl06		Loc03	Gga01	Xtr02
N0.HOG0001718	Cmi13	Cpl14	Ler11	Loc06	Gga13	
N0.HOG0001719	Cmi01	Cpl01	Ler01	Loc04	Gga04	Xtr01
N0.HOG0001720	Cmi07	Cpl38	Ler34	Loc05	Gga06	Xtr07
N0.HOG0001721	Cmi01	Cpl32	Ler01	Loc04	Gga04	Xtr01
N0.HOG0001722	Cmi13	Cpl14	Ler11	Loc06	Gga13	Xtr03
N0.HOG0001723		Cpl15		Loc14		
N0.HOG0001724		Cpl02		Loc04	Gga04	Xtr01
N0.HOG0001725	Cmi01					
N0.HOG0001726		Cpl01	Ler01	Loc02	Gga04	Xtr01
N0.HOG0001727		Cpl01		Loc02	Gga04	Xtr01
N0.HOG0001728	Cmi07	Cpl22		LocSca	Gga06	Xtr07
N0.HOG0001729	Cmi01	Cpl01	Ler01	Loc04	Gga04	Xtr01
N0.HOG0001730	Cmi28			Loc01		
N0.HOG0001731	Cmi26	Cpl40	Ler36	Loc03	Gga10	Xtr01
N0.HOG0001732	Cmi01	Cpl02	Ler03	Loc04	GgaZ	Xtr01
N0.HOG0001733	Cmi01	Cpl02	Ler03	Loc04	GgaZ	Xtr01
N0.HOG0001734	Cmi01	Cpl02		Loc04	GgaZ	Xtr01
N0.HOG0001735	Cmi29	Cpl08	Ler39	Loc06	Gga30	
N0.HOG0001736	Cmi01			Loc02	GgaZ	Xtr01
N0.HOG0001737	Cmi21	Cpl31	Ler29	Loc19		
N0.HOG0001738	Cmi01	Cpl02	Ler03	Loc02	GgaZ	
N0.HOG0001739	Cmi01	Cpl02	Ler03	Loc02	GgaZ	Xtr08
N0.HOG0001740	Cmi01, Cmi02	Cpl27, Cpl22, Cpl47, Cpl39	Ler26, Ler15, Ler35			
N0.HOG0001741	Cmi01	Cpl02	Ler03	Loc02	Gga02	Xtr06, Xtr01
N0.HOG0001742	Cmi01	Cpl02	Ler03	Loc02	GgaZ	Xtr01
N0.HOG0001743	Cmi14	Cpl17	Ler50	Loc23	Gga11	Xtr06, Xtr04
N0.HOG0001744	Cmi01, Cmi02	Cpl05	Ler02	Loc09	Gga02	
N0.HOG0001745		Cpl02	Ler03	Loc02		
N0.HOG0001746	Cmi01	Cpl02	Ler03	Loc03, Loc02		
N0.HOG0001747	Cmi22	Cpl36	Ler33	Loc03, Loc24	Gga10	Xtr08
N0.HOG0001748	Cmi01	Cpl02		Loc02, Loc19	GgaZ	Xtr01
N0.HOG0001749	Cmi01	CplSca	Ler03	Loc02	GgaZ	Xtr01
N0.HOG0001750	Cmi05	Cpl11	Ler10	Loc10	Gga08, GgaW	Xtr04
N0.HOG0001751	Cmi22	Cpl36		Loc03		
N0.HOG0001752		CplSca		Loc24		
N0.HOG0001753	Cmi01	Cpl01	Ler01	Loc02	GgaZ	Xtr01
N0.HOG0001754	Cmi01	Cpl02	Ler03			
N0.HOG0001755	Cmi02	Cpl04		Loc09	Gga02	Xtr06
N0.HOG0001756	Cmi23	Cpl33	Ler27	Loc15	Gga27	Xtr10
N0.HOG0001757	Cmi06	Cpl07	LerSca	Loc12	Gga07	Xtr09
N0.HOG0001758	Cmi06, Cmi02	Cpl05	Ler02	Loc09	Gga02	Xtr06
N0.HOG0001759	Cmi03	Cpl03	Ler05	Loc16		Xtr05
N0.HOG0001760	Cmi03			Loc16	Gga03	
N0.HOG0001761	Cmi02	Cpl04	Ler04	Loc11		
N0.HOG0001762	Cmi02	Cpl05	Ler02	Loc09	Gga02	
N0.HOG0001763	Cmi02	Cpl05	Ler02	Loc09	Gga02	Xtr06
N0.HOG0001764	Cmi23	Cpl33	Ler27	Loc15	Gga27	Xtr10
N0.HOG0001765	Cmi23	Cpl33	Ler27	Loc15	Gga27	Xtr10
N0.HOG0001766	Cmi02	Cpl05	Ler02	Loc09	Gga02	Xtr06
N0.HOG0001767	Cmi02	Cpl29	Ler02	Loc11		
N0.HOG0001768	Cmi14	Cpl17	Ler02, Ler17	Loc23	Gga11	Xtr04
N0.HOG0001769		Cpl29	Ler02	Loc11		Xtr06
N0.HOG0001770	Cmi02, Cmi10	Cpl27	Ler26, Ler21	Loc18	Gga20	Xtr10
N0.HOG0001771	Cmi02	Cpl29	Ler02	Loc09	Gga02	Xtr06
N0.HOG0001772	Cmi02	Cpl29, Cpl35		Loc18	Gga20	Xtr10
N0.HOG0001773	Cmi14	Cpl17		Loc23	Gga11	Xtr01, Xtr04
N0.HOG0001774	Cmi02	Cpl29	Ler02	Loc11, Loc09	Gga02	Xtr06
N0.HOG0001775	Cmi02	Cpl29		Loc09	Gga02	Xtr06
N0.HOG0001776		Cpl17	Ler17	Loc23, Loc18	Gga20, Gga11	Xtr10, Xtr04
N0.HOG0001777	Cmi02	Cpl29	Ler02	Loc11	Gga02	Xtr06
N0.HOG0001778	Cmi14	Cpl17	Ler17	Loc23	Gga11	Xtr04
N0.HOG0001779	Cmi06	Cpl07	Ler07	Loc12	Gga07	Xtr09
N0.HOG0001780	Cmi06, Cmi02	Cpl05	Ler02	Loc11	Gga02	Xtr06
N0.HOG0001781	Cmi23	Cpl33	Ler27	Loc04	Gga27	
N0.HOG0001782	Cmi02	Cpl05	Ler02	Loc11, Loc15	Gga02	Xtr06, Xtr10
N0.HOG0001783	Cmi02	Cpl05	Ler02	Loc11	Gga02	Xtr06
N0.HOG0001784	Cmi06	Cpl07	Ler07	Loc12	Gga07	Xtr09
N0.HOG0001785	Cmi02	Cpl05	Ler02	Loc11	Gga02	Xtr06
N0.HOG0001786	Cmi06	Cpl07	Ler07	Loc12	Gga07	Xtr09
N0.HOG0001787	Cmi02	Cpl05	Ler02, Ler07	Loc09	Gga02	Xtr09
N0.HOG0001788	Cmi06	Cpl07		Loc12	Gga07	Xtr06
N0.HOG0001789	Cmi02	Cpl05, Cpl07	Ler02	Loc11	Gga02	Xtr06
N0.HOG0001790	Cmi02				Gga15	Xtr01
N0.HOG0001791	Cmi02	CplSca	Ler04	Loc11	Gga02	Xtr06
N0.HOG0001792	Cmi18	Cpl20	Ler21	Loc18	Gga20	Xtr10
N0.HOG0001793	Cmi02	Cpl20	Ler21	Loc11	Gga02	Xtr06
N0.HOG0001794	Cmi03	Cpl03	Ler05	Loc18, Loc01		Xtr10, Xtr05
N0.HOG0001795	Cmi02	Cpl04		Loc09	Gga02	Xtr06
N0.HOG0001796	Cmi14	Cpl17		Loc23	Gga11	Xtr04
N0.HOG0001797	Cmi02	Cpl04	Ler04	Loc09	Gga02	Xtr06
N0.HOG0001798	Cmi18	Cpl20	Ler21	Loc18	Gga20	Xtr10
N0.HOG0001799	Cmi02	Cpl04	Ler04	Loc09	Gga02	Xtr06
N0.HOG0001800	Cmi03	Cpl03	Ler05	Loc01	Gga03	Xtr05
N0.HOG0001801	Cmi02	Cpl04	Ler04	Loc09	Gga02	Xtr06
N0.HOG0001802	Cmi02	Cpl04	Ler04	Loc09	Gga02	Xtr06
N0.HOG0001803	Cmi18	Cpl20	Ler21	Loc06, Loc18	Gga20	Xtr10
N0.HOG0001804	Cmi02	Cpl04	Ler04	Loc09, Loc05	Gga02	
N0.HOG0001805		Cpl42, Cpl22	Ler15, Ler35	Loc01		Xtr03
N0.HOG0001806	Cmi14	Cpl17	Ler17	Loc23	Gga11	Xtr04
N0.HOG0001807	Cmi02	Cpl04	Ler04	Loc09		Xtr06
N0.HOG0001808	Cmi18	Cpl20	Ler21	Loc18	Gga20	Xtr10
N0.HOG0001809	Cmi02	Cpl04	Ler04	Loc09	Gga02	Xtr06
N0.HOG0001810	Cmi10	Cpl27	Ler26	Loc06	Gga23	Xtr02
N0.HOG0001811	Cmi03, Cmi02	Cpl03	Ler05	Loc01	Gga03	Xtr05
N0.HOG0001812	Cmi02	Cpl04	Ler04	Loc05	Gga06	Xtr07
N0.HOG0001813	Cmi28, Cmi07	Cpl42, Cpl22	Ler15, Ler35	Loc01		
N0.HOG0001814	Cmi02	Cpl04	Ler04	Loc11	Gga02	Xtr06
N0.HOG0001815	Cmi18	Cpl20	Ler21	Loc18	Gga20	Xtr10
N0.HOG0001816	Cmi18	Cpl20	Ler21	Loc18	Gga20	Xtr10
N0.HOG0001817	Cmi02	Cpl04	Ler04	Loc23, Loc09	Gga02	Xtr04
N0.HOG0001818	Cmi10	Cpl27	Ler26		Gga23	Xtr02
N0.HOG0001819			Ler26	Loc06		
N0.HOG0001820	Cmi03	Cpl03	Ler05	Loc16	Gga03	Xtr05
N0.HOG0001821	Cmi15	Cpl15	Ler12	Loc07	Gga04	Xtr08
N0.HOG0001822	Cmi03, Cmi04	Cpl06	Ler06	Loc17	Gga01	Xtr02
N0.HOG0001823	Cmi10	Cpl27	Ler26	Loc11	Gga02	Xtr06
N0.HOG0001824	Cmi03	Cpl03	Ler05	Loc01	Gga03	Xtr05
N0.HOG0001825	Cmi03			Loc01	Gga03	Xtr05
N0.HOG0001826	Cmi03	Cpl03	Ler05	LocSca	Gga03	Xtr05
N0.HOG0001827	Cmi04	Cpl12	Ler13	Loc17	Gga01	Xtr02
N0.HOG0001828					Gga23	Xtr02
N0.HOG0001829	Cmi10	Cpl27	Ler26	Loc06		
N0.HOG0001830	Cmi03, Cmi04	Cpl12, Cpl03	Ler13, Ler05	Loc01		
N0.HOG0001831	Cmi03	Cpl03	Ler05	Loc01	Gga03	Xtr05
N0.HOG0001832	Cmi03	Cpl03	Ler05		Gga03	Xtr05
N0.HOG0001833	Cmi09	Cpl10	Ler09	Loc07	Gga05	Xtr08
N0.HOG0001834	Cmi03		Ler08	LocSca	Gga03	Xtr05
N0.HOG0001835	Cmi03	Cpl09	Ler08	Loc16	Gga03	Xtr05
N0.HOG0001836	Cmi03	Cpl03	Ler05	Loc16	Gga03	Xtr05
N0.HOG0001837	Cmi08, Cmi09	Cpl10	Ler09	Loc07	Gga05	Xtr08
N0.HOG0001838	Cmi03	Cpl09	Ler08	Loc01	Gga03	Xtr05
N0.HOG0001839	Cmi03	Cpl03	Ler05	Loc01	Gga03	Xtr05
N0.HOG0001840	CmiSca	Cpl45, Cpl41	Ler38	Loc07	Gga05	Xtr04
N0.HOG0001841	Cmi09	Cpl10	Ler09	Loc07	Gga05	Xtr08
N0.HOG0001842	Cmi03	Cpl09	Ler08	Loc28, Loc01	Gga03	Xtr05
N0.HOG0001843	Cmi03	Cpl09	LerSca	Loc16	Gga03	Xtr05
N0.HOG0001844	Cmi09	Cpl10	Ler09	Loc07	Gga05	Xtr08
N0.HOG0001845	Cmi03	CplSca		Loc01	Gga03	
N0.HOG0001846	Cmi09		Ler09	LocSca		Xtr08
N0.HOG0001847	CmiSca	Cpl41	Ler38	Loc02		Xtr08
N0.HOG0001848	Cmi09	Cpl10	Ler09	Loc07	Gga05	Xtr08
N0.HOG0001849	Cmi03	Cpl09	Ler08, Ler09	Loc16	Gga03	Xtr05
N0.HOG0001850	Cmi04	Cpl12	Ler13	Loc03	Gga01	Xtr02
N0.HOG0001851	Cmi25	Cpl35	Ler32	Loc24, Loc26	Gga24	Xtr07
N0.HOG0001852					Gga01	Xtr03
N0.HOG0001853	Cmi05	Cpl23	Ler22	Loc08		
N0.HOG0001854	Cmi19			Loc03	Gga26	Xtr02
N0.HOG0001855	Cmi04				Gga01	Xtr02
N0.HOG0001856	Cmi25	Cpl35	Ler32		Gga24	Xtr07
N0.HOG0001857	Cmi04	Cpl12	Ler13	Loc03, Loc26	Gga25, Gga01	Xtr08
N0.HOG0001858		Cpl46, Cpl37			Gga01	Xtr02
N0.HOG0001859	Cmi04	Cpl12	Ler13	Loc03	Gga01	Xtr02
N0.HOG0001860		Cpl03	Ler05		Gga03	Xtr05
N0.HOG0001861	Cmi04	Cpl05, Cpl12	Ler13	Loc04	Gga01	Xtr02
N0.HOG0001862	Cmi11	Cpl13	Ler14	Loc14	Gga09	Xtr05
N0.HOG0001863	Cmi04, Cmi15	Cpl12	Ler13	Loc17	Gga01	Xtr02
N0.HOG0001864	Cmi15	Cpl15	Ler12	Loc07	Gga04	Xtr08
N0.HOG0001865	Cmi04	Cpl12	Ler13	Loc17	Gga01	Xtr02
N0.HOG0001866	Cmi15	Cpl15	Ler12	Loc07	Gga04	Xtr08
N0.HOG0001867	Cmi04	Cpl06	Ler06	Loc17	Gga01	Xtr02, Xtr08
N0.HOG0001868	Cmi04		Ler13	Loc17	Gga01	Xtr02
N0.HOG0001869	Cmi15	Cpl15	Ler12	Loc07	Gga04	Xtr08
N0.HOG0001870	Cmi04	Cpl06	Ler06	Loc17	Gga01	Xtr02
N0.HOG0001871	Cmi15			Loc07		
N0.HOG0001872	Cmi04	Cpl06		Loc17	Gga01	Xtr02
N0.HOG0001873	Cmi04	Cpl06	Ler06	Loc03	Gga01	Xtr02
N0.HOG0001874	Cmi11	Cpl13	Ler14	Loc14	Gga09	Xtr05
N0.HOG0001875	Cmi04		LerSca			
N0.HOG0001876	Cmi11	Cpl15	Ler12	Loc14, Loc07		Xtr08, Xtr05
N0.HOG0001877	Cmi04	Cpl06	Ler06	Loc03	Gga01	Xtr02
N0.HOG0001878	Cmi08	Cpl30	Ler31	Loc21	Gga17	Xtr08
N0.HOG0001879	Cmi05	Cpl08	Ler39	Loc10	Gga08	Xtr04
N0.HOG0001880	Cmi08	Cpl30	Ler31	Loc21	Gga17	Xtr08
N0.HOG0001881	Cmi05	Cpl11	Ler10	Loc10	Gga08	Xtr04
N0.HOG0001882	Cmi05	Cpl11	Ler10	Loc10	Gga08	
N0.HOG0001883	Cmi05	Cpl11	Ler10		Gga08	Xtr04
N0.HOG0001884	Cmi05	Cpl12	Ler21			Xtr02
N0.HOG0001885	Cmi05		Ler10, Ler19	Loc06, Loc10	Gga08	Xtr03
N0.HOG0001886	Cmi08	Cpl30	Ler31	Loc21	Gga17	Xtr08
N0.HOG0001887	Cmi05	Cpl11	Ler10	Loc10	Gga08	Xtr04
N0.HOG0001888	CmiSca	Cpl30	Ler10	Loc21	Gga17	Xtr08
N0.HOG0001889	Cmi08	Cpl30	Ler31	Loc21	Gga17	Xtr08
N0.HOG0001890	Cmi05	Cpl11	LerSca	Loc10	Gga08	Xtr04
N0.HOG0001891	Cmi21	Cpl31	Ler29		Gga28	Xtr01
N0.HOG0001892	Cmi05	Cpl11	Ler10	Loc10		
N0.HOG0001893		Cpl08	Ler39	Loc06		Xtr03
N0.HOG0001894	Cmi29	Cpl08	Ler39	Loc10	Gga30	Xtr03
N0.HOG0001895	Cmi05, Cmi21	Cpl31, Cpl11	Ler10, Ler29	Loc19		
N0.HOG0001896	Cmi19	Cpl26	Ler24	Loc03	Gga26	Xtr02
N0.HOG0001897	Cmi05	Cpl23	Ler22	Loc08	Gga01	Xtr03
N0.HOG0001898	Cmi17	Cpl16	Ler18	Loc27	Gga05	Xtr04
N0.HOG0001899	Cmi05	Cpl23	Ler22	Loc08, Loc27	Gga01	Xtr03
N0.HOG0001900	Cmi05, Cmi19	Cpl26	Ler24	Loc08	Gga01	Xtr03
N0.HOG0001901	Cmi17	Cpl16	Ler18	Loc27	Gga05	Xtr04
N0.HOG0001902	Cmi12	Cpl18	Ler16	Loc05	Gga12	Xtr04
N0.HOG0001903	Cmi05	Cpl19	Ler19	Loc08	Gga01	Xtr03
N0.HOG0001904	Cmi05	Cpl19	Ler19	Loc08	Gga01	Xtr03
N0.HOG0001905	Cmi17	Cpl16	Ler18	Loc27	Gga05	Xtr04
N0.HOG0001906	Cmi05	Cpl19	Ler19	Loc08	Gga01	Xtr03
N0.HOG0001907	Cmi12	Cpl18	Ler16	Loc05	Gga12	Xtr04
N0.HOG0001908	Cmi12	Cpl18	Ler16	Loc05	Gga12	Xtr04
N0.HOG0001909	Cmi05	Cpl19	Ler19	Loc08, Loc01	Gga01	Xtr03
N0.HOG0001910	Cmi05	Cpl19	Ler19	Loc08	Gga01	Xtr03
N0.HOG0001911	Cmi12	Cpl18		Loc05, Loc01	Gga12	Xtr08, Xtr04
N0.HOG0001912	Cmi12	Cpl18	Ler16	Loc05	Gga12	Xtr04
N0.HOG0001913	Cmi05	Cpl26, Cpl23	Ler22	Loc08	Gga01	Xtr03
N0.HOG0001914	Cmi05	Cpl23	Ler22	Loc08		Xtr03
N0.HOG0001915	Cmi19	Cpl26	Ler24	Loc03	Gga26	Xtr05
N0.HOG0001916	Cmi06	Cpl07	LerSca	Loc12		
N0.HOG0001917		Cpl07		Loc12	Gga07	Xtr09
N0.HOG0001918	Cmi06	Cpl07	Ler07	Loc12		Xtr09
N0.HOG0001919		Cpl33		Loc04	Gga34	Xtr02
N0.HOG0001920	Cmi06	Cpl07		Loc12	Gga07	
N0.HOG0001921	CmiSca	Cpl05		Loc11	Gga02	Xtr06
N0.HOG0001922	Cmi06	Cpl07	Ler07	Loc08	Gga01	Xtr03
N0.HOG0001923	Cmi27	Cpl42	Ler40	Loc04	Gga34	Xtr02
N0.HOG0001924	Cmi06	Cpl07, Cpl03	Ler07	Loc12	Gga07	
N0.HOG0001925	Cmi06	Cpl07	Ler07	Loc12	Gga07	Xtr09
N0.HOG0001926	Cmi27	Cpl43	Ler40	Loc04		Xtr02
N0.HOG0001927	Cmi27	Cpl43	Ler40	Loc04	Gga34	Xtr02
N0.HOG0001928	Cmi06	Cpl07	Ler07	Loc12	Gga07	Xtr09
N0.HOG0001929	Cmi13	Cpl01, Cpl14	Ler11	Loc04	Gga04	Xtr01
N0.HOG0001930	Cmi07	Cpl22	Ler15	Loc05	Gga06	Xtr07
N0.HOG0001931	Cmi28	Cpl42	Ler35	Loc01	Gga22	Xtr03
N0.HOG0001932	Cmi07	Cpl22	Ler15	Loc05	Gga06	Xtr07
N0.HOG0001933	Cmi28	CplSca	Ler35	Loc01	Gga22	Xtr03
N0.HOG0001934	Cmi07	Cpl22	Ler15	Loc05	Gga06	Xtr07
N0.HOG0001935	Cmi29	Cpl08	Ler39	Loc10	Gga08	Xtr04
N0.HOG0001936	Cmi07	Cpl22	Ler15	Loc06, Loc05	Gga06	Xtr07
N0.HOG0001937	Cmi13	Cpl14	Ler11	Loc06	Gga13	Xtr03
N0.HOG0001938	Cmi07	Cpl22	Ler15	Loc05	Gga06	Xtr07
N0.HOG0001939	Cmi10	Cpl28	Ler28	Loc22		Xtr02
N0.HOG0001940		Cpl25	Ler25		Gga15	Xtr01
N0.HOG0001941	Cmi08		Ler28	Loc20		Xtr02
N0.HOG0001942	Cmi08	Cpl25	Ler25	Loc20	Gga15	Xtr01
N0.HOG0001943	Cmi10	Cpl28	Ler28	Loc22	Gga19	Xtr02
N0.HOG0001944	Cmi08	Cpl25	Ler25	Loc20, Loc09	Gga15	Xtr01
N0.HOG0001945	Cmi08	Cpl25	Ler25	Loc20	Gga15	Xtr01
N0.HOG0001946	Cmi10	Cpl28	Ler28	Loc22	Gga19	Xtr02
N0.HOG0001947	Cmi10	Cpl28	Ler28	Loc22	Gga19	Xtr02
N0.HOG0001948	Cmi08	Cpl25	Ler25	Loc20	Gga15	Xtr01
N0.HOG0001949	Cmi08	Cpl30	Ler31	Loc21	Gga17	Xtr08
N0.HOG0001950	Cmi29	Cpl08	Ler39	Loc06	Gga30	Xtr03
N0.HOG0001951	Cmi12	Cpl18	Ler16	Loc05	Gga12	Xtr04
N0.HOG0001952	Cmi09	Cpl10	Ler09	Loc07	Gga05	Xtr08
N0.HOG0001953	Cmi10	Cpl28	Ler28		Gga19	Xtr02
N0.HOG0001954	Cmi30	CplSca	LerSca	Loc26	Gga01, Gga16	Xtr07, Xtr08
N0.HOG0001955	Cmi11	Cpl13	Ler14	Loc14	Gga09	Xtr05
N0.HOG0001956	Cmi24	Cpl34	Ler12, Ler30	Loc25	Gga21	Xtr07
N0.HOG0001957	CmiSca	Cpl06	LerSca	Loc03	Gga01	Xtr02
N0.HOG0001958	Cmi11	Cpl13	LerSca	Loc14	Gga09	Xtr05
N0.HOG0001959	Cmi13	Cpl14	Ler11	Loc06		Xtr03
N0.HOG0001960	Cmi28	Cpl42	Ler34, Ler35	Loc01	Gga22	Xtr03
N0.HOG0001961	Cmi15	Cpl15	Ler12	Loc07	Gga04	Xtr08
N0.HOG0001962	CmiSca	Cpl12	Ler13	Loc17	Gga01	Xtr02, Xtr08
N0.HOG0001963	Cmi31	Cpl39	Ler37	Loc12	Gga01	Xtr04
N0.HOG0001964	Cmi16	Cpl21	Ler20	Loc25, Loc13	Gga14	Xtr09
N0.HOG0001965	Cmi20, Cmi16	Cpl21, Cpl24	Ler23, Ler20	Loc12, Loc10	Gga18, Gga09	Xtr10, Xtr09
N0.HOG0001966	Cmi31	Cpl39	Ler37	Loc12	Gga01	
N0.HOG0001967	Cmi16	Cpl21			Gga14	Xtr09
N0.HOG0001968	Cmi20	Cpl24		Loc10	Gga18	
N0.HOG0001969	Cmi16	Cpl21	Ler20	Loc13	Gga14	Xtr09
N0.HOG0001970	Cmi20	Cpl24	Ler23	Loc10	Gga18	Xtr10
N0.HOG0001971	Cmi20	Cpl24	Ler23	Loc10	Gga18	
N0.HOG0001972	Cmi16	Cpl21, Cpl39	Ler20, Ler37	Loc13	Gga14	Xtr09
N0.HOG0001973	Cmi17	Cpl16	Ler18	Loc27		Xtr04
N0.HOG0001974	Cmi31	Cpl39	Ler37	Loc08	Gga01	Xtr07, Xtr03
N0.HOG0001975	Cmi19	Cpl26	Ler24	Loc03	Gga26	Xtr02
N0.HOG0001976	Cmi17	Cpl16		Loc08, Loc27	Gga05, Gga01	Xtr03
N0.HOG0001977	Cmi22	Cpl40	Ler36	Loc03	Gga10	Xtr03
N0.HOG0001978	Cmi21	Cpl31, Cpl02	Ler36, Ler29	Loc19	Gga28	
N0.HOG0001979	Cmi26	Cpl40	Ler36	Loc03	Gga10	Xtr03
N0.HOG0001980	Cmi21	Cpl31	Ler29	Loc19	Gga28	Xtr01
N0.HOG0001981	Cmi26, Cmi22	Cpl32	Ler33	Loc03	Gga10	Xtr03
N0.HOG0001982	Cmi21	Cpl31	Ler29	Loc19	Gga28	Xtr01
N0.HOG0001983	Cmi27	Cpl43	Ler40	Loc04	Gga34	Xtr02
N0.HOG0001984	Cmi23	Cpl33	Ler27	Loc09, Loc15	Gga27	Xtr10
N0.HOG0001985	Cmi24	Cpl34		Loc25	Gga21	Xtr07
N0.HOG0001986	Cmi24	Cpl34	Ler30	Loc02, Loc25		Xtr07, Xtr08
N0.HOG0001987	Cmi25	Cpl35	Ler32	Loc26	Gga24	Xtr07
N0.HOG0001988		Cpl33		Loc24	Gga24	Xtr07
N0.HOG0001989	CmiSca	Cpl02	Ler03, Ler01	Loc02	GgaZ	Xtr01
N0.HOG0001990	Cmi26	Cpl36	Ler33	Loc03	Gga10	Xtr03
N0.HOG0001991		Cpl07	LerSca	Loc12	Gga07	Xtr09
N0.HOG0001992		Cpl04	Ler04	Loc09		
N0.HOG0001993	Cmi27		Ler40	Loc04	Gga34	Xtr02
N0.HOG0001994	CmiSca	Cpl41	Ler38	Loc02	Gga38	Xtr08
N0.HOG0001995	CmiSca					
N0.HOG0001996		Cpl37, Cpl01, Cpl17, Cpl11	Ler17, Ler19	Loc27	Gga05	
N0.HOG0001997		Cpl16		Loc09	Gga39	Xtr05
N0.HOG0001998		Cpl08	Ler39	Loc20, Loc06		Xtr03
N0.HOG0001999		Cpl14	Ler11	Loc06	Gga13	Xtr03
N0.HOG0002000		Cpl21, Cpl39	Ler20, Ler37	Loc12	Gga01	Xtr09
N0.HOG0002001		Cpl15	Ler12	Loc07	Gga04	Xtr08
N0.HOG0002002		Cpl19	Ler19			Xtr08, Xtr03
N0.HOG0002003		Cpl26	Ler24	Loc03	Gga05, Gga26	Xtr07
N0.HOG0002004		Cpl36	Ler33	Loc03	Gga10	Xtr03
N0.HOG0002005					Gga07, Gga16, Gga01	
N0.HOG0002006					Gga22, Gga11, Gga16	
N0.HOG0002007				Loc24, Loc09, Loc19	Gga25	Xtr08
N0.HOG0002008					Gga05	
N0.HOG0002009			Ler02, Ler01, Ler30, Ler05, Ler07, Ler18, Ler33			
N0.HOG0002010			Ler15, Ler13, Ler11, Ler07, Ler26, Ler02, Ler32, Ler22, Ler09, Ler30			
N0.HOG0002011			LerSca			
N0.HOG0002012			Ler28, Ler08, Ler10, Ler17, Ler06			
N0.HOG0002013			Ler17, Ler13, Ler01, Ler05, Ler10, Ler16, Ler02, Ler12, Ler04, Ler24, Ler06			
N0.HOG0002014			Ler02, Ler01, Ler12, Ler05, Ler04, Ler11, Ler34			
N0.HOG0002015			Ler15, Ler13, Ler50, Ler11, Ler29, Ler03, Ler09, Ler24, Ler21	Loc03		
N0.HOG0002016			Ler28, Ler01, Ler13, Ler14, Ler05, Ler11, Ler22, Ler04, Ler24, Ler21			
N0.HOG0002017			Ler02, Ler01, Ler20, Ler04, Ler27, Ler11, Ler07			
N0.HOG0002018			Ler15, Ler01, Ler02, Ler03, Ler09			Xtr04
N0.HOG0002019			Ler15, Ler31, Ler05, Ler27, Ler07, Ler04, Ler08, Ler30, Ler03, Ler09			
N0.HOG0002020			Ler15, Ler01, Ler05, Ler27, Ler07, Ler08, Ler02, Ler32, Ler03			
N0.HOG0002021				Loc08, Loc28, Loc02, Loc04		
N0.HOG0002022						Xtr06, Xtr08, Xtr04, Xtr01, Xtr02, Xtr10, Xtr05, Xtr07
N0.HOG0002023						Xtr01, Xtr06, Xtr10, Xtr08, Xtr05, Xtr07, Xtr09
N0.HOG0002024						Xtr06
N0.HOG0002025	Cmi01	Cpl32	Ler01	Loc02	Gga04	Xtr01
N0.HOG0002026	Cmi13	Cpl14	Ler11	Loc06	Gga13	Xtr03
N0.HOG0002027	Cmi01					
N0.HOG0002028	Cmi01	Cpl32	Ler01	Loc02	GgaZ	Xtr01
N0.HOG0002029	Cmi13	Cpl14	Ler11	Loc06, Loc05	Gga13	
N0.HOG0002030	Cmi07	Cpl38	Ler34	Loc05	Gga06	Xtr07
N0.HOG0002031	Cmi01	Cpl01	Ler01	Loc04	Gga04	Xtr01
N0.HOG0002032	Cmi01	Cpl01	Ler01	Loc04	Gga04	Xtr01
N0.HOG0002033	Cmi04	Cpl06	Ler06	Loc03	Gga01	Xtr02
N0.HOG0002034	Cmi01	Cpl01		Loc04	Gga04	Xtr01
N0.HOG0002035	Cmi13	Cpl14	Ler11	Loc06	Gga13	Xtr03
N0.HOG0002036	Cmi13	Cpl14	Ler11	Loc06	Gga13	Xtr03
N0.HOG0002037	Cmi01	Cpl32	Ler01	Loc04	Gga04	Xtr01
N0.HOG0002038	Cmi13	Cpl14	Ler11	Loc06	Gga13	Xtr03
N0.HOG0002039	Cmi01	Cpl32	Ler01	Loc04	Gga04	Xtr01
N0.HOG0002040	Cmi14	Cpl17	Ler17	Loc23		Xtr04
N0.HOG0002041	Cmi01, Cmi02	Cpl29	Ler02	Loc11	Gga02	Xtr06
N0.HOG0002042	Cmi01	Cpl01	Ler01	Loc02	Gga04	Xtr01
N0.HOG0002043	Cmi04	Cpl12	Ler13	Loc17	Gga01	Xtr02
N0.HOG0002044	Cmi01		Ler01			Xtr01
N0.HOG0002045	Cmi07	Cpl22	Ler15	Loc05	Gga06	Xtr07
N0.HOG0002046	Cmi01	Cpl01	Ler01	Loc04	Gga04	Xtr01
N0.HOG0002047	Cmi07	Cpl22	Ler15	Loc05	Gga06	Xtr07
N0.HOG0002048	Cmi01	Cpl01	Ler01	Loc04	Gga04	Xtr01
N0.HOG0002049	Cmi07	Cpl22	Ler15	Loc05	Gga06	Xtr07
N0.HOG0002050	Cmi01	Cpl01	Ler01	Loc04	Gga04	Xtr01
N0.HOG0002051	Cmi07	Cpl22	Ler15	Loc05	Gga06	Xtr07
N0.HOG0002052	Cmi04	Cpl06	Ler06	Loc03	Gga01	Xtr02
N0.HOG0002053	Cmi01	Cpl01	Ler01	Loc04	Gga04	Xtr01
N0.HOG0002054	Cmi01	Cpl01	Ler01	Loc04	Gga04	Xtr01
N0.HOG0002055	Cmi13	Cpl14	Ler11	Loc06	Gga13	Xtr03
N0.HOG0002056	Cmi04	Cpl06	Ler06	Loc03	Gga01	Xtr02
N0.HOG0002057	Cmi01	Cpl01	Ler01	Loc04	Gga04	Xtr01
N0.HOG0002058	Cmi01	Cpl01	Ler01	Loc04	Gga04	Xtr01
N0.HOG0002059	Cmi15	Cpl15	Ler12	Loc07	Gga04	Xtr08
N0.HOG0002060	Cmi01	Cpl01	Ler01	Loc04	Gga04	Xtr01
N0.HOG0002061	Cmi04	Cpl06	Ler06	Loc03	Gga01	Xtr02
N0.HOG0002062	Cmi01	Cpl02	Ler41	Loc04	Gga04	Xtr01
N0.HOG0002063	Cmi13	Cpl14	Ler11	Loc06	Gga13	Xtr03
N0.HOG0002064	Cmi01	Cpl02	Ler03	Loc04	Gga04	Xtr01
N0.HOG0002065	Cmi13	Cpl14	Ler11	Loc06	Gga13	Xtr03
N0.HOG0002066	Cmi01	Cpl02	Ler03	Loc04	Gga04	Xtr01
N0.HOG0002067	Cmi13	Cpl14	Ler11	Loc06	Gga13	Xtr03
N0.HOG0002068	Cmi13	Cpl14	Ler11	Loc06	Gga13	Xtr03
N0.HOG0002069	Cmi01	Cpl32	Ler01	Loc04	GgaZ	Xtr01
N0.HOG0002070	Cmi01	Cpl32	Ler01	Loc04	Gga04	Xtr01
N0.HOG0002071	Cmi13	Cpl14	Ler11	Loc06	Gga13	Xtr03
N0.HOG0002072	Cmi01	Cpl32	Ler01	Loc02	Gga04	Xtr01
N0.HOG0002073	Cmi13	CplSca	Ler11	Loc06	Gga13	Xtr03
N0.HOG0002074	Cmi01	Cpl02, Cpl36	Ler03	Loc24		Xtr03
N0.HOG0002075		Cpl36	Ler33	Loc03		Xtr08, Xtr03
N0.HOG0002076	Cmi01	Cpl02	Ler03	Loc19	Gga28	Xtr01
N0.HOG0002077	Cmi21	Cpl31	Ler29			Xtr01
N0.HOG0002078	Cmi01	Cpl02	Ler03	Loc02	GgaZ	Xtr01
N0.HOG0002079	Cmi21	Cpl31	Ler29	Loc19	Gga28	Xtr01
N0.HOG0002080	Cmi01	Cpl02		Loc24, Loc04	GgaZ	Xtr01
N0.HOG0002081	Cmi26			Loc03	Gga10	Xtr03
N0.HOG0002082	Cmi29	CplSca	Ler39	Loc06	Gga30	Xtr03
N0.HOG0002083	Cmi01	Cpl02	Ler03	Loc02	GgaZ	Xtr01
N0.HOG0002084	Cmi22	Cpl40	Ler36	Loc03	Gga10	Xtr03
N0.HOG0002085	Cmi01	Cpl02	Ler03	Loc02	GgaZ	Xtr01
N0.HOG0002086	Cmi01	Cpl02	Ler03	Loc02	GgaZ	Xtr01
N0.HOG0002087	Cmi05	Cpl11	Ler10	Loc10	Gga08	Xtr04
N0.HOG0002088	Cmi01	Cpl02	Ler03	Loc04	GgaZ	Xtr01
N0.HOG0002089	Cmi21	Cpl31	Ler29	Loc19	Gga28	Xtr01
N0.HOG0002090	Cmi22	Cpl36	Ler33	Loc03	Gga10	Xtr03
N0.HOG0002091	Cmi01	Cpl02	Ler03	Loc02	GgaZ	Xtr01
N0.HOG0002092		Cpl02			Gga10	
N0.HOG0002093	Cmi01		Ler03	Loc02	GgaZ	
N0.HOG0002094	Cmi22	Cpl32	Ler33	Loc03		Xtr01, Xtr03
N0.HOG0002095	Cmi01	Cpl02	Ler03	Loc02	GgaZ	Xtr01
N0.HOG0002096	Cmi21	Cpl31	Ler29	Loc19		Xtr01
N0.HOG0002097	Cmi01	Cpl02	Ler03	Loc02	GgaZ	Xtr01
N0.HOG0002098	Cmi21	Cpl31	Ler29	Loc19	Gga28	Xtr01
N0.HOG0002099	Cmi01	Cpl02	Ler03	Loc02	GgaZ	Xtr01
N0.HOG0002100		Cpl51		Loc24		
N0.HOG0002101	Cmi26	Cpl36		Loc03		Xtr03
N0.HOG0002102	Cmi21	Cpl31	Ler29	Loc19	Gga28	Xtr01
N0.HOG0002103	Cmi01	Cpl02	Ler03	Loc02	GgaZ	Xtr01
N0.HOG0002104	Cmi01	Cpl02	Ler03	Loc02	GgaZ	Xtr01
N0.HOG0002105	Cmi05	Cpl11	Ler10	Loc10	Gga08	Xtr04
N0.HOG0002106	Cmi05	Cpl11		Loc10	Gga08	Xtr04
N0.HOG0002107	Cmi01	Cpl01	Ler01	Loc02	GgaZ	Xtr01
N0.HOG0002108	Cmi05	Cpl11	Ler10	Loc10	Gga08	Xtr04
N0.HOG0002109	Cmi01	Cpl01	Ler01	Loc02	GgaZ	Xtr01
N0.HOG0002110	Cmi21	Cpl31	Ler29	Loc19	Gga28	Xtr01
N0.HOG0002111	Cmi01	Cpl01	Ler01	Loc02	GgaZ	Xtr01
N0.HOG0002112	Cmi01	Cpl01	Ler01	Loc02	GgaZ	
N0.HOG0002113	Cmi26	Cpl51	LerSca	Loc03, Loc24	Gga25	Xtr08
N0.HOG0002114	Cmi26	Cpl40	Ler36	Loc03	Gga10	Xtr03
N0.HOG0002115	Cmi01	Cpl01	Ler01	Loc02	GgaZ	Xtr01
N0.HOG0002116	Cmi22	Cpl36	Ler33	Loc03	Gga10	Xtr03
N0.HOG0002117	Cmi01	Cpl01	Ler01	Loc02	GgaZ	Xtr01
N0.HOG0002118	Cmi01	Cpl02	Ler03	Loc02		
N0.HOG0002119	Cmi01	Cpl02	Ler03	Loc02, Loc04	GgaZ	Xtr01
N0.HOG0002120	Cmi06	Cpl07	Ler07	Loc12	Gga07	Xtr09
N0.HOG0002121	Cmi02	Cpl05	Ler02	Loc09	Gga02	Xtr06
N0.HOG0002122	Cmi23	Cpl33	Ler27	Loc15	Gga27	Xtr10
N0.HOG0002123	Cmi02	Cpl05	Ler02	Loc09	Gga02	Xtr06
N0.HOG0002124	Cmi06	Cpl07	Ler07	Loc12	Gga07	Xtr09
N0.HOG0002125	Cmi02	Cpl05	Ler02	Loc09	Gga02	Xtr06
N0.HOG0002126		Cpl05	Ler02	Loc11		Xtr06
N0.HOG0002127	Cmi18, Cmi02	Cpl20	Ler21	Loc18	Gga20	Xtr10
N0.HOG0002128	Cmi02	Cpl05	LerSca	Loc09	Gga02	Xtr06
N0.HOG0002129	Cmi02	Cpl05	Ler02	LocSca	Gga02	Xtr06
N0.HOG0002130	Cmi06	Cpl07	Ler07	Loc12	Gga07	Xtr09
N0.HOG0002131	Cmi02	Cpl04	Ler04	Loc11	Gga02	Xtr06
N0.HOG0002132	Cmi06	Cpl07	Ler07	Loc12	Gga07	Xtr09
N0.HOG0002133	Cmi02	Cpl04	Ler04	Loc11	Gga02	
N0.HOG0002134	Cmi06	Cpl07	Ler07	Loc12	Gga07	Xtr09
N0.HOG0002135	Cmi23	Cpl33	Ler27	Loc15	Gga27	Xtr10
N0.HOG0002136	Cmi02	Cpl04	Ler04	Loc09	Gga02	Xtr06
N0.HOG0002137	Cmi23	Cpl33	Ler27	Loc15	Gga27	Xtr10
N0.HOG0002138	Cmi02	CplSca	Ler02	Loc09	Gga02	Xtr06
N0.HOG0002139	Cmi18	Cpl20	Ler21	Loc18	Gga20	Xtr10
N0.HOG0002140	Cmi02	Cpl29	Ler02	Loc11	Gga02	Xtr06
N0.HOG0002141	Cmi27	Cpl43	Ler40	Loc04	Gga34	Xtr02
N0.HOG0002142	Cmi02	Cpl29	Ler02	Loc11	Gga02	Xtr06
N0.HOG0002143	Cmi02	Cpl29	Ler02	Loc11	Gga02	Xtr06
N0.HOG0002144	Cmi06	Cpl07	Ler07	Loc12	Gga07	Xtr09
N0.HOG0002145	Cmi02	Cpl29	Ler02	Loc09		Xtr06
N0.HOG0002146	Cmi18	Cpl05, Cpl20	Ler21	Loc18	Gga20	Xtr10
N0.HOG0002147	Cmi02, Cmi11	Cpl13	Ler14	Loc14	Gga09	
N0.HOG0002148	Cmi04	Cpl06		Loc14	Gga01	Xtr02, Xtr05
N0.HOG0002149	Cmi23	Cpl33	Ler27	Loc15	Gga27	Xtr10
N0.HOG0002150	Cmi02	Cpl05	Ler02	Loc11	Gga02	Xtr06
N0.HOG0002151	Cmi02	Cpl05	Ler02		Gga02	Xtr06
N0.HOG0002152	Cmi23	Cpl33	Ler27	Loc15	Gga27	Xtr10
N0.HOG0002153	Cmi02	Cpl05		Loc11	Gga02	Xtr01
N0.HOG0002154	Cmi14	Cpl17	Ler17	Loc23	Gga11	Xtr04
N0.HOG0002155	Cmi27	Cpl43	Ler40	Loc04		Xtr02
N0.HOG0002156	Cmi02	Cpl05	Ler02	Loc11	Gga02	Xtr06
N0.HOG0002157	Cmi23	Cpl33	Ler27	Loc15	Gga27	Xtr10
N0.HOG0002158	Cmi02	Cpl05	Ler02	Loc11	Gga02	Xtr06
N0.HOG0002159	Cmi02	Cpl05	Ler02	Loc11	Gga02	Xtr10, Xtr06
N0.HOG0002160	Cmi02		Ler02		Gga02	Xtr06
N0.HOG0002161	Cmi02	Cpl05	Ler02	Loc11, Loc12	Gga02	Xtr06
N0.HOG0002162	Cmi06	Cpl07	Ler07	Loc12	Gga07	Xtr09
N0.HOG0002163	Cmi02	Cpl05	Ler02	Loc11	Gga02	Xtr06
N0.HOG0002164	Cmi06	Cpl07	Ler07	Loc12	Gga07	Xtr09
N0.HOG0002165	Cmi02	Cpl05	Ler02	Loc11	Gga02	Xtr06
N0.HOG0002166	Cmi02	Cpl05		Loc11		Xtr06
N0.HOG0002167	Cmi23	Cpl33	Ler27	Loc12, Loc15	Gga07, Gga27	Xtr09
N0.HOG0002168	Cmi02	Cpl05	Ler02	Loc11	Gga02	Xtr06
N0.HOG0002169	Cmi06	Cpl07	Ler07	Loc12	Gga07	Xtr09
N0.HOG0002170	Cmi23	Cpl33	Ler27	Loc15	Gga27	Xtr10
N0.HOG0002171	Cmi02	Cpl05	Ler02	Loc09	Gga02	Xtr06
N0.HOG0002172	Cmi02	Cpl05	Ler02	Loc11	Gga02	Xtr06
N0.HOG0002173	Cmi23	Cpl33	Ler27	Loc15	Gga27	Xtr10
N0.HOG0002174	Cmi02	Cpl05	Ler02		Gga02	Xtr06
N0.HOG0002175	Cmi23	Cpl33	Ler27	Loc15	Gga27	Xtr10
N0.HOG0002176	Cmi02	Cpl05	Ler02	Loc11	Gga02	Xtr06
N0.HOG0002177	Cmi23	Cpl16	Ler27	Loc15	Gga27	Xtr10
N0.HOG0002178	Cmi06	Cpl07	LerSca	Loc12	Gga07	Xtr09
N0.HOG0002179	Cmi02	Cpl29	Ler02	Loc11	Gga02	Xtr06
N0.HOG0002180				Loc16, Loc09		
N0.HOG0002181	Cmi03	Cpl03	Ler05		Gga03	Xtr05
N0.HOG0002182	Cmi02	Cpl29	Ler02		Gga02	Xtr06
N0.HOG0002183	Cmi02	Cpl04	Ler04	Loc11	Gga02	Xtr06
N0.HOG0002184	Cmi14	Cpl17	Ler17	Loc23	Gga11	
N0.HOG0002185	Cmi02	Cpl04	Ler04	Loc11	Gga02	Xtr06
N0.HOG0002186	Cmi03			Loc01		
N0.HOG0002187	Cmi10	Cpl27	Ler26	Loc06		
N0.HOG0002188	Cmi02	Cpl04	Ler04	Loc09	Gga02	Xtr06
N0.HOG0002189	Cmi14	Cpl17	Ler17	Loc23	Gga11	Xtr04
N0.HOG0002190	Cmi03	Cpl03	Ler05	Loc01	Gga03	Xtr05
N0.HOG0002191	Cmi02	Cpl04	Ler04	Loc11	Gga02	Xtr06
N0.HOG0002192	Cmi18	Cpl20	Ler21	Loc18	Gga20	Xtr10
N0.HOG0002193	Cmi02	Cpl04	Ler04	Loc09	Gga02	Xtr06
N0.HOG0002194	Cmi10	Cpl27		Loc06	Gga23	Xtr02
N0.HOG0002195	Cmi02	Cpl04	Ler04	Loc09	Gga02	Xtr06
N0.HOG0002196	Cmi13	Cpl14	Ler11	Loc06	Gga13	Xtr03
N0.HOG0002197	Cmi02		Ler04	Loc09	Gga02	Xtr06
N0.HOG0002198		Cpl03, Cpl04				
N0.HOG0002199	Cmi02		Ler04	Loc09	Gga02	Xtr06
N0.HOG0002200	Cmi03		Ler05	Loc01	Gga03	Xtr05
N0.HOG0002201	Cmi18	Cpl20	Ler21	Loc18	Gga20	Xtr10
N0.HOG0002202	Cmi02	Cpl04	Ler04	Loc09	Gga02	Xtr06
N0.HOG0002203	Cmi02	Cpl04	Ler04	Loc11	Gga02	Xtr06
N0.HOG0002204	Cmi18	Cpl20	Ler21	Loc18	Gga20	Xtr10
N0.HOG0002205	Cmi18	Cpl20	Ler21	Loc18	Gga20	Xtr10
N0.HOG0002206	Cmi02	Cpl04	Ler04	Loc09	Gga02	Xtr06
N0.HOG0002207	Cmi02	Cpl04	Ler04	Loc09	Gga02	Xtr06
N0.HOG0002208	Cmi18	Cpl20	Ler21	Loc18	Gga20	Xtr10
N0.HOG0002209	Cmi02	Cpl04	Ler43	Loc11	Gga02	Xtr06
N0.HOG0002210	Cmi23	Cpl33	Ler27	Loc15	Gga27	Xtr10
N0.HOG0002211	Cmi03	Cpl03	Ler05	Loc16	Gga03	Xtr05
N0.HOG0002212	Cmi10	Cpl27	Ler26	Loc06	Gga23	Xtr02
N0.HOG0002213	Cmi03	Cpl03	Ler05	Loc16	Gga03	Xtr05
N0.HOG0002214		Cpl34	Ler30	Loc25	Gga21	Xtr07
N0.HOG0002215	Cmi03	CplSca	Ler05	Loc01	Gga03	Xtr07, Xtr05
N0.HOG0002216	Cmi10	Cpl27	Ler26	Loc06	Gga23	Xtr02
N0.HOG0002217	Cmi03	Cpl03	LerSca	Loc01	Gga03	Xtr05
N0.HOG0002218	Cmi03	Cpl03		Loc01	Gga03	Xtr05
N0.HOG0002219	Cmi18, Cmi03	Cpl20	Ler21	Loc18	Gga20	Xtr10
N0.HOG0002220	Cmi10	Cpl27	Ler26	Loc06	Gga23	Xtr02
N0.HOG0002221	Cmi03	Cpl03	Ler05	Loc01	Gga03	Xtr05
N0.HOG0002222	Cmi03	Cpl03	Ler05	Loc01	Gga03	Xtr05
N0.HOG0002223	Cmi10	Cpl27		Loc06	Gga23	Xtr02
N0.HOG0002224	Cmi03	Cpl03	Ler05	Loc01	Gga03	Xtr05
N0.HOG0002225	Cmi18	Cpl20	Ler21	Loc18	Gga20	Xtr10
N0.HOG0002226	Cmi10	Cpl27	Ler26	Loc06	Gga23	Xtr02
N0.HOG0002227	Cmi03	Cpl03	Ler05	Loc01	Gga03	Xtr05
N0.HOG0002228	Cmi03	Cpl03		Loc01	Gga03	Xtr05
N0.HOG0002229	Cmi03	Cpl03	Ler05	Loc11	Gga03	Xtr05
N0.HOG0002230	Cmi03		Ler14, Ler05	Loc01	Gga03	Xtr05
N0.HOG0002231	Cmi10	Cpl27	Ler26	Loc06	Gga23	Xtr02
N0.HOG0002232	Cmi03	Cpl03	Ler05	Loc01	Gga03	Xtr05
N0.HOG0002233	Cmi04	Cpl06	Ler06	Loc03	Gga01	Xtr02
N0.HOG0002234	Cmi03	Cpl03	Ler05	Loc01	Gga03	Xtr05
N0.HOG0002235	Cmi10	Cpl27	Ler26	Loc06	Gga23	Xtr02
N0.HOG0002236	Cmi03	Cpl03	Ler05	Loc01	Gga03	Xtr05
N0.HOG0002237	Cmi04	Cpl12	Ler13	Loc03	Gga01	Xtr02
N0.HOG0002238	Cmi03	Cpl03		Loc01	Gga03	Xtr05
N0.HOG0002239	Cmi10	Cpl27	Ler26	Loc06	Gga23	Xtr02
N0.HOG0002240	Cmi03	Cpl03	Ler05			Xtr05
N0.HOG0002241	Cmi15	Cpl12, Cpl15	Ler13, Ler12	Loc17	Gga01	Xtr02
N0.HOG0002242	Cmi03	Cpl03	Ler05	Loc01	Gga03	Xtr05
N0.HOG0002243	Cmi04	Cpl06	Ler06	Loc17	Gga01	Xtr02
N0.HOG0002244	Cmi10	Cpl27	Ler26	Loc06		
N0.HOG0002245	Cmi03	Cpl03	Ler04, Ler05	Loc01	Gga03	Xtr05
N0.HOG0002246	Cmi03	Cpl03	LerSca	Loc01	Gga03	Xtr05
N0.HOG0002247	Cmi04	Cpl12	Ler13	Loc14		
N0.HOG0002248	Cmi09	Cpl10	Ler09	Loc07	Gga05	Xtr08
N0.HOG0002249	Cmi03	Cpl03	Ler05	Loc16	Gga03	Xtr05
N0.HOG0002250	Cmi03	Cpl03		Loc16	Gga03	Xtr05
N0.HOG0002251	Cmi09	Cpl41	Ler38	Loc02, Loc07	Gga05	Xtr08
N0.HOG0002252	Cmi09	Cpl10	Ler09	Loc07	Gga05	Xtr08
N0.HOG0002253	Cmi03	Cpl03	Ler05	Loc16	Gga03	Xtr05
N0.HOG0002254	Cmi03	Cpl09	Ler08	Loc16	Gga03	Xtr05
N0.HOG0002255	Cmi09	Cpl10	Ler09	Loc07	Gga05	Xtr08
N0.HOG0002256	CmiSca	Cpl41	Ler38	Loc02	Gga38	Xtr08
N0.HOG0002257	Cmi03	Cpl09	Ler08	Loc01	Gga03	Xtr05
N0.HOG0002258	Cmi04	Cpl06	Ler06	Loc03	Gga01	Xtr02
N0.HOG0002259	Cmi03	Cpl09	Ler08	Loc01	Gga03	Xtr05
N0.HOG0002260	Cmi04	Cpl12	Ler13	Loc17	Gga01	Xtr02
N0.HOG0002261	Cmi03	Cpl09	Ler08	Loc01	Gga03	Xtr05
N0.HOG0002262	Cmi03	Cpl03	Ler05	Loc16	Gga03	Xtr05
N0.HOG0002263	Cmi03	Cpl03	Ler05	Loc01	Gga03	Xtr05
N0.HOG0002264	Cmi09	Cpl10	Ler09	Loc28, Loc02, Loc07	Gga05	Xtr08
N0.HOG0002265	Cmi03			Loc16	Gga03	Xtr05
N0.HOG0002266		Cpl10	Ler09	LocSca	Gga05	Xtr08
N0.HOG0002267		Cpl45	LerSca	Loc28, Loc01	Gga03	Xtr05
N0.HOG0002268		Cpl45	Ler05	Loc16	Gga03	Xtr05
N0.HOG0002269	Cmi03	Cpl09	Ler05	Loc28		Xtr04
N0.HOG0002270	Cmi09	Cpl10	Ler09	Loc07	Gga05	Xtr08
N0.HOG0002271	Cmi03	Cpl09	Ler08	Loc16	Gga03	Xtr05
N0.HOG0002272	Cmi03	Cpl09	Ler08	Loc16	Gga03	Xtr05
N0.HOG0002273	Cmi09	Cpl10	Ler09	Loc07	Gga05	Xtr08
N0.HOG0002274	Cmi03	Cpl09	Ler08	Loc16	Gga03	Xtr05
N0.HOG0002275		Cpl41	Ler38	Loc02	Gga39	Xtr08, Xtr04
N0.HOG0002276	Cmi03	Cpl09	Ler08	Loc16	Gga03	Xtr05
N0.HOG0002277	Cmi09	Cpl10	Ler09	Loc07	Gga05	Xtr08
N0.HOG0002278			Ler09, Ler05			
N0.HOG0002279	Cmi09	Cpl10		Loc07	Gga05	Xtr08
N0.HOG0002280	Cmi03	Cpl03		Loc01	Gga03	Xtr05
N0.HOG0002281	Cmi03	Cpl09	Ler08	Loc06, Loc01	Gga03	Xtr05
N0.HOG0002282	Cmi10	Cpl27	Ler26	LocSca	Gga23	
N0.HOG0002283	Cmi03	Cpl09	Ler08	Loc01	Gga03	Xtr05
N0.HOG0002284	Cmi10	Cpl27	Ler26	Loc06	Gga23	Xtr02
N0.HOG0002285	Cmi03	Cpl09	Ler08	Loc16	Gga03	Xtr05
N0.HOG0002286	Cmi03	Cpl09		Loc16	Gga03	Xtr05
N0.HOG0002287	Cmi03	Cpl09, Cpl45	Ler08, Ler44	Loc01	Gga03	Xtr05
N0.HOG0002288	Cmi25	Cpl35	Ler32	Loc26	Gga24	Xtr07
N0.HOG0002289	Cmi04	Cpl12	Ler13	Loc14	Gga01	Xtr02
N0.HOG0002290	Cmi04	Cpl12	Ler13	Loc14	Gga01	Xtr02
N0.HOG0002291	Cmi04	Cpl12	Ler13	Loc14	Gga01	Xtr02
N0.HOG0002292	Cmi04	Cpl12	Ler13	Loc14	Gga01	Xtr02
N0.HOG0002293	Cmi25	Cpl35	Ler32	Loc26	Gga24	Xtr07
N0.HOG0002294	Cmi04	Cpl07	Ler13	Loc17	Gga01	Xtr02
N0.HOG0002295	Cmi15	Cpl15	LerSca	Loc07	Gga04	Xtr08
N0.HOG0002296	Cmi04	Cpl12	Ler13	Loc03	Gga01	Xtr02
N0.HOG0002297	Cmi04	Cpl12	Ler13	Loc17	Gga01	Xtr02
N0.HOG0002298	Cmi04			Loc03		
N0.HOG0002299	Cmi04	Cpl06	Ler06	Loc03	Gga01	Xtr02
N0.HOG0002300	Cmi04	Cpl06	Ler06	Loc03	Gga01	Xtr02
N0.HOG0002301	Cmi11	Cpl13	Ler14	Loc14	Gga09	Xtr05
N0.HOG0002302	Cmi04	Cpl12		Loc14	Gga01	Xtr02
N0.HOG0002303	Cmi04	Cpl12	Ler13	Loc14		Xtr02
N0.HOG0002304	Cmi15	Cpl15	Ler12	Loc07	Gga04	Xtr08
N0.HOG0002305	Cmi13, Cmi04		Ler11	Loc06	Gga13	Xtr03
N0.HOG0002306	Cmi04	Cpl06	Ler06	Loc17	Gga01	Xtr02
N0.HOG0002307		Cpl06	Ler06	Loc17	Gga01	Xtr02
N0.HOG0002308					Gga08	Xtr04
N0.HOG0002309	Cmi04			Loc17		
N0.HOG0002310		Cpl06	Ler06	Loc07		
N0.HOG0002311	Cmi15		Ler12			
N0.HOG0002312	Cmi04	Cpl06	Ler06	Loc17	Gga01	Xtr02
N0.HOG0002313	Cmi15	Cpl15	Ler12	Loc07	Gga04	Xtr08
N0.HOG0002314	CmiSca	Cpl15	Ler12	Loc07	Gga04	Xtr08
N0.HOG0002315	Cmi04	Cpl12	Ler13	Loc17	Gga01	Xtr02
N0.HOG0002316	Cmi15	Cpl15	Ler12	Loc07	Gga04	Xtr08
N0.HOG0002317	Cmi04	Cpl12	Ler13	Loc17	Gga01	Xtr02
N0.HOG0002318	Cmi04	Cpl06	Ler06	Loc17	Gga01	Xtr02
N0.HOG0002319		Cpl13	Ler14	Loc14, Loc07	Gga09	Xtr05
N0.HOG0002320	Cmi15	Cpl15	Ler12	Loc07	Gga04	Xtr08
N0.HOG0002321	Cmi04	Cpl06	Ler06	Loc17	Gga01	Xtr02
N0.HOG0002322	Cmi15	Cpl15	Ler12	Loc07	Gga04	Xtr08
N0.HOG0002323	Cmi04	Cpl12	Ler13	Loc17	Gga01	Xtr02
N0.HOG0002324	Cmi13	Cpl14	Ler11	Loc06	Gga13	
N0.HOG0002325	Cmi04	Cpl10	Ler06	Loc03	Gga01	Xtr02
N0.HOG0002326	Cmi04	Cpl06	Ler06	Loc03	Gga01	Xtr02
N0.HOG0002327	Cmi15	Cpl15	Ler12	Loc07	Gga04	Xtr08
N0.HOG0002328	Cmi11	Cpl13	Ler14	Loc14	Gga09	Xtr05
N0.HOG0002329	Cmi04	Cpl06		Loc03, Loc02	Gga01	Xtr02
N0.HOG0002330	Cmi15	Cpl15	Ler12	Loc07	Gga04	Xtr08
N0.HOG0002331	Cmi04	Cpl06		Loc17	Gga01	Xtr02
N0.HOG0002332	Cmi04	Cpl06	Ler06	LocSca	Gga01	Xtr02
N0.HOG0002333	Cmi11	Cpl13		Loc14		
N0.HOG0002334	Cmi15			Loc07		Xtr08
N0.HOG0002335	Cmi04			Loc17	Gga01	Xtr02
N0.HOG0002336	Cmi15	Cpl15	Ler12	Loc07	Gga04	Xtr08
N0.HOG0002337	Cmi04	Cpl06	Ler06	Loc03	Gga01	Xtr02
N0.HOG0002338	Cmi04	Cpl06	Ler06	Loc03	Gga01	Xtr02
N0.HOG0002339	Cmi15	Cpl15	Ler12	Loc07	Gga04	Xtr08
N0.HOG0002340	Cmi04	Cpl06	Ler06	Loc03	Gga01	Xtr02
N0.HOG0002341	Cmi15	CplSca	Ler12	Loc07	Gga04	Xtr08
N0.HOG0002342	Cmi15	Cpl15	Ler12	Loc07	Gga04	Xtr08
N0.HOG0002343	Cmi04	Cpl06	Ler06	Loc03	Gga01	Xtr02
N0.HOG0002344	Cmi04	Cpl06	Ler06	Loc03	Gga01	Xtr02
N0.HOG0002345	Cmi04	Cpl06	Ler06	Loc03	Gga01	Xtr02
N0.HOG0002346	Cmi04	Cpl06	Ler06	Loc14	Gga01	Xtr02
N0.HOG0002347	Cmi11	Cpl13	Ler14	Loc14	Gga09	Xtr05
N0.HOG0002348	Cmi04	Cpl06	Ler06	Loc17	Gga01	Xtr02
N0.HOG0002349	Cmi13	Cpl14	Ler11	Loc06	Gga13	Xtr03
N0.HOG0002350	Cmi05	Cpl11	Ler10	Loc10	Gga08	Xtr04
N0.HOG0002351	Cmi21	Cpl31	Ler29	Loc19	Gga28	Xtr01
N0.HOG0002352	Cmi05	Cpl11	Ler10	Loc10		Xtr04
N0.HOG0002353	Cmi08	Cpl03	Ler31	Loc21	Gga17	Xtr08
N0.HOG0002354	Cmi05	Cpl11	Ler10	Loc10		Xtr04
N0.HOG0002355	Cmi05	Cpl11	Ler10	Loc10		Xtr04
N0.HOG0002356	Cmi08	Cpl30	Ler31	Loc21	Gga17	Xtr08
N0.HOG0002357	Cmi05	Cpl11	Ler10	Loc10	Gga08	Xtr04
N0.HOG0002358	Cmi08	Cpl34	Ler39	Loc21	Gga17	Xtr08
N0.HOG0002359	Cmi08	Cpl30	Ler31	Loc21	Gga17	Xtr08
N0.HOG0002360	Cmi05	Cpl11		Loc06, Loc10	Gga08	Xtr04
N0.HOG0002361	Cmi08	Cpl30	Ler31	Loc21	Gga17	Xtr08
N0.HOG0002362	Cmi05	Cpl11	Ler10	Loc10	Gga08	Xtr04
N0.HOG0002363	Cmi29	Cpl08	Ler39	Loc06		Xtr03
N0.HOG0002364	Cmi05	Cpl11	Ler10	Loc10	Gga08	Xtr04
N0.HOG0002365	CmiSca	Cpl08	Ler39	Loc06	Gga30	Xtr03
N0.HOG0002366	Cmi05	Cpl11	Ler10	Loc10	Gga08	Xtr04
N0.HOG0002367	Cmi05	Cpl23	Ler22	Loc08	Gga01	Xtr03
N0.HOG0002368	Cmi17	Cpl16	Ler18	Loc27	Gga05	Xtr04
N0.HOG0002369	Cmi05	Cpl23	Ler22	Loc08		Xtr03
N0.HOG0002370	Cmi05			Loc08	Gga01	Xtr03
N0.HOG0002371	Cmi17	Cpl16	Ler18	Loc27	Gga05	Xtr04
N0.HOG0002372	Cmi05	Cpl23	Ler22	Loc08	Gga01	Xtr03
N0.HOG0002373	Cmi19	Cpl26		Loc03	Gga26	Xtr02
N0.HOG0002374	Cmi05	Cpl23	Ler22	Loc08, Loc02	Gga01	Xtr03
N0.HOG0002375	Cmi17	Cpl26		Loc03	Gga05	Xtr04
N0.HOG0002376	Cmi05	Cpl19	Ler19	Loc08	Gga01	Xtr03
N0.HOG0002377	Cmi05	Cpl19		Loc08	Gga01	Xtr03
N0.HOG0002378	Cmi19	Cpl26	Ler24	Loc03		
N0.HOG0002379	Cmi17	Cpl16	Ler18	Loc27	Gga05	Xtr04
N0.HOG0002380	Cmi05	Cpl19	Ler19	Loc08	Gga01	Xtr03
N0.HOG0002381	Cmi05		Ler19	Loc08	Gga01	Xtr03
N0.HOG0002382	Cmi19	Cpl26	Ler24	Loc03	Gga26	Xtr02
N0.HOG0002383	Cmi05	Cpl19	Ler19	Loc08	Gga01	Xtr03
N0.HOG0002384	Cmi05	Cpl19	Ler19	Loc08	Gga01	Xtr03
N0.HOG0002385	Cmi19	Cpl26	Ler24	Loc03	Gga26	Xtr02
N0.HOG0002386	Cmi19	Cpl26	Ler24	Loc03	Gga26	Xtr02
N0.HOG0002387	Cmi05	Cpl19	Ler19	Loc08	Gga01	Xtr03
N0.HOG0002388	Cmi05	Cpl19	Ler19	Loc08	Gga01	Xtr03
N0.HOG0002389	Cmi19	Cpl26	Ler24	Loc03	Gga26	Xtr02
N0.HOG0002390	Cmi19	Cpl28	Ler24	Loc03	Gga26	Xtr02
N0.HOG0002391	Cmi05	Cpl19	Ler19	Loc08	Gga01	Xtr03
N0.HOG0002392	Cmi12	Cpl18	Ler16	Loc05	Gga12	Xtr04
N0.HOG0002393	Cmi05	Cpl19	Ler19	Loc08	Gga01	Xtr03
N0.HOG0002394	Cmi19	Cpl26	Ler24	Loc03	Gga26	Xtr02
N0.HOG0002395	Cmi05	Cpl19	Ler19	Loc08	Gga01	Xtr03
N0.HOG0002396	Cmi05	Cpl19	Ler19	Loc08	Gga01	Xtr03
N0.HOG0002397	Cmi17	Cpl16	Ler18	Loc27	Gga05	Xtr04
N0.HOG0002398	Cmi05	Cpl19	Ler19	Loc08	Gga01	Xtr03
N0.HOG0002399	Cmi19	Cpl26	Ler24	Loc03	Gga26	Xtr02
N0.HOG0002400	Cmi05	Cpl19	Ler19	LocSca	Gga01	Xtr03
N0.HOG0002401	Cmi12	Cpl18	Ler16	Loc05	Gga12	Xtr04
N0.HOG0002402	Cmi05	Cpl19	Ler19	Loc08	Gga01	Xtr03
N0.HOG0002403	Cmi12	Cpl18	Ler16	Loc05	Gga12	Xtr04
N0.HOG0002404	Cmi17	Cpl16	Ler18	Loc27	Gga05	Xtr04
N0.HOG0002405	Cmi05	Cpl19	Ler19	Loc08	Gga01	Xtr03
N0.HOG0002406	Cmi05	Cpl19	Ler19	Loc08	Gga01	Xtr03
N0.HOG0002407	Cmi12	Cpl18	Ler16	Loc05	Gga12	Xtr04
N0.HOG0002408	Cmi19	Cpl26	Ler24	Loc03	Gga26	Xtr02
N0.HOG0002409	Cmi05	Cpl19	Ler19	Loc08	Gga01	Xtr03
N0.HOG0002410	Cmi12	Cpl18	Ler16	Loc05	Gga12	Xtr04
N0.HOG0002411	Cmi05	Cpl19			Gga01	Xtr03
N0.HOG0002412	Cmi05	Cpl19	Ler19	Loc08	Gga01	Xtr03
N0.HOG0002413	Cmi19	Cpl26	Ler24	Loc03	Gga26	Xtr02
N0.HOG0002414	Cmi05	Cpl23	Ler22	Loc08	Gga01	Xtr03
N0.HOG0002415	Cmi19	Cpl26	Ler24	Loc03	Gga26	Xtr02
N0.HOG0002416	Cmi19	Cpl26	Ler24	Loc03	Gga26	Xtr02
N0.HOG0002417	Cmi05	Cpl23	Ler22	Loc08	Gga01	Xtr03
N0.HOG0002418	Cmi05	Cpl29, Cpl28, Cpl14, Cpl25			Gga03, GgaW	Xtr01
N0.HOG0002419	Cmi05	Cpl23	Ler22	Loc08	Gga01	Xtr03
N0.HOG0002420	Cmi12	Cpl18	Ler16	Loc05	Gga12	Xtr04
N0.HOG0002421	Cmi05	Cpl23	Ler22	Loc08	Gga01	Xtr03
N0.HOG0002422	Cmi19	Cpl28	Ler24	Loc03	Gga26	Xtr02
N0.HOG0002423	Cmi05	Cpl23	Ler22	Loc08		
N0.HOG0002424	Cmi05	Cpl23	Ler22	Loc08	Gga01	Xtr03
N0.HOG0002425	Cmi05	Cpl23	Ler22	Loc08	Gga01	Xtr03
N0.HOG0002426	Cmi12	Cpl18	Ler16	Loc05	Gga12	Xtr04
N0.HOG0002427	Cmi06	Cpl07	Ler07		Gga07	Xtr09
N0.HOG0002428	CmiSca	Cpl05	Ler02	Loc09	Gga02	Xtr06
N0.HOG0002429	CmiSca	Cpl43	Ler40	Loc04	Gga34	Xtr02
N0.HOG0002430	Cmi06	Cpl07	Ler07	Loc12	Gga07	Xtr09
N0.HOG0002431	Cmi23	Cpl33	Ler27	Loc15	Gga27	Xtr10
N0.HOG0002432	Cmi06	Cpl07	Ler07	Loc12	Gga07	Xtr09
N0.HOG0002433	Cmi27	Cpl42	Ler40	Loc03, Loc04		Xtr02
N0.HOG0002434	Cmi06	Cpl07	Ler07	Loc12	Gga07	Xtr09
N0.HOG0002435	Cmi06	Cpl07	Ler07	Loc12	Gga07	Xtr09
N0.HOG0002436	Cmi27	Cpl42	Ler40	Loc04	Gga34	Xtr02
N0.HOG0002437	Cmi06	Cpl07	Ler07	Loc12		Xtr09
N0.HOG0002438	Cmi27	Cpl43	Ler40	Loc04	Gga34	Xtr02
N0.HOG0002439	Cmi23	Cpl33	Ler27	Loc15	Gga27	Xtr10
N0.HOG0002440	Cmi06	Cpl07	Ler07	Loc12	Gga07	Xtr09
N0.HOG0002441	Cmi06	Cpl07	Ler07	Loc12	Gga07	Xtr09
N0.HOG0002442	Cmi27	Cpl43	Ler40	Loc04	Gga34	Xtr02
N0.HOG0002443	Cmi28	Cpl42	Ler35	Loc01		
N0.HOG0002444		Cpl01		Loc04		
N0.HOG0002445		Cpl22	Ler15	Loc05		
N0.HOG0002446	Cmi07	Cpl22	Ler15	Loc05	Gga06	Xtr07
N0.HOG0002447	Cmi28	Cpl42	Ler35	Loc01	Gga22	Xtr03
N0.HOG0002448	Cmi07	Cpl22	Ler15	Loc05	Gga06	Xtr07
N0.HOG0002449	Cmi13	Cpl14	Ler11	Loc06	Gga13	Xtr03
N0.HOG0002450	Cmi07	Cpl38	Ler34	Loc05	Gga06	
N0.HOG0002451	Cmi28	Cpl42	Ler35	Loc01	Gga22	
N0.HOG0002452	Cmi07	Cpl38	Ler34	Loc05	Gga06	Xtr07
N0.HOG0002453	Cmi27	Cpl42	Ler35	Loc01	Gga22	Xtr03
N0.HOG0002454	Cmi28	Cpl42	Ler35	Loc01	Gga22	Xtr03
N0.HOG0002455	Cmi07	Cpl38	Ler34	Loc05	Gga06	Xtr07
N0.HOG0002456	Cmi07	Cpl22	Ler15	LocSca	Gga06	Xtr07
N0.HOG0002457	Cmi28	Cpl42	Ler35	Loc01	Gga22	
N0.HOG0002458	Cmi07	Cpl22	Ler15	Loc05	Gga06	
N0.HOG0002459	Cmi10	Cpl28	Ler28	Loc22	Gga19	Xtr02
N0.HOG0002460	Cmi08	CplSca	Ler25	LocSca	Gga15	Xtr01
N0.HOG0002461	Cmi10	Cpl28		Loc22	Gga19	Xtr02
N0.HOG0002462	Cmi08	Cpl25	Ler25	Loc20	Gga15	Xtr01
N0.HOG0002463	Cmi08	Cpl25	Ler25	Loc20	Gga15	Xtr01
N0.HOG0002464	Cmi10	Cpl28	Ler28	Loc22	Gga19	Xtr02
N0.HOG0002465	Cmi10	Cpl28	Ler28	Loc22	Gga19	Xtr02
N0.HOG0002466	Cmi08	Cpl25	Ler25	Loc20	Gga15	Xtr01
N0.HOG0002467	Cmi10	Cpl28	Ler28	Loc22	Gga19	Xtr02
N0.HOG0002468	Cmi08	Cpl25	Ler25	Loc20	Gga15	Xtr01
N0.HOG0002469	Cmi08	Cpl25	Ler25	Loc20	Gga15	Xtr01
N0.HOG0002470	CmiSca	Cpl28	Ler28	Loc22	Gga19	Xtr02
N0.HOG0002471	Cmi10	Cpl28			Gga19	Xtr02
N0.HOG0002472	Cmi08	Cpl25	Ler25		Gga15	Xtr01
N0.HOG0002473		Cpl28				Xtr02
N0.HOG0002474	Cmi08	Cpl25	Ler25	Loc20	Gga15	Xtr01
N0.HOG0002475	Cmi10	Cpl28	Ler28	Loc22	Gga19	Xtr02
N0.HOG0002476	Cmi08	CplSca	Ler25	Loc09		Xtr01
N0.HOG0002477	Cmi10	Cpl28	Ler28	Loc22	Gga19	Xtr02, Xtr09
N0.HOG0002478	Cmi08	Cpl25	Ler25	Loc20	Gga15	Xtr01
N0.HOG0002479	Cmi10	Cpl28	Ler28	Loc22	Gga19	Xtr02
N0.HOG0002480	Cmi08	Cpl25	Ler25	Loc20	Gga15	Xtr01
N0.HOG0002481	Cmi08	Cpl25	Ler25	Loc20	Gga15	Xtr01
N0.HOG0002482	Cmi10	Cpl28	Ler28	Loc09, Loc22	Gga19	
N0.HOG0002483	Cmi10	Cpl28	Ler28	Loc22	Gga19	Xtr02
N0.HOG0002484	Cmi08	Cpl25	Ler25	Loc20	Gga15	Xtr01
N0.HOG0002485	Cmi10	Cpl28	Ler28	Loc22	Gga19	Xtr02
N0.HOG0002486	Cmi08	Cpl25	Ler25	Loc20	Gga15	Xtr01
N0.HOG0002487	Cmi08					Xtr09
N0.HOG0002488		Cpl25				Xtr01
N0.HOG0002489	Cmi10	Cpl28	Ler28	Loc20, Loc14, Loc22, Loc05	Gga19	
N0.HOG0002490	Cmi29	Cpl08	Ler39	Loc06	Gga30	
N0.HOG0002491	Cmi08	Cpl30	Ler31	Loc21	Gga17	Xtr08
N0.HOG0002492	Cmi29		Ler39	Loc06	Gga30, Gga08	Xtr04
N0.HOG0002493	Cmi08	Cpl30	Ler31	Loc21	Gga17	Xtr08
N0.HOG0002494	Cmi09	Cpl10		Loc07		Xtr08
N0.HOG0002495		Cpl03	LerSca		Gga03	Xtr05
N0.HOG0002496			Ler08			Xtr05
N0.HOG0002497		Cpl41	Ler38	Loc02	Gga38	Xtr08
N0.HOG0002498	Cmi09	Cpl10	Ler09	Loc07	Gga05	Xtr08
N0.HOG0002499	Cmi09	Cpl41	Ler38, Ler09	Loc02		Xtr08
N0.HOG0002500		Cpl10	Ler09	Loc07	Gga05	Xtr08
N0.HOG0002501	Cmi09	Cpl10	Ler09	Loc07	Gga05	Xtr08
N0.HOG0002502	CmiSca	Cpl41	Ler38	Loc02	Gga38	Xtr08
N0.HOG0002503	CmiSca	Cpl41	Ler38	Loc03, Loc02		Xtr08
N0.HOG0002504	Cmi09	Cpl10	Ler09	Loc07	Gga05	Xtr08
N0.HOG0002505		Cpl41	Ler38	Loc02	Gga38	Xtr08
N0.HOG0002506	Cmi09	Cpl10	Ler09	Loc07	Gga05	Xtr08
N0.HOG0002507	Cmi24	Cpl34		Loc25	Gga21	Xtr07
N0.HOG0002508	Cmi11	Cpl13	Ler14	Loc14, Loc26	Gga09	Xtr05
N0.HOG0002509	Cmi11	Cpl13	Ler14	Loc14	Gga09	Xtr05
N0.HOG0002510	Cmi24	Cpl34	Ler30	Loc25	Gga21	Xtr07
N0.HOG0002511	Cmi11	Cpl13	Ler14	Loc14	Gga09	Xtr05
N0.HOG0002512	Cmi24	Cpl34	Ler30	Loc25	Gga21	Xtr07
N0.HOG0002513	Cmi11	Cpl13	Ler14	Loc14	Gga09	Xtr05
N0.HOG0002514		Cpl43	LerSca	Loc02		Xtr03
N0.HOG0002515	Cmi11	Cpl13	Ler14	Loc14	Gga09	
N0.HOG0002516	Cmi24	Cpl34	Ler30	Loc25	Gga21	Xtr07
N0.HOG0002517	CmiSca	Cpl48	LerSca	Loc02		Xtr03
N0.HOG0002518	Cmi11	Cpl13	Ler14	Loc14	Gga09	Xtr05
N0.HOG0002519	Cmi11	Cpl13		Loc14		Xtr05
N0.HOG0002520	Cmi11, Cmi15	Cpl13		Loc14	Gga09	Xtr05
N0.HOG0002521	Cmi24	Cpl34	Ler30	Loc25	Gga21	Xtr07
N0.HOG0002522	Cmi11	Cpl13	Ler14	Loc14	Gga09	Xtr05
N0.HOG0002523	Cmi11	Cpl13	Ler14	Loc14		Xtr05
N0.HOG0002524	Cmi24	Cpl34	Ler30	Loc25		Xtr07
N0.HOG0002525	CmiSca	Cpl48	LerSca	Loc02		Xtr03
N0.HOG0002526	Cmi11	Cpl13	Ler14	Loc14	Gga09	Xtr05
N0.HOG0002527		Cpl34	Ler14		Gga21, Gga09	Xtr07
N0.HOG0002528	Cmi24, Cmi11	Cpl13	Ler30	Loc14, Loc25		Xtr05
N0.HOG0002529	Cmi24	Cpl34	Ler30	Loc25	Gga21	Xtr07
N0.HOG0002530	Cmi11	Cpl13	Ler14	Loc14	Gga09	Xtr05
N0.HOG0002531	Cmi11	Cpl13	Ler14	Loc14	Gga09	Xtr05
N0.HOG0002532	Cmi24	Cpl34		Loc25	Gga21	Xtr07
N0.HOG0002533	Cmi13	Cpl14	Ler11	Loc06	Gga13	Xtr03
N0.HOG0002534	CmiSca	Cpl01	Ler01	Loc04	Gga04	Xtr01
N0.HOG0002535	Cmi13	Cpl14	Ler11	Loc06	Gga13	Xtr03
N0.HOG0002536	Cmi13	Cpl14	Ler11	Loc06	Gga13, Gga01	Xtr03
N0.HOG0002537		Cpl32	Ler01	Loc04		
N0.HOG0002538	Cmi13		Ler11, Ler10, Ler02, Ler30, Ler03, Ler09, Ler24, Ler19, Ler06			
N0.HOG0002539	Cmi18	Cpl20	Ler21	Loc18	Gga20	
N0.HOG0002540	Cmi14	Cpl17	Ler17	Loc23	Gga11	Xtr04
N0.HOG0002541	Cmi14	Cpl17	Ler17	Loc23	Gga11	
N0.HOG0002542	Cmi18	Cpl20	Ler21	Loc11, Loc18		
N0.HOG0002543	Cmi15	Cpl15	Ler12	Loc07	Gga04	Xtr08
N0.HOG0002544		Cpl06	Ler45	Loc03, Loc02	Gga01	Xtr02
N0.HOG0002545	Cmi16	Cpl21	Ler20	Loc13	Gga14	Xtr09
N0.HOG0002546	Cmi20	Cpl24	Ler23	Loc10	Gga18	Xtr10
N0.HOG0002547	Cmi31	Cpl39	Ler37	Loc12	Gga01	Xtr04
N0.HOG0002548	Cmi16	Cpl21	Ler20	Loc13	Gga14	Xtr09
N0.HOG0002549	Cmi16	Cpl21	Ler20		Gga14	Xtr09
N0.HOG0002550	Cmi20	Cpl24	Ler23	Loc10	Gga18	Xtr09
N0.HOG0002551	Cmi20, Cmi16	Cpl21	Ler20	Loc13	Gga14	Xtr09
N0.HOG0002552	Cmi16	Cpl21	Ler20	Loc13	Gga14	Xtr09
N0.HOG0002553	Cmi31	Cpl39	Ler37	Loc12	Gga01	Xtr04
N0.HOG0002554	Cmi16	Cpl21	Ler20	Loc13	Gga14	Xtr09
N0.HOG0002555	Cmi20	Cpl24	Ler23	Loc10	Gga18	Xtr10
N0.HOG0002556	Cmi16	Cpl21	Ler20	Loc13		Xtr09
N0.HOG0002557	Cmi20	Cpl24	Ler23	Loc10, Loc02	Gga18	Xtr10
N0.HOG0002558	Cmi16	Cpl21	Ler20	Loc13	Gga14	
N0.HOG0002559	Cmi20	CplSca	Ler23	Loc10	Gga18	Xtr10
N0.HOG0002560	Cmi16	Cpl21	Ler20	Loc13	Gga14	Xtr09
N0.HOG0002561	Cmi20	Cpl24	Ler23	Loc10	Gga18	Xtr10
N0.HOG0002562	Cmi16	Cpl21	Ler20	Loc13	Gga14	Xtr09
N0.HOG0002563	Cmi20	Cpl24	Ler23	LocSca	Gga18	Xtr10
N0.HOG0002564	Cmi31	Cpl39	Ler37	Loc12	Gga01	Xtr04
N0.HOG0002565	Cmi16	Cpl21	Ler20	Loc13	Gga14	Xtr09
N0.HOG0002566	Cmi20	Cpl24	Ler23	Loc10	Gga18	Xtr10
N0.HOG0002567	Cmi16	Cpl21	Ler20		Gga14	Xtr09
N0.HOG0002568	Cmi16	Cpl21	Ler20		Gga14	Xtr09
N0.HOG0002569	Cmi16	Cpl21	Ler20	Loc13	Gga14	Xtr09
N0.HOG0002570	Cmi20	Cpl24	Ler23	Loc10	Gga18	Xtr10
N0.HOG0002571	Cmi19	Cpl26	Ler24	Loc03		Xtr02
N0.HOG0002572	Cmi17	Cpl16	Ler18	Loc08	Gga05	Xtr03, Xtr04
N0.HOG0002573	CmiSca	Cpl39	Ler37	Loc08		Xtr07
N0.HOG0002574	Cmi17	CplSca	Ler18	Loc27	Gga05	Xtr04
N0.HOG0002575	Cmi17	Cpl16	Ler18	Loc27	Gga05	Xtr04
N0.HOG0002576	Cmi31	Cpl39	Ler37	Loc08	Gga01	Xtr07
N0.HOG0002577	Cmi18	Cpl20	Ler21	Loc18	Gga20	Xtr10
N0.HOG0002578		Cpl06, Cpl04	Ler04	Loc09	Gga02	Xtr06
N0.HOG0002579		Cpl04	Ler04	Loc09	Gga02	Xtr06
N0.HOG0002580	Cmi18	Cpl20	Ler04, Ler21	Loc18	Gga20	Xtr10
N0.HOG0002581	Cmi18	Cpl35	Ler17, Ler21	Loc23	Gga20	Xtr10
N0.HOG0002582		Cpl17	Ler17	Loc23		
N0.HOG0002583	Cmi19	Cpl26	Ler24	Loc03	Gga26	Xtr02
N0.HOG0002584	Cmi19	CplSca	Ler24	Loc05	Gga25	Xtr08
N0.HOG0002585		CplSca		Loc24		Xtr07
N0.HOG0002586			LerSca	Loc24		Xtr07
N0.HOG0002587					Gga18	Xtr08
N0.HOG0002588	Cmi20	Cpl24	Ler23	Loc10		
N0.HOG0002589	Cmi20	Cpl24	Ler23	Loc10		
N0.HOG0002590		CplSca	Ler23	Loc10	Gga18	Xtr10
N0.HOG0002591		Cpl39		Loc12, Loc13	Gga01	Xtr04, Xtr09
N0.HOG0002592	Cmi21	Cpl31	Ler29	Loc13	Gga14	
N0.HOG0002593	Cmi20	Cpl24	Ler23	Loc10	Gga18	Xtr10
N0.HOG0002594	Cmi26	Cpl40	Ler36	Loc03		Xtr03
N0.HOG0002595	Cmi21	Cpl31		Loc24, Loc19	Gga25	Xtr01, Xtr08
N0.HOG0002596	Cmi21	Cpl31	Ler29		Gga28	Xtr01
N0.HOG0002597	Cmi21	Cpl31	Ler29	Loc19	Gga28	Xtr01
N0.HOG0002598	Cmi26	Cpl36	Ler33	Loc03	Gga10	Xtr03
N0.HOG0002599	Cmi22	Cpl32	Ler33	Loc03	Gga10	Xtr03
N0.HOG0002600	Cmi21	Cpl31	Ler29	Loc19	Gga28	Xtr01
N0.HOG0002601	Cmi22	Cpl36	Ler33	Loc03	Gga10	Xtr03
N0.HOG0002602	CmiSca	Cpl51	LerSca		Gga25	Xtr08
N0.HOG0002603	Cmi22	Cpl32	Ler33	Loc03	Gga10	Xtr03
N0.HOG0002604	CmiSca	Cpl02	Ler03	Loc04	GgaZ	Xtr01
N0.HOG0002605		Cpl33	Ler27	Loc15	Gga27	Xtr10
N0.HOG0002606	Cmi23	Cpl33	Ler27	Loc15	Gga22	Xtr03
N0.HOG0002607	Cmi23	Cpl33	Ler27	Loc15	Gga27	Xtr10
N0.HOG0002608		Cpl33, Cpl04	Ler49	Loc09	Gga02	Xtr06
N0.HOG0002609	Cmi23		Ler27	Loc15	Gga27	Xtr10, Xtr07
N0.HOG0002610	Cmi24	Cpl34	Ler30	Loc25	Gga21	Xtr05
N0.HOG0002611	Cmi24	Cpl34	Ler30	Loc26, Loc25	Gga21, Gga01	Xtr07
N0.HOG0002612	Cmi24	Cpl34	Ler30	Loc25	Gga21	Xtr07
N0.HOG0002613	Cmi24	Cpl34	Ler30	Loc25	Gga21	Xtr07
N0.HOG0002614	Cmi24	Cpl34	Ler30	Loc25	Gga04	Xtr03
N0.HOG0002615		Cpl05	Ler02	Loc01		Xtr02, Xtr01
N0.HOG0002616	Cmi27	Cpl43	Ler40	Loc04	Gga34	Xtr02
N0.HOG0002617	Cmi27	Cpl43, Cpl07	Ler40		Gga07	Xtr09
N0.HOG0002618	Cmi29	Cpl08	Ler39	Loc06	Gga38	Xtr03
N0.HOG0002619	CmiSca	Cpl02	Ler03	Loc02	GgaZ	Xtr01
N0.HOG0002620	Cmi29	Cpl08	Ler39	Loc06		
N0.HOG0002621			LerSca	Loc16, Loc01	Gga08	Xtr05
N0.HOG0002622	Cmi30	Cpl13	Ler34, Ler14	Loc21	Gga17	Xtr08
N0.HOG0002623	Cmi31	Cpl39	Ler37	Loc12, Loc09	Gga01	Xtr04
N0.HOG0002624			Ler18	Loc08, Loc27	Gga05	Xtr03, Xtr04
N0.HOG0002625	Cmi31	Cpl39, Cpl16	Ler37			Xtr07
N0.HOG0002626	CmiSca	Cpl48	LerSca	Loc02		Xtr08, Xtr04
N0.HOG0002627	CmiSca	CplSca	LerSca		Gga25	Xtr08
N0.HOG0002628	CmiSca	Cpl01	Ler01	Loc02	GgaZ, GgaW	Xtr01
N0.HOG0002629	CmiSca	Cpl08	Ler39		Gga30	Xtr03
N0.HOG0002630	CmiSca	Cpl45, Cpl37	Ler44, Ler42	Loc28	Gga39	Xtr04
N0.HOG0002631	CmiSca	Cpl07	Ler07	Loc12	Gga07	Xtr09
N0.HOG0002632		Cpl07		Loc12	Gga07	Xtr09
N0.HOG0002633		Cpl09	Ler08	LocSca	Gga03	Xtr05
N0.HOG0002634		Cpl45		Loc07	Gga05	Xtr08
N0.HOG0002635		Cpl12		Loc28		
N0.HOG0002636		Cpl16	Ler18	Loc23, Loc27	Gga05, Gga02	Xtr06, Xtr07, Xtr04
N0.HOG0002637		Cpl26	Ler24	Loc03, Loc12	Gga26	Xtr02
N0.HOG0002638		Cpl41			Gga01	Xtr07
N0.HOG0002639		Cpl47		Loc06		Xtr02, Xtr09
N0.HOG0002640					Gga10	Xtr01, Xtr08
N0.HOG0002641					Gga14	
N0.HOG0002642				Loc02, Loc05	Gga26	Xtr06, Xtr10, Xtr08, Xtr05, Xtr09
N0.HOG0002643			Ler01, Ler12, Ler18, Ler10, Ler09, Ler17, Ler21			
N0.HOG0002644			Ler01, Ler14, Ler05, Ler27, Ler11, Ler07, Ler08, Ler03			
N0.HOG0002645			Ler05, Ler07, Ler16, Ler02, Ler32, Ler37, Ler22, Ler04, Ler09			
N0.HOG0002646			Ler05, Ler23, Ler29, Ler18, Ler16, Ler02, Ler22, Ler04			
N0.HOG0002647			Ler08, Ler01, Ler02, Ler05, Ler03, Ler07, Ler09			
N0.HOG0002648			Ler04	Loc09		Xtr06
N0.HOG0002649			Ler08	Loc07, Loc16, Loc06, Loc01		
N0.HOG0002650				Loc02, Loc05		
N0.HOG0002651				Loc02		Xtr06, Xtr01, Xtr03
N0.HOG0002652						Xtr07, Xtr08, Xtr03, Xtr04, Xtr02, Xtr10, Xtr05, Xtr01
N0.HOG0002653						Xtr01, Xtr04, Xtr05
N0.HOG0002654						Xtr07, Xtr02, Xtr06, Xtr05, Xtr01, Xtr04
N0.HOG0002655						Xtr07, Xtr06, Xtr08, Xtr03, Xtr09, Xtr02, Xtr05, Xtr01
N0.HOG0002656						Xtr08, Xtr03
N0.HOG0002657						Xtr03, Xtr08, Xtr04, Xtr05
N0.HOG0002658						Xtr03
N0.HOG0002659						Xtr06, Xtr09, Xtr05
N0.HOG0002660						Xtr07
N0.HOG0002661						Xtr08
N0.HOG0002662	Cmi15	Cpl15	Ler12		Gga04	Xtr08
N0.HOG0002663	Cmi01	Cpl32	Ler01	Loc04	Gga04	Xtr01
N0.HOG0002664	Cmi01	Cpl32	Ler01		Gga04	Xtr01
N0.HOG0002665	Cmi13	Cpl14	Ler11		Gga13	Xtr03
N0.HOG0002666	Cmi01	Cpl02	Ler03	Loc04	GgaZ	Xtr01
N0.HOG0002667	Cmi01	Cpl02		Loc04		Xtr01
N0.HOG0002668	Cmi07	Cpl38	Ler34	Loc05	Gga06	Xtr07
N0.HOG0002669	Cmi01	Cpl02		Loc04	GgaZ	Xtr01
N0.HOG0002670	Cmi11	Cpl13	Ler14	Loc14	Gga09	
N0.HOG0002671	Cmi01	Cpl02	Ler03		Gga09	
N0.HOG0002672	Cmi01	Cpl32	Ler01	Loc04	Gga04	Xtr01
N0.HOG0002673	Cmi13	Cpl14	Ler11	Loc06		Xtr03
N0.HOG0002674	Cmi01	Cpl32	Ler01	Loc04	Gga04	Xtr01
N0.HOG0002675	Cmi13	Cpl14	Ler11	Loc06		Xtr03
N0.HOG0002676	Cmi07	Cpl38	Ler34	Loc05	Gga06	Xtr07
N0.HOG0002677	Cmi01	Cpl02		Loc02	Gga04	Xtr01
N0.HOG0002678	Cmi13	Cpl14		Loc06	Gga13	Xtr03
N0.HOG0002679	Cmi01	Cpl32	Ler01	Loc02	Gga04	Xtr01
N0.HOG0002680	Cmi13	Cpl14	Ler11	Loc06	Gga13	Xtr03
N0.HOG0002681	Cmi01	Cpl01		Loc04	Gga04	Xtr01
N0.HOG0002682	Cmi13	Cpl14	Ler11	Loc06	Gga13	
N0.HOG0002683	Cmi01	Cpl01	Ler01	Loc04	Gga04	Xtr01
N0.HOG0002684	Cmi13	Cpl14	Ler11	Loc06	Gga13	
N0.HOG0002685	Cmi01	Cpl01	Ler01	Loc04	Gga04	
N0.HOG0002686	Cmi01	Cpl01	Ler01	Loc04		Xtr01
N0.HOG0002687	Cmi04	Cpl06	Ler06	Loc03	Gga01	Xtr02
N0.HOG0002688	Cmi01		Ler01	Loc04	Gga04	Xtr01
N0.HOG0002689	Cmi13	Cpl14	Ler11	Loc06	Gga13	Xtr03
N0.HOG0002690	Cmi04	CplSca		Loc03	Gga01	Xtr02
N0.HOG0002691	Cmi01	Cpl01		Loc04	Gga04	Xtr01
N0.HOG0002692	Cmi01	Cpl32		Loc04	Gga04	Xtr01
N0.HOG0002693	Cmi13	Cpl14	Ler11	Loc06	Gga13	Xtr03
N0.HOG0002694	Cmi15	Cpl15	Ler12	Loc07	Gga04	Xtr08
N0.HOG0002695	Cmi01	Cpl32	Ler01	Loc04	Gga04	
N0.HOG0002696	Cmi01	Cpl32	Ler01	Loc04	Gga04	Xtr01
N0.HOG0002697	Cmi07	Cpl22	Ler15	Loc05		Xtr07
N0.HOG0002698	Cmi01	Cpl01	Ler01	Loc04	Gga04	Xtr01
N0.HOG0002699	Cmi07	Cpl38	Ler34	Loc05		Xtr07
N0.HOG0002700		Cpl42	Ler35	Loc01	Gga22	Xtr03
N0.HOG0002701	Cmi01	Cpl01	Ler01	Loc02	Gga04	Xtr01
N0.HOG0002702	Cmi13	Cpl14	Ler11	Loc06	Gga13	
N0.HOG0002703	Cmi01	Cpl01	Ler01	Loc04	Gga04	Xtr01
N0.HOG0002704	Cmi01	Cpl01		Loc04	Gga04	Xtr01
N0.HOG0002705	Cmi13	Cpl14	Ler11	Loc06	Gga13	Xtr03
N0.HOG0002706	Cmi13	Cpl14	Ler11	Loc06	Gga13	Xtr03
N0.HOG0002707	Cmi01	Cpl01	Ler01	Loc04	Gga04	
N0.HOG0002708				Loc06, Loc04		
N0.HOG0002709	Cmi13	Cpl14	Ler11		Gga13	Xtr03
N0.HOG0002710	Cmi01	Cpl01	Ler01			Xtr01
N0.HOG0002711	Cmi01	Cpl01		Loc04	Gga04	Xtr01
N0.HOG0002712	Cmi04	Cpl06	Ler06	Loc03	Gga01	Xtr02
N0.HOG0002713	Cmi13	Cpl14	Ler11	Loc06	Gga13	Xtr03
N0.HOG0002714	Cmi01	Cpl02	Ler03		Gga04	Xtr01
N0.HOG0002715	Cmi01	Cpl02	Ler41	Loc03	Gga04	Xtr01
N0.HOG0002716	Cmi13	Cpl14	Ler11	Loc06		Xtr03
N0.HOG0002717	Cmi01	Cpl02	Ler03	Loc04	Gga04	Xtr01
N0.HOG0002718	Cmi13	Cpl14	Ler11	Loc06	Gga13	
N0.HOG0002719	Cmi01	Cpl01	Ler01		Gga04	Xtr01
N0.HOG0002720	Cmi13	Cpl14	Ler11		Gga13	Xtr03
N0.HOG0002721	Cmi01	Cpl01		Loc04	Gga04	Xtr01
N0.HOG0002722	Cmi13	Cpl14	Ler11	Loc06	Gga13	Xtr03
N0.HOG0002723	Cmi01	Cpl01	Ler01	Loc04		Xtr01
N0.HOG0002724	Cmi13	CplSca	Ler11		Gga13	Xtr03
N0.HOG0002725	Cmi01	Cpl01	LerSca		Gga04	Xtr01
N0.HOG0002726	Cmi07	Cpl22	Ler15	Loc05	Gga06	Xtr07
N0.HOG0002727	Cmi13	Cpl14	Ler11		Gga13	
N0.HOG0002728	Cmi01	Cpl01	LerSca		Gga04	
N0.HOG0002729	Cmi01	Cpl01		Loc04	Gga04	Xtr01
N0.HOG0002730	Cmi13	Cpl14	Ler11	Loc06	Gga13	Xtr03
N0.HOG0002731					Gga06	Xtr07
N0.HOG0002732	Cmi07	Cpl22	Ler15	Loc05		
N0.HOG0002733	Cmi01			Loc01		
N0.HOG0002734	Cmi01	Cpl02	Ler03	Loc02, Loc05, Loc01	Gga04, Gga06	Xtr01, Xtr07
N0.HOG0002735	Cmi07	Cpl22		Loc05	Gga06	Xtr07
N0.HOG0002736	Cmi01	Cpl02	Ler03	Loc02	Gga04	Xtr01
N0.HOG0002737	Cmi01	Cpl32		Loc02	Gga04	Xtr01
N0.HOG0002738	Cmi28	Cpl42	Ler35	Loc01	Gga22	Xtr03
N0.HOG0002739		Cpl40	Ler36	Loc03	Gga10	Xtr03
N0.HOG0002740	Cmi01	Cpl02	Ler03	Loc04	GgaZ	Xtr01
N0.HOG0002741	Cmi01	Cpl02	Ler03	Loc02	GgaZ	Xtr01
N0.HOG0002742	Cmi01	Cpl02	Ler03	Loc02	GgaZ	Xtr01
N0.HOG0002743	Cmi21	Cpl31		Loc19	Gga28	Xtr01
N0.HOG0002744	Cmi01	Cpl02	Ler03	Loc02	GgaZ	
N0.HOG0002745		Cpl51	LerSca	Loc24, Loc19	Gga25	Xtr08
N0.HOG0002746					GgaZ	Xtr01
N0.HOG0002747	Cmi01	Cpl02	Ler03	Loc02		
N0.HOG0002748	Cmi21		Ler29	Loc19		
N0.HOG0002749	Cmi01	Cpl02	Ler03	Loc02	GgaZ	Xtr01
N0.HOG0002750	Cmi21	Cpl31	Ler29	Loc19	Gga28	
N0.HOG0002751	Cmi21	Cpl31	Ler29		Gga28	Xtr01
N0.HOG0002752	Cmi01	Cpl02	Ler03	Loc02	GgaZ	Xtr01
N0.HOG0002753	Cmi01	Cpl02	Ler03		GgaZ	Xtr01
N0.HOG0002754	Cmi01	Cpl02	Ler03	Loc02	GgaZ	Xtr01
N0.HOG0002755	Cmi01	Cpl02	Ler03	Loc02	GgaZ	Xtr01
N0.HOG0002756	Cmi29	Cpl08	Ler39	Loc06		Xtr03
N0.HOG0002757	Cmi01	Cpl02	Ler29	Loc24, Loc02	Gga25, GgaZ	Xtr01, Xtr08
N0.HOG0002758	Cmi01	Cpl02	Ler03	Loc02	GgaZ	Xtr01
N0.HOG0002759	Cmi22	Cpl32		Loc03	Gga10	Xtr03
N0.HOG0002760	Cmi01	Cpl01	Ler01	Loc02	GgaZ, GgaW	Xtr01
N0.HOG0002761		Cpl08	Ler39	Loc06		
N0.HOG0002762	Cmi21	Cpl31	Ler29	Loc19		Xtr01
N0.HOG0002763	Cmi01	Cpl01		Loc02		Xtr01
N0.HOG0002764		Cpl36	Ler33	Loc03		Xtr03
N0.HOG0002765	Cmi01	Cpl01	Ler01	Loc02	GgaW, GgaZ	Xtr01
N0.HOG0002766	Cmi27	Cpl43	Ler40		Gga34	Xtr02
N0.HOG0002767	Cmi02	Cpl05	Ler02	Loc09	Gga02	Xtr06
N0.HOG0002768		Cpl07	LerSca	Loc12	Gga07	Xtr09
N0.HOG0002769	Cmi02	Cpl05	Ler02	Loc09	Gga02	Xtr06
N0.HOG0002770	Cmi23	Cpl33	Ler27	Loc15	Gga27	
N0.HOG0002771	Cmi02	Cpl05	Ler02	Loc09	Gga02	Xtr06
N0.HOG0002772	Cmi23	Cpl33	Ler27	Loc15	Gga27	
N0.HOG0002773	Cmi02	Cpl05	Ler02	Loc09	Gga02	Xtr06
N0.HOG0002774	Cmi27	Cpl43	Ler40	Loc04		Xtr02
N0.HOG0002775	Cmi02	Cpl05	Ler02	Loc09	Gga02	Xtr06
N0.HOG0002776	Cmi18		Ler21	Loc18		Xtr10
N0.HOG0002777	Cmi02	Cpl29	Ler02	Loc11	Gga02	Xtr06
N0.HOG0002778	Cmi02	Cpl29	Ler02	Loc09	Gga02	
N0.HOG0002779	Cmi14	Cpl17	Ler17	Loc23	Gga11	
N0.HOG0002780	Cmi23	Cpl33	Ler27	Loc15	Gga27	
N0.HOG0002781	Cmi02	Cpl05	Ler02	Loc11	Gga02	Xtr06
N0.HOG0002782	Cmi02	Cpl05	Ler02	Loc09, Loc02	Gga02	Xtr06
N0.HOG0002783	Cmi02	Cpl05	Ler02	Loc09	Gga02	Xtr06
N0.HOG0002784	Cmi23	Cpl33	Ler27	Loc15	Gga27	
N0.HOG0002785	Cmi02	Cpl29	Ler04, Ler02, Ler01	Loc09	Gga02	Xtr06
N0.HOG0002786	Cmi02	Cpl29	Ler02	Loc11	Gga02	Xtr06
N0.HOG0002787	Cmi06	Cpl07		Loc12	Gga07	Xtr09
N0.HOG0002788	Cmi18	Cpl20	Ler21	Loc18	Gga20	Xtr10
N0.HOG0002789	Cmi02		Ler02	Loc11	Gga02	Xtr06
N0.HOG0002790		CplSca			Gga02	
N0.HOG0002791		Cpl29	Ler02			Xtr06
N0.HOG0002792	Cmi02	Cpl29		Loc11	Gga02	Xtr06
N0.HOG0002793	Cmi23	CplSca	Ler27	Loc15	Gga27	Xtr10
N0.HOG0002794	Cmi02	Cpl05	Ler02	Loc09	Gga02	Xtr06
N0.HOG0002795	Cmi02	Cpl05	Ler02		Gga02	Xtr06
N0.HOG0002796	Cmi23	Cpl33	Ler27	Loc15		Xtr10
N0.HOG0002797	Cmi02	Cpl05	Ler02	Loc11	Gga02	Xtr06
N0.HOG0002798	Cmi02	Cpl05		Loc11	Gga02	Xtr06
N0.HOG0002799	Cmi23	Cpl33	Ler27	Loc15	Gga27	Xtr10
N0.HOG0002800	Cmi02	Cpl05		Loc11	Gga02	Xtr06
N0.HOG0002801	Cmi23	Cpl33	Ler27	Loc15	Gga27	Xtr10
N0.HOG0002802	Cmi14	Cpl17	Ler17	Loc23	Gga11	Xtr04
N0.HOG0002803	Cmi02	Cpl05	Ler02	Loc11		Xtr06
N0.HOG0002804	Cmi06	Cpl07	Ler07	Loc12	Gga07	
N0.HOG0002805	Cmi02	Cpl05	Ler02	Loc11	Gga02	Xtr06
N0.HOG0002806	Cmi23			Loc15	Gga27	Xtr02, Xtr10
N0.HOG0002807	Cmi02	Cpl05	Ler02	Loc11	Gga02	Xtr06
N0.HOG0002808	Cmi06		Ler02, Ler07	Loc12	Gga07	
N0.HOG0002809	Cmi02	Cpl05	Ler02	Loc11	Gga02	Xtr06
N0.HOG0002810		Cpl07	Ler26	Loc12	Gga07	Xtr09
N0.HOG0002811	Cmi02	Cpl05	Ler02	Loc09	Gga02	
N0.HOG0002812	Cmi23	Cpl33		Loc15	Gga27	Xtr10
N0.HOG0002813	Cmi02	Cpl05	Ler02	Loc09	Gga02	Xtr06
N0.HOG0002814	Cmi23	Cpl33	Ler27	Loc15	Gga27	Xtr10
N0.HOG0002815	Cmi02	Cpl05		Loc11	Gga02	Xtr06
N0.HOG0002816	Cmi06	Cpl07	Ler07	Loc12		Xtr09
N0.HOG0002817	Cmi02	Cpl05	Ler02	Loc11	Gga02	Xtr06
N0.HOG0002818	Cmi02	Cpl33	Ler02	Loc09	Gga02	
N0.HOG0002819	Cmi10	Cpl27	Ler26	Loc06	Gga23	
N0.HOG0002820	Cmi06	Cpl07	Ler07	Loc12	Gga07	Xtr09
N0.HOG0002821	Cmi02		Ler04	Loc09	Gga02	Xtr06
N0.HOG0002822	Cmi23	Cpl33	Ler27	Loc15		Xtr10
N0.HOG0002823	Cmi02	Cpl04	Ler04	Loc11	Gga02	Xtr06
N0.HOG0002824	Cmi18	Cpl20	Ler21	Loc18	Gga20	
N0.HOG0002825	Cmi02	Cpl04	Ler04	Loc11	Gga02	Xtr06
N0.HOG0002826	Cmi03	Cpl03	Ler05		Gga03	Xtr05
N0.HOG0002827	Cmi02	Cpl04	Ler04	Loc11	Gga02	Xtr06
N0.HOG0002828	Cmi02	Cpl04		Loc11	Gga02	Xtr06
N0.HOG0002829	Cmi18	Cpl20	Ler21	Loc18	Gga20	Xtr10
N0.HOG0002830		CplSca	Ler04		Gga03	Xtr05
N0.HOG0002831	Cmi02	Cpl04	Ler04	Loc11		Xtr06
N0.HOG0002832	Cmi02	Cpl04		Loc11	Gga02	Xtr06
N0.HOG0002833	Cmi18	Cpl20	Ler21	Loc18	Gga20	Xtr10
N0.HOG0002834	Cmi02	Cpl04		Loc11	Gga02	Xtr06
N0.HOG0002835	Cmi18	Cpl20		Loc18	Gga20	Xtr10
N0.HOG0002836	Cmi02	Cpl04	Ler04	Loc09	Gga02	Xtr06
N0.HOG0002837	Cmi18	Cpl20	Ler21		Gga20	Xtr10
N0.HOG0002838	Cmi18	Cpl20	Ler21	Loc18	Gga20	Xtr10
N0.HOG0002839	Cmi02	Cpl04		Loc11	Gga02	Xtr06
N0.HOG0002840	Cmi18		Ler21	Loc18	Gga20	
N0.HOG0002841	Cmi02	Cpl04	Ler04	Loc09	Gga02	Xtr06
N0.HOG0002842	Cmi02		Ler04	Loc11	Gga02	Xtr06
N0.HOG0002843	Cmi03	Cpl03	Ler05	Loc01	Gga03	Xtr05
N0.HOG0002844	Cmi18	Cpl20	Ler21	Loc18	Gga20	
N0.HOG0002845	Cmi02	Cpl04	Ler04	Loc09	Gga02	Xtr06
N0.HOG0002846	Cmi03	Cpl03		Loc01	Gga03	Xtr05
N0.HOG0002847	Cmi02	Cpl04		Loc09	Gga02	Xtr06
N0.HOG0002848	Cmi02	Cpl04		Loc09	Gga02	Xtr06
N0.HOG0002849	Cmi18	Cpl20	Ler21	Loc18	Gga20	Xtr10
N0.HOG0002850	Cmi02	Cpl04	Ler04	Loc09		Xtr06
N0.HOG0002851	Cmi18	Cpl20	Ler21	Loc18	Gga20	Xtr10
N0.HOG0002852	Cmi18	CplSca	Ler21	Loc18	Gga20	Xtr10
N0.HOG0002853	Cmi02	Cpl04	Ler04		Gga02	Xtr06
N0.HOG0002854	Cmi02			Loc09		
N0.HOG0002855	Cmi02			Loc09		Xtr06
N0.HOG0002856	Cmi14	Cpl17	Ler17	Loc23	Gga11	Xtr04
N0.HOG0002857	Cmi18	Cpl20	Ler21		Gga20	Xtr10
N0.HOG0002858	Cmi02	Cpl05	Ler02	Loc09, Loc18		Xtr06
N0.HOG0002859	Cmi02		Ler04, Ler07	Loc09	Gga07	
N0.HOG0002860	Cmi06	Cpl07	Ler04, Ler07	Loc12		
N0.HOG0002861	Cmi14	Cpl17	Ler17	Loc23		Xtr04
N0.HOG0002862	Cmi02	Cpl04	Ler04	Loc09	Gga02	Xtr06
N0.HOG0002863	Cmi02		Ler04	Loc11	Gga02	Xtr06
N0.HOG0002864	Cmi18	Cpl35	Ler21	Loc18	Gga20	Xtr10
N0.HOG0002865	Cmi03, Cmi10	Cpl27, Cpl09	Ler26, Ler08	Loc01	Gga03	Xtr05
N0.HOG0002866	Cmi10	Cpl27		Loc06	Gga23	Xtr03
N0.HOG0002867	Cmi03	Cpl03	Ler05	Loc16	Gga03	Xtr05
N0.HOG0002868	Cmi10	Cpl27	Ler26	Loc06		Xtr02
N0.HOG0002869	Cmi03	Cpl03	Ler05	Loc16	Gga03	Xtr05
N0.HOG0002870	Cmi03	Cpl03	Ler05	Loc11, Loc08, Loc01	Gga03	Xtr02, Xtr08, Xtr05
N0.HOG0002871	Cmi03	Cpl03	Ler05	Loc01	Gga03	Xtr05
N0.HOG0002872	Cmi10	Cpl27	Ler26	Loc06	Gga23	
N0.HOG0002873	Cmi03	Cpl03		Loc01	Gga03	Xtr05
N0.HOG0002874	Cmi10	Cpl27	Ler26	Loc06	Gga23	Xtr02
N0.HOG0002875	Cmi18	Cpl20	Ler21	Loc18		Xtr10
N0.HOG0002876	Cmi03	Cpl03	Ler05	Loc01	Gga03	Xtr05
N0.HOG0002877	Cmi03	Cpl03	Ler05	Loc01	Gga03	Xtr05
N0.HOG0002878	Cmi10	Cpl27	Ler26	Loc06		
N0.HOG0002879	Cmi03	Cpl03	Ler05	Loc01	Gga03	Xtr05
N0.HOG0002880	Cmi18	Cpl20	Ler21	Loc18	Gga20	Xtr10
N0.HOG0002881	Cmi03	Cpl03		Loc01	Gga03	Xtr05
N0.HOG0002882	Cmi03	Cpl03	Ler05	Loc12, Loc01	Gga03	Xtr05
N0.HOG0002883	Cmi15		Ler12	Loc07	Gga04	Xtr08
N0.HOG0002884	Cmi03	Cpl03	Ler05	Loc01	Gga03	Xtr05
N0.HOG0002885	Cmi03		LerSca	Loc01	Gga03	Xtr05
N0.HOG0002886	Cmi04	Cpl06	Ler06	Loc03	Gga01	Xtr02
N0.HOG0002887	Cmi09	Cpl10	Ler09		Gga05	Xtr08
N0.HOG0002888	Cmi03	Cpl03	Ler05	Loc16	Gga03	Xtr05
N0.HOG0002889	Cmi03	Cpl09	Ler08	Loc01	Gga03	Xtr05
N0.HOG0002890	Cmi10		Ler26	Loc06	Gga23	Xtr02
N0.HOG0002891	Cmi03		Ler04, Ler08, Ler23, Ler10		Gga03	
N0.HOG0002892			Ler08			Xtr05
N0.HOG0002893	Cmi09	Cpl10		Loc07	Gga05	Xtr08
N0.HOG0002894	Cmi03	Cpl03	Ler05	Loc16	Gga03	Xtr05
N0.HOG0002895	Cmi03	Cpl09	Ler11, Ler03, Ler08, Ler05	Loc16	Gga03	
N0.HOG0002896	Cmi03		Ler08	Loc16	Gga03	
N0.HOG0002897	Cmi04	Cpl12	Ler13	Loc14	Gga01	
N0.HOG0002898	Cmi03		LerSca	Loc16	Gga03	Xtr05
N0.HOG0002899	Cmi03	Cpl09	Ler08	Loc16		Xtr05
N0.HOG0002900	Cmi09	Cpl10	Ler09	Loc07	Gga05	Xtr08
N0.HOG0002901	Cmi03	Cpl03	Ler05	Loc16		Xtr05
N0.HOG0002902		Cpl45	Ler44			Xtr04
N0.HOG0002903	Cmi03	Cpl09	LerSca	Loc16	Gga03	Xtr05
N0.HOG0002904				Loc16, Loc28	Gga03	
N0.HOG0002905	Cmi03	Cpl09	Ler08			Xtr04
N0.HOG0002906		Cpl45	Ler44			Xtr04
N0.HOG0002907	Cmi09	Cpl10		Loc07	Gga05	Xtr08
N0.HOG0002908	Cmi03	Cpl09	Ler08	Loc16	Gga03	Xtr05
N0.HOG0002909	Cmi09	Cpl10	Ler09	Loc07	Gga05	Xtr08
N0.HOG0002910	Cmi03	Cpl09		Loc01	Gga03	Xtr05
N0.HOG0002911	Cmi03	Cpl09	Ler08	Loc01		Xtr05
N0.HOG0002912		Cpl41	Ler08, Ler38			Xtr08
N0.HOG0002913	Cmi09	Cpl10	Ler09	Loc07	Gga05	Xtr08
N0.HOG0002914	Cmi03	Cpl09	Ler08	Loc16		Xtr05
N0.HOG0002915	Cmi09	Cpl10		Loc07	Gga05	Xtr08
N0.HOG0002916	Cmi03	Cpl09		Loc16	Gga03	Xtr05
N0.HOG0002917	CmiSca	Cpl12	Ler09	Loc07	Gga05	Xtr08
N0.HOG0002918	Cmi03	Cpl09	Ler08	LocSca		Xtr05
N0.HOG0002919	Cmi04	Cpl12	Ler13	Loc17	Gga01	Xtr02
N0.HOG0002920	Cmi25	Cpl35	Ler32	Loc26	Gga24	
N0.HOG0002921	Cmi04	Cpl12	Ler13	Loc03		
N0.HOG0002922	Cmi04	Cpl12		Loc17	Gga01	Xtr02
N0.HOG0002923	Cmi25	Cpl35	Ler32	Loc26	Gga24	Xtr07
N0.HOG0002924	Cmi04	Cpl12	LerSca		Gga01	Xtr02
N0.HOG0002925	Cmi04	Cpl12	LerSca		Gga01	Xtr02
N0.HOG0002926	Cmi04	Cpl12	Ler13	Loc03	Gga01	Xtr02
N0.HOG0002927			Ler13, Ler24	Loc05	Gga25	Xtr08
N0.HOG0002928	Cmi04	Cpl12	Ler13	Loc17	Gga01	Xtr02
N0.HOG0002929	Cmi04	Cpl12	Ler13	Loc17	Gga01	
N0.HOG0002930	Cmi04	Cpl12	Ler13	Loc17		
N0.HOG0002931	Cmi15	Cpl15	Ler12	Loc07	Gga04	Xtr08
N0.HOG0002932	Cmi04	Cpl12	Ler13	Loc17	Gga01	
N0.HOG0002933	Cmi15		Ler12	Loc07	Gga04	Xtr08
N0.HOG0002934	Cmi04	Cpl12		Loc03	Gga01	Xtr02
N0.HOG0002935	Cmi15	Cpl15		Loc03, Loc07	Gga04	Xtr08
N0.HOG0002936	Cmi15	Cpl15	Ler12		Gga04	Xtr08
N0.HOG0002937	Cmi04	Cpl12			Gga01	Xtr02
N0.HOG0002938	Cmi15	Cpl15	Ler12	Loc07	Gga04	Xtr08
N0.HOG0002939	Cmi04	Cpl12		Loc03	Gga01	Xtr02
N0.HOG0002940	Cmi04	Cpl06	Ler06	Loc17		Xtr02
N0.HOG0002941	Cmi22	Cpl40	Ler36	Loc03, Loc04		
N0.HOG0002942	Cmi04	Cpl06	Ler06	Loc17	Gga01	Xtr02, Xtr07
N0.HOG0002943	Cmi15	Cpl15	Ler12	Loc07	Gga04	Xtr08
N0.HOG0002944	Cmi04	Cpl06	Ler06	Loc17	Gga01	
N0.HOG0002945	Cmi04	Cpl06		Loc17	Gga01	Xtr02
N0.HOG0002946	Cmi11	Cpl13	Ler14	Loc14	Gga09	Xtr05
N0.HOG0002947	Cmi11	Cpl13	Ler14	Loc14	Gga09	Xtr05
N0.HOG0002948	Cmi04	Cpl06		Loc17	Gga01	Xtr02
N0.HOG0002949	Cmi15	Cpl15	Ler12	Loc07		Xtr08
N0.HOG0002950	Cmi04	Cpl06	Ler06	Loc17	Gga01	Xtr02
N0.HOG0002951		Cpl15		Loc01	Gga03	Xtr05
N0.HOG0002952		Cpl12	Ler13	Loc17	Gga01	Xtr02
N0.HOG0002953	Cmi04	Cpl12	Ler13	Loc17	Gga01	Xtr02
N0.HOG0002954		Cpl15	Ler12	Loc07	Gga04	Xtr08
N0.HOG0002955	Cmi04	Cpl12, Cpl11	Ler13	Loc03, Loc10	Gga01, Gga08	Xtr02, Xtr04
N0.HOG0002956	Cmi15	Cpl15	Ler12	Loc07	Gga04	Xtr08
N0.HOG0002957	Cmi04	Cpl12		Loc14	Gga01	Xtr02
N0.HOG0002958	Cmi15	Cpl15	Ler12	Loc07	Gga04	
N0.HOG0002959	Cmi04	Cpl06	Ler06	Loc17	Gga01	Xtr02
N0.HOG0002960	Cmi04	Cpl06	Ler06	Loc17	Gga01	Xtr02
N0.HOG0002961	Cmi11	Cpl13	Ler14	Loc14	Gga09	
N0.HOG0002962	Cmi04		Ler06	Loc03	Gga01	Xtr02
N0.HOG0002963	Cmi15		Ler12	Loc07	Gga04	Xtr08
N0.HOG0002964	CmiSca	Cpl48		Loc02		Xtr03
N0.HOG0002965	Cmi04				Gga01	Xtr02
N0.HOG0002966	CmiSca			Loc02		Xtr03
N0.HOG0002967	Cmi04	Cpl06	Ler06	Loc17	Gga01	Xtr02
N0.HOG0002968		Cpl15	Ler12	Loc07	Gga04	Xtr08
N0.HOG0002969	Cmi04	Cpl06	Ler06	Loc17	Gga01	Xtr02
N0.HOG0002970	Cmi15	Cpl15	Ler12	Loc07	Gga04	
N0.HOG0002971	Cmi04	Cpl06	Ler06	Loc17	Gga01	Xtr02
N0.HOG0002972	CmiSca	Cpl15	Ler12	Loc07		Xtr08
N0.HOG0002973	Cmi04	Cpl06	Ler06	Loc03	Gga01	
N0.HOG0002974	Cmi15	Cpl15	Ler12	Loc07	Gga04	Xtr08
N0.HOG0002975	Cmi04	Cpl06	Ler06	Loc17		
N0.HOG0002976		Cpl15		Loc06, Loc07	Gga04, Gga01	Xtr02, Xtr08
N0.HOG0002977	Cmi15	Cpl15	Ler12	Loc07	Gga04	Xtr08
N0.HOG0002978	Cmi04	Cpl06	Ler06	Loc17		Xtr02
N0.HOG0002979	Cmi05	Cpl11	Ler10	Loc10	Gga08	Xtr04
N0.HOG0002980	Cmi05	Cpl11	Ler10	Loc10		Xtr04
N0.HOG0002981	Cmi29	Cpl08	Ler39	Loc06		Xtr03
N0.HOG0002982	Cmi05	Cpl11	Ler10	Loc10	Gga08	Xtr04
N0.HOG0002983	Cmi05, Cmi15	Cpl15, Cpl11	Ler10, Ler12	Loc07	Gga04	Xtr08
N0.HOG0002984			Ler10	Loc10	Gga08	
N0.HOG0002985	Cmi05	Cpl11	Ler10	Loc10	Gga08	Xtr04
N0.HOG0002986	Cmi08	Cpl30	Ler31	Loc21	Gga17	Xtr08
N0.HOG0002987	Cmi05	Cpl11	Ler10	Loc10	Gga08	
N0.HOG0002988	Cmi05	Cpl11		Loc10	Gga08	Xtr04
N0.HOG0002989	Cmi05	Cpl11	Ler10	Loc10	Gga08	Xtr04
N0.HOG0002990	Cmi05	Cpl11	Ler10	Loc10	Gga08	Xtr04
N0.HOG0002991	Cmi29	Cpl08	Ler39	Loc06		Xtr03
N0.HOG0002992	Cmi05	Cpl11	Ler10	Loc10	Gga08	Xtr04
N0.HOG0002993		Cpl30	Ler31	Loc21	Gga17	Xtr08
N0.HOG0002994	Cmi29	Cpl08	Ler39	Loc10		Xtr03
N0.HOG0002995	Cmi05	Cpl13	LerSca	Loc10	Gga08	Xtr04
N0.HOG0002996		Cpl08	Ler39	Loc06	Gga30	Xtr02
N0.HOG0002997	Cmi05	Cpl11	LerSca	Loc10	Gga08	Xtr04
N0.HOG0002998	Cmi05	Cpl11	LerSca	Loc10	Gga08	Xtr04
N0.HOG0002999	Cmi29	Cpl08	Ler39	Loc06		Xtr03
N0.HOG0003000	Cmi08	Cpl30		Loc21	Gga17	Xtr08
N0.HOG0003001	Cmi05	Cpl11		Loc10	Gga08	Xtr04
N0.HOG0003002	Cmi05	Cpl11	Ler10	Loc10	Gga08	Xtr04
N0.HOG0003003		Cpl08	Ler39	Loc06		Xtr03
N0.HOG0003004	Cmi05	Cpl11	Ler10	Loc10	Gga08	Xtr04
N0.HOG0003005	Cmi29	Cpl08	Ler39	Loc06		Xtr03
N0.HOG0003006	Cmi29	Cpl34	Ler39	Loc06		Xtr03
N0.HOG0003007	Cmi05	Cpl11	Ler10	Loc10	Gga08	Xtr04
N0.HOG0003008	Cmi05	Cpl11	Ler10	Loc10	Gga08	Xtr04
N0.HOG0003009	Cmi29	Cpl08	Ler39	Loc06		Xtr03
N0.HOG0003010	Cmi05	Cpl11	Ler10	Loc10	Gga08	Xtr04
N0.HOG0003011		Cpl11	Ler10	Loc10		Xtr04
N0.HOG0003012	Cmi05	Cpl02, Cpl11	Ler03	Loc02		Xtr01
N0.HOG0003013		Cpl02	Ler03	Loc04	GgaZ	Xtr01
N0.HOG0003014	Cmi05	Cpl11	Ler10	Loc10	Gga08	Xtr04
N0.HOG0003015	Cmi05	Cpl23	Ler22	Loc08	Gga01	Xtr03
N0.HOG0003016	Cmi12	Cpl18	Ler16	Loc05		Xtr04
N0.HOG0003017	Cmi19	Cpl26	Ler24	Loc03		Xtr02
N0.HOG0003018	Cmi05	Cpl23	Ler22	Loc08	Gga01	Xtr03
N0.HOG0003019	Cmi12	Cpl18			Gga12	Xtr04
N0.HOG0003020	Cmi05	Cpl23	Ler22		Gga01	Xtr03
N0.HOG0003021	Cmi05	Cpl23	Ler22	Loc08	Gga01	Xtr03
N0.HOG0003022	Cmi17	Cpl16		Loc27	Gga05	Xtr04
N0.HOG0003023	Cmi05, Cmi17, Cmi31	Cpl23, Cpl16, Cpl40	Ler18, Ler22	Loc08	Gga01	Xtr07
N0.HOG0003024	Cmi19	Cpl26	Ler24	Loc03	Gga26	Xtr02
N0.HOG0003025	Cmi05	Cpl19		Loc08	Gga01	Xtr03
N0.HOG0003026		Cpl26	Ler24	Loc03	Gga26	Xtr02
N0.HOG0003027	Cmi05	Cpl19	Ler19	Loc08	Gga01	Xtr03
N0.HOG0003028	Cmi12	Cpl18	Ler16	Loc05	Gga12	Xtr04
N0.HOG0003029	Cmi05	Cpl19	Ler19		Gga01	Xtr03
N0.HOG0003030	Cmi19	Cpl26	Ler24	Loc05		Xtr04
N0.HOG0003031	Cmi05	Cpl19	Ler19	Loc08	Gga01	Xtr03
N0.HOG0003032	Cmi05, Cmi12, Cmi19	Cpl26, Cpl18	Ler19, Ler24, Ler16	Loc03	Gga12	Xtr04
N0.HOG0003033	Cmi05	Cpl19	Ler19	Loc08	Gga01	Xtr03
N0.HOG0003034	Cmi19	Cpl26	Ler24	Loc03	Gga26	
N0.HOG0003035	Cmi17	Cpl16	Ler18	Loc27	Gga05	Xtr04
N0.HOG0003036	Cmi05	Cpl19	Ler19	Loc08		Xtr03
N0.HOG0003037	Cmi12	Cpl18	Ler16	Loc05		Xtr08
N0.HOG0003038	Cmi05	Cpl19	Ler19	Loc08	Gga01	Xtr03
N0.HOG0003039	Cmi05	Cpl19	Ler19	Loc08	Gga01	Xtr03
N0.HOG0003040	Cmi19	Cpl26	Ler24	Loc03		Xtr02
N0.HOG0003041	Cmi19	Cpl26	Ler24	Loc03		Xtr02
N0.HOG0003042	Cmi05	Cpl19	Ler19	Loc08		Xtr03
N0.HOG0003043	Cmi12	Cpl18		Loc05	Gga12	Xtr04
N0.HOG0003044	Cmi05	Cpl19	Ler19	Loc08	Gga01	Xtr03
N0.HOG0003045	Cmi19	Cpl26	Ler24	Loc03	Gga26	
N0.HOG0003046	Cmi05	Cpl19	Ler19	Loc08		
N0.HOG0003047	Cmi05	Cpl19	Ler19	LocSca	Gga01	Xtr03
N0.HOG0003048		Cpl18	Ler16	Loc05	Gga12	Xtr04
N0.HOG0003049	Cmi19		Ler24	Loc03	Gga26	Xtr02
N0.HOG0003050	Cmi05	Cpl19	Ler19	Loc08	Gga01	Xtr03
N0.HOG0003051	Cmi12	Cpl18		Loc05	Gga12	Xtr04
N0.HOG0003052	Cmi05	Cpl19	Ler19	Loc08	Gga01	Xtr03
N0.HOG0003053		Cpl16		Loc27	Gga05	Xtr03, Xtr04
N0.HOG0003054	Cmi05	Cpl19	Ler19		Gga01	
N0.HOG0003055	Cmi19	Cpl26	Ler24	Loc08		
N0.HOG0003056	Cmi05	Cpl19	Ler19	Loc08	Gga01	Xtr03
N0.HOG0003057	Cmi05	Cpl19	Ler19	Loc08, Loc05	Gga12, Gga01	Xtr04, Xtr08, Xtr03
N0.HOG0003058		Cpl18	Ler16	Loc05	Gga12	Xtr04
N0.HOG0003059	Cmi05	Cpl19	Ler19	Loc08	Gga01	Xtr03
N0.HOG0003060	Cmi19	Cpl26	Ler24	Loc03	Gga26	
N0.HOG0003061	Cmi05	Cpl23	Ler22	Loc08	Gga01	Xtr03
N0.HOG0003062	Cmi19	Cpl26	Ler24	Loc03	Gga26	Xtr08
N0.HOG0003063	Cmi05	Cpl23	Ler22		Gga01	Xtr03
N0.HOG0003064	Cmi12	Cpl18	Ler16		Gga12	Xtr04
N0.HOG0003065	Cmi05	Cpl23	Ler22	Loc08	Gga01	Xtr03
N0.HOG0003066	Cmi05	Cpl23	Ler22	Loc08	Gga01	Xtr03
N0.HOG0003067	Cmi12	Cpl18	Ler16	Loc05, Loc01		
N0.HOG0003068	Cmi05	Cpl23		Loc08		
N0.HOG0003069	Cmi12	Cpl08, Cpl18	Ler16	Loc05	Gga12, Gga01	Xtr04
N0.HOG0003070	Cmi12	Cpl18	Ler16	Loc05	Gga12	Xtr04
N0.HOG0003071	Cmi05		Ler22	Loc08	Gga01	Xtr03
N0.HOG0003072	Cmi05	Cpl23	Ler22	Loc08		Xtr03
N0.HOG0003073	Cmi12	Cpl18	Ler16	Loc05	Gga12	Xtr04
N0.HOG0003074	Cmi17	Cpl16	Ler18	Loc27	Gga05	Xtr04
N0.HOG0003075	Cmi05	Cpl23		Loc08	Gga01	Xtr03
N0.HOG0003076	Cmi05	Cpl23	Ler22	Loc08		Xtr03
N0.HOG0003077	Cmi17	Cpl16	Ler18	Loc27	Gga05	Xtr04
N0.HOG0003078	Cmi20	Cpl24	Ler23	Loc10		Xtr10
N0.HOG0003079	Cmi05	Cpl23	Ler22	Loc08	Gga01	Xtr04
N0.HOG0003080	Cmi06	Cpl07	LerSca	Loc12	Gga07	Xtr09
N0.HOG0003081	Cmi27	Cpl43	Ler40	Loc04		Xtr02
N0.HOG0003082	Cmi06	Cpl07		Loc12	Gga07	Xtr09
N0.HOG0003083	Cmi27		Ler07	Loc04	Gga34	Xtr02, Xtr10
N0.HOG0003084	Cmi06	Cpl07	Ler07	Loc12	Gga07	Xtr09
N0.HOG0003085	Cmi06	Cpl07	Ler07	Loc12	Gga07	Xtr09
N0.HOG0003086	Cmi23	Cpl33	Ler27	Loc15	Gga27	Xtr10
N0.HOG0003087	Cmi06	Cpl07		Loc12	Gga07	Xtr09
N0.HOG0003088	Cmi23	Cpl33	Ler27	Loc15	Gga27	
N0.HOG0003089	Cmi06	Cpl07	Ler07	Loc12	Gga07	
N0.HOG0003090	Cmi27	Cpl43	Ler40	Loc04	Gga34	Xtr02
N0.HOG0003091	Cmi06	Cpl07	Ler07	Loc12		Xtr09
N0.HOG0003092	Cmi27	Cpl43	Ler40	Loc04	Gga34	Xtr02
N0.HOG0003093	Cmi06	Cpl07		Loc12	Gga07	Xtr09
N0.HOG0003094	Cmi07	Cpl22	Ler15	Loc05		Xtr07
N0.HOG0003095		Cpl42	Ler35	Loc01	Gga22	Xtr03
N0.HOG0003096	Cmi07	Cpl22	Ler15	Loc05	Gga06	Xtr07
N0.HOG0003097		Cpl42	Ler35	Loc01	Gga22	Xtr03
N0.HOG0003098	Cmi28		Ler35	Loc01	Gga22	Xtr03
N0.HOG0003099	Cmi07	Cpl22	Ler15	Loc05	Gga06	Xtr07
N0.HOG0003100	Cmi07, Cmi09					
N0.HOG0003101	Cmi24, Cmi07		Ler16	Loc09	Gga03	Xtr04
N0.HOG0003102	Cmi08	Cpl25		Loc20	Gga15	Xtr01
N0.HOG0003103	Cmi07	Cpl22	Ler15	Loc05	Gga06	Xtr07
N0.HOG0003104	Cmi13	Cpl14	Ler11		Gga13	Xtr03
N0.HOG0003105	Cmi28	Cpl42	Ler35	Loc01	Gga22	Xtr03
N0.HOG0003106	Cmi07	Cpl46	Ler15	Loc05	Gga06	
N0.HOG0003107	Cmi28	Cpl42	Ler35	Loc01	Gga22	
N0.HOG0003108	Cmi07	Cpl38	Ler34	Loc05	Gga06	Xtr07
N0.HOG0003109	Cmi07	Cpl38	Ler34	Loc05	Gga06	
N0.HOG0003110	Cmi28	Cpl42	Ler35	Loc01	Gga22	Xtr03
N0.HOG0003111		CplSca				Xtr07
N0.HOG0003112	Cmi28, Cmi07	Cpl38	Ler34, Ler35	Loc01	Gga22, Gga06	Xtr03
N0.HOG0003113	Cmi07	Cpl38		Loc05	Gga06	Xtr07
N0.HOG0003114	Cmi13	Cpl14	Ler11	Loc06	Gga13	Xtr03
N0.HOG0003115	Cmi07	Cpl22	Ler15	Loc05	Gga06	Xtr07
N0.HOG0003116	CmiSca	Cpl42	Ler35	Loc01		Xtr03
N0.HOG0003117		Cpl42	Ler35	Loc01	Gga22	Xtr03
N0.HOG0003118	Cmi07	Cpl22	Ler15	Loc05	Gga06	Xtr07
N0.HOG0003119	Cmi07	Cpl22	Ler15	Loc05	Gga06	
N0.HOG0003120	Cmi28	Cpl42	Ler35	Loc01	Gga22	Xtr03
N0.HOG0003121	Cmi07	Cpl22	Ler15	Loc05	Gga06	Xtr07
N0.HOG0003122	Cmi28	Cpl42	Ler35	Loc01		Xtr03
N0.HOG0003123	Cmi07	Cpl22	Ler15	Loc05	Gga06	Xtr07
N0.HOG0003124	CmiSca	Cpl42		Loc01	Gga22	Xtr03
N0.HOG0003125	Cmi10	Cpl28	Ler28	Loc22	Gga19	Xtr02
N0.HOG0003126	Cmi08			Loc20	Gga15	Xtr01
N0.HOG0003127	Cmi10	Cpl28		Loc22	Gga19	Xtr02
N0.HOG0003128	Cmi08	Cpl25	Ler25	Loc20	Gga15	Xtr01
N0.HOG0003129	Cmi10	Cpl28	Ler28	Loc22	Gga19	Xtr02
N0.HOG0003130	Cmi08	Cpl25		Loc20	Gga15	Xtr01
N0.HOG0003131	Cmi10		Ler28	Loc22	Gga19	Xtr02
N0.HOG0003132	Cmi08	Cpl25	Ler25	Loc20	Gga15	Xtr01
N0.HOG0003133	Cmi08	Cpl25		Loc20	Gga15	Xtr01
N0.HOG0003134	Cmi10	Cpl23	Ler28	Loc22	Gga19	Xtr02
N0.HOG0003135	Cmi10	CplSca	Ler28			Xtr09
N0.HOG0003136	Cmi08			Loc20, Loc22	Gga15, Gga19	Xtr02, Xtr01
N0.HOG0003137	Cmi10	Cpl28	Ler28	Loc22	Gga19	Xtr02
N0.HOG0003138	Cmi08	Cpl25	Ler25	Loc20		Xtr01
N0.HOG0003139	Cmi08	Cpl25		Loc20		Xtr01
N0.HOG0003140	Cmi10	Cpl28	Ler28, Ler02, Ler25	Loc22		
N0.HOG0003141	Cmi29	Cpl08	Ler39	Loc06		Xtr03
N0.HOG0003142	Cmi08	Cpl30	Ler31	Loc21	Gga17	Xtr08
N0.HOG0003143	Cmi29	Cpl08	Ler39	Loc06		Xtr03
N0.HOG0003144	Cmi08	Cpl30	Ler31	Loc21	Gga17	Xtr08
N0.HOG0003145	Cmi08	Cpl15, Cpl37, Cpl30	Ler31	Loc21	Gga17	Xtr08
N0.HOG0003146		CplSca	Ler31	Loc21	Gga17	Xtr08
N0.HOG0003147		Cpl11	Ler10	Loc10	Gga08	Xtr04
N0.HOG0003148		Cpl11	Ler10	Loc10	Gga08	Xtr04
N0.HOG0003149	Cmi08	Cpl30	Ler31	Loc21	Gga17	Xtr08
N0.HOG0003150	CmiSca	Cpl41	Ler38			Xtr08
N0.HOG0003151	Cmi09	Cpl10	Ler09	Loc07	Gga05	Xtr08
N0.HOG0003152	Cmi09	Cpl10	Ler09	Loc07		Xtr08
N0.HOG0003153	CmiSca	Cpl49		Loc02		Xtr02, Xtr05
N0.HOG0003154	Cmi09	Cpl10	Ler09	Loc07	Gga05	Xtr08
N0.HOG0003155	CmiSca	Cpl41	Ler38	Loc02	Gga38	
N0.HOG0003156	CmiSca	Cpl41	Ler38	Loc02		Xtr08
N0.HOG0003157	Cmi09	Cpl10	Ler09	Loc07	Gga05	Xtr08
N0.HOG0003158	CmiSca	Cpl41	Ler38	Loc02	Gga38	Xtr08
N0.HOG0003159	Cmi09	Cpl10	Ler09	Loc07		
N0.HOG0003160	Cmi09	Cpl10	Ler09	Loc07	Gga05	Xtr08
N0.HOG0003161		Cpl09	Ler08	Loc01	Gga03	Xtr05
N0.HOG0003162	Cmi09	Cpl10	Ler09	LocSca	Gga05	Xtr08
N0.HOG0003163	Cmi09	Cpl10	Ler09	Loc07	Gga05	Xtr08
N0.HOG0003164		Cpl16	Ler18	Loc27	Gga05	Xtr04
N0.HOG0003165	Cmi09	Cpl10	Ler09	Loc08	Gga01	Xtr03
N0.HOG0003166	Cmi09	CplSca				Xtr04
N0.HOG0003167		Cpl10		Loc07		Xtr08
N0.HOG0003168	Cmi10	Cpl28	Ler28	Loc24		
N0.HOG0003169	Cmi12	Cpl18	Ler16	Loc05	Gga12	Xtr04
N0.HOG0003170		Cpl25	Ler25	Loc20	Gga15	Xtr01
N0.HOG0003171	Cmi10	Cpl28	Ler28	Loc22	Gga19	Xtr02
N0.HOG0003172	Cmi10	Cpl28	Ler28	Loc22	Gga19	Xtr02
N0.HOG0003173		Cpl25	Ler25	Loc20	Gga15	Xtr01
N0.HOG0003174		Cpl09	Ler08	Loc01	Gga03	Xtr05
N0.HOG0003175	Cmi10	Cpl27	Ler26	Loc06	Gga23	
N0.HOG0003176		Cpl03	Ler05	Loc16	Gga03	Xtr05
N0.HOG0003177	Cmi10	Cpl27	Ler26	Loc06	Gga23	Xtr02
N0.HOG0003178	Cmi11	Cpl13	Ler14	Loc14	Gga09	Xtr05
N0.HOG0003179	Cmi24	Cpl34		Loc25	Gga21	Xtr07
N0.HOG0003180	Cmi24	Cpl34	Ler30	Loc25		Xtr07
N0.HOG0003181	Cmi11	Cpl13	Ler14	Loc14	Gga09	Xtr05
N0.HOG0003182	CmiSca	CplSca	LerSca	Loc02		Xtr03
N0.HOG0003183	Cmi11	Cpl13	Ler14	Loc14	Gga09	Xtr05
N0.HOG0003184	Cmi11	Cpl13		Loc14, Loc10, Loc02	Gga09	Xtr05
N0.HOG0003185	CmiSca	Cpl48	LerSca	Loc02		Xtr03
N0.HOG0003186	Cmi11	Cpl13	Ler14	Loc14	Gga09	Xtr05
N0.HOG0003187	Cmi11	Cpl13		Loc14	Gga09	Xtr05
N0.HOG0003188	CmiSca	Cpl43	Ler51	Loc17, Loc02		Xtr02
N0.HOG0003189	Cmi11, Cmi15	Cpl15, Cpl13	Ler12, Ler14	Loc07	Gga04	Xtr08
N0.HOG0003190	Cmi11	Cpl13	Ler14	Loc14	Gga09	
N0.HOG0003191	Cmi11	Cpl13	Ler14	Loc14	Gga09	Xtr05
N0.HOG0003192	Cmi11	Cpl13	Ler14		Gga09	Xtr05
N0.HOG0003193	Cmi11	Cpl13	Ler14		Gga09	Xtr05
N0.HOG0003194	Cmi15	CplSca	Ler12	Loc07	Gga04	Xtr08
N0.HOG0003195		Cpl06	LerSca	Loc03	Gga01	Xtr02
N0.HOG0003196	Cmi11	CplSca	Ler14	Loc14	Gga09	Xtr05
N0.HOG0003197	Cmi11	Cpl13	Ler14	Loc14	Gga09	Xtr05
N0.HOG0003198	CmiSca	Cpl48	LerSca	Loc02		Xtr03
N0.HOG0003199	Cmi11	Cpl13		Loc14	Gga09	Xtr05
N0.HOG0003200	Cmi24	Cpl34	Ler30	Loc25	Gga21	Xtr07
N0.HOG0003201		Cpl41	Ler38	Loc02		Xtr08
N0.HOG0003202	Cmi11	Cpl13	Ler38, Ler14	Loc14		Xtr05
N0.HOG0003203		Cpl48	LerSca	Loc02		Xtr03
N0.HOG0003204	Cmi11	Cpl13	Ler14	Loc14	Gga09	Xtr08, Xtr05
N0.HOG0003205	Cmi12	Cpl18	Ler16	Loc05	Gga12	Xtr04
N0.HOG0003206	Cmi19	Cpl26			Gga01, Gga26	Xtr02
N0.HOG0003207	Cmi12	Cpl18		Loc05		Xtr08, Xtr04
N0.HOG0003208	Cmi19		Ler24	Loc03, Loc01	Gga26	Xtr02
N0.HOG0003209	Cmi12	Cpl18	Ler16	Loc05	Gga12	Xtr04
N0.HOG0003210	Cmi12	Cpl18	Ler16		Gga12	Xtr04
N0.HOG0003211		Cpl01	Ler01	Loc04	Gga04	Xtr01
N0.HOG0003212	Cmi13	Cpl14	Ler11	Loc06	Gga13	Xtr03
N0.HOG0003213		Cpl39	LerSca		Gga11	Xtr07
N0.HOG0003214	Cmi13	Cpl39	Ler37	Loc06, Loc01		Xtr07, Xtr03
N0.HOG0003215	Cmi13	Cpl14	Ler11	Loc06		Xtr03
N0.HOG0003216	Cmi28	Cpl42, Cpl32	Ler35	Loc01		
N0.HOG0003217	Cmi13	Cpl14	Ler11	Loc06, Loc04	Gga04, Gga13	Xtr01, Xtr08, Xtr03
N0.HOG0003218	Cmi13	Cpl14	Ler11	Loc24		Xtr07, Xtr01
N0.HOG0003219	Cmi18	Cpl20	Ler21			Xtr10
N0.HOG0003220	Cmi14	Cpl04		Loc23, Loc17	Gga11	Xtr02, Xtr04
N0.HOG0003221	Cmi14	Cpl13, Cpl17	Ler17	Loc23		Xtr04
N0.HOG0003222	Cmi18	Cpl20	Ler21	Loc18	Gga20	
N0.HOG0003223	Cmi18	Cpl20	Ler21	Loc18		
N0.HOG0003224	Cmi14	Cpl17	Ler17	Loc23	Gga11	Xtr04
N0.HOG0003225	Cmi14	Cpl17	Ler07, Ler38, Ler17	Loc23	Gga11	Xtr04
N0.HOG0003226	Cmi14	Cpl17	Ler04, Ler02, Ler17	Loc23	Gga11	Xtr04
N0.HOG0003227	Cmi14	Cpl17	Ler17	Loc23	Gga11	Xtr04
N0.HOG0003228		Cpl27	Ler26	Loc09	Gga02	Xtr06
N0.HOG0003229			LerSca	Loc22		
N0.HOG0003230	Cmi14	Cpl17	Ler17	Loc23	Gga11	Xtr04
N0.HOG0003231	Cmi15	Cpl15	Ler12	Loc07	Gga04	
N0.HOG0003232	CmiSca	Cpl12	Ler13	Loc17	Gga01	Xtr02
N0.HOG0003233		Cpl06	Ler06	Loc03	Gga01	Xtr02
N0.HOG0003234	Cmi15	Cpl15	Ler12	Loc07	Gga04	Xtr08
N0.HOG0003235		Cpl06		Loc03	Gga01	Xtr02
N0.HOG0003236		Cpl48		Loc02		
N0.HOG0003237	Cmi15	Cpl15	Ler12	Loc07		Xtr08
N0.HOG0003238	CmiSca			Loc03	Gga01	Xtr02
N0.HOG0003239	Cmi15	Cpl15	Ler12	Loc07		
N0.HOG0003240		Cpl06	Ler06	Loc02		
N0.HOG0003241	CmiSca	Cpl06	LerSca	Loc03	Gga01	Xtr02
N0.HOG0003242	Cmi15	Cpl15	Ler12	Loc07	Gga04	
N0.HOG0003243		Cpl24	Ler23	Loc10	Gga18	Xtr10
N0.HOG0003244	Cmi16	Cpl21	Ler20	Loc13	Gga14	Xtr09
N0.HOG0003245	Cmi20	CplSca		Loc10	Gga18	Xtr10
N0.HOG0003246	Cmi16	Cpl21	Ler20	Loc13	Gga14	Xtr09
N0.HOG0003247	Cmi16	Cpl21	Ler20	Loc13	Gga14	Xtr09
N0.HOG0003248		Cpl24	Ler23, Ler20		Gga18	Xtr10
N0.HOG0003249	Cmi16	Cpl21	Ler20	Loc13	Gga14	
N0.HOG0003250	Cmi20	Cpl24	Ler23	Loc10	Gga18	Xtr10
N0.HOG0003251	Cmi16	Cpl21	Ler20	Loc13	Gga14	Xtr09
N0.HOG0003252	Cmi31	Cpl39	Ler37		Gga01	Xtr04
N0.HOG0003253	Cmi31	Cpl39	Ler37	Loc12	Gga01	Xtr04
N0.HOG0003254	Cmi16	Cpl21		Loc13	Gga14	Xtr09
N0.HOG0003255	Cmi16	Cpl21	Ler20	Loc13	Gga14	Xtr09
N0.HOG0003256	Cmi31	Cpl39	Ler37		Gga01	Xtr04
N0.HOG0003257	Cmi16	Cpl21	Ler20	Loc13	Gga14	
N0.HOG0003258	Cmi31	Cpl39	Ler37	Loc12	Gga01	Xtr04
N0.HOG0003259	Cmi20	Cpl24	Ler23	Loc10		Xtr10
N0.HOG0003260	Cmi16	Cpl21	Ler20	Loc13	Gga14	Xtr09
N0.HOG0003261		Cpl39	Ler06	Loc25	Gga01	Xtr04
N0.HOG0003262	Cmi16	Cpl21	Ler20	Loc13	Gga14	Xtr09
N0.HOG0003263	Cmi16	Cpl21	Ler20	Loc13	Gga14	Xtr09
N0.HOG0003264		Cpl24	Ler23	Loc10	Gga18	Xtr10
N0.HOG0003265	Cmi16	Cpl21	Ler20	Loc13		Xtr09
N0.HOG0003266	Cmi20	Cpl24	Ler23	Loc10	Gga18	Xtr10
N0.HOG0003267	Cmi31		Ler37	Loc12	Gga01	Xtr04
N0.HOG0003268	Cmi16	Cpl21	Ler20	Loc13	Gga14	Xtr09
N0.HOG0003269	Cmi16	Cpl21	Ler20	Loc13	Gga14	Xtr09
N0.HOG0003270		Cpl24	Ler23	Loc10	Gga18	Xtr10
N0.HOG0003271	Cmi20	Cpl24	Ler23	Loc10		
N0.HOG0003272	Cmi16	Cpl21	Ler20	Loc13		
N0.HOG0003273	Cmi16	Cpl21	Ler20	Loc13		
N0.HOG0003274	Cmi20	Cpl24	Ler23	Loc10, Loc26		
N0.HOG0003275	Cmi17	Cpl16	Ler18	Loc27	Gga05	Xtr04
N0.HOG0003276	Cmi19	Cpl26	Ler24		Gga26	Xtr02
N0.HOG0003277	Cmi31, Cmi17	Cpl16, Cpl40	Ler18	Loc04		Xtr07
N0.HOG0003278	Cmi17	Cpl16	Ler18	Loc27	Gga05	Xtr04
N0.HOG0003279		Cpl39	Ler37			Xtr07
N0.HOG0003280	Cmi17	Cpl16	Ler18	Loc27	Gga05	Xtr04
N0.HOG0003281			Ler37	Loc08	Gga01	Xtr03
N0.HOG0003282	Cmi17	Cpl16	Ler18		Gga05	Xtr04
N0.HOG0003283	Cmi31	Cpl39	Ler37			Xtr07
N0.HOG0003284	Cmi17	Cpl16	Ler18		Gga05	Xtr04
N0.HOG0003285	Cmi19	Cpl26	Ler24	Loc03	Gga26	
N0.HOG0003286	Cmi18	Cpl20	Ler21	Loc18		Xtr10
N0.HOG0003287		Cpl20		Loc18		
N0.HOG0003288	Cmi19				Gga26	Xtr02
N0.HOG0003289	Cmi21	Cpl31	Ler29	Loc19	Gga26, Gga28	Xtr01
N0.HOG0003290	Cmi19, Cmi21	Cpl31	Ler29	Loc19		
N0.HOG0003291	Cmi20	Cpl24	Ler23	Loc10	Gga03	Xtr10
N0.HOG0003292	Cmi27	Cpl35	Ler32	Loc04		Xtr02
N0.HOG0003293	Cmi20	Cpl24		Loc10	Gga18	Xtr10
N0.HOG0003294	Cmi26	Cpl36		Loc03	Gga10	Xtr03
N0.HOG0003295	Cmi21	Cpl31	Ler29	Loc19	Gga28	Xtr01
N0.HOG0003296	Cmi21	Cpl31		Loc19	Gga28	Xtr01
N0.HOG0003297	Cmi21	Cpl31		Loc19	Gga28	Xtr01
N0.HOG0003298		Cpl01	Ler01		GgaZ, GgaW	Xtr01
N0.HOG0003299	Cmi21	Cpl31	Ler29	Loc19	Gga28	Xtr01
N0.HOG0003300	Cmi22	Cpl32	Ler33	Loc03		
N0.HOG0003301		CplSca		Loc24	Gga25, Gga10	Xtr08, Xtr03
N0.HOG0003302		Cpl51	LerSca	Loc24	Gga25	Xtr08
N0.HOG0003303	Cmi22	Cpl40	Ler36	Loc03	Gga10	Xtr03
N0.HOG0003304	Cmi22	Cpl40	Ler36	Loc03	Gga10	Xtr03
N0.HOG0003305	Cmi27			Loc12		Xtr09
N0.HOG0003306	Cmi23	Cpl33	Ler27, Ler14	Loc15	Gga34, Gga27	Xtr02
N0.HOG0003307	Cmi23	Cpl33	Ler27		Gga02	Xtr06
N0.HOG0003308	CmiSca	Cpl07	Ler07	Loc12	Gga09	Xtr09
N0.HOG0003309	Cmi23	Cpl33, Cpl23	Ler27, Ler22			Xtr07
N0.HOG0003310	Cmi23	Cpl33	Ler27	Loc15	Gga27	Xtr10
N0.HOG0003311		Cpl04	LerSca	Loc09	Gga02	Xtr06
N0.HOG0003312	Cmi23		Ler27	Loc15	Gga27	Xtr10
N0.HOG0003313		Cpl07	Ler07	Loc12, Loc04	Gga07	Xtr09
N0.HOG0003314			LerSca	Loc02	Gga01	Xtr07, Xtr03
N0.HOG0003315	Cmi24	Cpl34	Ler30	Loc25	Gga21	Xtr07
N0.HOG0003316		Cpl34	Ler30	Loc25	Gga21	Xtr07
N0.HOG0003317		Cpl43		Loc26, Loc02	Gga01	Xtr03
N0.HOG0003318		Cpl48	LerSca	Loc02		
N0.HOG0003319	Cmi24	Cpl34, Cpl07	Ler30	Loc25	Gga21	Xtr07
N0.HOG0003320	Cmi25	Cpl35	Ler32	Loc26		Xtr07
N0.HOG0003321		Cpl15	Ler12, Ler24	Loc07	Gga04	Xtr08
N0.HOG0003322	Cmi25	Cpl35	Ler32	Loc26	Gga24	Xtr07
N0.HOG0003323	Cmi25	CplSca	Ler32		Gga24	
N0.HOG0003324		CplSca	Ler32	Loc24		Xtr07
N0.HOG0003325	Cmi26	Cpl36	Ler33	Loc03	Gga10	Xtr03
N0.HOG0003326	CmiSca	Cpl51		Loc24	Gga25	Xtr08
N0.HOG0003327	Cmi26	Cpl36	Ler33	Loc03	Gga10	
N0.HOG0003328		Cpl02, Cpl51	Ler03	Loc02	GgaZ	Xtr01
N0.HOG0003329	Cmi26	Cpl36	Ler33	Loc03	Gga10	Xtr01, Xtr03
N0.HOG0003330		Cpl51		Loc24	Gga25	Xtr08
N0.HOG0003331	Cmi27	CplSca	LerSca	Loc04		Xtr02
N0.HOG0003332		Cpl22	Ler15	Loc05	Gga06	Xtr07
N0.HOG0003333	Cmi28	Cpl42	Ler35	Loc01	Gga22	Xtr03
N0.HOG0003334	Cmi28	Cpl38, Cpl42, Cpl20	Ler34, Ler35	Loc01	Gga22	
N0.HOG0003335	Cmi29	Cpl08	Ler39	Loc06		Xtr03
N0.HOG0003336	Cmi30	Cpl37	LerSca	Loc03	Gga01	
N0.HOG0003337		Cpl37			Gga16	
N0.HOG0003338	Cmi31	Cpl39	Ler37	Loc12	Gga01	Xtr06, Xtr04
N0.HOG0003339		Cpl21	Ler20	Loc13	Gga14	Xtr09
N0.HOG0003340	Cmi31	Cpl39	Ler37	Loc12	Gga01	Xtr04
N0.HOG0003341		Cpl24	Ler23	Loc10	Gga18	Xtr10
N0.HOG0003342	Cmi31	Cpl39	Ler37		Gga01	Xtr04
N0.HOG0003343	CmiSca	CplSca	LerSca	Loc11		Xtr08
N0.HOG0003344	CmiSca	CplSca	LerSca		Gga16	Xtr08
N0.HOG0003345		Cpl36	Ler33	Loc03	Gga10	Xtr03
N0.HOG0003346	CmiSca	CplSca	LerSca	Loc24	Gga25	Xtr08
N0.HOG0003347		Cpl07		LocSca		Xtr01
N0.HOG0003348		Cpl44, Cpl08	LerSca		Gga25	
N0.HOG0003349		Cpl19, Cpl20	Ler21, Ler08, Ler14, Ler19	Loc08	Gga01	Xtr03
N0.HOG0003350		Cpl35	Ler32	Loc26		Xtr07
N0.HOG0003351		Cpl37	Ler02, Ler08, Ler14, Ler04, Ler11, Ler09, Ler19			
N0.HOG0003352		Cpl42	Ler35	Loc05, Loc01	Gga22, Gga06	Xtr07, Xtr03
N0.HOG0003353		CplSca	Ler04	Loc28		
N0.HOG0003354		Cpl45	Ler03, Ler44			Xtr04
N0.HOG0003355			Ler01, Ler06			
N0.HOG0003356		Cpl46				Xtr07
N0.HOG0003357		CplSca	Ler03	Loc02	GgaZ	Xtr01
N0.HOG0003358		CplSca	Ler03	Loc02	GgaZ	Xtr01
N0.HOG0003359				Loc03, Loc08, Loc02	Gga01	Xtr03
N0.HOG0003360				Loc20	Gga01	Xtr07, Xtr05
N0.HOG0003361					Gga04, Gga01, GgaZ	
N0.HOG0003362			Ler01, Ler05, Ler04, Ler10, Ler09, Ler24, Ler06			
N0.HOG0003363			Ler01, Ler13, Ler10, Ler23, Ler11, Ler18, Ler16, Ler12, Ler22, Ler03			
N0.HOG0003364			Ler17, Ler01, Ler05, Ler03, Ler10, Ler24			
N0.HOG0003365			Ler31, Ler14, Ler23, Ler16, Ler45, Ler30, Ler09, Ler24, Ler19			
N0.HOG0003366			Ler15			
N0.HOG0003367			Ler26, Ler01, Ler05, Ler04, Ler23, Ler09, Ler06			
N0.HOG0003368			Ler21			
N0.HOG0003369						Xtr07, Xtr06, Xtr03, Xtr04, Xtr09, Xtr02, Xtr05, Xtr01
N0.HOG0003370						Xtr02, Xtr06, Xtr08, Xtr05, Xtr01, Xtr03
N0.HOG0003371						Xtr03
N0.HOG0003372						Xtr06, Xtr04
N0.HOG0003373						Xtr08
N0.HOG0003374	Cmi01	Cpl32	Ler01	Loc02		
N0.HOG0003375		Cpl14	Ler11	Loc06		
N0.HOG0003376	Cmi13			Loc06	Gga13	Xtr03
N0.HOG0003377	Cmi01	Cpl32	Ler01	Loc04	Gga04	Xtr01
N0.HOG0003378	Cmi01	Cpl32	Ler01	Loc02	Gga04	Xtr01
N0.HOG0003379	Cmi07			Loc05	Gga06	Xtr07
N0.HOG0003380	Cmi01		Ler01	Loc04	Gga04	Xtr01
N0.HOG0003381		Cpl06	Ler06	Loc03	Gga01	Xtr02
N0.HOG0003382		Cpl06		Loc03	Gga01	Xtr02
N0.HOG0003383	Cmi01	Cpl01	Ler01	Loc04	Gga04	Xtr01
N0.HOG0003384	Cmi01	Cpl01	Ler01	Loc04	Gga04, Gga13	Xtr01
N0.HOG0003385	Cmi01	Cpl01	Ler01	Loc04	Gga04	
N0.HOG0003386	Cmi01	Cpl01	Ler01	Loc04		Xtr01
N0.HOG0003387	Cmi01	Cpl32	Ler01	LocSca		
N0.HOG0003388		Cpl14		Loc06	Gga04, Gga13	Xtr01, Xtr03
N0.HOG0003389	Cmi01	Cpl32	Ler01			
N0.HOG0003390		Cpl06			Gga04	
N0.HOG0003391	Cmi01	Cpl32		Loc04		
N0.HOG0003392	Cmi13	Cpl14	Ler11	Loc06	Gga13	Xtr03
N0.HOG0003393	Cmi01	Cpl32			Gga04	Xtr01
N0.HOG0003394	Cmi01	Cpl01	Ler01	Loc02		
N0.HOG0003395	Cmi07	CplSca	Ler34	Loc05	Gga06	Xtr07
N0.HOG0003396		Cpl01	Ler01		Gga04	Xtr01
N0.HOG0003397	Cmi01		Ler01	Loc04	Gga04	Xtr01
N0.HOG0003398	Cmi01	Cpl01		Loc04	Gga04	Xtr01
N0.HOG0003399	Cmi13	Cpl14	Ler11	Loc06		Xtr03
N0.HOG0003400		Cpl06	Ler06	Loc03	Gga01	
N0.HOG0003401	Cmi01	Cpl01	Ler01	Loc04	Gga04	Xtr01
N0.HOG0003402		Cpl08	Ler39	Loc06	Gga30	Xtr03
N0.HOG0003403	Cmi01		Ler39	Loc02		Xtr08
N0.HOG0003404	Cmi04	Cpl06	Ler06	Loc03		Xtr02
N0.HOG0003405	Cmi01	Cpl01	Ler01	Loc04		
N0.HOG0003406	Cmi01	Cpl01	Ler01		Gga04	
N0.HOG0003407	Cmi04	Cpl06	Ler06	Loc17	Gga01	Xtr02
N0.HOG0003408	Cmi13	Cpl14		Loc06		Xtr03
N0.HOG0003409	Cmi01	Cpl01	Ler01	Loc04	Gga04	Xtr01
N0.HOG0003410	Cmi01	Cpl02	Ler03	Loc04		Xtr01
N0.HOG0003411	Cmi07	Cpl22	Ler15	Loc05		Xtr07
N0.HOG0003412	Cmi07	Cpl22	Ler15	Loc05		
N0.HOG0003413	Cmi01	Cpl01	Ler01	Loc04		
N0.HOG0003414					Gga04	Xtr01
N0.HOG0003415	Cmi01	Cpl01	Ler01	Loc02	Gga04	Xtr01
N0.HOG0003416	Cmi01	Cpl01	Ler01	Loc06, Loc04	Gga04, Gga13	Xtr01, Xtr03
N0.HOG0003417	Cmi01	Cpl01	LerSca	Loc04		
N0.HOG0003418	Cmi13	CplSca	Ler11	Loc06	Gga13	
N0.HOG0003419	Cmi28	Cpl42	Ler35	Loc01	Gga22	
N0.HOG0003420	Cmi01	Cpl01	Ler48	Loc04		
N0.HOG0003421	Cmi13	Cpl14	Ler11	Loc06	Gga13	
N0.HOG0003422	Cmi01	Cpl01	Ler48	Loc04		
N0.HOG0003423	Cmi01	Cpl02	Ler03	Loc04		
N0.HOG0003424	Cmi07	Cpl22	Ler15	Loc05	Gga06	Xtr07
N0.HOG0003425	Cmi07	Cpl22		Loc05	Gga06	
N0.HOG0003426	Cmi01	Cpl32		Loc04		Xtr01
N0.HOG0003427		Cpl14	Ler11		Gga13	Xtr03
N0.HOG0003428	Cmi01	Cpl32	Ler01	Loc02	Gga04	Xtr01
N0.HOG0003429	Cmi28	Cpl42	Ler35	Loc01	Gga22	Xtr03
N0.HOG0003430	Cmi01			Loc02	Gga04	Xtr01
N0.HOG0003431	Cmi01		Ler03			Xtr01
N0.HOG0003432	Cmi01	Cpl02	Ler03	Loc04	GgaZ	Xtr01
N0.HOG0003433	Cmi01			Loc04	GgaZ	Xtr01
N0.HOG0003434	Cmi05	Cpl11	Ler10	Loc10	Gga08	Xtr04
N0.HOG0003435	Cmi01	Cpl02		Loc04	GgaZ	
N0.HOG0003436	Cmi26	Cpl36	Ler33	Loc03	Gga10	Xtr03
N0.HOG0003437	Cmi01	Cpl02		Loc02		Xtr01
N0.HOG0003438	Cmi21	Cpl31	Ler29	Loc19	Gga28	Xtr01
N0.HOG0003439	Cmi01, Cmi21	Cpl31, Cpl02	Ler03, Ler29	Loc02	GgaW, GgaZ	Xtr01
N0.HOG0003440	Cmi01, Cmi11	Cpl02, Cpl01	Ler01	Loc02	GgaZ	Xtr01
N0.HOG0003441	Cmi01	Cpl02	Ler03	Loc02	GgaZ	Xtr01
N0.HOG0003442	Cmi21	Cpl31	Ler29	Loc19		
N0.HOG0003443		Cpl36	Ler33	Loc03	Gga10	Xtr03
N0.HOG0003444			Ler03	Loc02	GgaZ	Xtr01
N0.HOG0003445	Cmi21		Ler29	Loc19	Gga28	Xtr01
N0.HOG0003446	Cmi01	Cpl02		Loc02	GgaZ	Xtr01
N0.HOG0003447	Cmi21	Cpl31	Ler29	Loc19	Gga28	
N0.HOG0003448	Cmi01	Cpl01	Ler01	Loc02		
N0.HOG0003449	Cmi01	Cpl01	Ler01	Loc02	GgaZ	Xtr01
N0.HOG0003450	Cmi01	Cpl01	Ler01	Loc24, Loc02, Loc04	Gga25, GgaZ	Xtr01, Xtr08
N0.HOG0003451	Cmi01, Cmi21	Cpl31, Cpl01	Ler29, Ler01	Loc02	GgaW, GgaZ	Xtr01
N0.HOG0003452	Cmi01	Cpl01	Ler01, Ler32	Loc02	GgaZ	Xtr01
N0.HOG0003453	Cmi01	Cpl01	Ler01	Loc24, Loc02, Loc19	GgaZ	Xtr01, Xtr08
N0.HOG0003454	Cmi01	Cpl01	Ler01	Loc02	GgaZ	Xtr01
N0.HOG0003455	Cmi22	Cpl40	Ler36	Loc03		
N0.HOG0003456	Cmi22	Cpl40	Ler36			Xtr03
N0.HOG0003457	Cmi01	Cpl01	Ler01	Loc02	GgaZ	Xtr01
N0.HOG0003458	Cmi01	Cpl01	Ler01	Loc02	GgaZ, GgaW	Xtr01
N0.HOG0003459		Cpl51		Loc24	Gga25	
N0.HOG0003460	Cmi01	Cpl02	Ler03	Loc02	GgaZ	Xtr01
N0.HOG0003461	Cmi05	Cpl11	Ler10	Loc10		
N0.HOG0003462	Cmi01			Loc02	Gga08, GgaZ	Xtr01, Xtr04
N0.HOG0003463	Cmi01	Cpl02	LerSca	Loc02	GgaZ	
N0.HOG0003464		Cpl31	Ler29	Loc19	Gga28	Xtr01
N0.HOG0003465	Cmi02	Cpl04	LerSca	Loc09	Gga02	Xtr06
N0.HOG0003466	Cmi06			Loc12	Gga07	Xtr09
N0.HOG0003467	Cmi06	Cpl07	Ler07	Loc12		Xtr09
N0.HOG0003468	Cmi02	Cpl05	Ler02	Loc09		Xtr06
N0.HOG0003469	Cmi23	Cpl33	Ler27		Gga27	
N0.HOG0003470	Cmi02	Cpl05	Ler02	Loc09	Gga02	Xtr06
N0.HOG0003471	Cmi18, Cmi02	Cpl05, Cpl20	Ler02, Ler21	Loc11	Gga20	Xtr10
N0.HOG0003472	Cmi02	Cpl05	Ler02	Loc11		
N0.HOG0003473	Cmi14	Cpl17	Ler17	Loc23	Gga11	Xtr04
N0.HOG0003474	Cmi06	Cpl07	Ler07	Loc12		Xtr09
N0.HOG0003475	Cmi02	Cpl05	Ler02	Loc09	Gga02	
N0.HOG0003476					Gga02	Xtr06
N0.HOG0003477	Cmi23	Cpl33	Ler27	Loc15		
N0.HOG0003478	Cmi02	Cpl05	Ler02	Loc09		
N0.HOG0003479	Cmi02	Cpl05	Ler02	LocSca	Gga02	Xtr06
N0.HOG0003480	Cmi02	Cpl29	Ler02	Loc09		Xtr06
N0.HOG0003481	Cmi14	Cpl17		Loc23	Gga11	Xtr04
N0.HOG0003482	Cmi23	Cpl33	Ler27		Gga27	Xtr10
N0.HOG0003483	Cmi02	Cpl04	Ler04	Loc11	Gga02	
N0.HOG0003484	Cmi23	Cpl33	Ler27		Gga27	Xtr10
N0.HOG0003485	Cmi02	Cpl04	Ler04	Loc09	Gga02	
N0.HOG0003486	Cmi02	Cpl29	Ler02	Loc11	Gga02	Xtr06
N0.HOG0003487	Cmi14	Cpl17	Ler17	Loc23	Gga11	
N0.HOG0003488	Cmi02	Cpl29	Ler02	Loc11		
N0.HOG0003489	Cmi18	Cpl20	Ler21	Loc18		Xtr10
N0.HOG0003490	Cmi02	Cpl29	Ler02	Loc11		
N0.HOG0003491	Cmi18	Cpl20	Ler21	Loc18		
N0.HOG0003492	Cmi02	Cpl29	Ler02	Loc11	Gga02	Xtr06
N0.HOG0003493	Cmi02	Cpl29	Ler02	Loc11	Gga02	Xtr06
N0.HOG0003494	Cmi18	Cpl20	Ler21	Loc18		
N0.HOG0003495	Cmi02	Cpl33	Ler27	Loc15	Gga27	Xtr10
N0.HOG0003496		Cpl29	Ler02	Loc09		Xtr06
N0.HOG0003497			Ler27	Loc15	Gga27	Xtr10
N0.HOG0003498	Cmi02	Cpl29	Ler02	Loc11	Gga02	Xtr06
N0.HOG0003499		Cpl07		Loc12	Gga07	Xtr09
N0.HOG0003500	Cmi02	Cpl05	Ler02	Loc09	Gga02	Xtr06
N0.HOG0003501	Cmi02	Cpl29		Loc09		Xtr06
N0.HOG0003502	Cmi06	Cpl07	Ler07	Loc12	Gga07	Xtr09
N0.HOG0003503	Cmi06	Cpl07	Ler07	Loc12		Xtr09
N0.HOG0003504	Cmi02	Cpl05			Gga02	Xtr06
N0.HOG0003505	Cmi14		Ler17	Loc23	Gga11	Xtr04
N0.HOG0003506	Cmi02	Cpl05	Ler02	Loc11		Xtr06
N0.HOG0003507	Cmi23	Cpl33	Ler27	Loc15		
N0.HOG0003508	Cmi02	CplSca	Ler02	Loc11	Gga02	Xtr06
N0.HOG0003509	Cmi02	Cpl05	Ler02	Loc11	Gga02	
N0.HOG0003510	Cmi06	Cpl07	Ler07	Loc12		
N0.HOG0003511	Cmi09	Cpl10	Ler09	Loc07		
N0.HOG0003512	Cmi02	Cpl05	Ler02	Loc09		
N0.HOG0003513	Cmi02	Cpl05	Ler02	Loc11	Gga02	
N0.HOG0003514	Cmi06	Cpl07	Ler07	Loc12		
N0.HOG0003515	Cmi02	Cpl29		Loc11	Gga02	Xtr06
N0.HOG0003516	Cmi02	Cpl29		Loc09	Gga02	Xtr06
N0.HOG0003517	Cmi02	Cpl29		Loc09		Xtr06
N0.HOG0003518	Cmi02	Cpl04		Loc09	Gga02	Xtr06
N0.HOG0003519	Cmi02	Cpl04		Loc09	Gga02	Xtr06
N0.HOG0003520		Cpl35	Ler21	Loc18	Gga20	Xtr10
N0.HOG0003521	Cmi03	Cpl03	Ler05	Loc16	Gga03	Xtr05
N0.HOG0003522	Cmi02	Cpl04		Loc09		Xtr06
N0.HOG0003523	Cmi02	Cpl04		Loc11	Gga02	Xtr06
N0.HOG0003524		Cpl20	Ler21	Loc18	Gga20	Xtr10
N0.HOG0003525	Cmi02	Cpl04	Ler04	Loc11		Xtr06
N0.HOG0003526	Cmi14	Cpl17	Ler17	Loc23		Xtr04
N0.HOG0003527		Cpl04		Loc11	Gga20	Xtr10
N0.HOG0003528	Cmi02	Cpl04	Ler04		Gga02	Xtr06
N0.HOG0003529	Cmi02	Cpl04	Ler04	Loc11	Gga02	Xtr06
N0.HOG0003530		Cpl17, Cpl20	Ler21	Loc23		
N0.HOG0003531	Cmi02, Cmi14	Cpl17, Cpl04	Ler04, Ler17	Loc23	Gga11	Xtr06, Xtr04
N0.HOG0003532	Cmi02	Cpl04, Cpl20	Ler04, Ler21	Loc09, Loc18	Gga02	Xtr06, Xtr10
N0.HOG0003533	Cmi02	Cpl04	Ler04	Loc09	Gga02	Xtr06
N0.HOG0003534	Cmi18	Cpl20	Ler21	Loc18		
N0.HOG0003535	Cmi14			Loc23	Gga11	Xtr04
N0.HOG0003536	Cmi02	Cpl04	Ler04	Loc11	Gga02	Xtr06
N0.HOG0003537	Cmi02	Cpl04	Ler04	Loc09	Gga03, Gga02	Xtr06, Xtr05
N0.HOG0003538	Cmi18	Cpl20		Loc18	Gga20	
N0.HOG0003539	Cmi02	Cpl04	Ler04	Loc11	Gga02	Xtr06
N0.HOG0003540	Cmi02	Cpl04	Ler04	Loc09		Xtr06
N0.HOG0003541	Cmi18	Cpl20	Ler21	Loc18		
N0.HOG0003542		Cpl20	Ler21	Loc18		Xtr10
N0.HOG0003543	Cmi02	Cpl04	Ler04	Loc09	Gga02	
N0.HOG0003544	Cmi02	Cpl04	Ler04	Loc11	Gga02	Xtr06
N0.HOG0003545	Cmi18	Cpl20	Ler21	Loc18		
N0.HOG0003546	Cmi02	Cpl04	Ler04	Loc09	Gga02	Xtr06
N0.HOG0003547	Cmi03	Cpl09	Ler08		Gga03	
N0.HOG0003548	Cmi02	Cpl04	Ler04		Gga02	Xtr06
N0.HOG0003549		Cpl09	Ler08	Loc01	Gga03	Xtr05
N0.HOG0003550	Cmi02	Cpl04	Ler04	Loc09		
N0.HOG0003551	Cmi18	Cpl20	Ler21	Loc18	Gga20	Xtr10
N0.HOG0003552	Cmi14	CplSca	Ler17	Loc23	Gga11	Xtr04
N0.HOG0003553	Cmi02	Cpl04	Ler04		Gga02	
N0.HOG0003554	Cmi02	Cpl05	Ler02	Loc09	Gga02	
N0.HOG0003555	Cmi18	Cpl20	Ler21	Loc18		
N0.HOG0003556	Cmi02	Cpl03	Ler02	Loc11	Gga02	Xtr06
N0.HOG0003557		Cpl20		Loc18	Gga20	Xtr10
N0.HOG0003558	Cmi02	Cpl04	Ler04	Loc09	Gga02	Xtr06
N0.HOG0003559	Cmi06	Cpl07		Loc12	Gga07	Xtr09
N0.HOG0003560	Cmi02	Cpl04	Ler04	Loc09	Gga02	
N0.HOG0003561	Cmi02	Cpl04	Ler04	Loc09	Gga02	
N0.HOG0003562	Cmi23	Cpl33	Ler27	Loc15		
N0.HOG0003563	Cmi23, Cmi02	Cpl33, Cpl04	Ler27	Loc09, Loc15	Gga27	Xtr10
N0.HOG0003564	Cmi23	Cpl33	Ler27	Loc15	Gga27	Xtr10
N0.HOG0003565	Cmi02	Cpl04		Loc11		Xtr06
N0.HOG0003566	Cmi03	Cpl09		Loc01	Gga03	Xtr05
N0.HOG0003567	Cmi10	Cpl27	Ler26	Loc06	Gga23	Xtr02
N0.HOG0003568	Cmi03	Cpl09	Ler08	LocSca		
N0.HOG0003569	Cmi10	Cpl27	Ler26	Loc06	Gga23	
N0.HOG0003570	Cmi03	Cpl03			Gga03	Xtr05
N0.HOG0003571	Cmi10	Cpl27	Ler26		Gga23	Xtr02
N0.HOG0003572	Cmi03	Cpl03		Loc01	Gga03	Xtr05
N0.HOG0003573		CplSca				Xtr03
N0.HOG0003574	Cmi03	Cpl03	Ler05	Loc01	Gga03	Xtr05
N0.HOG0003575		Cpl27	Ler26	Loc06	Gga23	Xtr02
N0.HOG0003576	Cmi03	Cpl03	Ler05	Loc01		Xtr05
N0.HOG0003577	Cmi10			Loc06	Gga23	Xtr02
N0.HOG0003578	Cmi03	Cpl03	Ler05	Loc01	Gga03	Xtr05
N0.HOG0003579	Cmi10	Cpl27		Loc06	Gga23	
N0.HOG0003580	Cmi03	Cpl03	Ler05	Loc01	Gga03	Xtr05
N0.HOG0003581	Cmi03	Cpl03	Ler05	Loc01	Gga03	
N0.HOG0003582	Cmi10	Cpl27	Ler26	Loc06		
N0.HOG0003583	Cmi10	Cpl29	Ler26	Loc06	Gga23	Xtr02
N0.HOG0003584	Cmi03	Cpl03	Ler05	Loc01		
N0.HOG0003585	Cmi03	CplSca	Ler05	Loc01	Gga03	
N0.HOG0003586	Cmi10		Ler26	Loc06	Gga23	Xtr02
N0.HOG0003587	Cmi10	Cpl27	Ler26	Loc06		
N0.HOG0003588	Cmi03	Cpl03	Ler05	Loc01	Gga03	Xtr05
N0.HOG0003589	Cmi03	Cpl03	Ler05	Loc16	Gga03	Xtr05
N0.HOG0003590	Cmi04	Cpl06	Ler06	Loc17	Gga01	Xtr02
N0.HOG0003591	Cmi03	Cpl03	Ler05	Loc01		
N0.HOG0003592	Cmi03	Cpl03		Loc01	Gga03	Xtr05
N0.HOG0003593		Cpl27		Loc06	Gga23	Xtr02
N0.HOG0003594	Cmi03	Cpl03	Ler05	Loc01	Gga03	Xtr05
N0.HOG0003595	Cmi10	Cpl27	Ler26	Loc06	Gga23	
N0.HOG0003596	Cmi03	Cpl03		Loc01	Gga03	Xtr05
N0.HOG0003597	Cmi03	Cpl03	LerSca	Loc16	Gga03	Xtr05
N0.HOG0003598	Cmi03	Cpl03	Ler05		Gga03	Xtr05
N0.HOG0003599	Cmi09	Cpl10	Ler09	Loc07	Gga05	
N0.HOG0003600	Cmi03	Cpl09	Ler08, Ler24	Loc01	Gga03	Xtr05
N0.HOG0003601		Cpl45	Ler44	Loc28		
N0.HOG0003602	Cmi03	Cpl03	Ler05	Loc16	Gga03	Xtr05
N0.HOG0003603	Cmi03	Cpl09	Ler08		Gga03	Xtr05
N0.HOG0003604	CmiSca	CplSca	LerSca	Loc28		Xtr04
N0.HOG0003605	Cmi09		Ler09	LocSca		
N0.HOG0003606	Cmi03			Loc01	Gga05, Gga03	Xtr08, Xtr04, Xtr05
N0.HOG0003607	Cmi09	Cpl10		Loc07	Gga05	
N0.HOG0003608	Cmi03	Cpl09	Ler08	Loc16	Gga03	Xtr05
N0.HOG0003609	Cmi03	Cpl09	Ler08	Loc16	Gga03	
N0.HOG0003610	Cmi09	Cpl10		Loc07	Gga05	Xtr08
N0.HOG0003611	CmiSca	Cpl45	LerSca	Loc28		
N0.HOG0003612	Cmi03	Cpl15	Ler08	Loc16	Gga03	Xtr05
N0.HOG0003613	Cmi03	Cpl09		Loc28		
N0.HOG0003614	Cmi09	Cpl10	Ler09	Loc07		
N0.HOG0003615					Gga05	Xtr08
N0.HOG0003616	CmiSca	Cpl45		Loc28		Xtr04
N0.HOG0003617	Cmi03	Cpl09, Cpl45	Ler08		Gga03	Xtr05
N0.HOG0003618		Cpl51		Loc02, Loc07	Gga05	
N0.HOG0003619	Cmi03	Cpl09	Ler08	Loc01	Gga03	Xtr05
N0.HOG0003620		Cpl41	Ler38	Loc02		Xtr08
N0.HOG0003621	Cmi03	Cpl03	Ler05	Loc01	Gga03	Xtr05
N0.HOG0003622	Cmi03	Cpl09	Ler08, Ler01	Loc01	Gga03	Xtr10
N0.HOG0003623		Cpl45	LerSca	Loc28		Xtr04
N0.HOG0003624	Cmi03	Cpl09	Ler08	Loc01	Gga03	Xtr05
N0.HOG0003625	Cmi09	Cpl10	Ler09	Loc07	Gga05	Xtr08
N0.HOG0003626	Cmi03	Cpl09				Xtr05
N0.HOG0003627		CplSca		LocSca		Xtr04
N0.HOG0003628	Cmi03	Cpl09	Ler08	LocSca	Gga03	Xtr05
N0.HOG0003629	Cmi04, Cmi15	Cpl06	Ler06	Loc03, Loc07	Gga01	Xtr02, Xtr08
N0.HOG0003630	Cmi14	CplSca	Ler24			Xtr08
N0.HOG0003631	Cmi04	Cpl12	Ler13	Loc03	Gga01	Xtr02
N0.HOG0003632	Cmi15	Cpl15	Ler12	Loc07	Gga04	Xtr08
N0.HOG0003633	Cmi04	Cpl12	Ler13	Loc03		
N0.HOG0003634	Cmi04	Cpl12	Ler13	Loc17	Gga01	Xtr07
N0.HOG0003635	Cmi25	Cpl35	Ler32	Loc26		
N0.HOG0003636	Cmi04	Cpl12	Ler13	Loc03	Gga01	Xtr02
N0.HOG0003637		Cpl39		Loc02		Xtr03
N0.HOG0003638	Cmi04	Cpl12	Ler13	Loc17	Gga01	Xtr02
N0.HOG0003639	Cmi15	Cpl15	Ler12		Gga04	
N0.HOG0003640			Ler06	Loc17	Gga01	Xtr02
N0.HOG0003641			Ler06	Loc17	Gga01	Xtr02
N0.HOG0003642			Ler24	Loc05	Gga25	Xtr08
N0.HOG0003643	Cmi04	Cpl12	Ler13	Loc17	Gga01	Xtr02
N0.HOG0003644	Cmi04	Cpl07			Gga01	Xtr02
N0.HOG0003645	CmiSca	Cpl48	LerSca	Loc02	GgaSca	Xtr03
N0.HOG0003646	Cmi04	Cpl12			Gga01	Xtr02
N0.HOG0003647	Cmi10	Cpl27	Ler26		Gga23	Xtr02
N0.HOG0003648	Cmi04	Cpl12	Ler13	Loc17	Gga01	Xtr02
N0.HOG0003649	Cmi04	Cpl12	Ler13	Loc20, Loc17	Gga04, Gga24	Xtr01
N0.HOG0003650	Cmi04	Cpl06	Ler06		Gga01	Xtr02
N0.HOG0003651			Ler24	Loc03	Gga25	Xtr08
N0.HOG0003652		Cpl15	Ler12	Loc07	Gga04	Xtr08
N0.HOG0003653	Cmi04	Cpl06	Ler47	Loc17	Gga01	
N0.HOG0003654	Cmi04	Cpl06	Ler06	Loc17	Gga01	Xtr02
N0.HOG0003655	Cmi15			Loc07	Gga04	Xtr08
N0.HOG0003656	Cmi04	Cpl06		Loc17		Xtr02
N0.HOG0003657	Cmi15	Cpl15	Ler12	Loc07	Gga04	Xtr08
N0.HOG0003658	Cmi04	Cpl06	Ler06	Loc03	Gga01	Xtr02
N0.HOG0003659	Cmi15	Cpl15	Ler12	Loc07		
N0.HOG0003660	Cmi04	Cpl06			Gga01	Xtr02
N0.HOG0003661	Cmi15	Cpl15	Ler12	Loc07	Gga04	Xtr08
N0.HOG0003662		Cpl06		Loc17	Gga01	
N0.HOG0003663	Cmi04	Cpl06	Ler06	Loc17	Gga01	
N0.HOG0003664	Cmi11	Cpl13	Ler14		Gga09	
N0.HOG0003665	Cmi04	Cpl06	Ler06	Loc14	Gga01	Xtr02
N0.HOG0003666	Cmi04	Cpl06	Ler06	Loc14	Gga10, Gga12, Gga01	Xtr02
N0.HOG0003667	Cmi04, Cmi15	Cpl06, Cpl15	Ler12, Ler06	Loc07	Gga04	Xtr08
N0.HOG0003668		Cpl32	Ler01	Loc04		Xtr01
N0.HOG0003669	Cmi04	Cpl06	Ler06	Loc18		Xtr02
N0.HOG0003670		Cpl15	Ler12	Loc07		Xtr08
N0.HOG0003671	Cmi04	Cpl06	Ler06	Loc03		Xtr02
N0.HOG0003672	Cmi04	Cpl06	LerSca	Loc14	Gga01	Xtr02
N0.HOG0003673	Cmi15	Cpl15	Ler12	Loc07		
N0.HOG0003674	Cmi04	Cpl06	Ler06	Loc03	Gga01	Xtr02
N0.HOG0003675	Cmi05	Cpl11	Ler10	Loc10	Gga08	Xtr04
N0.HOG0003676	Cmi29	Cpl08	Ler39	Loc06		
N0.HOG0003677	Cmi05		Ler10	Loc10	Gga08	Xtr04
N0.HOG0003678	Cmi29	Cpl08	Ler39	Loc06		Xtr03
N0.HOG0003679	Cmi05	Cpl11	Ler10	Loc10		
N0.HOG0003680	CmiSca			Loc02	Gga08, GgaZ	Xtr01, Xtr04
N0.HOG0003681	Cmi05	Cpl11	Ler10, Ler01, Ler02	LocSca	Gga08	Xtr04
N0.HOG0003682	Cmi05	Cpl11, Cpl30	Ler10	Loc10	Gga08	Xtr04
N0.HOG0003683			Ler31	Loc21	Gga17	Xtr08
N0.HOG0003684	Cmi05	Cpl11	Ler10	Loc10	Gga08	Xtr04
N0.HOG0003685	Cmi05	Cpl11	Ler10	Loc10		Xtr04
N0.HOG0003686	Cmi08	Cpl25	Ler25	Loc20	Gga15	
N0.HOG0003687	Cmi05	Cpl11	Ler10	Loc10		
N0.HOG0003688		Cpl30	Ler31	Loc21		
N0.HOG0003689		Cpl11	Ler10	Loc14, Loc10		Xtr05
N0.HOG0003690	Cmi05	Cpl11	Ler10		Gga08	Xtr04
N0.HOG0003691	Cmi05	Cpl11	LerSca	Loc10	Gga08	Xtr04
N0.HOG0003692		Cpl08		Loc06		Xtr04
N0.HOG0003693	Cmi05	Cpl11	Ler10	Loc10		Xtr04
N0.HOG0003694	Cmi05	Cpl11	Ler10	Loc10	Gga08	Xtr04
N0.HOG0003695	Cmi29	Cpl08	Ler39	Loc06		
N0.HOG0003696	Cmi29	Cpl34	Ler39	Loc06	Gga30	
N0.HOG0003697	Cmi05	Cpl11	Ler10	Loc10		
N0.HOG0003698	Cmi05			Loc10		Xtr04
N0.HOG0003699	Cmi05	Cpl11	Ler10			Xtr04
N0.HOG0003700		Cpl02		Loc02	GgaZ	Xtr01
N0.HOG0003701	Cmi05	Cpl11	Ler10	Loc10		
N0.HOG0003702			Ler03	Loc19		
N0.HOG0003703	Cmi05	Cpl11	Ler10	Loc10		
N0.HOG0003704	Cmi21	Cpl31	Ler29	Loc19		
N0.HOG0003705	Cmi05	CplSca	Ler10	Loc10		
N0.HOG0003706	Cmi29	Cpl08	Ler39	Loc06		
N0.HOG0003707		Cpl18	Ler16	Loc05	Gga12	Xtr04
N0.HOG0003708	Cmi05	Cpl23	Ler22	Loc08	Gga01	
N0.HOG0003709	Cmi05	Cpl23	Ler22	Loc08	Gga01	Xtr06, Xtr03
N0.HOG0003710	Cmi19	Cpl26	Ler24	Loc03	Gga26	Xtr02
N0.HOG0003711	Cmi05	Cpl23			Gga01	Xtr03
N0.HOG0003712	Cmi19		Ler24	Loc03	Gga26	
N0.HOG0003713	Cmi05	Cpl23	Ler22	Loc08	Gga01	Xtr03
N0.HOG0003714	Cmi19	Cpl26	Ler24	Loc03		
N0.HOG0003715	Cmi05	Cpl23	Ler22	Loc08		
N0.HOG0003716	Cmi05	Cpl19		Loc08		Xtr03
N0.HOG0003717	Cmi31	Cpl39	Ler37			Xtr07
N0.HOG0003718	Cmi17	Cpl16	Ler18	Loc27	Gga05	Xtr04
N0.HOG0003719	Cmi05	Cpl19	Ler19		Gga01	
N0.HOG0003720	Cmi19	Cpl26	Ler24		Gga26	
N0.HOG0003721	Cmi05	Cpl19	Ler19	Loc08	Gga01	Xtr03
N0.HOG0003722	Cmi05	Cpl19	Ler19	Loc08	Gga01	Xtr03
N0.HOG0003723	CmiSca		Ler18	Loc27	Gga05	
N0.HOG0003724		Cpl26	Ler24	Loc03	Gga26	
N0.HOG0003725	Cmi05	Cpl19	Ler19	Loc08	Gga01	Xtr03
N0.HOG0003726		Cpl18	Ler16		Gga01	
N0.HOG0003727	Cmi05, Cmi19	Cpl26, Cpl19	Ler19		Gga26	
N0.HOG0003728	Cmi12	Cpl18	Ler16		Gga12	Xtr04
N0.HOG0003729	Cmi05		Ler19	LocSca	Gga01	Xtr03
N0.HOG0003730	Cmi19	CplSca	Ler24	Loc03	Gga26	Xtr02
N0.HOG0003731	Cmi05	Cpl19	Ler19		Gga01	
N0.HOG0003732	Cmi22	Cpl40		Loc03	Gga10	Xtr03
N0.HOG0003733	Cmi05	Cpl19	Ler19	Loc08		Xtr03
N0.HOG0003734	Cmi05	Cpl19	Ler19	Loc08	Gga01	Xtr03
N0.HOG0003735	CmiSca			Loc27	Gga05	Xtr04
N0.HOG0003736	Cmi05		Ler19	Loc08	Gga01	Xtr03
N0.HOG0003737		Cpl16	Ler18	Loc27	Gga05	Xtr04
N0.HOG0003738	Cmi05		Ler22	Loc08, Loc09, Loc14, Loc17	Gga05	
N0.HOG0003739	Cmi05			Loc08	Gga01	Xtr03
N0.HOG0003740	Cmi12	Cpl18	Ler16	Loc05	Gga12	Xtr03
N0.HOG0003741					Gga05	Xtr04
N0.HOG0003742	Cmi05	Cpl19	Ler19	Loc08		
N0.HOG0003743	Cmi17	Cpl16	Ler18	Loc27		
N0.HOG0003744	Cmi12	Cpl18	Ler16	Loc05		
N0.HOG0003745	Cmi05	Cpl19	Ler19	Loc08	Gga01	Xtr03
N0.HOG0003746		Cpl18		Loc12, Loc24, Loc01		
N0.HOG0003747	Cmi05	Cpl23	Ler22	Loc08	Gga01	Xtr03
N0.HOG0003748	Cmi19	Cpl26	Ler24	Loc03	Gga26	
N0.HOG0003749	Cmi05	Cpl23	Ler22		Gga01	Xtr03
N0.HOG0003750	Cmi05	Cpl23	Ler22	Loc08	Gga01	Xtr03
N0.HOG0003751		Cpl26	Ler24	Loc03	Gga26	
N0.HOG0003752	Cmi19	Cpl26	Ler24	Loc03		
N0.HOG0003753	Cmi05	Cpl23	Ler22	Loc08	Gga01	Xtr03
N0.HOG0003754	Cmi05	Cpl22	Ler16	Loc08, Loc05	Gga12, Gga01	Xtr03, Xtr04
N0.HOG0003755	Cmi12	Cpl18	Ler16	Loc05		Xtr04
N0.HOG0003756	Cmi05	Cpl23	Ler22	Loc08		Xtr03
N0.HOG0003757	Cmi06	Cpl07		Loc12	Gga07	Xtr09
N0.HOG0003758		Cpl04	Ler04	Loc09	Gga02	Xtr06
N0.HOG0003759	Cmi06	Cpl07	LerSca	Loc12	Gga07	Xtr09
N0.HOG0003760		Cpl43	Ler40	Loc04		Xtr02
N0.HOG0003761	Cmi27	Cpl43	Ler40	Loc04		Xtr02
N0.HOG0003762	Cmi06	Cpl07		Loc12	Gga07	Xtr09
N0.HOG0003763	Cmi27			Loc04	Gga34	Xtr02
N0.HOG0003764	Cmi06	Cpl07	Ler07	Loc12	Gga07	Xtr09
N0.HOG0003765	Cmi27			Loc04	Gga34	Xtr02
N0.HOG0003766	Cmi06	Cpl07	Ler07	Loc12	Gga07	Xtr09
N0.HOG0003767	Cmi27			Loc04	Gga34	Xtr02
N0.HOG0003768	Cmi06	Cpl07	Ler07	Loc12	Gga07	Xtr09
N0.HOG0003769		Cpl05	Ler02	Loc09	Gga02	
N0.HOG0003770	Cmi06	Cpl07	Ler07	Loc12	Gga07	
N0.HOG0003771	Cmi06	Cpl07	Ler07	Loc12		Xtr09
N0.HOG0003772	Cmi23		Ler27	Loc15		Xtr10
N0.HOG0003773	Cmi06	Cpl07	Ler07	Loc12, Loc04	Gga07, Gga34	Xtr02
N0.HOG0003774	Cmi27	Cpl43	Ler40		Gga34	Xtr02
N0.HOG0003775	Cmi06	Cpl07	Ler46		Gga07	
N0.HOG0003776	Cmi27	Cpl42	Ler40		Gga34	Xtr02
N0.HOG0003777	Cmi06	Cpl07	Ler07	Loc12	Gga07	
N0.HOG0003778	Cmi06	Cpl07	Ler07	Loc12	Gga07	Xtr09
N0.HOG0003779	Cmi27			Loc04	Gga34	Xtr02
N0.HOG0003780	Cmi27			Loc04	Gga34	Xtr02
N0.HOG0003781	Cmi06	Cpl07	Ler07	Loc12	Gga07	Xtr09
N0.HOG0003782	Cmi27			Loc04	Gga34	Xtr02
N0.HOG0003783	Cmi06	Cpl07	Ler07	Loc12	Gga07	Xtr09
N0.HOG0003784	Cmi06	Cpl07	Ler07	Loc12		
N0.HOG0003785		Cpl05		Loc11	Gga07, Gga02	Xtr06, Xtr09
N0.HOG0003786	Cmi07	Cpl22	Ler15	Loc05	Gga06	Xtr07
N0.HOG0003787		Cpl42		Loc01	Gga22	Xtr03
N0.HOG0003788	Cmi28	Cpl42	Ler35	Loc01	Gga22	Xtr03
N0.HOG0003789	Cmi07	Cpl22	Ler15	Loc05		
N0.HOG0003790	Cmi07	Cpl22	Ler15	Loc05	Gga06	Xtr07
N0.HOG0003791	CmiSca	Cpl42	Ler35	Loc01		
N0.HOG0003792	Cmi07	Cpl22	Ler15	Loc05	Gga06	Xtr07
N0.HOG0003793		Cpl42	Ler35	Loc01	Gga22	
N0.HOG0003794	Cmi07			Loc05	Gga06	Xtr07
N0.HOG0003795	Cmi13	Cpl14	Ler11	Loc06	Gga13	Xtr03
N0.HOG0003796	Cmi07	Cpl38	Ler34		Gga06	Xtr07
N0.HOG0003797	Cmi28	Cpl42	Ler35	Loc01		Xtr03
N0.HOG0003798	Cmi28	Cpl41	Ler35	Loc01		Xtr03
N0.HOG0003799	Cmi07	Cpl22	Ler15	Loc05		
N0.HOG0003800	Cmi07	Cpl22	Ler15			Xtr07
N0.HOG0003801	Cmi28	CplSca	Ler35	Loc01	Gga22	Xtr03
N0.HOG0003802	Cmi28	Cpl42	Ler35		Gga22	Xtr03
N0.HOG0003803	Cmi07	Cpl22	Ler15			Xtr07
N0.HOG0003804	Cmi28	Cpl42	Ler35	Loc01		Xtr03
N0.HOG0003805	Cmi07	Cpl22		Loc05	Gga06	Xtr07
N0.HOG0003806	Cmi07	Cpl22		Loc05	Gga06	Xtr07
N0.HOG0003807		Cpl42	Ler35	Loc01	Gga22	Xtr03
N0.HOG0003808					Gga06	Xtr07
N0.HOG0003809	Cmi07	Cpl22	Ler15	LocSca		
N0.HOG0003810		Cpl42	Ler35	Loc01		
N0.HOG0003811		CplSca		Loc20		Xtr01
N0.HOG0003812		CplSca		Loc20	Gga15	
N0.HOG0003813		Cpl25		Loc20		
N0.HOG0003814	Cmi08	Cpl25	Ler25		Gga15	Xtr01
N0.HOG0003815	Cmi10			Loc22	Gga19	Xtr02
N0.HOG0003816	Cmi08	Cpl25	Ler25	Loc20	Gga15	Xtr01
N0.HOG0003817	Cmi08	Cpl25	Ler25	Loc20	Gga15	Xtr01
N0.HOG0003818		CplSca	Ler28	Loc10	Gga05	
N0.HOG0003819		Cpl46		LocSca	Gga05	Xtr07
N0.HOG0003820	Cmi08	Cpl25	Ler25	Loc20	Gga15	Xtr01
N0.HOG0003821	Cmi08	Cpl25		Loc20	Gga15	Xtr01
N0.HOG0003822		Cpl15		Loc11	Gga02	Xtr06
N0.HOG0003823	Cmi08			Loc20	Gga15	Xtr01
N0.HOG0003824	Cmi10	Cpl28	Ler28	Loc22	Gga19	Xtr02
N0.HOG0003825	Cmi24	Cpl34	Ler30	Loc25		Xtr07
N0.HOG0003826	Cmi08	Cpl25	Ler25	Loc20		
N0.HOG0003827	Cmi08	Cpl25	Ler25	Loc20	Gga15	Xtr01
N0.HOG0003828		Cpl28	Ler28	Loc22		Xtr02
N0.HOG0003829		Cpl06			Gga15	Xtr02
N0.HOG0003830	Cmi08, Cmi10		Ler28, Ler25		Gga19	Xtr02, Xtr01
N0.HOG0003831	Cmi10			Loc22	Gga19	
N0.HOG0003832	Cmi08	Cpl25	Ler48, Ler25	Loc20	Gga15	
N0.HOG0003833	Cmi08	Cpl25	Ler25	Loc20	Gga15	Xtr01
N0.HOG0003834		CplSca		Loc09	Gga05	Xtr07
N0.HOG0003835	Cmi08	Cpl25	Ler25	Loc20	Gga15	Xtr01
N0.HOG0003836		Cpl41		Loc09	Gga05	Xtr07
N0.HOG0003837		Cpl08	Ler39	Loc06	Gga30	
N0.HOG0003838	Cmi08	Cpl30	Ler31	Loc21	Gga17	Xtr08
N0.HOG0003839		Cpl11		Loc10	Gga08	Xtr04
N0.HOG0003840	Cmi08	Cpl30	Ler31	Loc21	Gga17	Xtr08
N0.HOG0003841	Cmi22	Cpl36	Ler33			Xtr03
N0.HOG0003842	Cmi08	Cpl30	Ler31	Loc21	Gga17	Xtr08
N0.HOG0003843		Cpl08	Ler39	Loc06		Xtr03
N0.HOG0003844	Cmi08	Cpl30	Ler31	Loc21	Gga17	Xtr08
N0.HOG0003845	CmiSca	Cpl41		Loc02		Xtr08
N0.HOG0003846	Cmi09	Cpl10	Ler09	LocSca	Gga05	Xtr08
N0.HOG0003847	Cmi09	Cpl09, Cpl41	Ler08, Ler38, Ler09	Loc07	Gga05	Xtr08
N0.HOG0003848					Gga05	Xtr08
N0.HOG0003849	Cmi09	Cpl10	Ler09	Loc07		
N0.HOG0003850	CmiSca	Cpl41	Ler38	Loc02		
N0.HOG0003851	Cmi09	Cpl10	Ler09	Loc07		
N0.HOG0003852		Cpl41	Ler38	Loc28, Loc02		
N0.HOG0003853	Cmi09	Cpl10	Ler09	Loc05	Gga05	Xtr08
N0.HOG0003854		Cpl41	Ler38	Loc02		Xtr08
N0.HOG0003855	Cmi09	Cpl10		Loc07	Gga05	Xtr08
N0.HOG0003856		Cpl03	Ler05	Loc01	Gga03	Xtr05
N0.HOG0003857	CmiSca	Cpl41	Ler08	Loc02		Xtr05
N0.HOG0003858	Cmi09	Cpl10		Loc07	Gga05	Xtr08
N0.HOG0003859	Cmi09	Cpl10	Ler09	Loc07	Gga05	Xtr08
N0.HOG0003860			LerSca	Loc05		Xtr09
N0.HOG0003861		CplSca		Loc22	Gga19	Xtr02
N0.HOG0003862		Cpl28	Ler28			
N0.HOG0003863		Cpl20	Ler21	Loc18	Gga20	Xtr10
N0.HOG0003864	Cmi10	Cpl28	Ler28	Loc02		Xtr03
N0.HOG0003865	Cmi10	Cpl28	Ler28		Gga19	Xtr09
N0.HOG0003866	Cmi10	Cpl28	Ler28	Loc22		Xtr02
N0.HOG0003867	Cmi10	Cpl28	Ler28	Loc22		Xtr02
N0.HOG0003868	Cmi10	Cpl28	Ler28	Loc22		
N0.HOG0003869	Cmi10	Cpl28	Ler28	Loc22		Xtr02
N0.HOG0003870	Cmi10	Cpl28		Loc22		Xtr02
N0.HOG0003871	Cmi10	Cpl28	Ler28, Ler27	Loc22, Loc07	Gga04, Gga05	Xtr02, Xtr07
N0.HOG0003872	Cmi10	Cpl28	Ler28	Loc22	Gga19	Xtr02
N0.HOG0003873		Cpl12	Ler13	Loc17	Gga01	
N0.HOG0003874	Cmi10	Cpl29	Ler26	Loc06	Gga23	Xtr02
N0.HOG0003875	Cmi10	Cpl29	Ler26	Loc06	Gga23	
N0.HOG0003876		Cpl09	Ler08	Loc01	Gga03	Xtr05
N0.HOG0003877	Cmi10	Cpl27	Ler26	Loc06	Gga01	
N0.HOG0003878		Cpl03	Ler05	Loc01	Gga03	
N0.HOG0003879	Cmi10	Cpl27	Ler26	Loc06	Gga23	Xtr02
N0.HOG0003880		Cpl09	Ler08	Loc01		Xtr05
N0.HOG0003881	Cmi10	Cpl27	Ler26	Loc06		Xtr02
N0.HOG0003882	Cmi11	Cpl13, Cpl48	Ler14	Loc02	Gga09	Xtr03
N0.HOG0003883	Cmi11	Cpl13	Ler14	Loc14	Gga09	Xtr05
N0.HOG0003884	Cmi11	Cpl13	Ler14	Loc14	Gga09	Xtr05
N0.HOG0003885	Cmi11	Cpl13	Ler14	Loc14	Gga09	Xtr05
N0.HOG0003886	Cmi11	Cpl13	Ler14	Loc14	Gga09	Xtr05
N0.HOG0003887	Cmi11			Loc14	Gga09	Xtr05
N0.HOG0003888		CplSca		Loc26		Xtr05
N0.HOG0003889	Cmi11	Cpl13	Ler14	Loc14		
N0.HOG0003890	Cmi24	Cpl34	Ler30	Loc25		
N0.HOG0003891	Cmi11	Cpl13		Loc14	Gga09	Xtr05
N0.HOG0003892		Cpl06	Ler06	Loc03	Gga01	Xtr02
N0.HOG0003893	Cmi11	Cpl13	Ler14			Xtr05
N0.HOG0003894	Cmi24	Cpl34		Loc25		
N0.HOG0003895	Cmi11	Cpl13	Ler30	Loc14	Gga21, Gga09	Xtr07
N0.HOG0003896		Cpl13	Ler14	Loc14	Gga09	Xtr05
N0.HOG0003897			Ler30	Loc26	Gga21, Gga01	
N0.HOG0003898	Cmi11	Cpl13	Ler14	Loc14	Gga13, Gga09	Xtr03, Xtr05
N0.HOG0003899	Cmi12	Cpl18	Ler16	Loc05		
N0.HOG0003900		Cpl03		Loc04, Loc01		Xtr08, Xtr04
N0.HOG0003901	Cmi19	Cpl26	Ler24	Loc03		
N0.HOG0003902	Cmi12	Cpl18	Ler16	Loc05		
N0.HOG0003903	Cmi12	Cpl18	Ler16	Loc05	Gga12	Xtr04
N0.HOG0003904		Cpl23	Ler22	Loc08	Gga01	Xtr03
N0.HOG0003905	Cmi12	Cpl18	Ler16	Loc05	Gga12	
N0.HOG0003906	Cmi12	Cpl18	Ler16	Loc05		
N0.HOG0003907	Cmi19	Cpl26	Ler24	Loc03	Gga26	Xtr02
N0.HOG0003908	Cmi12	Cpl18	Ler16		Gga12	Xtr04
N0.HOG0003909	CmiSca	Cpl39	LerSca			Xtr08
N0.HOG0003910	Cmi12	Cpl18		Loc05	Gga12	Xtr04
N0.HOG0003911	Cmi19			Loc03	Gga26	
N0.HOG0003912		Cpl01	Ler01	Loc06	Gga13	Xtr04
N0.HOG0003913	Cmi13		Ler11	Loc04	Gga04	Xtr01
N0.HOG0003914	Cmi13	Cpl22	Ler15	Loc06, Loc05, Loc01	Gga06, Gga13	Xtr07, Xtr03
N0.HOG0003915	Cmi14		Ler50	Loc23		Xtr01
N0.HOG0003916		Cpl17	Ler50	LocSca		Xtr04
N0.HOG0003917		Cpl20	Ler21	Loc09		Xtr10, Xtr06
N0.HOG0003918	Cmi14		Ler17	Loc23	Gga11	Xtr04
N0.HOG0003919	Cmi14	Cpl17	Ler17	Loc23	Gga11	Xtr04
N0.HOG0003920		Cpl04		Loc09	Gga02	Xtr06
N0.HOG0003921	Cmi14	Cpl17	Ler03, Ler17, Ler06	Loc23	Gga11	Xtr04
N0.HOG0003922	Cmi15	Cpl05, Cpl15		Loc07	Gga04	Xtr08
N0.HOG0003923		CplSca		Loc26		Xtr07
N0.HOG0003924	Cmi15	Cpl15	Ler12	Loc07		Xtr02
N0.HOG0003925		Cpl13	Ler14	Loc14	Gga09	Xtr05
N0.HOG0003926	Cmi15	Cpl15	Ler12	Loc07	Gga04	Xtr01
N0.HOG0003927	Cmi15	Cpl06, Cpl15	Ler12	Loc07	Gga04	Xtr08
N0.HOG0003928	Cmi15	Cpl15	Ler12	Loc07	Gga04	Xtr08
N0.HOG0003929		Cpl06	Ler45	Loc03	Gga01	
N0.HOG0003930	Cmi16		Ler20		Gga14	Xtr09
N0.HOG0003931	Cmi20	Cpl24	Ler23	Loc10	Gga18	Xtr10
N0.HOG0003932	Cmi20	Cpl24	Ler23	Loc10		
N0.HOG0003933	Cmi16	Cpl21	Ler20	Loc13	Gga14	Xtr09
N0.HOG0003934	Cmi31	Cpl39	Ler37	Loc12	Gga01	Xtr04
N0.HOG0003935	Cmi16	Cpl21	Ler20	Loc13		
N0.HOG0003936	Cmi31		Ler37		Gga01	Xtr04
N0.HOG0003937	Cmi16	Cpl21	Ler20	Loc13	Gga14	Xtr09
N0.HOG0003938	Cmi16	Cpl21	Ler20	Loc13		Xtr09
N0.HOG0003939	Cmi20	Cpl24		Loc10	Gga18	Xtr10
N0.HOG0003940	Cmi16		Ler23			Xtr10
N0.HOG0003941	Cmi31	Cpl21	Ler20, Ler37	Loc12	Gga01	Xtr04
N0.HOG0003942	Cmi16	Cpl21		Loc13	Gga14	Xtr09
N0.HOG0003943	Cmi31	Cpl39	Ler37		Gga01	Xtr04
N0.HOG0003944	Cmi16	Cpl21		Loc13	Gga14	
N0.HOG0003945	Cmi20	Cpl24	Ler23	Loc10	Gga18	Xtr10
N0.HOG0003946	Cmi17	Cpl16	Ler18	Loc27	Gga05	Xtr04
N0.HOG0003947	Cmi17	Cpl05			Gga05	Xtr04
N0.HOG0003948	Cmi17	Cpl16	Ler18	Loc27	Gga05	Xtr04
N0.HOG0003949	Cmi31	Cpl39		LocSca		Xtr07
N0.HOG0003950	Cmi31	Cpl39	Ler37	Loc08		Xtr07
N0.HOG0003951	Cmi17	Cpl16	Ler18	Loc27	Gga05	
N0.HOG0003952	Cmi17	Cpl16	Ler18		Gga05	Xtr04
N0.HOG0003953		Cpl19	Ler19	Loc08	Gga01	Xtr03
N0.HOG0003954	Cmi19	Cpl26	Ler24	Loc03		
N0.HOG0003955	Cmi17	Cpl16	Ler18	Loc27	Gga05	Xtr04
N0.HOG0003956	Cmi17	Cpl16	Ler18	Loc27	Gga05	Xtr04
N0.HOG0003957	Cmi31	Cpl40	LerSca			Xtr07
N0.HOG0003958	Cmi17	Cpl16	Ler18	Loc27	Gga05	Xtr04
N0.HOG0003959	Cmi17	Cpl16	Ler10, Ler18			
N0.HOG0003960	Cmi17	Cpl16		Loc27		
N0.HOG0003961	Cmi31	Cpl39	Ler37	Loc04	Gga31	Xtr07
N0.HOG0003962	Cmi17	Cpl16	Ler18	Loc27	Gga05	Xtr04
N0.HOG0003963	Cmi19	Cpl26	Ler24	Loc03		
N0.HOG0003964	Cmi17			Loc27	Gga26	Xtr04
N0.HOG0003965	Cmi19	Cpl26	Ler24	Loc03		Xtr02
N0.HOG0003966	Cmi31	Cpl39	Ler37			Xtr07
N0.HOG0003967	Cmi17	CplSca	Ler18	Loc27	Gga05	Xtr04
N0.HOG0003968	Cmi17	Cpl16	Ler18			Xtr04
N0.HOG0003969	Cmi31	Cpl39	Ler37			Xtr07
N0.HOG0003970	Cmi18	Cpl20	Ler21	Loc18	Gga20, Gga37	Xtr10
N0.HOG0003971		Cpl19	Ler19	Loc08	Gga01	Xtr03
N0.HOG0003972	Cmi19	Cpl26	Ler24	Loc03	Gga26	
N0.HOG0003973		Cpl23		Loc08	Gga01	Xtr03
N0.HOG0003974	Cmi19	Cpl26	Ler24	Loc03	Gga26	Xtr02
N0.HOG0003975	Cmi20	Cpl24	Ler23	Loc10	Gga18	Xtr10
N0.HOG0003976	Cmi31	Cpl39	LerSca			Xtr04
N0.HOG0003977	Cmi20	Cpl24	Ler23	Loc10	Gga18	Xtr10
N0.HOG0003978	Cmi20	Cpl24	Ler23	Loc10	Gga18	Xtr10
N0.HOG0003979	Cmi20	Cpl24	Ler23	Loc10		
N0.HOG0003980	CmiSca	Cpl02	Ler03	Loc02	GgaZ	Xtr01
N0.HOG0003981	Cmi21	Cpl31	Ler29	Loc19		
N0.HOG0003982	Cmi21	Cpl31	Ler29	Loc19	Gga19	Xtr02
N0.HOG0003983	Cmi21	Cpl31	Ler29	Loc19	Gga28	Xtr01
N0.HOG0003984		Cpl02		Loc02	GgaZ	Xtr01
N0.HOG0003985	Cmi22	Cpl36	Ler33	Loc03		Xtr03
N0.HOG0003986	Cmi21	Cpl31	Ler33	Loc19		Xtr01
N0.HOG0003987	Cmi21	Cpl31	Ler29	Loc19	Gga28	Xtr01
N0.HOG0003988	Cmi26	Cpl36	Ler33	Loc03		Xtr03
N0.HOG0003989	Cmi21		Ler29	Loc19	Gga28	Xtr01
N0.HOG0003990		Cpl51	LerSca	Loc24		Xtr08
N0.HOG0003991	Cmi21	Cpl31	Ler29	Loc19	Gga28	Xtr01
N0.HOG0003992		Cpl51	LerSca	Loc24		Xtr08
N0.HOG0003993	Cmi21	Cpl31	Ler29	Loc19	Gga28	Xtr01
N0.HOG0003994	Cmi22	Cpl40	Ler36	Loc03, Loc02	Gga10, GgaZ	Xtr03
N0.HOG0003995				Loc09		
N0.HOG0003996		Cpl40	Ler36		Gga10	Xtr03, Xtr04
N0.HOG0003997	Cmi22	Cpl40				Xtr03
N0.HOG0003998			Ler06			Xtr02
N0.HOG0003999	Cmi22		Ler03, Ler08, Ler31, Ler05			Xtr10, Xtr04
N0.HOG0004000	Cmi23	Cpl33	Ler27, Ler02, Ler13	Loc15	Gga27	Xtr10
N0.HOG0004001	Cmi23	Cpl33	Ler27	Loc15		Xtr10
N0.HOG0004002		Cpl04	Ler04	Loc09	Gga02	Xtr06
N0.HOG0004003	Cmi23	Cpl33		Loc15	Gga27	Xtr10
N0.HOG0004004		Cpl04	Ler04	Loc09	Gga02	Xtr06
N0.HOG0004005	Cmi24	Cpl34	Ler30	Loc26, Loc25	Gga21, Gga01	Xtr07
N0.HOG0004006	Cmi24	Cpl34	Ler30	Loc26, Loc25, Loc02	Gga21	Xtr03, Xtr05
N0.HOG0004007	Cmi24	Cpl34	Ler30	Loc26	Gga21	XtrSca
N0.HOG0004008		Cpl34	Ler30		Gga21	XtrSca
N0.HOG0004009		CplSca		LocSca	Gga21	Xtr07
N0.HOG0004010	Cmi24	Cpl34	Ler30	Loc25, Loc02		Xtr03
N0.HOG0004011	Cmi25	Cpl35	Ler32	Loc26	Gga24	Xtr07
N0.HOG0004012	Cmi25	Cpl35	Ler32	Loc26	Gga24	Xtr07
N0.HOG0004013		CplSca		Loc24		Xtr07
N0.HOG0004014	Cmi25	Cpl35	Ler32	Loc26	Gga24	Xtr07
N0.HOG0004015	Cmi25	Cpl35	Ler32	Loc26		
N0.HOG0004016		CplSca		Loc24		
N0.HOG0004017		Cpl47		Loc03		Xtr02
N0.HOG0004018	Cmi25	Cpl36	Ler32	Loc26	Gga24	Xtr07
N0.HOG0004019		Cpl47		Loc26		Xtr07
N0.HOG0004020	Cmi25	Cpl36	Ler32		Gga24	Xtr07
N0.HOG0004021	Cmi26	Cpl36			Gga10	Xtr03
N0.HOG0004022	Cmi26	Cpl36			Gga10	Xtr03
N0.HOG0004023		CplSca	LerSca	LocSca		Xtr08
N0.HOG0004024	Cmi26	Cpl36	Ler33	Loc03	Gga10	Xtr03
N0.HOG0004025	Cmi26	Cpl40	Ler36	Loc03	Gga10	Xtr03
N0.HOG0004026			LerSca	Loc24	Gga25	Xtr08
N0.HOG0004027	Cmi27	Cpl43	Ler40	Loc04	Gga34	Xtr02
N0.HOG0004028		Cpl07		Loc12		
N0.HOG0004029	Cmi29	Cpl08	Ler39			Xtr08
N0.HOG0004030	Cmi30	Cpl37	LerSca			
N0.HOG0004031	Cmi30	Cpl37	Ler32			
N0.HOG0004032	Cmi31	Cpl39			Gga01	Xtr04
N0.HOG0004033	Cmi31	Cpl39	Ler37	Loc12	Gga01	Xtr04
N0.HOG0004034	CmiSca		Ler03	Loc02	GgaZ	Xtr01
N0.HOG0004035			Ler36	Loc03	Gga10	Xtr08
N0.HOG0004036	CmiSca	Cpl12	Ler09	Loc07	Gga05	Xtr08
N0.HOG0004037		CplSca		Loc28		Xtr04
N0.HOG0004038	CmiSca	Cpl48	LerSca			Xtr03
N0.HOG0004039	CmiSca	CplSca		Loc23	Gga11	
N0.HOG0004040	CmiSca	CplSca		Loc09		Xtr06
N0.HOG0004041			Ler23			Xtr10, Xtr08
N0.HOG0004042	CmiSca	Cpl24	Ler20, Ler21			Xtr10
N0.HOG0004043	CmiSca			Loc10	Gga18	Xtr10
N0.HOG0004044		Cpl24	Ler23	Loc10	Gga18	
N0.HOG0004045		Cpl01	LerSca	Loc02	Gga04	Xtr01
N0.HOG0004046		Cpl14	Ler11	Loc06	Gga13	Xtr03
N0.HOG0004047		Cpl02	Ler03	Loc02	GgaZ	Xtr01
N0.HOG0004048		Cpl31	Ler29	Loc02, Loc19		Xtr01
N0.HOG0004049		Cpl05, Cpl09, Cpl16, Cpl11, Cpl37	Ler27			
N0.HOG0004050		Cpl08	Ler39			
N0.HOG0004051		Cpl09	Ler08	Loc01	Gga03	Xtr05
N0.HOG0004052		Cpl20	Ler21	Loc18	Gga20	Xtr10
N0.HOG0004053		Cpl09	Ler08		Gga01	Xtr02
N0.HOG0004054		Cpl11	Ler10	Loc10		Xtr04
N0.HOG0004055			Ler10			Xtr04
N0.HOG0004056		Cpl21	Ler20	Loc11, Loc27, Loc21, Loc02	Gga05, Gga15, Gga17	Xtr08
N0.HOG0004057		Cpl31		Loc10, Loc02		Xtr06, Xtr10, Xtr05, Xtr01, Xtr09
N0.HOG0004058		Cpl33	Ler27			
N0.HOG0004059		Cpl37			Gga16	Xtr08
N0.HOG0004060		Cpl37	LerSca	LocSca		Xtr08
N0.HOG0004061		Cpl46, Cpl48, Cpl37				
N0.HOG0004062		Cpl47	LerSca	Loc24		
N0.HOG0004063		Cpl50, Cpl47	LerSca			Xtr01
N0.HOG0004064		CplSca	Ler18	Loc27		Xtr07, Xtr04
N0.HOG0004065		CplSca	Ler02, Ler34, Ler15			Xtr08
N0.HOG0004066		CplSca	LerSca		Gga25	
N0.HOG0004067		CplSca			GgaSca	
N0.HOG0004068				Loc26, Loc22, Loc15	Gga01	
N0.HOG0004069					Gga22, Gga06, Gga12	
N0.HOG0004070					Gga16, Gga02	Xtr02
N0.HOG0004071					Gga02	Xtr03
N0.HOG0004072			Ler27, Ler16	Loc26, Loc01	Gga31, Gga02	Xtr07, Xtr05
N0.HOG0004073					Gga25, GgaZ	
N0.HOG0004074				Loc17, Loc19	Gga28	Xtr01
N0.HOG0004075				Loc01	Gga06	Xtr07
N0.HOG0004076				Loc05	Gga06	Xtr07
N0.HOG0004077					Gga08	
N0.HOG0004078			Ler28, Ler02, Ler01, Ler03, Ler10, Ler04, Ler11			
N0.HOG0004079			Ler13, Ler31, Ler11, Ler10, Ler07, Ler39, Ler12, Ler04, Ler09, Ler24			
N0.HOG0004080			Ler28, Ler15, Ler14, Ler31, Ler30, Ler23, Ler16			
N0.HOG0004081			Ler45, Ler32, Ler33			
N0.HOG0004082			Ler11			Xtr02, Xtr06, Xtr05, Xtr09, Xtr01, Xtr03, Xtr04
N0.HOG0004083			Ler15, Ler13, Ler11, Ler08, Ler18, Ler03, Ler17, Ler19			Xtr03
N0.HOG0004084			Ler15, Ler09			
N0.HOG0004085			Ler13, Ler20, Ler08, Ler12, Ler18, Ler04, Ler09, Ler24			
N0.HOG0004086			Ler08, Ler13, Ler02, Ler18, Ler04, Ler07			
N0.HOG0004087			Ler03, Ler07, Ler01, Ler14			
N0.HOG0004088			Ler08, Ler01, Ler14, Ler05, Ler03, Ler22, Ler33			
N0.HOG0004089				Loc24, Loc05, Loc01		Xtr09
N0.HOG0004090				Loc24		Xtr07
N0.HOG0004091				Loc05		
N0.HOG0004092						Xtr02, Xtr06, Xtr08
N0.HOG0004093						Xtr03
N0.HOG0004094						Xtr04
N0.HOG0004095						Xtr04
N0.HOG0004096						Xtr05
N0.HOG0004097						Xtr07
N0.HOG0004098						Xtr07
N0.HOG0004099						Xtr08
N0.HOG0004100			Ler11, Ler01			
N0.HOG0004101	Cmi13	Cpl14		Loc06	Gga13	Xtr03
N0.HOG0004102	Cmi01			Loc02		
N0.HOG0004103	Cmi01	Cpl01	Ler01			
N0.HOG0004104	Cmi01	Cpl01	Ler01	Loc04	Gga04	Xtr01
N0.HOG0004105		Cpl06	Ler06		Gga01	
N0.HOG0004106	Cmi01	Cpl01		Loc04	Gga04	Xtr01
N0.HOG0004107		Cpl06	LerSca			Xtr02
N0.HOG0004108	Cmi01	Cpl01	Ler01	Loc04	Gga04	Xtr01
N0.HOG0004109	Cmi01	Cpl32	Ler01	Loc17, Loc04	Gga04, Gga01	Xtr02, Xtr01
N0.HOG0004110	Cmi01, Cmi15	Cpl32, Cpl15	Ler01, Ler12	Loc04	Gga04	Xtr01
N0.HOG0004111			Ler34	Loc05		Xtr07
N0.HOG0004112	Cmi01	Cpl32	Ler01	Loc04	Gga04	Xtr01
N0.HOG0004113	Cmi01	Cpl32		Loc02	GgaZ	Xtr01
N0.HOG0004114	Cmi13	Cpl14	Ler11			Xtr03
N0.HOG0004115	Cmi03, Cmi01	Cpl09	Ler08	Loc22, Loc01	Gga03	Xtr02, Xtr05
N0.HOG0004116	Cmi01, Cmi13	Cpl32	Ler01	Loc04	Gga04	Xtr01
N0.HOG0004117	Cmi13	Cpl14	Ler12	Loc07	Gga13	Xtr03
N0.HOG0004118	Cmi01	Cpl01		Loc02		
N0.HOG0004119	Cmi07		Ler15	Loc05		Xtr07
N0.HOG0004120	Cmi01	Cpl01		Loc04	Gga04	Xtr01
N0.HOG0004121	Cmi07	Cpl22	Ler15	Loc05		
N0.HOG0004122	Cmi01	Cpl01	Ler01	Loc04		
N0.HOG0004123	Cmi01	Cpl01	Ler01	Loc04	Gga04	Xtr01
N0.HOG0004124	Cmi01	Cpl01	Ler01	Loc04	Gga04	Xtr01
N0.HOG0004125	Cmi13	Cpl14	Ler11	Loc06		Xtr03
N0.HOG0004126	Cmi01	Cpl01		Loc04		
N0.HOG0004127	Cmi01	Cpl01	Ler01		Gga04	Xtr01
N0.HOG0004128		Cpl14		Loc06	Gga13	Xtr03
N0.HOG0004129	Cmi01	Cpl02	Ler03	Loc04	Gga04	Xtr01
N0.HOG0004130	Cmi01	Cpl02	Ler03			
N0.HOG0004131	Cmi01	Cpl01	Ler01	Loc04	Gga04	Xtr01
N0.HOG0004132	Cmi13		Ler11	Loc06		Xtr03
N0.HOG0004133	Cmi01			Loc04		Xtr01
N0.HOG0004134	Cmi01	Cpl01	LerSca	Loc04		
N0.HOG0004135	Cmi07	Cpl22		Loc05	Gga06	Xtr07
N0.HOG0004136	Cmi01	Cpl01	Ler48, Ler07, Ler12	Loc04	Gga04	Xtr01
N0.HOG0004137	Cmi01	Cpl32	Ler01	Loc04	Gga04	Xtr01
N0.HOG0004138	Cmi01	Cpl02	Ler03	Loc02	GgaZ	Xtr01
N0.HOG0004139		Cpl12	Ler13	Loc14	Gga01	Xtr02
N0.HOG0004140			Ler24		Gga25	Xtr08
N0.HOG0004141	Cmi01	Cpl02	Ler03	Loc04	GgaZ	Xtr01
N0.HOG0004142	Cmi05	Cpl11		Loc10		
N0.HOG0004143	Cmi01	Cpl02	Ler03	Loc02		
N0.HOG0004144		Cpl51	LerSca	Loc24	Gga25	Xtr08
N0.HOG0004145	Cmi01, Cmi21	Cpl31, Cpl02	Ler03, Ler29	Loc02	GgaZ	Xtr01
N0.HOG0004146	Cmi01, Cmi05	Cpl02, Cpl11	Ler03	Loc10	Gga08	Xtr04
N0.HOG0004147	Cmi01	Cpl02	Ler03	Loc02	GgaZ	Xtr01
N0.HOG0004148	Cmi01	Cpl01	Ler01	Loc02		
N0.HOG0004149	Cmi21		Ler29	Loc19	Gga28	Xtr01
N0.HOG0004150	Cmi01			Loc02	GgaZ	Xtr01
N0.HOG0004151	Cmi26	Cpl36	Ler33	Loc03		Xtr03
N0.HOG0004152	Cmi01, Cmi05	Cpl01, Cpl11	Ler10, Ler01	Loc10	Gga08	Xtr04
N0.HOG0004153	Cmi01	Cpl01			GgaZ	
N0.HOG0004154		Cpl16		Loc24		Xtr07
N0.HOG0004155		CplSca			Gga25	Xtr08
N0.HOG0004156	Cmi26	Cpl50	Ler36	Loc03		
N0.HOG0004157	Cmi01	Cpl01		Loc02		
N0.HOG0004158		CplSca	Ler01		GgaW, GgaZ	Xtr01
N0.HOG0004159		Cpl01			GgaW	
N0.HOG0004160	Cmi01	Cpl01	Ler23, Ler01	Loc02	GgaW, GgaZ	Xtr01
N0.HOG0004161	Cmi03, Cmi02	Cpl03	Ler05	Loc16	Gga03	Xtr05
N0.HOG0004162	Cmi02	Cpl05	Ler02	Loc09	Gga02	Xtr06
N0.HOG0004163	Cmi02	Cpl05	Ler02	Loc09		Xtr06
N0.HOG0004164	Cmi06	Cpl07		Loc12		
N0.HOG0004165	Cmi18	Cpl20	Ler21	Loc18		
N0.HOG0004166	Cmi02	Cpl05		Loc11		
N0.HOG0004167	Cmi03, Cmi02			Loc16	Gga03	Xtr05
N0.HOG0004168	Cmi03			Loc16		
N0.HOG0004169		Cpl20	Ler21	Loc18	Gga20	Xtr10
N0.HOG0004170	Cmi02	Cpl05		Loc11		Xtr06
N0.HOG0004171	Cmi23, Cmi02	Cpl33, Cpl05	Ler27, Ler02	Loc09	Gga02	Xtr06
N0.HOG0004172	Cmi02, Cmi09	Cpl10, Cpl05	Ler02, Ler09	Loc09	Gga02	Xtr06
N0.HOG0004173	Cmi02			Loc11		
N0.HOG0004174	Cmi23	Cpl33	Ler27	Loc15		Xtr10
N0.HOG0004175	Cmi02	Cpl05	Ler02		Gga02	Xtr06
N0.HOG0004176		Cpl07		Loc12	Gga07	Xtr09
N0.HOG0004177	Cmi06	Cpl07	Ler07	Loc12		
N0.HOG0004178	Cmi02	Cpl29		Loc09	Gga02	Xtr06
N0.HOG0004179	Cmi02	Cpl29	Ler02	Loc11	Gga02	Xtr06, Xtr09
N0.HOG0004180	Cmi02	Cpl29	Ler02, Ler05	Loc11	Gga02	Xtr06
N0.HOG0004181	Cmi02	Cpl29	Ler02	Loc11	Gga02	Xtr06
N0.HOG0004182	CmiSca		LerSca			Xtr01
N0.HOG0004183	Cmi23	Cpl33	Ler27	Loc15	Gga27	Xtr10
N0.HOG0004184	Cmi02			Loc11		Xtr06
N0.HOG0004185	Cmi02	Cpl05		Loc11		
N0.HOG0004186	Cmi06	Cpl07	Ler07	Loc12	Gga07	Xtr09
N0.HOG0004187	Cmi02	Cpl05	Ler02	Loc02, Loc01	Gga02	Xtr06
N0.HOG0004188	Cmi02		Ler02	Loc11	Gga02	Xtr06
N0.HOG0004189	Cmi23	Cpl33	Ler27	Loc15		
N0.HOG0004190	Cmi06, Cmi02	Cpl05, Cpl07	Ler02, Ler07	Loc12	Gga07	Xtr09
N0.HOG0004191	Cmi23, Cmi02	Cpl05, Cpl33	Ler27	Loc15, Loc04	Gga02	Xtr07
N0.HOG0004192	Cmi06	Cpl07	Ler07	Loc12	Gga07	Xtr09
N0.HOG0004193	Cmi02			Loc09		Xtr06
N0.HOG0004194					Gga09	Xtr09
N0.HOG0004195	Cmi06	Cpl07	Ler07	Loc12		
N0.HOG0004196	Cmi02			Loc09		
N0.HOG0004197		Cpl17	Ler17	Loc23		
N0.HOG0004198	Cmi02	Cpl04	Ler04	Loc11	Gga02	Xtr06
N0.HOG0004199	Cmi02	Cpl04	Ler04	Loc11	Gga02	Xtr06
N0.HOG0004200		Cpl20		Loc18	Gga20	
N0.HOG0004201	Cmi02	Cpl04	Ler04	Loc11, Loc05	Gga02, Gga35	Xtr06, Xtr01
N0.HOG0004202	Cmi02	Cpl04	Ler04	Loc11	Gga02	Xtr06
N0.HOG0004203	Cmi18	Cpl20		Loc18		
N0.HOG0004204	Cmi18			Loc18	Gga20	
N0.HOG0004205	Cmi02	Cpl04	Ler04	Loc11	Gga02	Xtr06
N0.HOG0004206	Cmi02	Cpl04	Ler04	Loc09	Gga02	Xtr06
N0.HOG0004207			Ler04	Loc09	Gga02	Xtr06
N0.HOG0004208	Cmi02	Cpl04	Ler04	Loc09		Xtr06
N0.HOG0004209	Cmi02	Cpl04	Ler04	Loc09		
N0.HOG0004210		CplSca		LocSca		Xtr01
N0.HOG0004211		Cpl20	Ler21	Loc06		
N0.HOG0004212	Cmi02	Cpl04	Ler04	Loc11	Gga02	Xtr06
N0.HOG0004213	Cmi02, Cmi10	Cpl28, Cpl04	Ler28, Ler04	Loc22	Gga19	Xtr02
N0.HOG0004214	Cmi02	Cpl04	Ler04	Loc09	Gga02	
N0.HOG0004215	CmiSca				Gga05	Xtr04
N0.HOG0004216	Cmi02		Ler02, Ler17	Loc11		Xtr07
N0.HOG0004217	Cmi02		Ler02, Ler05		Gga02	
N0.HOG0004218		CplSca	Ler02		Gga02	
N0.HOG0004219	Cmi02	Cpl05	Ler02, Ler01	Loc09	Gga02	Xtr06
N0.HOG0004220	Cmi02	CplSca	Ler43	Loc11	Gga02	Xtr06
N0.HOG0004221		Cpl33	Ler27			Xtr10
N0.HOG0004222	Cmi03	Cpl09	Ler08	Loc16	Gga03	Xtr05
N0.HOG0004223	Cmi03		Ler05	Loc16	Gga03	Xtr05
N0.HOG0004224		Cpl20	Ler21	Loc18	Gga20	
N0.HOG0004225	Cmi03			Loc06	Gga23, Gga03	Xtr02
N0.HOG0004226		Cpl03	Ler05	Loc01		Xtr05
N0.HOG0004227	Cmi03	Cpl03	Ler05	Loc01	Gga03	Xtr05
N0.HOG0004228	Cmi03	Cpl03	Ler11, Ler05	Loc01	Gga03	Xtr05
N0.HOG0004229	Cmi18	Cpl20	Ler21	Loc18	Gga20	
N0.HOG0004230	Cmi03		Ler05	Loc01		Xtr05
N0.HOG0004231	Cmi03	Cpl03	Ler05	Loc01	Gga03	Xtr05
N0.HOG0004232	Cmi03		Ler05	Loc01	Gga03	Xtr05
N0.HOG0004233	Cmi03	Cpl03	Ler05	Loc01		
N0.HOG0004234	Cmi10	Cpl27	Ler26	Loc06		Xtr02
N0.HOG0004235	Cmi03	Cpl03			Gga03	Xtr05
N0.HOG0004236	Cmi03, Cmi10	Cpl27, Cpl03	Ler26, Ler05	Loc06	Gga23	Xtr02
N0.HOG0004237	Cmi10	Cpl27	Ler26	Loc06		
N0.HOG0004238	Cmi03		Ler05	Loc01	Gga03	Xtr05
N0.HOG0004239	Cmi03	Cpl03	Ler05	Loc01	Gga03	Xtr05
N0.HOG0004240	Cmi03, Cmi10	Cpl27, Cpl03	Ler26, Ler05	Loc06	Gga23	Xtr02
N0.HOG0004241	Cmi03	Cpl03	Ler05	Loc06, Loc01	Gga23, Gga03	Xtr02, Xtr05
N0.HOG0004242	Cmi03	Cpl03		Loc16	Gga03	Xtr05
N0.HOG0004243		Cpl10		Loc07		Xtr08
N0.HOG0004244	Cmi03, Cmi10		Ler26, Ler08	Loc06		
N0.HOG0004245			Ler08	Loc16	Gga03	
N0.HOG0004246	Cmi03	Cpl09	Ler08	Loc01	Gga03	Xtr05
N0.HOG0004247	Cmi03	Cpl09	Ler08	Loc01	Gga03	Xtr05
N0.HOG0004248	Cmi03	Cpl09			Gga03	Xtr05
N0.HOG0004249	Cmi03	Cpl09			Gga03	
N0.HOG0004250	Cmi03	Cpl09	Ler08	Loc28, Loc01	Gga03	Xtr04, Xtr05
N0.HOG0004251	Cmi03	Cpl03	Ler05	Loc01	Gga03	Xtr05
N0.HOG0004252	Cmi03	Cpl03	Ler05	Loc16, Loc01	Gga03	Xtr05
N0.HOG0004253		Cpl41	Ler38	Loc02		Xtr08
N0.HOG0004254	Cmi03	Cpl09		Loc16	Gga03	Xtr05
N0.HOG0004255	Cmi03, Cmi09	Cpl10, Cpl09	Ler08, Ler09	Loc16	Gga03	Xtr05
N0.HOG0004256	Cmi03	Cpl09, Cpl41	Ler38	Loc01	Gga03	Xtr05
N0.HOG0004257	Cmi03	Cpl03	Ler05		Gga03	Xtr05
N0.HOG0004258		Cpl45	LerSca		Gga39	Xtr04
N0.HOG0004259	Cmi03	Cpl09	Ler08	Loc16	Gga03	Xtr05
N0.HOG0004260			Ler08	Loc16	Gga03	Xtr05
N0.HOG0004261			Ler08		Gga03	Xtr05
N0.HOG0004262	Cmi03	Cpl09	Ler08	Loc01	Gga03	Xtr05
N0.HOG0004263		CplSca		Loc28		Xtr04
N0.HOG0004264			Ler08	Loc28	Gga05	
N0.HOG0004265	Cmi03	Cpl09	Ler08	Loc01	Gga03	
N0.HOG0004266			Ler24	Loc01		Xtr08
N0.HOG0004267	Cmi04	Cpl12	Ler13	Loc03	Gga01	Xtr02
N0.HOG0004268					Gga01	Xtr02
N0.HOG0004269	Cmi04	Cpl06	Ler06	Loc03		
N0.HOG0004270		Cpl15	Ler12	Loc07		
N0.HOG0004271	Cmi04	Cpl12	Ler13	Loc17	Gga01	Xtr02
N0.HOG0004272		Cpl12	Ler13			
N0.HOG0004273	Cmi04				Gga01	
N0.HOG0004274	Cmi04			Loc03		
N0.HOG0004275		Cpl12	Ler13	Loc03	Gga01	Xtr02
N0.HOG0004276			Ler24		Gga25	Xtr08
N0.HOG0004277	Cmi04	Cpl12	Ler13	Loc17	Gga01	Xtr02
N0.HOG0004278		Cpl35	Ler32		Gga01	
N0.HOG0004279	Cmi04	Cpl12	Ler13	Loc03		Xtr02
N0.HOG0004280	Cmi08, Cmi04	Cpl12, Cpl25	Ler25, Ler13	Loc20	Gga15	Xtr01
N0.HOG0004281	Cmi04	Cpl12	Ler10, Ler13, Ler35	Loc17	Gga01	Xtr02
N0.HOG0004282	Cmi04	Cpl12	Ler48, Ler11, Ler13	Loc17	Gga01	Xtr02
N0.HOG0004283	Cmi04	Cpl12		Loc17		
N0.HOG0004284	Cmi11	Cpl13	Ler14	Loc14	Gga09	Xtr05
N0.HOG0004285	CmiSca			Loc07		Xtr08
N0.HOG0004286	Cmi04	Cpl12	Ler13	Loc03		Xtr02
N0.HOG0004287	Cmi04, Cmi15	Cpl06, Cpl15	Ler12, Ler06	Loc17	Gga01	Xtr02
N0.HOG0004288	Cmi04				Gga01	Xtr02
N0.HOG0004289	Cmi10	Cpl27	Ler26	Loc06	Gga23	Xtr02
N0.HOG0004290	Cmi04			Loc17	Gga04, Gga01	Xtr02
N0.HOG0004291	Cmi15	Cpl15	Ler12	Loc07		
N0.HOG0004292	Cmi04, Cmi15	Cpl12, Cpl15	Ler13, Ler12	Loc17	Gga01	Xtr02
N0.HOG0004293	Cmi25, Cmi04	Cpl06, Cpl35	Ler32, Ler06	Loc03	Gga01	Xtr02
N0.HOG0004294	CmiSca	Cpl41	Ler38			Xtr08
N0.HOG0004295	Cmi04				Gga01	Xtr08
N0.HOG0004296	Cmi15				Gga04	
N0.HOG0004297	Cmi04	Cpl06		Loc17, Loc07	Gga01	Xtr02, Xtr08
N0.HOG0004298	Cmi04	Cpl12	Ler13		Gga01	Xtr02
N0.HOG0004299	Cmi04	Cpl12	Ler13	Loc17	Gga01	Xtr02
N0.HOG0004300		Cpl13		Loc14	Gga09	Xtr05
N0.HOG0004301	Cmi04	Cpl06	Ler06	Loc17	Gga01	
N0.HOG0004302	Cmi04	Cpl06	Ler06	Loc03		
N0.HOG0004303			Ler06	Loc03	Gga01	Xtr02
N0.HOG0004304		Cpl15		Loc07	Gga04	
N0.HOG0004305	Cmi04	Cpl06	Ler06	Loc17	Gga01	Xtr02
N0.HOG0004306	Cmi04	Cpl06	Ler06	Loc17	Gga01	Xtr02
N0.HOG0004307	Cmi05	Cpl11	Ler10	Loc10, Loc02	Gga08, GgaZ	Xtr01, Xtr04
N0.HOG0004308	Cmi05	Cpl11	Ler10	Loc10	Gga08	Xtr04
N0.HOG0004309	Cmi08	Cpl30			Gga17	
N0.HOG0004310	Cmi05	Cpl11	Ler10	Loc10	Gga08	Xtr04
N0.HOG0004311		Cpl08	Ler39	Loc06		
N0.HOG0004312	Cmi05	Cpl11	Ler10	Loc10	Gga08	Xtr04
N0.HOG0004313	Cmi08	Cpl30		Loc21		
N0.HOG0004314	Cmi05	Cpl11	Ler10	Loc10	Gga08	Xtr04
N0.HOG0004315	Cmi05	Cpl11		Loc10		
N0.HOG0004316	Cmi05			Loc10	Gga03	Xtr05
N0.HOG0004317	Cmi29	Cpl08	Ler39	Loc06		Xtr03
N0.HOG0004318	Cmi29		Ler39	Loc06		Xtr04
N0.HOG0004319	Cmi05	Cpl11	Ler10	Loc10	Gga08	
N0.HOG0004320	Cmi05, Cmi21	Cpl31, Cpl11	Ler10, Ler29	Loc10	Gga28	Xtr01
N0.HOG0004321	Cmi05	Cpl11	Ler10	Loc10		
N0.HOG0004322			LerSca	Loc24	Gga25, Gga15	Xtr08
N0.HOG0004323		Cpl08		Loc06		Xtr03
N0.HOG0004324	Cmi05	Cpl11	Ler10	Loc10		Xtr04
N0.HOG0004325		Cpl16	Ler18		Gga05	Xtr04
N0.HOG0004326	Cmi05	Cpl19	Ler19	Loc08		Xtr03
N0.HOG0004327	Cmi05	Cpl19	Ler19	Loc08		
N0.HOG0004328		CplSca	Ler18	Loc27	Gga05	Xtr04
N0.HOG0004329	Cmi17	Cpl16	Ler18	Loc27		
N0.HOG0004330	Cmi05	Cpl19	Ler19		Gga01	Xtr03
N0.HOG0004331	Cmi05	Cpl19	Ler19	Loc03, Loc08	Gga01, Gga26	Xtr02, Xtr03
N0.HOG0004332	Cmi05			Loc05	Gga12	Xtr03
N0.HOG0004333	Cmi19	Cpl26		Loc03	Gga26	Xtr02
N0.HOG0004334	Cmi05, Cmi08	Cpl19, Cpl30	Ler31, Ler19	Loc08	Gga01	Xtr03
N0.HOG0004335	Cmi05, Cmi19	Cpl26, Cpl19	Ler24, Ler19	Loc08	Gga01	Xtr03
N0.HOG0004336	Cmi05	Cpl19	Ler19	Loc08	Gga01	Xtr03
N0.HOG0004337		Cpl39		Loc01		Xtr08
N0.HOG0004338	Cmi05		Ler19	Loc08	Gga01	
N0.HOG0004339	Cmi12	Cpl18	Ler16	Loc05		
N0.HOG0004340	Cmi05, Cmi19	Cpl26, Cpl19	Ler24, Ler19	Loc08	Gga01	Xtr03
N0.HOG0004341	Cmi05, Cmi19	Cpl26, Cpl19	Ler24, Ler19	Loc03	Gga26	Xtr02
N0.HOG0004342	Cmi05	Cpl19	Ler19		Gga01	Xtr03
N0.HOG0004343		Cpl26			Gga26	
N0.HOG0004344	Cmi05	Cpl19		Loc08		Xtr08, Xtr03
N0.HOG0004345	Cmi19			Loc01		Xtr08
N0.HOG0004346	Cmi05	Cpl23	Ler22	Loc08	Gga01	Xtr03
N0.HOG0004347	Cmi05	Cpl23	Ler02, Ler22	Loc08	Gga01	Xtr03
N0.HOG0004348	Cmi06					Xtr02
N0.HOG0004349		Cpl07			Gga07	Xtr03
N0.HOG0004350			Ler12, Ler14			
N0.HOG0004351	Cmi06	Cpl07	Ler07	Loc12	Gga07	
N0.HOG0004352		CplSca	Ler49	Loc11		
N0.HOG0004353	Cmi06	Cpl07	Ler07, Ler14, Ler02	Loc12	Gga07	Xtr09
N0.HOG0004354		Cpl07	Ler07	Loc12		
N0.HOG0004355	Cmi06	Cpl07	Ler07	Loc12	Gga07	Xtr09
N0.HOG0004356	Cmi06	Cpl07	Ler07	Loc12	Gga07	Xtr09
N0.HOG0004357	Cmi06			Loc12	Gga07	Xtr09
N0.HOG0004358	Cmi23	Cpl33	Ler27	Loc15		Xtr10
N0.HOG0004359	Cmi07	Cpl22		Loc05		Xtr07
N0.HOG0004360		Cpl01	LerSca	Loc04	Gga04	Xtr08
N0.HOG0004361	Cmi28		Ler35	Loc01	Gga22	
N0.HOG0004362	Cmi07	Cpl22	Ler15	Loc05		Xtr07
N0.HOG0004363	Cmi07	Cpl38	Ler03, Ler34	Loc05	Gga06	Xtr07
N0.HOG0004364	Cmi07	Cpl46	Ler15, Ler02	Loc05	Gga06	Xtr07
N0.HOG0004365			Ler35	Loc01	Gga06	
N0.HOG0004366	Cmi07	Cpl38	Ler34	Loc05	Gga06	
N0.HOG0004367	Cmi28, Cmi07	Cpl38, Cpl42	Ler34, Ler35	Loc01	Gga22	Xtr03
N0.HOG0004368		Cpl32	Ler01	Loc04	Gga04	
N0.HOG0004369	Cmi07	Cpl38	Ler34	Loc05		Xtr07
N0.HOG0004370	Cmi28	Cpl42	Ler35	Loc01	Gga22	Xtr03
N0.HOG0004371	Cmi07			Loc05	Gga06	
N0.HOG0004372	Cmi07	Cpl38	Ler34	Loc05	Gga06	Xtr07
N0.HOG0004373	Cmi07	Cpl38		Loc05	Gga06	Xtr07
N0.HOG0004374	Cmi28	Cpl42		Loc01		
N0.HOG0004375	Cmi07	Cpl38	Ler34	Loc05	Gga06	Xtr07
N0.HOG0004376	Cmi28, Cmi07	Cpl38, Cpl42	Ler34, Ler35	Loc05	Gga06	Xtr07
N0.HOG0004377	Cmi13, Cmi07	Cpl14	Ler11	Loc06, Loc05	Gga06, Gga13	Xtr07
N0.HOG0004378	Cmi28	Cpl42		Loc01		
N0.HOG0004379	Cmi07	Cpl22		Loc05	Gga06	Xtr07
N0.HOG0004380	Cmi28		Ler35	Loc01		
N0.HOG0004381	Cmi07	Cpl22	Ler15	Loc05	Gga06	Xtr07
N0.HOG0004382	Cmi07	Cpl22	Ler15	Loc05		
N0.HOG0004383	Cmi28		Ler35	Loc01		
N0.HOG0004384					Gga06	Xtr07
N0.HOG0004385	Cmi07	CplSca	Ler15	Loc05	Gga06	Xtr07
N0.HOG0004386	Cmi07		Ler15	Loc05	Gga06	
N0.HOG0004387	Cmi28	Cpl42	Ler35	Loc01		Xtr03
N0.HOG0004388	Cmi08	Cpl25	Ler25		Gga15	Xtr01
N0.HOG0004389		CplSca			Gga36	Xtr09
N0.HOG0004390	Cmi17, Cmi08	Cpl16, Cpl25	Ler25	Loc20		Xtr06, Xtr01, Xtr09
N0.HOG0004391	Cmi08	Cpl25	Ler25	Loc20	Gga15, Gga01	Xtr09, Xtr01, Xtr04
N0.HOG0004392	Cmi08	Cpl25	Ler25	Loc20	Gga05, Gga15	Xtr01, Xtr09
N0.HOG0004393	Cmi08	Cpl25	Ler25	Loc20	Gga15	Xtr01
N0.HOG0004394			Ler25		Gga36	Xtr09
N0.HOG0004395	Cmi08	Cpl25	Ler25	Loc20, Loc22	Gga15, Gga19	Xtr02, Xtr01
N0.HOG0004396	Cmi08	Cpl06, Cpl25	Ler25	Loc20	Gga15	Xtr01
N0.HOG0004397			Ler25	Loc20	Gga05	
N0.HOG0004398			Ler25	Loc20	Gga15	Xtr01
N0.HOG0004399	Cmi08	Cpl25	Ler25	Loc20	Gga05, Gga15	Xtr01
N0.HOG0004400			Ler25		Gga05	
N0.HOG0004401	Cmi08	Cpl25	Ler25	Loc20	Gga15	Xtr01
N0.HOG0004402	Cmi08	Cpl25	Ler07, Ler25		Gga12	
N0.HOG0004403	Cmi08	Cpl15, Cpl25	Ler25	Loc20		Xtr01
N0.HOG0004404		CplSca		Loc09		
N0.HOG0004405	Cmi08	Cpl25	Ler25	Loc01	Gga15	Xtr01
N0.HOG0004406	Cmi08, Cmi10	Cpl25	Ler25	Loc20	Gga15	Xtr01
N0.HOG0004407	Cmi08	Cpl30	Ler31	Loc21		Xtr08
N0.HOG0004408			LerSca	Loc10	Gga08	Xtr04
N0.HOG0004409	Cmi08	Cpl30		Loc21	Gga17	Xtr08
N0.HOG0004410		CplSca	Ler31	Loc09		
N0.HOG0004411	Cmi08	CplSca		Loc09	Gga17	Xtr08
N0.HOG0004412	Cmi08	Cpl30	Ler31	Loc21	Gga19, Gga27, Gga17	Xtr08
N0.HOG0004413		Cpl34	Ler30	LocSca		
N0.HOG0004414	Cmi08	Cpl30	Ler31	Loc21	Gga17	Xtr08
N0.HOG0004415	Cmi08	Cpl30		Loc21, Loc22	Gga17	Xtr08
N0.HOG0004416		Cpl41	Ler38	Loc02	Gga38	Xtr08
N0.HOG0004417	Cmi09	Cpl10	Ler09	Loc07		
N0.HOG0004418	CmiSca		Ler38	Loc02		
N0.HOG0004419	Cmi09	Cpl10	Ler09	Loc07	Gga05	Xtr08
N0.HOG0004420	Cmi09		Ler09	Loc07		
N0.HOG0004421	CmiSca	Cpl10, Cpl41		Loc02		
N0.HOG0004422					Gga05	Xtr08
N0.HOG0004423	Cmi09	Cpl10	Ler09	Loc02, Loc07	Gga05	Xtr08
N0.HOG0004424		Cpl41				Xtr08
N0.HOG0004425		Cpl41		Loc02		Xtr08
N0.HOG0004426	Cmi09	Cpl10	Ler09	Loc07		Xtr08
N0.HOG0004427	Cmi09	Cpl10	Ler09	Loc09, Loc22, Loc07	Gga05	Xtr08
N0.HOG0004428	Cmi09	Cpl10	Ler09	Loc07	Gga05	Xtr08
N0.HOG0004429		Cpl41	Ler38	Loc02		
N0.HOG0004430	Cmi09	Cpl10, Cpl41	Ler38, Ler09	Loc07	Gga05	Xtr08
N0.HOG0004431		Cpl41	Ler38			Xtr08
N0.HOG0004432	Cmi09	Cpl10	Ler09	Loc07	Gga05	Xtr08
N0.HOG0004433	Cmi09	Cpl10	Ler09	Loc07	Gga05	
N0.HOG0004434		Cpl09		Loc28, Loc04		
N0.HOG0004435	Cmi09	Cpl10	Ler09	Loc07		Xtr08
N0.HOG0004436		Cpl41	Ler38	Loc02		
N0.HOG0004437	Cmi09	Cpl10, Cpl03	Ler22, Ler09, Ler05	Loc16	Gga03	Xtr05
N0.HOG0004438	Cmi09	Cpl10	Ler09	Loc07	Gga05	Xtr08
N0.HOG0004439	Cmi09	Cpl10	Ler09	Loc07	Gga05	Xtr08
N0.HOG0004440	CmiSca	Cpl41				Xtr08
N0.HOG0004441	Cmi13, Cmi09	Cpl10, Cpl14, Cpl41	Ler11, Ler38	Loc02		
N0.HOG0004442		Cpl10	Ler09	Loc07	Gga05	Xtr08
N0.HOG0004443	Cmi09		Ler13	Loc28	GgaSca	
N0.HOG0004444		Cpl41	Ler38	Loc02		
N0.HOG0004445	Cmi09	Cpl10	Ler09	Loc07	Gga05	Xtr08
N0.HOG0004446	Cmi10	Cpl25	Ler25	Loc20, Loc22	Gga15, Gga19	Xtr02, Xtr01
N0.HOG0004447	Cmi10		Ler28	Loc22	Gga19	Xtr02
N0.HOG0004448		Cpl25	Ler25	Loc20	Gga15	
N0.HOG0004449	Cmi10	Cpl28	Ler28	Loc22	Gga19	Xtr02
N0.HOG0004450		CplSca			Gga36	Xtr09
N0.HOG0004451	Cmi10	Cpl28	Ler28	Loc22	Gga19	Xtr02
N0.HOG0004452	Cmi10	Cpl27	Ler26	Loc06	Gga23	Xtr02
N0.HOG0004453	Cmi10	Cpl27	Ler26	Loc06	Gga23	
N0.HOG0004454	Cmi18	Cpl20		Loc18	Gga20	
N0.HOG0004455	Cmi10	Cpl27	Ler26	Loc06	Gga23	
N0.HOG0004456		Cpl15	Ler12	Loc07	Gga04	
N0.HOG0004457	Cmi10	Cpl27	Ler26	Loc01		Xtr05
N0.HOG0004458	Cmi10	Cpl27	Ler26	Loc06	Gga19	Xtr02
N0.HOG0004459	Cmi10	Cpl27	Ler26		Gga02	
N0.HOG0004460	Cmi23	Cpl33	Ler27		Gga27	Xtr10
N0.HOG0004461	Cmi10	Cpl27	Ler02	Loc06	Gga03	Xtr06
N0.HOG0004462	Cmi11	Cpl13	Ler14	Loc14, Loc25	Gga21, Gga09	Xtr07, Xtr05
N0.HOG0004463	Cmi11			Loc14, Loc02		
N0.HOG0004464		CplSca	Ler14		GgaSca	
N0.HOG0004465		Cpl13			Gga09	
N0.HOG0004466		Cpl48	Ler51	Loc02		
N0.HOG0004467	Cmi11	Cpl13	Ler14	Loc14	Gga09	Xtr05
N0.HOG0004468	Cmi11	Cpl13	Ler14	Loc14		
N0.HOG0004469		CplSca	Ler13	Loc17	Gga01	Xtr02
N0.HOG0004470	Cmi11	Cpl13	Ler14	Loc14	Gga09	Xtr05
N0.HOG0004471		Cpl48		Loc02		Xtr03
N0.HOG0004472	Cmi11	Cpl13	Ler14	Loc14	Gga09	Xtr05
N0.HOG0004473	Cmi11	Cpl13		Loc14		
N0.HOG0004474	Cmi24, Cmi11	Cpl34, Cpl13	Ler14, Ler30	Loc14	Gga21	Xtr07
N0.HOG0004475	Cmi11	CplSca		Loc14		
N0.HOG0004476	Cmi24	Cpl34	Ler30	Loc02	Gga21	Xtr07
N0.HOG0004477		Cpl48	LerSca	Loc02		
N0.HOG0004478	Cmi11	Cpl13	Ler14	Loc14	Gga09	Xtr05
N0.HOG0004479	Cmi24	Cpl34	Ler30	Loc25		Xtr07
N0.HOG0004480	Cmi11	Cpl13	Ler14	Loc14		
N0.HOG0004481	Cmi11	Cpl13	Ler14	Loc14	Gga09	
N0.HOG0004482	CmiSca			Loc17, Loc02		
N0.HOG0004483	CmiSca	Cpl48	LerSca	Loc02		
N0.HOG0004484	Cmi11	Cpl13		Loc14	Gga09	Xtr05
N0.HOG0004485	CmiSca			Loc01		
N0.HOG0004486	Cmi12	Cpl18	Ler16	Loc05	Gga12	Xtr04
N0.HOG0004487	Cmi12	Cpl18	Ler16	Loc05	Gga12	Xtr04
N0.HOG0004488	CmiSca			Loc01		Xtr08
N0.HOG0004489	Cmi12	Cpl18	Ler16	Loc05, Loc01	Gga12	Xtr08, Xtr04
N0.HOG0004490	Cmi12	Cpl33, Cpl09	Ler08, Ler38	Loc01	Gga03	Xtr08, Xtr05
N0.HOG0004491		CplSca		Loc01	GgaSca	Xtr08
N0.HOG0004492	Cmi12	Cpl18	Ler16	Loc05	Gga12	
N0.HOG0004493	CmiSca	Cpl39		Loc01		
N0.HOG0004494	Cmi12	Cpl18	Ler16	Loc05	Gga12	Xtr04
N0.HOG0004495	Cmi12	Cpl18		Loc05		Xtr04
N0.HOG0004496		Cpl23		Loc08	Gga01	Xtr03
N0.HOG0004497	Cmi12	Cpl18	Ler16	Loc01		Xtr08
N0.HOG0004498	CmiSca			Loc05	Gga12	Xtr04
N0.HOG0004499	Cmi12	Cpl18	Ler16	Loc05	Gga12	Xtr04
N0.HOG0004500		CplSca	LerSca			Xtr08
N0.HOG0004501	Cmi12	Cpl18	Ler16	Loc05	Gga12	Xtr04
N0.HOG0004502	Cmi13, Cmi30	Cpl14	Ler11	Loc06	Gga13	Xtr03
N0.HOG0004503	Cmi13	Cpl14	Ler11	Loc06, Loc17	Gga13, Gga01	Xtr02, Xtr03
N0.HOG0004504	Cmi13	Cpl14	Ler11	Loc06, Loc04	Gga13, GgaZ	Xtr01, Xtr03
N0.HOG0004505	Cmi13	Cpl14	Ler11	Loc06, Loc02	Gga04, Gga13	Xtr01, Xtr03
N0.HOG0004506		Cpl01	LerSca	Loc04	Gga04	Xtr01
N0.HOG0004507	Cmi13	Cpl14	Ler11	Loc06		
N0.HOG0004508	Cmi14	Cpl17		Loc23	Gga11	
N0.HOG0004509		Cpl04	Ler04	Loc09	Gga02	Xtr06
N0.HOG0004510	Cmi14	Cpl17	Ler17	Loc23	Gga11	Xtr04
N0.HOG0004511			Ler17	Loc05		
N0.HOG0004512		Cpl13	Ler14	Loc14	Gga09	Xtr05
N0.HOG0004513	Cmi15	Cpl15	Ler12	Loc07		
N0.HOG0004514	Cmi15	Cpl15	Ler12	Loc17	Gga04, Gga01	Xtr02, Xtr08
N0.HOG0004515	Cmi15	Cpl15	Ler12	Loc17	Gga04, Gga01	Xtr02, Xtr08
N0.HOG0004516	Cmi15	Cpl24	Ler12	Loc07	Gga04	Xtr08
N0.HOG0004517		Cpl17	Ler17	Loc23		
N0.HOG0004518	Cmi15	Cpl15	Ler04, Ler12	Loc07	Gga04	Xtr08
N0.HOG0004519	Cmi16	Cpl21	Ler20	Loc13	Gga14	Xtr09
N0.HOG0004520	Cmi31, Cmi16	Cpl21, Cpl39	Ler20, Ler37	Loc13	Gga14	Xtr09
N0.HOG0004521	Cmi16	Cpl21	Ler20	Loc13	Gga14	Xtr09
N0.HOG0004522	Cmi16	Cpl21	Ler20	Loc13	Gga14	Xtr09
N0.HOG0004523			LerSca	Loc02	Gga01	
N0.HOG0004524					Gga14	Xtr09
N0.HOG0004525	Cmi16	Cpl21		Loc13		
N0.HOG0004526	Cmi20	Cpl24	Ler23	Loc10		
N0.HOG0004527			Ler37		Gga01	Xtr04
N0.HOG0004528	Cmi16	Cpl21	Ler20	Loc13	Gga14	Xtr09
N0.HOG0004529	Cmi16	Cpl21	Ler20	Loc13	Gga14	Xtr09
N0.HOG0004530		Cpl39	Ler37		Gga01	
N0.HOG0004531	Cmi20				Gga18	Xtr10
N0.HOG0004532	Cmi16	Cpl21	Ler20		Gga14	Xtr09
N0.HOG0004533	Cmi31, Cmi16	Cpl21, Cpl39	Ler20, Ler37	Loc13	Gga14	Xtr09
N0.HOG0004534	Cmi20	CplSca		Loc10		
N0.HOG0004535	Cmi16	Cpl21	Ler20	Loc13	Gga14	Xtr09
N0.HOG0004536	Cmi16	Cpl21	Ler20	Loc13	Gga14	Xtr09
N0.HOG0004537	Cmi16	Cpl21	Ler20	Loc13	Gga14	Xtr09
N0.HOG0004538		Cpl39	Ler37	Loc12		
N0.HOG0004539	Cmi16	Cpl21	Ler20		Gga14	
N0.HOG0004540	Cmi31, Cmi17	Cpl39, Cpl16	Ler37, Ler18	Loc27	Gga05	Xtr04
N0.HOG0004541	Cmi17		Ler18	Loc27	Gga05	Xtr04
N0.HOG0004542		Cpl19	Ler19		Gga01	Xtr03
N0.HOG0004543	Cmi31, Cmi17	Cpl39, Cpl16	Ler37, Ler18	Loc27	Gga05	Xtr07
N0.HOG0004544		Cpl23	Ler22	Loc08		
N0.HOG0004545	Cmi17	Cpl16	Ler18	Loc27	Gga05	Xtr04
N0.HOG0004546		Cpl23	Ler22	Loc08		
N0.HOG0004547	Cmi17	Cpl16	Ler18	Loc27		Xtr04
N0.HOG0004548	Cmi17	Cpl16	Ler18	Loc27		
N0.HOG0004549	Cmi19	Cpl26	Ler24	Loc03		
N0.HOG0004550		Cpl39	Ler37			Xtr07
N0.HOG0004551			Ler18	Loc27		
N0.HOG0004552	Cmi17	Cpl16				Xtr04
N0.HOG0004553	Cmi17	Cpl16	Ler18		Gga05	Xtr04
N0.HOG0004554	Cmi31	Cpl39	Ler37			Xtr07
N0.HOG0004555	Cmi17	Cpl11	Ler04, Ler18	Loc27	Gga05	Xtr04
N0.HOG0004556	Cmi17	Cpl16	Ler18	Loc27	Gga05	Xtr04
N0.HOG0004557	Cmi17	Cpl16	Ler18	Loc08, Loc27	Gga05, Gga01	Xtr03, Xtr04
N0.HOG0004558	Cmi18	Cpl35	Ler21	Loc18	Gga20	Xtr01
N0.HOG0004559	Cmi18	Cpl20	Ler21	Loc18	Gga20	Xtr10
N0.HOG0004560		Cpl04	Ler04	Loc09		
N0.HOG0004561	Cmi18	Cpl39, Cpl20	Ler21	Loc18	Gga20	Xtr10
N0.HOG0004562		Cpl05	Ler02	Loc09		
N0.HOG0004563	Cmi18	Cpl20	Ler21	Loc18		
N0.HOG0004564					Gga02	Xtr06
N0.HOG0004565	Cmi18	Cpl20	Ler21	Loc18	Gga20	Xtr10
N0.HOG0004566	Cmi19	Cpl26	Ler24	Loc03		
N0.HOG0004567		Cpl23, Cpl47		LocSca		
N0.HOG0004568	Cmi19	Cpl26	Ler24	Loc03		
N0.HOG0004569		Cpl19	Ler19	Loc08	Gga01	Xtr03
N0.HOG0004570	Cmi20	Cpl24	Ler23	Loc10	Gga18	Xtr10
N0.HOG0004571		Cpl21		Loc13		
N0.HOG0004572	Cmi20	Cpl24	Ler23	Loc10	Gga18	Xtr10
N0.HOG0004573	Cmi21	Cpl31	Ler29	Loc19		
N0.HOG0004574		Cpl02	Ler03	Loc02	GgaZ	Xtr01
N0.HOG0004575	Cmi21	Cpl31	Ler03, Ler29, Ler23, Ler04	Loc19		
N0.HOG0004576	Cmi21	Cpl31, Cpl02	Ler03, Ler29	Loc02	GgaZ	Xtr01
N0.HOG0004577	Cmi21	Cpl31	Ler29	Loc19	GgaZ	Xtr01
N0.HOG0004578		Cpl01		Loc02	GgaZ	Xtr01
N0.HOG0004579	Cmi21	Cpl31	Ler29		Gga28	
N0.HOG0004580	Cmi21	Cpl31	Ler29	Loc19	Gga04, Gga07	
N0.HOG0004581	Cmi21	Cpl31	Ler29	Loc19	Gga28	Xtr01
N0.HOG0004582		Cpl51		Loc24		Xtr08
N0.HOG0004583	Cmi21	Cpl31	Ler29	Loc19	Gga28	Xtr01
N0.HOG0004584	Cmi21		Ler29		Gga28	
N0.HOG0004585	Cmi26	Cpl36	Ler33	Loc03	Gga10	Xtr03
N0.HOG0004586		CplSca		Loc24	Gga25	Xtr08
N0.HOG0004587	Cmi22	Cpl36	Ler33	Loc03	Gga10	
N0.HOG0004588	Cmi22	Cpl36	Ler33	Loc03	Gga10	Xtr03
N0.HOG0004589		Cpl51		Loc24		Xtr08
N0.HOG0004590	Cmi22	Cpl36	Ler33	Loc03, Loc04	Gga04, Gga10	Xtr01, Xtr03
N0.HOG0004591	Cmi22	Cpl32	Ler33, Ler20, Ler05	Loc03	Gga10	Xtr03
N0.HOG0004592	Cmi22	Cpl31	Ler29	Loc03, Loc02, Loc19	Gga10, Gga28	Xtr03
N0.HOG0004593	Cmi22	Cpl40	Ler36	Loc03	Gga10	Xtr03
N0.HOG0004594			Ler24	Loc06		Xtr02
N0.HOG0004595	Cmi23	Cpl33	Ler27	Loc11, Loc15	Gga27, Gga02	Xtr10, Xtr06
N0.HOG0004596	Cmi23	Cpl31, Cpl33	Ler27	Loc15	Gga27	Xtr10
N0.HOG0004597	Cmi24	Cpl34	Ler30	Loc25	Gga21	Xtr07
N0.HOG0004598	Cmi24	Cpl34	Ler30	Loc26, Loc25	Gga01	Xtr07
N0.HOG0004599		CplSca	Ler32		Gga24	Xtr07
N0.HOG0004600	Cmi25	Cpl35	Ler32		Gga24	
N0.HOG0004601	Cmi25	Cpl35	Ler32	Loc24, Loc26	Gga24	Xtr07
N0.HOG0004602	Cmi25	Cpl36	Ler32	Loc03, Loc24, Loc26	Gga24	Xtr07
N0.HOG0004603	Cmi25	Cpl35	Ler32	Loc24, Loc26	Gga24, Gga35	Xtr07
N0.HOG0004604	Cmi26	Cpl36	Ler33	Loc03	Gga10	
N0.HOG0004605		Cpl51		Loc24		
N0.HOG0004606	Cmi26	Cpl36	Ler33	Loc03, Loc24	Gga25, Gga10	Xtr08, Xtr03
N0.HOG0004607	Cmi27	Cpl06	Ler06	Loc09, Loc15	Gga05	
N0.HOG0004608	CmiSca	Cpl07	Ler07	Loc12		
N0.HOG0004609	Cmi27			Loc04	Gga34, Gga09	Xtr02
N0.HOG0004610		Cpl43, Cpl07			Gga34	
N0.HOG0004611		Cpl44	Ler40			Xtr02
N0.HOG0004612	Cmi27	CplSca			Gga34	Xtr02
N0.HOG0004613	Cmi27		LerSca		Gga27	Xtr02
N0.HOG0004614	Cmi28	Cpl42	Ler35, Ler36, Ler08, Ler19		GgaSca	Xtr07
N0.HOG0004615	Cmi28	Cpl42		Loc01		Xtr03
N0.HOG0004616		Cpl22	Ler15	Loc05	Gga06	Xtr07
N0.HOG0004617	Cmi28		Ler35	Loc01	Gga22	Xtr03
N0.HOG0004618			Ler01	Loc04	Gga04	
N0.HOG0004619	Cmi28	Cpl42	Ler35			
N0.HOG0004620	Cmi29		LerSca	Loc02		
N0.HOG0004621	Cmi29	Cpl08	Ler39	Loc06, Loc15	Gga27	Xtr10, Xtr03
N0.HOG0004622	Cmi30	CplSca	LerSca	Loc07	Gga04	Xtr08
N0.HOG0004623	Cmi30		Ler37			Xtr04
N0.HOG0004624	Cmi31	CplSca	Ler37			Xtr04
N0.HOG0004625	Cmi31			Loc12, Loc26		Xtr07
N0.HOG0004626	Cmi31	Cpl39	Ler37	Loc12		
N0.HOG0004627		Cpl16		Loc27	Gga05	Xtr04
N0.HOG0004628	Cmi31	Cpl39	Ler37, Ler18			Xtr07
N0.HOG0004629		CplSca	LerSca	Loc28		
N0.HOG0004630		Cpl45	LerSca	Loc28		
N0.HOG0004631		Cpl41	Ler38	Loc02		Xtr08
N0.HOG0004632		Cpl09		Loc16	Gga03	Xtr05
N0.HOG0004633	CmiSca			Loc02		Xtr03
N0.HOG0004634	CmiSca	Cpl12	Ler13	Loc17		Xtr02
N0.HOG0004635	CmiSca		LerSca		GgaSca	
N0.HOG0004636			LerSca	Loc01		
N0.HOG0004637	CmiSca	Cpl31, Cpl39	LerSca			
N0.HOG0004638	CmiSca	Cpl34	Ler30	Loc25	Gga21	Xtr07
N0.HOG0004639	CmiSca	Cpl22	Ler15	Loc05, Loc01	Gga22, Gga06	Xtr07
N0.HOG0004640	CmiSca	Cpl48		Loc17		Xtr03
N0.HOG0004641		Cpl13	Ler14	Loc14	Gga09	Xtr05
N0.HOG0004642	CmiSca	Cpl41	Ler38	Loc02, Loc07	Gga05, Gga38	Xtr08
N0.HOG0004643	CmiSca	CplSca	Ler44	Loc28, Loc01	Gga03	Xtr04, Xtr05
N0.HOG0004644	CmiSca	Cpl05	Ler02	Loc11		Xtr06
N0.HOG0004645	CmiSca	Cpl16	Ler18	Loc27	Gga05	Xtr04
N0.HOG0004646		Cpl30		Loc21	Gga17	Xtr08
N0.HOG0004647	CmiSca	Cpl37	LerSca	Loc12		Xtr08
N0.HOG0004648		Cpl04	Ler04, Ler02, Ler08	Loc11, Loc01	Gga02	Xtr06
N0.HOG0004649		Cpl07	Ler07	Loc12	Gga07	Xtr09
N0.HOG0004650		Cpl07		Loc12	Gga07	Xtr09
N0.HOG0004651		Cpl12	Ler13	Loc03	Gga01	Xtr02
N0.HOG0004652		Cpl34		Loc25		
N0.HOG0004653		Cpl13		Loc14		
N0.HOG0004654		Cpl25		Loc20	Gga15	Xtr01
N0.HOG0004655		Cpl16	Ler18	Loc27		Xtr04
N0.HOG0004656		Cpl19	Ler19	Loc08	Gga01	Xtr03
N0.HOG0004657		Cpl18	Ler16, Ler22	Loc05	Gga12	Xtr04
N0.HOG0004658			Ler23			Xtr07, Xtr03
N0.HOG0004659		Cpl19	Ler19	Loc06		Xtr03
N0.HOG0004660		Cpl22	Ler15	Loc05	Gga06	Xtr07, Xtr05
N0.HOG0004661		Cpl38		Loc05	Gga06	Xtr07
N0.HOG0004662		Cpl31	Ler29	Loc19	Gga28	Xtr01
N0.HOG0004663		Cpl34	Ler09, Ler30	Loc25	Gga21	Xtr07
N0.HOG0004664		Cpl50, Cpl37	Ler44	Loc17	Gga16	Xtr08
N0.HOG0004665		Cpl37	Ler04, Ler31		Gga16	Xtr08
N0.HOG0004666		Cpl37				Xtr02
N0.HOG0004667		Cpl42	Ler35	Loc01	Gga22	Xtr03
N0.HOG0004668		Cpl38	Ler34	Loc05		Xtr07
N0.HOG0004669		Cpl41	Ler38	Loc16, Loc02, Loc07	Gga05, Gga03	Xtr08
N0.HOG0004670		Cpl42	Ler35	Loc01		
N0.HOG0004671		CplSca	LerSca	Loc26, Loc22	Gga24, Gga27	Xtr01
N0.HOG0004672		CplSca	Ler18	Loc23	Gga11, Gga35	Xtr01, Xtr04
N0.HOG0004673					Gga16	
N0.HOG0004674					Gga36	Xtr09
N0.HOG0004675					GgaZ	
N0.HOG0004676			Ler03, Ler17, Ler05			
N0.HOG0004677			Ler03, Ler10, Ler13, Ler04			
N0.HOG0004678			Ler26, Ler01, Ler43, Ler22, Ler03, Ler10, Ler23			
N0.HOG0004679			Ler11, Ler33, Ler26, Ler39, Ler02, Ler38, Ler32, Ler09			
N0.HOG0004680			Ler11, Ler12, Ler31			
N0.HOG0004681			Ler01, Ler32, Ler05, Ler04, Ler11, Ler25, Ler06			
N0.HOG0004682			Ler02, Ler01, Ler03, Ler11, Ler09, Ler16, Ler06			
N0.HOG0004683			Ler01, Ler05, Ler11, Ler23, Ler02, Ler08, Ler22, Ler09			
N0.HOG0004684			Ler02, Ler01			
N0.HOG0004685			Ler15, Ler02, Ler12, Ler31, Ler05, Ler07, Ler09			
N0.HOG0004686			Ler15, Ler02, Ler12, Ler31, Ler05, Ler03, Ler09	Loc01		
N0.HOG0004687			Ler28, Ler08, Ler13, Ler01, Ler14, Ler02, Ler06			
N0.HOG0004688			Ler26, Ler15, Ler01, Ler05, Ler04, Ler19, Ler06			
N0.HOG0004689			Ler02, Ler01, Ler31, Ler05, Ler07, Ler16, Ler06			
N0.HOG0004690			Ler02, Ler01, Ler08, Ler22, Ler03, Ler09			
N0.HOG0004691			Ler03			
N0.HOG0004692						Xtr02, Xtr08, Xtr05, Xtr01, Xtr03, Xtr04
N0.HOG0004693						Xtr01
N0.HOG0004694						Xtr01
N0.HOG0004695						Xtr01, Xtr06, Xtr10, Xtr08, Xtr05, Xtr07
N0.HOG0004696						Xtr10, Xtr09, Xtr05
N0.HOG0004697						Xtr10
N0.HOG0004698						Xtr02
N0.HOG0004699						Xtr03
N0.HOG0004700						Xtr06, Xtr08, Xtr05, Xtr09, Xtr07, Xtr04
N0.HOG0004701						Xtr07, Xtr09, Xtr05
N0.HOG0004702						Xtr06
N0.HOG0004703						Xtr06
N0.HOG0004704						Xtr07
N0.HOG0004705						Xtr08
N0.HOG0004706						Xtr08
N0.HOG0004707	Cmi01	Cpl32	Ler01	Loc04		Xtr01
N0.HOG0004708	Cmi01	Cpl32	Ler01	Loc04		Xtr01
N0.HOG0004709	Cmi01, Cmi13	Cpl32, Cpl14	Ler01	Loc06	Gga13	Xtr03
N0.HOG0004710			Ler03	Loc09		
N0.HOG0004711	Cmi01		Ler03	Loc20	Gga04	Xtr01
N0.HOG0004712	Cmi01	Cpl02, Cpl01	Ler03, Ler01		Gga04	Xtr01
N0.HOG0004713	Cmi01	Cpl01	Ler01	Loc04, Loc05	Gga04	Xtr01
N0.HOG0004714	Cmi01, Cmi08	Cpl19	Ler01	Loc04	Gga04	Xtr01
N0.HOG0004715	Cmi01, Cmi08	Cpl19	Ler01	Loc04	Gga04	Xtr01
N0.HOG0004716					Gga01	Xtr06
N0.HOG0004717	Cmi01	Cpl01		Loc04		
N0.HOG0004718		Cpl06	LerSca	Loc03		
N0.HOG0004719	Cmi01	Cpl01	Ler01	Loc04	Gga04	Xtr01
N0.HOG0004720	Cmi01	Cpl01	Ler01	Loc04	Gga04	Xtr01
N0.HOG0004721	Cmi01	Cpl32	Ler01	Loc04, Loc05	Gga04	Xtr01
N0.HOG0004722	Cmi01	CplSca	Ler24	LocSca	Gga25	Xtr08
N0.HOG0004723	Cmi01	Cpl01	Ler01	Loc02		
N0.HOG0004724	Cmi28		Ler35	Loc01		Xtr03
N0.HOG0004725	Cmi01	Cpl01	Ler01	Loc04	Gga04, Gga01	Xtr02, Xtr01
N0.HOG0004726	Cmi01, Cmi13, Cmi04	Cpl14	Ler11	Loc06	Gga13	Xtr03
N0.HOG0004727	Cmi01	Cpl02, Cpl14	Ler11	Loc04	Gga04	Xtr01
N0.HOG0004728	Cmi01	Cpl02	Ler03	Loc04	Gga04, Gga12	Xtr01
N0.HOG0004729	Cmi01	Cpl01	Ler01	Loc04	Gga04	Xtr01
N0.HOG0004730	Cmi01	Cpl01	Ler01	Loc04	Gga04	Xtr01
N0.HOG0004731	Cmi13			Loc06		
N0.HOG0004732	Cmi01	Cpl01	Ler01	Loc04	Gga04	Xtr01
N0.HOG0004733	Cmi01	Cpl01		Loc04	Gga04	Xtr01
N0.HOG0004734		Cpl14	Ler11	Loc06		
N0.HOG0004735					Gga04	Xtr01
N0.HOG0004736	Cmi01	Cpl01	Ler01	Loc04		
N0.HOG0004737		Cpl14		Loc06		
N0.HOG0004738	Cmi13	Cpl14	Ler11	Loc06		
N0.HOG0004739	Cmi01	Cpl32		Loc04		
N0.HOG0004740	Cmi01	Cpl32	Ler01	Loc04	Gga04	Xtr01
N0.HOG0004741	Cmi01	Cpl32	Ler01	Loc04	GgaZ	Xtr01
N0.HOG0004742	Cmi01	Cpl02	Ler03	Loc04, Loc19	GgaZ	Xtr01
N0.HOG0004743	Cmi01	Cpl02	Ler03	Loc02	GgaZ	Xtr01
N0.HOG0004744	Cmi01	Cpl02	Ler03	Loc04		
N0.HOG0004745	Cmi01, Cmi05, Cmi04	Cpl19	Ler19	Loc08	Gga01	Xtr03
N0.HOG0004746	Cmi01, Cmi21	Cpl31, Cpl02	Ler29	Loc02	GgaZ	Xtr01
N0.HOG0004747	Cmi01	Cpl02	Ler03	Loc02	GgaZ	Xtr01
N0.HOG0004748	Cmi01	Cpl02	Ler03	Loc02	GgaZ	Xtr01
N0.HOG0004749	Cmi01	Cpl02	Ler03	Loc24, Loc02	GgaZ	Xtr01, Xtr08
N0.HOG0004750	Cmi01	Cpl02	Ler03	Loc02	GgaZ	Xtr01
N0.HOG0004751	Cmi01	Cpl02	Ler03	Loc24, Loc02	Gga25	Xtr01, Xtr08
N0.HOG0004752	Cmi01	Cpl02	Ler03	Loc02		
N0.HOG0004753			Ler03	Loc19		
N0.HOG0004754	Cmi01	Cpl02	Ler03	Loc03, Loc02	Gga10, GgaZ	Xtr01
N0.HOG0004755	Cmi01	Cpl02	Ler03	Loc02	GgaZ	
N0.HOG0004756	Cmi01	Cpl02, Cpl51	Ler03	Loc24	Gga25	Xtr08
N0.HOG0004757	Cmi26	Cpl40		Loc03		
N0.HOG0004758	Cmi01	Cpl01	Ler01	Loc02		Xtr01
N0.HOG0004759	Cmi01	Cpl01	Ler01	Loc24, Loc02	GgaZ	Xtr01
N0.HOG0004760	Cmi01	Cpl01	Ler01	Loc02	GgaZ, GgaW	Xtr01
N0.HOG0004761	Cmi01	Cpl01	Ler01	Loc02	GgaZ	Xtr01
N0.HOG0004762		Cpl01	Ler01		GgaZ	
N0.HOG0004763	Cmi01		Ler01	Loc02	GgaW	Xtr01
N0.HOG0004764	Cmi01	Cpl01	Ler01	Loc02	GgaZ	Xtr01
N0.HOG0004765	Cmi01	Cpl02	Ler03	Loc11, Loc04	GgaZ	Xtr01
N0.HOG0004766	Cmi02	Cpl05	Ler02	Loc09		
N0.HOG0004767			Ler40	Loc04		
N0.HOG0004768	Cmi02	Cpl05	Ler02	Loc11	Gga02	Xtr06
N0.HOG0004769	Cmi06, Cmi02	Cpl07	Ler07	Loc09	Gga02	Xtr07, Xtr09
N0.HOG0004770	Cmi02	Cpl04	Ler04	Loc11	Gga02	Xtr06
N0.HOG0004771	Cmi02	Cpl05	Ler02	Loc11, Loc15	Gga27	Xtr10, Xtr06
N0.HOG0004772	Cmi23, Cmi02		Ler27	Loc15	Gga02	Xtr06
N0.HOG0004773	Cmi23, Cmi02	Cpl33, Cpl05	Ler27	Loc09	Gga02	Xtr06
N0.HOG0004774	Cmi02	Cpl05, Cpl07	Ler02, Ler10	Loc09	Gga02	Xtr06
N0.HOG0004775	Cmi02	Cpl29	Ler02	Loc11	Gga02	Xtr06
N0.HOG0004776	Cmi02	Cpl29	Ler02	Loc11	Gga02	Xtr06
N0.HOG0004777	Cmi02	Cpl29	Ler02	Loc11	Gga01, Gga02	Xtr06, Xtr01
N0.HOG0004778					Gga20	Xtr10
N0.HOG0004779	Cmi02	Cpl29	Ler02	Loc09		
N0.HOG0004780		Cpl20		Loc18		
N0.HOG0004781		CplSca				Xtr01
N0.HOG0004782	Cmi02	Cpl29	Ler02	Loc09	Gga02	Xtr06
N0.HOG0004783	Cmi02	Cpl29	Ler02		Gga02	Xtr06
N0.HOG0004784			Ler07	Loc12	Gga07	
N0.HOG0004785	Cmi02	Cpl29	Ler02	Loc09	Gga02	Xtr06
N0.HOG0004786	Cmi02	Cpl05	Ler02	Loc11	Gga02	Xtr06
N0.HOG0004787	Cmi02	Cpl05	Ler02	Loc11	Gga02	Xtr06
N0.HOG0004788	Cmi14			Loc23		
N0.HOG0004789	Cmi02	Cpl05	Ler02	Loc11	Gga02	Xtr06
N0.HOG0004790	Cmi23, Cmi02	Cpl05, Cpl33	Ler27	Loc11	Gga02	Xtr06
N0.HOG0004791		Cpl43		Loc04		
N0.HOG0004792	Cmi02	Cpl05	Ler02	Loc11	Gga02	Xtr06
N0.HOG0004793		Cpl33		Loc15		
N0.HOG0004794	Cmi02	Cpl05	Ler02	Loc09	Gga02	Xtr06
N0.HOG0004795	Cmi02	Cpl05		Loc11	Gga02	Xtr06
N0.HOG0004796	Cmi02	Cpl04			Gga02	
N0.HOG0004797	Cmi02	Cpl04	Ler04	Loc11	Gga02	Xtr06
N0.HOG0004798		Cpl20		Loc18		
N0.HOG0004799	Cmi02	Cpl04	Ler04	Loc11	Gga02	Xtr06
N0.HOG0004800	Cmi18, Cmi02	Cpl04, Cpl20	Ler04	Loc11	Gga02	Xtr06
N0.HOG0004801	Cmi02	Cpl03, Cpl04	Ler04	Loc09	Gga02	Xtr06
N0.HOG0004802	Cmi02	Cpl04	Ler04	Loc09, Loc01	Gga02	Xtr06
N0.HOG0004803	Cmi02	Cpl04	Ler04	Loc09	Gga02	Xtr06
N0.HOG0004804	Cmi02		Ler04		Gga02	
N0.HOG0004805			Ler04		Gga02	Xtr06
N0.HOG0004806	Cmi02	Cpl04	Ler04	Loc09	Gga02	Xtr06
N0.HOG0004807	Cmi18, Cmi02	Cpl04, Cpl20	Ler21	Loc18	Gga20	Xtr10
N0.HOG0004808	Cmi03		Ler05	Loc01	Gga03	Xtr05
N0.HOG0004809	Cmi02			Loc09	Gga02	
N0.HOG0004810	Cmi02	Cpl04	Ler04	Loc11	Gga02	Xtr06
N0.HOG0004811	Cmi02	Cpl05	Ler02	Loc09	GgaSca	Xtr06
N0.HOG0004812	Cmi18			Loc18		
N0.HOG0004813	Cmi02	Cpl05	Ler02	Loc09	Gga02	Xtr06
N0.HOG0004814	Cmi14	Cpl17	Ler17	Loc23	Gga11	
N0.HOG0004815	Cmi02			Loc11		
N0.HOG0004816	Cmi03	Cpl09	Ler08	Loc01	Gga03	Xtr06, Xtr05
N0.HOG0004817	Cmi03		Ler03, Ler08			
N0.HOG0004818	Cmi03	Cpl03	Ler08, Ler05	Loc01	Gga03	Xtr05
N0.HOG0004819	Cmi03	Cpl09	Ler08	LocSca	Gga03	Xtr05
N0.HOG0004820	Cmi03	Cpl03	Ler05	Loc16	Gga03	Xtr05
N0.HOG0004821		Cpl27		Loc06		
N0.HOG0004822	Cmi03	Cpl27, Cpl03	Ler26, Ler05	Loc06	Gga23	Xtr02
N0.HOG0004823	Cmi03	Cpl03	Ler47, Ler05	Loc16	Gga03	Xtr05
N0.HOG0004824		Cpl03	Ler05			Xtr05
N0.HOG0004825			Ler05		Gga03	Xtr05
N0.HOG0004826	Cmi03			Loc01	Gga03	Xtr05
N0.HOG0004827	Cmi03			Loc01		
N0.HOG0004828	Cmi03	Cpl03	Ler05	Loc24, Loc01	Gga03	Xtr08, Xtr05
N0.HOG0004829	Cmi03	Cpl03	Ler05	LocSca	Gga03, GgaZ	Xtr05
N0.HOG0004830	Cmi03	Cpl03	Ler05	Loc01	Gga03	Xtr07, Xtr05
N0.HOG0004831	Cmi03	Cpl03	Ler05	Loc01	Gga03	Xtr05
N0.HOG0004832	Cmi03	Cpl03	Ler05	Loc01	Gga03	Xtr05
N0.HOG0004833	Cmi03, Cmi10	Cpl27, Cpl03	Ler26	Loc01	Gga03	Xtr05
N0.HOG0004834	Cmi03	Cpl03	Ler05	Loc01	Gga03	Xtr05
N0.HOG0004835	Cmi03	Cpl09	Ler08	Loc01	Gga03	Xtr05
N0.HOG0004836	Cmi03	Cpl03	Ler07, Ler05	Loc16	Gga03	Xtr05
N0.HOG0004837	Cmi03	Cpl03	Ler05	Loc01	Gga03	Xtr08, Xtr05
N0.HOG0004838	Cmi03	Cpl27, Cpl09	Ler26, Ler08	Loc06	Gga03	Xtr05
N0.HOG0004839	Cmi03		Ler08	Loc01	Gga03	Xtr05
N0.HOG0004840	Cmi03	Cpl09	Ler09	Loc01, Loc07	Gga03	Xtr08, Xtr05
N0.HOG0004841	Cmi22			Loc03, Loc24		
N0.HOG0004842	Cmi03	Cpl09	Ler08	Loc16		Xtr05
N0.HOG0004843	Cmi03	Cpl09	Ler08	Loc16		Xtr05
N0.HOG0004844		Cpl45	LerSca			Xtr04
N0.HOG0004845	Cmi03	Cpl09	Ler08	Loc16	Gga03	Xtr05
N0.HOG0004846	Cmi03	Cpl45, Cpl03	Ler05	Loc01	Gga03	Xtr05
N0.HOG0004847	Cmi03	Cpl09, Cpl41	Ler08, Ler38	Loc16	Gga03	Xtr05
N0.HOG0004848	Cmi03	Cpl09	Ler08	Loc16, Loc28, Loc02	Gga03	Xtr05
N0.HOG0004849	Cmi03	Cpl09	Ler08	Loc16, Loc28	Gga03	Xtr04, Xtr05
N0.HOG0004850	Cmi03	Cpl09, Cpl45	Ler08, Ler44	Loc16	Gga03	Xtr05
N0.HOG0004851	Cmi03	Cpl09		Loc16	Gga03	Xtr05
N0.HOG0004852		Cpl41		Loc02		
N0.HOG0004853		Cpl45		Loc28		
N0.HOG0004854	Cmi03	Cpl09	Ler08	Loc16	Gga03	Xtr05
N0.HOG0004855	Cmi03	Cpl12	Ler13	Loc01	Gga28	Xtr01
N0.HOG0004856	Cmi03	Cpl09, Cpl51	Ler08	Loc16	Gga03	Xtr05
N0.HOG0004857	CmiSca			Loc02		
N0.HOG0004858	Cmi03	Cpl09	Ler08	Loc16	Gga03	Xtr05
N0.HOG0004859	Cmi03	Cpl09, Cpl45	LerSca	Loc28, Loc02		Xtr04
N0.HOG0004860	Cmi03	Cpl09	Ler08	Loc28		
N0.HOG0004861		CplSca		Loc16		
N0.HOG0004862	Cmi03	Cpl09	Ler08	LocSca	Gga03	Xtr05
N0.HOG0004863	Cmi04	Cpl06	Ler06	Loc03	Gga01	Xtr02
N0.HOG0004864	Cmi04	Cpl06	LerSca	Loc03	Gga01	Xtr02
N0.HOG0004865			Ler13	Loc14	Gga01	Xtr02
N0.HOG0004866	Cmi04		Ler13	Loc14		
N0.HOG0004867	Cmi04	Cpl12		Loc17	Gga01	Xtr02
N0.HOG0004868	Cmi04	Cpl06	Ler06	Loc03	Gga01	Xtr02
N0.HOG0004869			Ler06			Xtr02
N0.HOG0004870	Cmi04	Cpl06, Cpl48	Ler06	Loc03	Gga01	Xtr02
N0.HOG0004871	Cmi04	Cpl06	Ler06	Loc03		Xtr02
N0.HOG0004872			Ler13	Loc03	Gga01	Xtr02
N0.HOG0004873			Ler13	Loc03		
N0.HOG0004874	Cmi04	Cpl12, Cpl51	Ler13, Ler24	Loc14	Gga01	Xtr02
N0.HOG0004875		Cpl12	Ler13		Gga01	
N0.HOG0004876		Cpl12	Ler13		Gga01	
N0.HOG0004877	Cmi04	Cpl12	Ler13	Loc14	Gga01	Xtr02
N0.HOG0004878		Cpl12		Loc03		
N0.HOG0004879	Cmi04	Cpl12	Ler13	Loc03	Gga01	Xtr02
N0.HOG0004880	Cmi04	Cpl01	Ler32	Loc02		
N0.HOG0004881			LerSca	Loc24	Gga25	Xtr08
N0.HOG0004882	Cmi04	Cpl12	Ler15, Ler13, Ler30	Loc03	Gga01	Xtr02
N0.HOG0004883	Cmi04, Cmi15	Cpl15, Cpl48	LerSca	Loc07	Gga04	Xtr08
N0.HOG0004884	Cmi04	Cpl12	Ler13	Loc03	Gga01	Xtr02
N0.HOG0004885	Cmi04	Cpl12	Ler13	Loc03	Gga01	Xtr02
N0.HOG0004886	Cmi04	Cpl12	Ler13	Loc03, Loc26, Loc13	Gga01	Xtr02
N0.HOG0004887	Cmi04	Cpl12	Ler13	Loc03		Xtr02
N0.HOG0004888	Cmi04, Cmi15	Cpl12, Cpl15	Ler13	Loc14	Gga01	Xtr02
N0.HOG0004889	Cmi04	Cpl06		Loc03	Gga01	Xtr02
N0.HOG0004890	Cmi10			Loc06	Gga23	
N0.HOG0004891	Cmi04	Cpl06	Ler06	Loc03, Loc07	Gga04, Gga01	Xtr02
N0.HOG0004892	Cmi04	Cpl06	Ler06	Loc03	Gga01	Xtr02
N0.HOG0004893	Cmi04	Cpl06	Ler06	Loc03, Loc07	Gga01	Xtr02
N0.HOG0004894	Cmi04	Cpl06	Ler06	Loc14	Gga01	Xtr02
N0.HOG0004895	Cmi04	Cpl06	Ler06		Gga34, Gga01	Xtr02, Xtr09, Xtr05
N0.HOG0004896		Cpl15	Ler12	Loc07		
N0.HOG0004897	Cmi04	Cpl06		LocSca	Gga01	Xtr02
N0.HOG0004898	Cmi04	Cpl06	Ler06	Loc03, Loc07	Gga01	Xtr02
N0.HOG0004899	Cmi04	Cpl06	Ler06	Loc03	Gga01	Xtr02
N0.HOG0004900	Cmi04	Cpl06	Ler06	Loc17	Gga01	Xtr02
N0.HOG0004901	Cmi04	Cpl06	Ler06	Loc17	Gga01	Xtr02
N0.HOG0004902	Cmi04	Cpl06	Ler06	Loc03	Gga01	Xtr02
N0.HOG0004903	Cmi04	Cpl06	LerSca	Loc14, Loc04	Gga01	Xtr02
N0.HOG0004904	Cmi04	Cpl06	LerSca	Loc14, Loc01	Gga01	Xtr02
N0.HOG0004905	Cmi05	Cpl11	Ler10	Loc10, Loc04	Gga08	Xtr01, Xtr04
N0.HOG0004906	Cmi05		Ler10	Loc10, Loc02	Gga08, GgaZ	Xtr01, Xtr04
N0.HOG0004907	Cmi05	Cpl11	Ler10	Loc10	Gga08	Xtr04
N0.HOG0004908	Cmi05		Ler10			Xtr04
N0.HOG0004909		Cpl08	Ler39			Xtr03
N0.HOG0004910	Cmi05	Cpl11	Ler10	Loc10		
N0.HOG0004911		Cpl07		Loc12	Gga14	Xtr09
N0.HOG0004912	Cmi05	Cpl11	LerSca	Loc10	Gga08	Xtr04
N0.HOG0004913	Cmi05	Cpl11	Ler10	Loc05	Gga08	Xtr04
N0.HOG0004914	Cmi05	Cpl11	Ler10	Loc21, Loc10	Gga08	Xtr08, Xtr04
N0.HOG0004915	Cmi05	Cpl11	LerSca	Loc10	Gga08	Xtr04
N0.HOG0004916	Cmi05	Cpl11	Ler39, Ler10	Loc10	Gga08	Xtr04
N0.HOG0004917	Cmi05	Cpl11	LerSca	Loc10	Gga08	Xtr04
N0.HOG0004918		Cpl37				Xtr08
N0.HOG0004919	Cmi05	Cpl11		Loc10	Gga08	Xtr04
N0.HOG0004920	Cmi05			Loc10		
N0.HOG0004921	Cmi08	Cpl03	Ler31	Loc21	Gga17	Xtr08
N0.HOG0004922	Cmi05, Cmi30	Cpl11	Ler10	Loc10	Gga08	Xtr04
N0.HOG0004923	Cmi05	Cpl26, Cpl11	Ler10, Ler39	Loc10	Gga08	Xtr04
N0.HOG0004924	Cmi05	Cpl11		Loc10	Gga08	
N0.HOG0004925		Cpl08	Ler39	Loc06		Xtr03
N0.HOG0004926	Cmi05	Cpl01	Ler10	Loc10, Loc02	Gga08	Xtr01, Xtr04
N0.HOG0004927	Cmi05	Cpl27	Ler22	Loc08	Gga01	Xtr03
N0.HOG0004928	Cmi05	Cpl23		Loc08	Gga01	Xtr03
N0.HOG0004929		Cpl26	Ler24	Loc03		
N0.HOG0004930	Cmi05	Cpl19	Ler19	Loc08	Gga01	Xtr03
N0.HOG0004931	Cmi05	Cpl16	Ler18	Loc08, Loc27	Gga05	Xtr03, Xtr04
N0.HOG0004932	Cmi05	Cpl19	Ler19	Loc08	Gga01	Xtr03
N0.HOG0004933	Cmi05	Cpl19	Ler19	Loc08	Gga01	Xtr03
N0.HOG0004934	Cmi05		Ler19			
N0.HOG0004935		Cpl19		Loc08		Xtr03
N0.HOG0004936		CplSca				Xtr03
N0.HOG0004937	Cmi05	Cpl19	Ler19	Loc08		Xtr03
N0.HOG0004938		Cpl39				Xtr08
N0.HOG0004939	Cmi05	Cpl19	Ler19	Loc08		
N0.HOG0004940	Cmi05	Cpl19	Ler19, Ler18	Loc27	Gga01	Xtr03
N0.HOG0004941	Cmi05, Cmi11	Cpl26	Ler14	Loc08	Gga01	Xtr03
N0.HOG0004942	Cmi05	Cpl23	Ler22	Loc08	Gga01	Xtr03
N0.HOG0004943	Cmi05	Cpl23	Ler22	Loc08, Loc05	Gga01	Xtr03
N0.HOG0004944	Cmi05	Cpl23	Ler22	Loc08	Gga01	Xtr03
N0.HOG0004945	Cmi05	Cpl23	Ler22	Loc08	Gga12, Gga01	Xtr03, Xtr04
N0.HOG0004946		Cpl18		Loc05		
N0.HOG0004947	Cmi05	Cpl23	Ler22	Loc08	Gga01	Xtr03
N0.HOG0004948	Cmi12			Loc05		
N0.HOG0004949	Cmi05	Cpl23	Ler22	Loc08	Gga01	Xtr03
N0.HOG0004950			Ler22	Loc24		Xtr07
N0.HOG0004951			Ler22	Loc08		
N0.HOG0004952	Cmi05					
N0.HOG0004953	Cmi05			Loc10		
N0.HOG0004954	Cmi09	Cpl10	Ler09	Loc07	Gga05	Xtr08
N0.HOG0004955	Cmi05	Cpl23	Ler22	Loc08	Gga01	Xtr03
N0.HOG0004956	Cmi05	Cpl23	Ler22	Loc08	Gga01	Xtr03, Xtr05
N0.HOG0004957	Cmi06	Cpl07	LerSca	Loc12	Gga07	Xtr09
N0.HOG0004958	Cmi06	Cpl07	Ler07	Loc12, Loc04	Gga07	Xtr02, Xtr09
N0.HOG0004959	Cmi27			Loc04		
N0.HOG0004960	Cmi06	Cpl07	Ler07	Loc12	Gga07	Xtr09
N0.HOG0004961	Cmi06	Cpl07		Loc12	Gga07	Xtr09
N0.HOG0004962	Cmi06	Cpl07	Ler07	Loc12, Loc04	Gga07, Gga34	Xtr02
N0.HOG0004963	Cmi06	Cpl07		Loc12	Gga07	
N0.HOG0004964	Cmi27	Cpl43		Loc04		Xtr02
N0.HOG0004965	Cmi06	Cpl07	Ler07	Loc12	Gga07	Xtr09
N0.HOG0004966	Cmi06	Cpl39		Loc08	Gga01, Gga02	Xtr06, Xtr07
N0.HOG0004967	Cmi27			Loc04		Xtr02
N0.HOG0004968	Cmi06	Cpl07		Loc12	Gga07	Xtr09
N0.HOG0004969	CmiSca				Gga34	Xtr09
N0.HOG0004970	Cmi06	Cpl24	Ler39	Loc12		Xtr09
N0.HOG0004971	Cmi27, Cmi06	Cpl07, Cpl37	Ler07	Loc12	Gga07	Xtr09
N0.HOG0004972	Cmi06	Cpl07	Ler07	Loc12	Gga07	Xtr09
N0.HOG0004973	Cmi06	Cpl07, Cpl04	Ler07	Loc12	Gga07	Xtr09
N0.HOG0004974	Cmi06	Cpl07	Ler07	Loc12	Gga07	Xtr09
N0.HOG0004975	Cmi28, Cmi07	Cpl42, Cpl22	Ler15	Loc01	Gga06	Xtr07
N0.HOG0004976	Cmi07	Cpl38	Ler34	Loc05	Gga06	Xtr07
N0.HOG0004977		Cpl38				Xtr07
N0.HOG0004978	Cmi07	Cpl38	Ler34	Loc05	Gga06	Xtr07
N0.HOG0004979	Cmi07	Cpl22	Ler15	Loc05	Gga06	Xtr07
N0.HOG0004980	Cmi07	Cpl22		Loc05, Loc04	Gga06, Gga04	Xtr01, Xtr07
N0.HOG0004981	Cmi07	Cpl22	Ler15	Loc05	Gga22, Gga06	Xtr07, Xtr03
N0.HOG0004982	Cmi07	Cpl22	Ler15, Ler35	Loc01	Gga22	Xtr03
N0.HOG0004983	Cmi07	Cpl22	Ler15	Loc04, Loc05, Loc01	Gga06	Xtr07
N0.HOG0004984	Cmi07	Cpl22	Ler15, Ler31, Ler22	Loc05	Gga06	Xtr07
N0.HOG0004985	Cmi07	Cpl22	Ler15		Gga06	
N0.HOG0004986	Cmi07	Cpl42, Cpl22	Ler15, Ler35	Loc01	Gga22	Xtr03
N0.HOG0004987	Cmi07			Loc04		
N0.HOG0004988	Cmi07	Cpl22	Ler15	Loc05	Gga06	Xtr07
N0.HOG0004989	Cmi30		Ler25			Xtr08
N0.HOG0004990	Cmi08	Cpl25		Loc20	Gga15	Xtr01
N0.HOG0004991		Cpl35	Ler32	Loc26		Xtr07
N0.HOG0004992	Cmi08	Cpl25		Loc20		Xtr01
N0.HOG0004993		CplSca				Xtr09
N0.HOG0004994	Cmi08	Cpl25	Ler25	Loc20	Gga15	Xtr01
N0.HOG0004995	Cmi08, Cmi10	Cpl28, Cpl25	Ler28, Ler25		Gga15	Xtr01
N0.HOG0004996	Cmi08	Cpl25	Ler25, Ler06	Loc20	Gga15	Xtr01
N0.HOG0004997	Cmi08	Cpl25	Ler25	Loc20	Gga15	Xtr01
N0.HOG0004998	Cmi08	Cpl25	Ler25	Loc20	Gga15	Xtr01
N0.HOG0004999			Ler25	Loc20	Gga15	Xtr01
N0.HOG0005000		CplSca	Ler25	Loc28		
N0.HOG0005001	Cmi08, Cmi10	Cpl28	Ler25	Loc22	Gga19	Xtr02
N0.HOG0005002	Cmi08	Cpl25	Ler25	Loc20	Gga15	Xtr01
N0.HOG0005003					Gga15	Xtr01
N0.HOG0005004	Cmi08	Cpl25	Ler25	Loc20		
N0.HOG0005005		Cpl46		Loc09		
N0.HOG0005006	Cmi08	Cpl48				Xtr03
N0.HOG0005007	Cmi08	Cpl06	Ler25	Loc20	Gga05, Gga15	Xtr07, Xtr01
N0.HOG0005008	Cmi08	CplSca	Ler25	Loc20	Gga15	Xtr02, Xtr01
N0.HOG0005009	Cmi08	Cpl24, Cpl25	Ler25	Loc20, Loc09	Gga15	Xtr01
N0.HOG0005010	Cmi08	Cpl25	Ler25	Loc20, Loc09	Gga15	Xtr01
N0.HOG0005011	Cmi08	Cpl25	Ler25	Loc20	Gga15	Xtr01
N0.HOG0005012	Cmi08	Cpl28, Cpl25	Ler28, Ler25	Loc20	Gga15	Xtr01
N0.HOG0005013	Cmi08	Cpl30	Ler31	Loc21	Gga17	Xtr08
N0.HOG0005014	Cmi08	Cpl37, Cpl30	Ler31	Loc21	Gga17	Xtr08
N0.HOG0005015	Cmi08	Cpl30	Ler31	Loc21	Gga17	Xtr08
N0.HOG0005016	Cmi08	Cpl30	Ler31	Loc21	Gga17	Xtr08
N0.HOG0005017	Cmi08	Cpl30	Ler31	Loc21	Gga17	Xtr08
N0.HOG0005018	Cmi30	CplSca	LerSca			Xtr08
N0.HOG0005019	Cmi08			Loc21	Gga17	Xtr08
N0.HOG0005020	Cmi08	Cpl30	Ler31	Loc21	Gga17	Xtr08
N0.HOG0005021					Gga17	Xtr08
N0.HOG0005022		Cpl30	Ler31	Loc21		
N0.HOG0005023			Ler31	LocSca		
N0.HOG0005024	Cmi08	Cpl30	Ler31	Loc21	Gga17	Xtr08
N0.HOG0005025		Cpl45			Gga39	Xtr04
N0.HOG0005026	Cmi09	Cpl10	Ler09	Loc07		Xtr08
N0.HOG0005027	Cmi09	Cpl10	Ler09	Loc01, Loc07	Gga05	Xtr08
N0.HOG0005028		Cpl41		Loc02		Xtr08
N0.HOG0005029	Cmi09	Cpl10	Ler09	Loc07	Gga05	
N0.HOG0005030	Cmi09	Cpl10	Ler09	Loc07	Gga05	Xtr08
N0.HOG0005031	Cmi09	Cpl10	Ler09			
N0.HOG0005032	Cmi09	Cpl10	Ler09	Loc07	Gga05	Xtr08
N0.HOG0005033	Cmi09	Cpl10	Ler09	Loc07	Gga05, Gga03	Xtr08, Xtr04
N0.HOG0005034	Cmi09	Cpl10	Ler09	Loc07	Gga05	Xtr08
N0.HOG0005035	Cmi09	Cpl10	Ler09	Loc28, Loc07	Gga08	Xtr08
N0.HOG0005036		Cpl10	Ler09	LocSca	Gga05	Xtr08
N0.HOG0005037		Cpl41		Loc02		
N0.HOG0005038	Cmi12, Cmi09	Cpl18	Ler01, Ler16	Loc05	Gga12	Xtr04
N0.HOG0005039	Cmi09					Xtr06
N0.HOG0005040	Cmi09	Cpl10	Ler09	Loc16, Loc07	Gga05, Gga03	Xtr08
N0.HOG0005041	Cmi10	Cpl28	Ler28	Loc22	Gga19	Xtr02, Xtr09
N0.HOG0005042	Cmi10	Cpl28	Ler28	Loc09	Gga19	Xtr02
N0.HOG0005043	Cmi10	Cpl28	Ler28	Loc22	Gga19	Xtr02, Xtr09
N0.HOG0005044	Cmi10	Cpl28	Ler28	Loc22	Gga19	Xtr02
N0.HOG0005045	Cmi10	Cpl28	Ler28, Ler13	Loc22	Gga19	Xtr02
N0.HOG0005046	Cmi10	Cpl28	Ler28	Loc22	Gga36, Gga19	Xtr02, Xtr09
N0.HOG0005047	Cmi10	Cpl28	Ler28	Loc20, Loc22	Gga15	Xtr02, Xtr01
N0.HOG0005048	Cmi10	Cpl27	Ler26			Xtr02
N0.HOG0005049			Ler04	Loc11		Xtr06
N0.HOG0005050	Cmi10	Cpl27	Ler26	Loc06	Gga23	Xtr02
N0.HOG0005051	Cmi10	Cpl27	Ler26		Gga23	Xtr02
N0.HOG0005052	Cmi10	Cpl27	Ler26	Loc06, Loc01	Gga23, Gga03	Xtr02
N0.HOG0005053	Cmi10	Cpl27, Cpl03	Ler26, Ler05	Loc06	Gga23	Xtr02
N0.HOG0005054	Cmi11	Cpl13	Ler14	Loc14, Loc26	Gga09	Xtr05
N0.HOG0005055	Cmi11	Cpl13	Ler14	Loc14, Loc26	Gga01, Gga09	Xtr05
N0.HOG0005056			LerSca	Loc28		Xtr05
N0.HOG0005057	Cmi11	Cpl13	Ler14	Loc14	Gga09	
N0.HOG0005058	Cmi11	Cpl13	Ler14	Loc14, Loc17	Gga09	Xtr05
N0.HOG0005059	Cmi11	Cpl13	Ler14	Loc14	Gga09	Xtr05
N0.HOG0005060	Cmi11	Cpl13		Loc14		Xtr05
N0.HOG0005061	CmiSca	Cpl48	Ler51	Loc02		
N0.HOG0005062	Cmi11	Cpl13	Ler14	Loc14	Gga09	Xtr05
N0.HOG0005063	Cmi11	Cpl13		Loc14		Xtr05
N0.HOG0005064		Cpl48	LerSca			Xtr03
N0.HOG0005065	Cmi11	Cpl13	Ler14	Loc14	Gga09	Xtr05
N0.HOG0005066		Cpl06		Loc09		
N0.HOG0005067	Cmi11	Cpl13	Ler14	Loc14	Gga09	Xtr05
N0.HOG0005068	Cmi11	Cpl13	Ler14	Loc05		
N0.HOG0005069	Cmi11	Cpl13	Ler14	Loc14, Loc02	Gga09	Xtr03, Xtr05
N0.HOG0005070	Cmi11	Cpl34, Cpl13	Ler14, Ler30	Loc14	Gga09	Xtr05
N0.HOG0005071	Cmi11	Cpl13	Ler14	Loc14	Gga09	Xtr05
N0.HOG0005072	Cmi11	Cpl13	Ler14	Loc14	Gga09	Xtr05
N0.HOG0005073	Cmi24	CplSca	Ler30			Xtr05
N0.HOG0005074	Cmi11		Ler14	Loc14	Gga09	
N0.HOG0005075	Cmi11	Cpl13	Ler14	Loc14	Gga09	Xtr05
N0.HOG0005076		Cpl13	Ler14	Loc14	Gga09	Xtr05
N0.HOG0005077	Cmi11	Cpl48		Loc02		
N0.HOG0005078	Cmi12	Cpl18	Ler16	Loc05	Gga12	Xtr04
N0.HOG0005079			Ler16			Xtr04
N0.HOG0005080	Cmi12	Cpl18	Ler16	Loc05, Loc01	Gga12	Xtr08, Xtr04
N0.HOG0005081	Cmi12	Cpl18	Ler16	Loc05, Loc01	Gga12	Xtr08, Xtr04
N0.HOG0005082	Cmi12	Cpl18	Ler16	Loc05	Gga12	Xtr04
N0.HOG0005083	Cmi12	Cpl18	Ler16	Loc05, Loc01	Gga12	Xtr08, Xtr04
N0.HOG0005084	Cmi12	Cpl18	Ler16	Loc05, Loc01	Gga12	Xtr08
N0.HOG0005085	Cmi12	Cpl26, Cpl18	Ler16	Loc05	Gga12	Xtr08, Xtr04
N0.HOG0005086	Cmi12	Cpl18		LocSca	Gga12	
N0.HOG0005087		Cpl18		Loc05		
N0.HOG0005088	Cmi12	Cpl18	Ler16	Loc05	Gga12	Xtr04
N0.HOG0005089	Cmi12	Cpl18	Ler16	Loc05, Loc01	Gga12	Xtr04
N0.HOG0005090		Cpl23		Loc08		
N0.HOG0005091	Cmi12	Cpl18	Ler16	Loc05	Gga12	Xtr04
N0.HOG0005092	Cmi12	Cpl18	Ler16	Loc05, Loc01	Gga12	Xtr08, Xtr04
N0.HOG0005093	Cmi12		Ler05	Loc05	Gga12	Xtr04
N0.HOG0005094	Cmi19			Loc03		
N0.HOG0005095	Cmi12	Cpl18	Ler16	Loc05	Gga12	Xtr04
N0.HOG0005096	Cmi12	Cpl18	Ler16	Loc05, Loc01	Gga12	Xtr08, Xtr04
N0.HOG0005097	Cmi13	Cpl14	Ler11	Loc06	Gga13	Xtr03
N0.HOG0005098	Cmi13	Cpl14	Ler11	Loc06	Gga13	Xtr03
N0.HOG0005099	Cmi13	Cpl01, Cpl14	Ler11, Ler48	Loc04	Gga04	Xtr01
N0.HOG0005100			LerSca	Loc02	Gga04	
N0.HOG0005101	Cmi13		Ler11	Loc06	Gga13	Xtr03
N0.HOG0005102	Cmi13	Cpl15, Cpl14	Ler11	Loc06	Gga13	Xtr03
N0.HOG0005103	Cmi13	Cpl14	Ler11	Loc06	Gga13	Xtr03
N0.HOG0005104	Cmi13	Cpl14	Ler11	Loc06	Gga13	Xtr03
N0.HOG0005105	Cmi14	Cpl17	Ler17	Loc23	Gga05, Gga11	Xtr04
N0.HOG0005106	Cmi14	Cpl17	Ler17	Loc09, Loc23	Gga02	Xtr06, Xtr04
N0.HOG0005107	Cmi14	Cpl17		Loc23	Gga11	Xtr04
N0.HOG0005108	Cmi14	Cpl17	Ler17	Loc23	Gga11	Xtr04
N0.HOG0005109	Cmi14			Loc23	Gga11	Xtr04
N0.HOG0005110	Cmi14			Loc23		
N0.HOG0005111	Cmi18			Loc18		
N0.HOG0005112	Cmi14	Cpl17	Ler17	Loc23	Gga11	Xtr04
N0.HOG0005113	Cmi14	Cpl17, Cpl20	Ler17, Ler21	Loc18	Gga20	Xtr10
N0.HOG0005114	Cmi14	Cpl17, Cpl19	Ler17	Loc11, Loc23	Gga11	Xtr04
N0.HOG0005115	Cmi14	Cpl17	Ler17	Loc23	Gga11	Xtr04
N0.HOG0005116	Cmi14	Cpl17	Ler17	Loc23	Gga11	Xtr01, Xtr04
N0.HOG0005117	Cmi14	Cpl43, Cpl17	Ler51	Loc02		
N0.HOG0005118	Cmi31, Cmi15		Ler37	Loc06		Xtr01, Xtr03
N0.HOG0005119	Cmi15	Cpl15	Ler12	Loc07		Xtr08
N0.HOG0005120	Cmi15	Cpl15	Ler01, Ler12	Loc07	Gga04	Xtr08
N0.HOG0005121	Cmi15	Cpl06, Cpl15	Ler12, Ler06	Loc17	Gga01	Xtr02
N0.HOG0005122	Cmi15			Loc07		
N0.HOG0005123	CmiSca	Cpl09	Ler08	Loc01	Gga03	Xtr05
N0.HOG0005124	Cmi15	Cpl15	Ler12	Loc07	Gga04, Gga01	Xtr02, Xtr08
N0.HOG0005125	Cmi15	Cpl15	Ler12			
N0.HOG0005126	Cmi15	Cpl15	Ler12	Loc07	Gga04	Xtr08
N0.HOG0005127		Cpl21		Loc13		
N0.HOG0005128		Cpl21	Ler20	Loc13		
N0.HOG0005129					Gga14	Xtr09
N0.HOG0005130		Cpl39		Loc12		Xtr09
N0.HOG0005131	Cmi16	Cpl21	Ler20	Loc13	Gga14	
N0.HOG0005132	Cmi16	Cpl21, Cpl17, Cpl14	Ler20	Loc13	Gga14	Xtr09
N0.HOG0005133	Cmi16	Cpl24	Ler23	Loc10, Loc13	Gga18	Xtr10, Xtr09
N0.HOG0005134	Cmi16	Cpl21	Ler20	Loc13		
N0.HOG0005135			Ler20	Loc10		
N0.HOG0005136	Cmi31, Cmi16	Cpl21	Ler37	Loc12, Loc13	Gga01	Xtr04
N0.HOG0005137	Cmi16	Cpl21	Ler20	Loc13		
N0.HOG0005138		Cpl23		Loc08		
N0.HOG0005139	Cmi16	Cpl21	Ler20	Loc13		Xtr09
N0.HOG0005140	Cmi20				Gga18	Xtr10
N0.HOG0005141	Cmi16	Cpl21	Ler20	Loc10, Loc13	Gga18, Gga14	Xtr10
N0.HOG0005142	Cmi16	Cpl21	Ler20	Loc13	Gga14	Xtr09
N0.HOG0005143	Cmi16	Cpl21	LerSca	Loc13	Gga14, Gga01	Xtr03, Xtr09
N0.HOG0005144	Cmi20, Cmi16	Cpl21, Cpl24	Ler20	Loc10	Gga14	Xtr09
N0.HOG0005145	Cmi16	Cpl21	Ler20	Loc13	Gga14	Xtr09
N0.HOG0005146	Cmi31	Cpl39				Xtr07
N0.HOG0005147	Cmi17		Ler18	Loc27	Gga05	Xtr04
N0.HOG0005148	Cmi17	Cpl16	Ler18	Loc27	Gga05	Xtr04
N0.HOG0005149	Cmi17	Cpl16	Ler18	Loc08, Loc27	Gga05, Gga01	Xtr03
N0.HOG0005150	Cmi17	Cpl16	Ler09	Loc27	Gga39	Xtr08, Xtr04
N0.HOG0005151	Cmi31, Cmi17	Cpl16	Ler22	Loc14		Xtr07
N0.HOG0005152	Cmi17	Cpl16	Ler18	Loc27	Gga05	Xtr04
N0.HOG0005153	Cmi17	Cpl16	Ler18	Loc27	Gga05	Xtr04
N0.HOG0005154	Cmi17	Cpl16	Ler18	Loc27	Gga05	Xtr04
N0.HOG0005155	Cmi17	Cpl16	Ler18	Loc27	Gga05	Xtr04
N0.HOG0005156	Cmi31, Cmi17	Cpl16	Ler18	Loc27	Gga05	Xtr04
N0.HOG0005157	Cmi18	Cpl20	Ler21	Loc03, Loc18	Gga20	Xtr10
N0.HOG0005158	Cmi18	Cpl20	Ler21	Loc18		Xtr10
N0.HOG0005159	Cmi18	Cpl20	Ler21	Loc18	Gga20	Xtr10
N0.HOG0005160	Cmi18	Cpl20	Ler21	Loc18	Gga20	Xtr10, Xtr01
N0.HOG0005161	Cmi19	Cpl18	Ler16	Loc03, Loc05	Gga12, Gga26	Xtr02
N0.HOG0005162	Cmi19	Cpl26	Ler24	Loc03, Loc08	Gga26	Xtr02, Xtr03
N0.HOG0005163	Cmi19	Cpl26	Ler24	Loc03, Loc01	Gga26	Xtr02
N0.HOG0005164	Cmi19	Cpl26	Ler24	Loc03	Gga26	Xtr01
N0.HOG0005165	Cmi19			Loc03	Gga26	Xtr02
N0.HOG0005166	Cmi31, Cmi19	Cpl26, Cpl39	Ler37, Ler24	Loc03		Xtr02
N0.HOG0005167	Cmi19	Cpl47	LerSca	LocSca	Gga01	Xtr01
N0.HOG0005168	Cmi19, Cmi22	Cpl47, Cpl40	Ler36	Loc03	Gga10	Xtr03
N0.HOG0005169	Cmi20				Gga18	
N0.HOG0005170	Cmi20		Ler23			Xtr10
N0.HOG0005171	Cmi20	Cpl24	Ler23			
N0.HOG0005172	Cmi20	Cpl24	Ler23	Loc10		
N0.HOG0005173			Ler23	Loc13	Gga14	Xtr10
N0.HOG0005174	Cmi20	Cpl24	Ler23	Loc10	Gga18	Xtr10
N0.HOG0005175	Cmi20	Cpl24	Ler23	Loc10	Gga18	Xtr10
N0.HOG0005176		Cpl31	Ler29			Xtr01
N0.HOG0005177	Cmi21	Cpl31	Ler29		Gga28	Xtr01
N0.HOG0005178	Cmi21	Cpl31	Ler29	Loc02, Loc19	Gga28	Xtr01
N0.HOG0005179			Ler39	Loc06		Xtr03
N0.HOG0005180	Cmi21	Cpl31	Ler29	Loc19	Gga28	
N0.HOG0005181	Cmi21	Cpl31	Ler29		Gga28	
N0.HOG0005182		Cpl02			GgaZ	Xtr01
N0.HOG0005183		Cpl31			Gga28	
N0.HOG0005184	Cmi21	CplSca		Loc19	Gga28	Xtr01
N0.HOG0005185	Cmi21	Cpl31	Ler29, Ler05	LocSca	Gga28	Xtr01
N0.HOG0005186	Cmi22	Cpl36	Ler33	Loc03, Loc24	Gga10	Xtr08, Xtr03
N0.HOG0005187	Cmi22	Cpl32, Cpl51	Ler33	Loc03	Gga10	Xtr03
N0.HOG0005188		CplSca	Ler33	Loc03		
N0.HOG0005189	Cmi22	Cpl32		Loc03	Gga10	Xtr03
N0.HOG0005190	Cmi22	Cpl33, Cpl40	Ler36, Ler27	Loc03	Gga10	Xtr03
N0.HOG0005191		Cpl31	Ler29		Gga28	Xtr01
N0.HOG0005192	Cmi22	Cpl40		Loc03		Xtr03
N0.HOG0005193	Cmi22	Cpl32	Ler01	Loc03, Loc24	Gga10	Xtr03
N0.HOG0005194	Cmi22	Cpl40	Ler36	Loc03	Gga10	Xtr03
N0.HOG0005195	Cmi27, Cmi22	Cpl43	Ler40	Loc04	Gga34	Xtr02
N0.HOG0005196	Cmi22	Cpl15, Cpl40	Ler36	Loc03, Loc04		Xtr01, Xtr03
N0.HOG0005197	Cmi22	Cpl40	Ler36	Loc03	Gga10	Xtr03
N0.HOG0005198	Cmi22	Cpl40	Ler36	Loc14	Gga10	Xtr03
N0.HOG0005199	Cmi23			Loc15		
N0.HOG0005200	Cmi27			Loc04		Xtr02
N0.HOG0005201		Cpl33	Ler27			
N0.HOG0005202	Cmi23	Cpl33	Ler27	Loc15		Xtr10
N0.HOG0005203	Cmi23	Cpl33	Ler27	Loc15	Gga27	Xtr10
N0.HOG0005204	Cmi23	Cpl33	Ler27	Loc26, Loc15	Gga27	Xtr10, Xtr04
N0.HOG0005205	Cmi23	Cpl33, Cpl07	Ler27	Loc15	Gga27	Xtr10
N0.HOG0005206	Cmi24	Cpl34	Ler30		Gga21	Xtr07
N0.HOG0005207	Cmi24	Cpl34		Loc02, Loc25	Gga21	Xtr07, Xtr03
N0.HOG0005208	Cmi24	Cpl34	Ler30	Loc25	Gga21, Gga01	Xtr07
N0.HOG0005209	Cmi24	Cpl34	Ler30			Xtr07
N0.HOG0005210	Cmi24	Cpl34	Ler30	Loc26	Gga21, Gga01	Xtr07
N0.HOG0005211	Cmi24	Cpl34	Ler30	Loc25		
N0.HOG0005212	Cmi24	Cpl15	Ler30	Loc25	Gga21, Gga19	Xtr07
N0.HOG0005213	Cmi24	Cpl34	Ler30	Loc25	Gga21	Xtr07
N0.HOG0005214	Cmi25	Cpl35	Ler32	Loc24, Loc26	Gga24	Xtr07
N0.HOG0005215	Cmi25	Cpl35	Ler32	Loc26		
N0.HOG0005216	Cmi25	Cpl35	Ler32	Loc24, Loc14, Loc26	Gga25	Xtr07
N0.HOG0005217	Cmi26	Cpl36	Ler33	Loc03	Gga10	Xtr03
N0.HOG0005218	Cmi26	Cpl36	Ler33	Loc03	Gga10, GgaZ	Xtr01, Xtr03
N0.HOG0005219	Cmi26	Cpl02, Cpl36	Ler03, Ler33	Loc03	Gga10	Xtr03
N0.HOG0005220	Cmi26	Cpl51	LerSca	Loc24	Gga10	Xtr01, Xtr08, Xtr03
N0.HOG0005221	Cmi26	Cpl40		Loc03	Gga10	
N0.HOG0005222		Cpl51	LerSca		Gga25	
N0.HOG0005223	Cmi26	Cpl40	Ler36	Loc03, Loc24	Gga25, Gga10	Xtr03
N0.HOG0005224	Cmi26	Cpl40	Ler36	Loc03, Loc24	Gga10	Xtr06, Xtr03
N0.HOG0005225	Cmi27	Cpl42	Ler40	Loc12, Loc04	Gga34	Xtr02
N0.HOG0005226		Cpl01		Loc04	Gga04	Xtr01
N0.HOG0005227	Cmi28	Cpl42	Ler35	Loc01		
N0.HOG0005228	Cmi28	Cpl42, Cpl22	Ler15, Ler35	Loc01	Gga22	Xtr03
N0.HOG0005229			Ler15		Gga06	Xtr07
N0.HOG0005230	Cmi28	CplSca	Ler35	Loc01		Xtr03
N0.HOG0005231	Cmi29	Cpl08	Ler39	Loc06	Gga30	Xtr03
N0.HOG0005232	Cmi29	Cpl08	Ler39			
N0.HOG0005233	Cmi30					
N0.HOG0005234	Cmi30	Cpl37	Ler11		Gga16	Xtr08
N0.HOG0005235	Cmi31	Cpl39	Ler20, Ler37	Loc12	Gga01	Xtr04
N0.HOG0005236	Cmi31	Cpl39	Ler13, Ler37	Loc12	Gga01	Xtr04
N0.HOG0005237	Cmi31	Cpl39	Ler37	Loc13		
N0.HOG0005238	Cmi31	Cpl25	Ler37	LocSca	Gga15	Xtr07
N0.HOG0005239	Cmi31	Cpl39	Ler37	Loc13	Gga01	Xtr04
N0.HOG0005240		Cpl21		Loc13		Xtr09
N0.HOG0005241		Cpl24		Loc10	Gga18	Xtr09
N0.HOG0005242	CmiSca	Cpl02	Ler03	Loc10, Loc04	GgaZ	Xtr01
N0.HOG0005243	CmiSca	CplSca	LerSca	Loc28		Xtr04
N0.HOG0005244	CmiSca			Loc24		Xtr07
N0.HOG0005245	CmiSca	Cpl27	Ler26	Loc06	Gga23	Xtr02
N0.HOG0005246	CmiSca	Cpl06, Cpl35	LerSca	Loc03	Gga01	Xtr02
N0.HOG0005247	CmiSca	Cpl09	Ler08	Loc01	Gga03	Xtr05
N0.HOG0005248	CmiSca	Cpl16	Ler18		Gga05	Xtr04
N0.HOG0005249		Cpl37				Xtr08
N0.HOG0005250	CmiSca	Cpl51	LerSca	Loc24	Gga25	Xtr08
N0.HOG0005251	CmiSca	Cpl51	LerSca	Loc24	Gga25	Xtr08
N0.HOG0005252	CmiSca					
N0.HOG0005253		Cpl43	LerSca	Loc02		Xtr03
N0.HOG0005254		Cpl37				Xtr08
N0.HOG0005255	CmiSca	Cpl06	LerSca	Loc03	Gga01	Xtr02
N0.HOG0005256	CmiSca	CplSca	Ler38	Loc02	Gga38	Xtr08
N0.HOG0005257		Cpl39	Ler37	Loc08		Xtr07
N0.HOG0005258	CmiSca	Cpl16		Loc27		
N0.HOG0005259	CmiSca	Cpl16	Ler18	Loc27	Gga05	Xtr06, Xtr04
N0.HOG0005260		Cpl19	LerSca	Loc08	Gga01	Xtr03
N0.HOG0005261		CplSca		Loc01		
N0.HOG0005262	CmiSca	Cpl37	LerSca			Xtr08
N0.HOG0005263		Cpl02	Ler03	Loc02, Loc19	Gga28	Xtr01
N0.HOG0005264		Cpl05	Ler02	Loc12, Loc11	Gga28, Gga07, Gga02	Xtr09
N0.HOG0005265		Cpl05	Ler02, Ler01, Ler03, Ler14, Ler04, Ler10			
N0.HOG0005266		Cpl12, Cpl07	Ler07			
N0.HOG0005267		Cpl08, Cpl37	LerSca			
N0.HOG0005268		Cpl08	Ler39			
N0.HOG0005269		Cpl08, Cpl11	Ler10, Ler39	Loc09, Loc06	Gga08	Xtr04
N0.HOG0005270		Cpl10	Ler09	Loc07	Gga05	Xtr08
N0.HOG0005271		CplSca		LocSca		Xtr04
N0.HOG0005272		Cpl41	Ler38	Loc02		
N0.HOG0005273		Cpl10	Ler09	Loc07	Gga05	Xtr08
N0.HOG0005274		Cpl15	Ler12	Loc09, Loc10, Loc04, Loc07	Gga20	
N0.HOG0005275		Cpl39	Ler37			Xtr07
N0.HOG0005276		Cpl16	Ler18	Loc27	Gga05	Xtr04
N0.HOG0005277		CplSca			Gga20	Xtr05
N0.HOG0005278		Cpl20	Ler21	Loc18		Xtr10, Xtr05
N0.HOG0005279		Cpl20		Loc09, Loc18, Loc23	Gga20, Gga11	Xtr10, Xtr04
N0.HOG0005280		Cpl21		Loc13	Gga14	
N0.HOG0005281		Cpl39	Ler37	Loc12	Gga01	Xtr04
N0.HOG0005282		Cpl26	Ler24	Loc03		
N0.HOG0005283		Cpl23	Ler22	Loc08	Gga01	Xtr03
N0.HOG0005284		Cpl33	Ler27	Loc15	Gga27	Xtr10, Xtr08
N0.HOG0005285		CplSca		Loc02		Xtr03
N0.HOG0005286		Cpl34	Ler30	Loc25	Gga21	Xtr07
N0.HOG0005287		Cpl37	LerSca	Loc26	Gga23	Xtr08
N0.HOG0005288		Cpl37	LerSca			Xtr08
N0.HOG0005289		Cpl42	Ler35	Loc01	Gga22	Xtr03
N0.HOG0005290		Cpl44		Loc24		Xtr01
N0.HOG0005291		Cpl44	LerSca	LocSca	Gga35	Xtr01
N0.HOG0005292		Cpl45				Xtr04
N0.HOG0005293		Cpl45			Gga39	Xtr04
N0.HOG0005294		CplSca		LocSca		
N0.HOG0005295		Cpl46		LocSca	Gga05, Gga10	Xtr02, Xtr07
N0.HOG0005296		Cpl47	Ler04, Ler01, Ler14	Loc24		Xtr07
N0.HOG0005297		Cpl47	Ler02, Ler13, Ler12, Ler22, Ler04, Ler09			
N0.HOG0005298		Cpl47	LerSca			Xtr07
N0.HOG0005299		Cpl47	LerSca			
N0.HOG0005300		Cpl50			Gga25	
N0.HOG0005301		CplSca	Ler17	Loc04		Xtr08, Xtr03
N0.HOG0005302		CplSca	LerSca		Gga25	Xtr08
N0.HOG0005303		CplSca	LerSca			
N0.HOG0005304		CplSca	Ler03	Loc02		Xtr01
N0.HOG0005305					Gga04, Gga01, Gga09, GgaW, Gga28	
N0.HOG0005306					Gga04, Gga01, Gga02	
N0.HOG0005307					Gga10, Gga17	Xtr02, Xtr01
N0.HOG0005308					Gga12	
N0.HOG0005309			Ler13	Loc05	Gga13	
N0.HOG0005310					Gga16, Gga02	
N0.HOG0005311			LerSca	Loc04	Gga04	Xtr01
N0.HOG0005312			LerSca		Gga16	Xtr08
N0.HOG0005313					Gga27	
N0.HOG0005314					Gga28	Xtr08, Xtr04
N0.HOG0005315					Gga05	Xtr01
N0.HOG0005316				Loc02	GgaZ	Xtr01
N0.HOG0005317			Ler08, Ler32, Ler05, Ler09, Ler16			
N0.HOG0005318			Ler02, Ler09, Ler29, Ler49, Ler33, Ler21			
N0.HOG0005319			Ler11, Ler01, Ler12, Ler05, Ler04, Ler10			
N0.HOG0005320			Ler02, Ler01, Ler32, Ler10, Ler04, Ler11			
N0.HOG0005321			Ler02, Ler01, Ler05, Ler10, Ler06			
N0.HOG0005322			Ler15, Ler02, Ler04, Ler11, Ler17, Ler19			
N0.HOG0005323			Ler11, Ler07, Ler02			
N0.HOG0005324			Ler02, Ler30, Ler03, Ler11, Ler24			
N0.HOG0005325			Ler02, Ler01, Ler13, Ler31, Ler03, Ler04, Ler11			
N0.HOG0005326			Ler11			
N0.HOG0005327			Ler26, Ler12, Ler04, Ler23, Ler06			
N0.HOG0005328			Ler28, Ler13, Ler05, Ler23, Ler02, Ler18, Ler40, Ler17			
N0.HOG0005329			Ler28, Ler18, Ler04, Ler07, Ler16			
N0.HOG0005330			Ler03, Ler07, Ler14			Xtr07
N0.HOG0005331			Ler15, Ler18, Ler40, Ler04, Ler09, Ler17			
N0.HOG0005332			Ler02, Ler01, Ler05, Ler04, Ler07, Ler09			
N0.HOG0005333			Ler08, Ler02, Ler03, Ler27, Ler07, Ler04, Ler21			
N0.HOG0005334			Ler02, Ler05, Ler03, Ler22, Ler06			
N0.HOG0005335			Ler24			Xtr08
N0.HOG0005336				Loc03, Loc14, Loc05		
N0.HOG0005337				Loc20		Xtr02, Xtr06, Xtr09, Xtr07, Xtr03, Xtr04
N0.HOG0005338				Loc03, Loc22, Loc05		
N0.HOG0005339				Loc09		
N0.HOG0005340				LocSca		Xtr03, Xtr09
N0.HOG0005341						Xtr06, Xtr10, Xtr05, Xtr01, Xtr03, Xtr09
N0.HOG0005342						Xtr01, Xtr02, Xtr08, Xtr07, Xtr09
N0.HOG0005343						Xtr01, Xtr06, Xtr07, Xtr08
N0.HOG0005344						Xtr07, Xtr02, Xtr06, Xtr10, Xtr08, Xtr01
N0.HOG0005345						Xtr01
N0.HOG0005346						Xtr01
N0.HOG0005347						Xtr07, Xtr01
N0.HOG0005348						Xtr01, Xtr07, Xtr08, Xtr05
N0.HOG0005349						Xtr02
N0.HOG0005350						Xtr02
N0.HOG0005351						Xtr07
N0.HOG0005352	Cmi18, Cmi01	Cpl20	Ler21	Loc18	Gga20	Xtr10
N0.HOG0005353	Cmi18, Cmi01	Cpl32	Ler01	Loc01	Gga03	Xtr05
N0.HOG0005354	Cmi01	Cpl32	Ler01	Loc04	Gga04	Xtr01
N0.HOG0005355	Cmi01	Cpl32	Ler01	Loc04	Gga04	Xtr01
N0.HOG0005356	Cmi01	Cpl02	Ler03	Loc04	GgaZ	Xtr01
N0.HOG0005357	Cmi01	Cpl02	Ler03	Loc02	GgaZ	Xtr01
N0.HOG0005358	Cmi01	Cpl02	Ler03	Loc02	GgaZ, GgaW	Xtr01
N0.HOG0005359	Cmi01	Cpl32	Ler17	Loc04	Gga04	Xtr01, Xtr05
N0.HOG0005360	Cmi01	Cpl06, Cpl32	Ler01	Loc04	Gga04	Xtr01
N0.HOG0005361	Cmi01	Cpl32	Ler01	Loc04	Gga04	Xtr01
N0.HOG0005362	Cmi01	Cpl01, Cpl14	Ler01	Loc04	Gga04	Xtr01
N0.HOG0005363	Cmi01	Cpl21, Cpl01	Ler01	Loc04	Gga04	Xtr01
N0.HOG0005364	Cmi01	Cpl19		Loc04	Gga04	Xtr01, Xtr04
N0.HOG0005365	Cmi01, Cmi08	Cpl19	Ler01	Loc04	Gga04	Xtr01
N0.HOG0005366	Cmi01	Cpl32	Ler01	Loc04	Gga04	Xtr01
N0.HOG0005367	Cmi01	Cpl28, Cpl01	Ler01	Loc04	Gga04	Xtr01
N0.HOG0005368	Cmi01	Cpl01	Ler01	Loc04	Gga04	Xtr01
N0.HOG0005369	Cmi01, Cmi07	Cpl01	Ler01	Loc04	Gga04	Xtr01
N0.HOG0005370	Cmi01	Cpl01	Ler01	Loc04	Gga04	Xtr01
N0.HOG0005371	Cmi01	Cpl32	Ler01	Loc04	Gga04	Xtr01
N0.HOG0005372	Cmi01, Cmi13, Cmi04	Cpl14	Ler11	Loc06		Xtr03
N0.HOG0005373	Cmi01	Cpl32	Ler01	Loc17, Loc04	Gga04	Xtr01
N0.HOG0005374	Cmi01	Cpl32	Ler01	Loc04	Gga04	Xtr01
N0.HOG0005375	Cmi01, Cmi02	Cpl29	Ler02	Loc11	Gga02	Xtr06
N0.HOG0005376	Cmi01, Cmi02	Cpl29	Ler02	Loc11	Gga02	Xtr06
N0.HOG0005377	Cmi01, Cmi03	Cpl09	Ler08	Loc16	Gga03	Xtr05
N0.HOG0005378	Cmi01, Cmi03	Cpl09	Ler08	Loc16	Gga03	Xtr05
N0.HOG0005379	Cmi01	Cpl32	Ler01	Loc04	Gga04	Xtr01
N0.HOG0005380	Cmi01	Cpl32	Ler01	Loc04	Gga04	Xtr01
N0.HOG0005381	Cmi01	Cpl32	Ler01	Loc04	Gga04	Xtr05
N0.HOG0005382	Cmi01	Cpl01	Ler01	Loc04	Gga04	Xtr01
N0.HOG0005383	Cmi01	Cpl01	Ler01	Loc04	Gga04	Xtr01
N0.HOG0005384	Cmi01, Cmi05	Cpl19	Ler19	Loc08	Gga01	Xtr03
N0.HOG0005385	Cmi01	Cpl01	Ler01	Loc02	Gga04	Xtr01
N0.HOG0005386	Cmi01	Cpl01	Ler01	Loc02	Gga04	Xtr01
N0.HOG0005387	Cmi01	Cpl01	Ler01	Loc02	Gga04	Xtr01
N0.HOG0005388	Cmi01	Cpl01	Ler01	Loc02	Gga04	Xtr01
N0.HOG0005389	Cmi01, Cmi13	Cpl14	Ler11	Loc06	Gga16	Xtr08
N0.HOG0005390	Cmi01	Cpl01	Ler01	Loc02	Gga04	Xtr01
N0.HOG0005391	Cmi01	Cpl01, Cpl14	Ler11	Loc06	Gga13	Xtr03
N0.HOG0005392	Cmi01	Cpl01	Ler01	Loc04	Gga04	Xtr01
N0.HOG0005393	Cmi01	Cpl01	Ler01	Loc04	Gga04	Xtr01
N0.HOG0005394	Cmi01	Cpl01	Ler01	Loc04	Gga04	Xtr01
N0.HOG0005395	Cmi01	Cpl01	Ler01	Loc04	Gga04	Xtr01
N0.HOG0005396	Cmi01	Cpl06, Cpl01	Ler01	Loc04	Gga04	Xtr01
N0.HOG0005397		Cpl12		Loc17	Gga01	Xtr02
N0.HOG0005398	Cmi01			Loc04	Gga13	
N0.HOG0005399	Cmi01	Cpl01	Ler01	Loc04	Gga04	Xtr03
N0.HOG0005400	Cmi01	Cpl01	Ler01	Loc04, Loc07	Gga04	Xtr01
N0.HOG0005401	Cmi01, Cmi13	Cpl01, Cpl14		Loc06	Gga04	Xtr01
N0.HOG0005402	Cmi01	Cpl01	Ler01	Loc04	Gga04	Xtr01
N0.HOG0005403	Cmi01	Cpl02	LerSca	Loc04	Gga04	Xtr01
N0.HOG0005404	Cmi01	Cpl02	Ler03	Loc04	Gga04	Xtr01, Xtr03
N0.HOG0005405	Cmi01	Cpl02	Ler03	Loc04	Gga04	Xtr01
N0.HOG0005406	Cmi01	Cpl02	Ler03	Loc04	Gga04	Xtr01
N0.HOG0005407	Cmi01	Cpl02	Ler03	Loc04	Gga04	Xtr01
N0.HOG0005408	Cmi01	Cpl02	Ler03	Loc06, Loc04	Gga13	Xtr03
N0.HOG0005409	Cmi01	Cpl01	Ler01	Loc04	Gga04	Xtr01
N0.HOG0005410		Cpl42		Loc01	Gga22	Xtr03
N0.HOG0005411	Cmi01	Cpl01				Xtr01
N0.HOG0005412	Cmi01, Cmi19	Cpl01	Ler01	Loc02	Gga04	Xtr01
N0.HOG0005413	Cmi01	Cpl06, Cpl01	Ler01	Loc04	Gga04	Xtr01
N0.HOG0005414	Cmi01	Cpl01	Ler01	Loc04	Gga04	Xtr01
N0.HOG0005415	Cmi01, Cmi07	Cpl38, Cpl01	Ler34	Loc04		Xtr01
N0.HOG0005416	Cmi01	Cpl01	LerSca	Loc04		Xtr01
N0.HOG0005417	Cmi01	Cpl01		Loc04		
N0.HOG0005418		Cpl14		Loc04		Xtr01
N0.HOG0005419	Cmi01	Cpl01	LerSca	Loc04	Gga04	Xtr01
N0.HOG0005420	Cmi01	Cpl01	LerSca	LocSca	Gga04	Xtr01
N0.HOG0005421	Cmi01	Cpl32	Ler01	Loc04	Gga04	Xtr01
N0.HOG0005422	Cmi01, Cmi21	Cpl31	Ler29	Loc02	Gga04	Xtr01
N0.HOG0005423	Cmi01	Cpl10, Cpl32	Ler01	Loc04	Gga04	Xtr01
N0.HOG0005424	Cmi01	Cpl02	Ler03	Loc02	Gga04	Xtr01
N0.HOG0005425	Cmi01	Cpl32	Ler01	Loc04	Gga06	Xtr01
N0.HOG0005426	Cmi01	Cpl32	Ler01, Ler22	Loc04	Gga04	Xtr01
N0.HOG0005427	Cmi01	Cpl32	Ler01	Loc04	Gga04	Xtr01
N0.HOG0005428	Cmi01	Cpl32	Ler01	Loc02	Gga04	Xtr01
N0.HOG0005429	Cmi01, Cmi02	Cpl04	Ler04	Loc09	Gga02	Xtr06
N0.HOG0005430	Cmi01	Cpl02	Ler03	Loc02	GgaZ	Xtr01
N0.HOG0005431	Cmi01	Cpl02	Ler03	Loc06, Loc02	GgaZ	Xtr01
N0.HOG0005432	Cmi01	Cpl26, Cpl02	Ler03	Loc04	GgaZ	Xtr01
N0.HOG0005433	Cmi01	Cpl02	Ler03	Loc02	GgaZ	Xtr01
N0.HOG0005434	Cmi01	Cpl02	Ler03	Loc02	GgaZ	Xtr01
N0.HOG0005435	Cmi01	Cpl02	Ler03	Loc02	GgaZ	Xtr01
N0.HOG0005436	Cmi01	Cpl02	Ler03	Loc02	GgaZ	Xtr01
N0.HOG0005437	Cmi01			Loc04	GgaZ	Xtr01
N0.HOG0005438	Cmi01	Cpl02	Ler03	Loc04	Gga14	Xtr01
N0.HOG0005439	Cmi01	Cpl02	Ler03	Loc04	GgaZ	Xtr01
N0.HOG0005440	Cmi01	Cpl02	Ler03	Loc02	GgaZ	Xtr01
N0.HOG0005441	Cmi01	Cpl02	Ler03	Loc02	GgaZ	Xtr01
N0.HOG0005442	Cmi01	Cpl02	Ler03			
N0.HOG0005443	Cmi01	Cpl02	Ler03	Loc02	GgaZ	Xtr01
N0.HOG0005444	Cmi01	Cpl02	Ler03	Loc02	GgaZ	Xtr01
N0.HOG0005445	Cmi01	Cpl02	Ler03	Loc04	GgaZ	Xtr01
N0.HOG0005446	Cmi01	Cpl02	Ler03	Loc04	GgaZ	Xtr01
N0.HOG0005447	Cmi01	Cpl02	Ler03	Loc02	GgaZ	Xtr01, Xtr03
N0.HOG0005448	Cmi01	Cpl02, Cpl11	Ler03	LocSca	Gga08	Xtr01
N0.HOG0005449	Cmi01	CplSca	Ler03	Loc02	GgaW, GgaZ	Xtr01
N0.HOG0005450	Cmi01	Cpl02	Ler03	Loc02	GgaZ	Xtr10, Xtr01
N0.HOG0005451	Cmi01, Cmi10	Cpl02	Ler03	Loc02	GgaZ	Xtr01
N0.HOG0005452	Cmi01, Cmi21	Cpl31	Ler29	Loc19	Gga28	Xtr01
N0.HOG0005453	Cmi01	Cpl02	Ler03	Loc02	GgaZ	Xtr01
N0.HOG0005454	Cmi01, Cmi21	Cpl31	Ler29	Loc19	Gga28	Xtr01
N0.HOG0005455	Cmi01	Cpl02	Ler03	Loc02	GgaZ	Xtr01
N0.HOG0005456	Cmi01	Cpl02	Ler03	Loc02	GgaZ, GgaW	Xtr01
N0.HOG0005457	Cmi01	Cpl02	Ler03	Loc02	GgaZ	Xtr01
N0.HOG0005458	Cmi01	Cpl02	Ler03, Ler04	Loc02	GgaZ	Xtr01
N0.HOG0005459	Cmi01	Cpl02	Ler03	Loc02	GgaW, GgaZ	Xtr01
N0.HOG0005460	Cmi01	Cpl02	Ler03	Loc02	GgaZ	Xtr01
N0.HOG0005461	Cmi01	Cpl02	Ler03	Loc02	GgaZ	Xtr01
N0.HOG0005462	Cmi01	Cpl02	Ler03	Loc02	GgaZ	Xtr01
N0.HOG0005463	Cmi01	Cpl02	Ler03	Loc02	GgaZ	Xtr01
N0.HOG0005464	Cmi01	Cpl02	Ler03	Loc02	GgaZ	Xtr01
N0.HOG0005465	Cmi01	Cpl02	Ler03, Ler38	Loc02	GgaZ	Xtr01
N0.HOG0005466	Cmi01	Cpl02	Ler03	Loc02	GgaZ	Xtr01
N0.HOG0005467	Cmi01	Cpl02	Ler03	Loc02	GgaZ	Xtr01
N0.HOG0005468	Cmi01	Cpl02	Ler03	Loc24, Loc02	GgaZ	Xtr01
N0.HOG0005469	Cmi01	Cpl02	Ler03	Loc02	GgaZ	Xtr01, Xtr05
N0.HOG0005470	Cmi01	Cpl02	Ler03	Loc02		Xtr01
N0.HOG0005471	Cmi01	Cpl01	Ler01	Loc02	GgaZ	Xtr01
N0.HOG0005472	Cmi01	Cpl01	Ler01	Loc02	GgaW, GgaZ	Xtr01
N0.HOG0005473	Cmi01	Cpl01	Ler01	Loc02	GgaZ	Xtr01
N0.HOG0005474	Cmi01	Cpl31, Cpl01	Ler01	Loc02	GgaZ	Xtr01
N0.HOG0005475	Cmi01	Cpl01	Ler01	Loc02	GgaZ	Xtr01
N0.HOG0005476	Cmi01	Cpl01	Ler01	Loc03, Loc02	GgaZ	Xtr01
N0.HOG0005477	Cmi01	Cpl01	Ler01	Loc02	GgaZ	Xtr01
N0.HOG0005478	Cmi01	Cpl01	Ler01	Loc02	GgaW, GgaZ	Xtr01
N0.HOG0005479	Cmi01	Cpl01				
N0.HOG0005480			Ler02	Loc02		
N0.HOG0005481			Ler01			Xtr01
N0.HOG0005482	Cmi01	Cpl01	Ler01	Loc02	GgaZ, GgaW	Xtr01
N0.HOG0005483	Cmi01	Cpl01	Ler01	Loc02	GgaW, GgaZ	Xtr01
N0.HOG0005484	Cmi01	Cpl01	Ler01	Loc02	GgaZ	Xtr01
N0.HOG0005485	Cmi01	Cpl01	Ler01	Loc02	GgaZ, GgaW	Xtr01
N0.HOG0005486	Cmi01	Cpl01	Ler01	Loc02	GgaW, GgaZ	Xtr01
N0.HOG0005487	Cmi01			Loc02	GgaW, GgaZ	Xtr01
N0.HOG0005488	Cmi01	Cpl01	Ler01	Loc02	GgaZ, GgaW	Xtr01
N0.HOG0005489	Cmi01	Cpl01	Ler01	Loc02	GgaZ, GgaW	Xtr01
N0.HOG0005490	Cmi01	Cpl01	Ler04, Ler01	Loc02	GgaZ	Xtr01
N0.HOG0005491	Cmi01	Cpl01	Ler01	Loc02	GgaW, GgaZ	Xtr01
N0.HOG0005492	Cmi01	Cpl02	Ler03	Loc02, Loc19	GgaZ	Xtr01
N0.HOG0005493	Cmi01	Cpl02	Ler03	Loc02, Loc19	GgaZ	Xtr01
N0.HOG0005494	Cmi01	Cpl02	Ler03	Loc17, Loc02	GgaZ	Xtr01
N0.HOG0005495	Cmi01	Cpl02	LerSca	Loc02	GgaZ, GgaW	Xtr01
N0.HOG0005496	Cmi02	Cpl04	LerSca	Loc09		
N0.HOG0005497	Cmi02	Cpl05	Ler02	Loc09, Loc04	Gga02	Xtr06
N0.HOG0005498	Cmi02	Cpl05	Ler02	Loc09	Gga02	Xtr06
N0.HOG0005499	Cmi02	Cpl04	Ler04	Loc11	Gga02	Xtr06
N0.HOG0005500	Cmi02	Cpl05	Ler02	Loc11, Loc23	Gga11	Xtr06
N0.HOG0005501	Cmi02	Cpl05	Ler02	Loc11	Gga02	Xtr06
N0.HOG0005502	CmiSca	Cpl05	Ler02	Loc11		Xtr06
N0.HOG0005503	Cmi02			Loc23		
N0.HOG0005504	Cmi02	Cpl05	Ler02	Loc11		Xtr06
N0.HOG0005505	Cmi02, Cmi10	Cpl28	Ler28	Loc22	Gga19	Xtr02
N0.HOG0005506	Cmi02	Cpl05	Ler02	Loc09	Gga02	Xtr06
N0.HOG0005507	Cmi02	Cpl05	Ler02	Loc09	Gga02	Xtr06
N0.HOG0005508	Cmi02	Cpl05	Ler02	Loc09	Gga02	Xtr06
N0.HOG0005509	Cmi02	Cpl05	Ler11, Ler02		Gga02	Xtr06
N0.HOG0005510	Cmi02	Cpl04	Ler04	Loc11	Gga02	Xtr06
N0.HOG0005511	Cmi02	Cpl04	Ler04	Loc09	Gga02	Xtr06
N0.HOG0005512	Cmi06, Cmi02	Cpl07	Ler07	Loc12	Gga07	Xtr09
N0.HOG0005513	Cmi06, Cmi02	Cpl04	Ler04	Loc09	Gga02	Xtr06
N0.HOG0005514	Cmi02	Cpl05	Ler02	Loc11	Gga02	Xtr06
N0.HOG0005515	Cmi02	Cpl05	Ler02	Loc09	Gga02	Xtr06
N0.HOG0005516	Cmi02	Cpl29	Ler02	Loc11	Gga02	Xtr06
N0.HOG0005517	Cmi02	Cpl29	Ler02	Loc11	Gga02	Xtr06
N0.HOG0005518	Cmi02	Cpl29	Ler02	Loc09	Gga02	Xtr06
N0.HOG0005519	Cmi02	Cpl29	Ler02	Loc11	Gga02	Xtr06
N0.HOG0005520	Cmi02	Cpl29	Ler02, Ler07	Loc11	Gga02	Xtr06
N0.HOG0005521	Cmi02	Cpl29	Ler02	Loc09	Gga02	Xtr06
N0.HOG0005522	Cmi02	Cpl29	Ler02	Loc09, Loc18	Gga02	Xtr06
N0.HOG0005523	Cmi02	Cpl29	Ler02	Loc09	Gga02	Xtr06
N0.HOG0005524	Cmi02	Cpl29	Ler02	Loc09	Gga02	Xtr06
N0.HOG0005525	Cmi02	Cpl29	Ler02	Loc11	Gga02	Xtr06
N0.HOG0005526	Cmi02	Cpl29	Ler02	Loc11	Gga02	Xtr06
N0.HOG0005527	Cmi02	Cpl29	Ler02	Loc20	Gga15	Xtr01
N0.HOG0005528	Cmi02	Cpl07	Ler07	Loc12	Gga07	Xtr09
N0.HOG0005529	Cmi02	Cpl48	Ler02	Loc09	Gga02	Xtr06
N0.HOG0005530	Cmi02	Cpl05, Cpl35	Ler02	Loc11	Gga02	Xtr06
N0.HOG0005531	Cmi02	Cpl05	Ler02	Loc03, Loc11	Gga02	Xtr06
N0.HOG0005532	Cmi02	Cpl05	Ler02	Loc11	Gga02	Xtr06
N0.HOG0005533	Cmi02	Cpl05	Ler02	Loc11	Gga02	Xtr06
N0.HOG0005534	Cmi02, Cmi14	Cpl17	Ler17	Loc23	Gga11	Xtr04
N0.HOG0005535	Cmi02	Cpl05	Ler02	Loc11	Gga02	Xtr06
N0.HOG0005536	Cmi23, Cmi02	Cpl33	Ler27	Loc11		Xtr10
N0.HOG0005537	Cmi02	Cpl05	Ler02	Loc11	Gga02	Xtr06
N0.HOG0005538	Cmi02	Cpl05, Cpl07	Ler02	Loc11	Gga02	Xtr06
N0.HOG0005539	Cmi02	Cpl05	Ler02	Loc11	Gga02	Xtr06
N0.HOG0005540	Cmi02	Cpl05	Ler02	Loc11, Loc15	Gga02	Xtr06
N0.HOG0005541	Cmi02	Cpl05	Ler02	Loc11	Gga02	Xtr06
N0.HOG0005542	Cmi02	Cpl05	Ler02	Loc11	Gga02	Xtr06
N0.HOG0005543	Cmi02	Cpl05	Ler02	Loc11	Gga02	Xtr06
N0.HOG0005544	Cmi02	Cpl05	Ler02	Loc11	Gga02	Xtr06
N0.HOG0005545	Cmi02	Cpl05	Ler02	Loc09	Gga02	Xtr06
N0.HOG0005546	Cmi02	Cpl05	Ler02	Loc09	Gga02	Xtr06
N0.HOG0005547	Cmi02	Cpl05	Ler02	Loc09	Gga02	Xtr06
N0.HOG0005548	Cmi02	Cpl05	Ler02	Loc09	Gga02	Xtr06
N0.HOG0005549	Cmi02	Cpl05	Ler02	Loc11	Gga02	Xtr08
N0.HOG0005550	Cmi02	Cpl05	Ler02	Loc11	Gga02	Xtr08
N0.HOG0005551	Cmi02	Cpl05	Ler02	Loc11	Gga02	Xtr06
N0.HOG0005552	Cmi02	Cpl05	Ler02, Ler13	Loc09	Gga02	Xtr06
N0.HOG0005553	Cmi02	Cpl05	Ler02	Loc11	Gga02	Xtr06
N0.HOG0005554	Cmi02	Cpl05	Ler02	Loc11	Gga02	Xtr06
N0.HOG0005555	Cmi02	Cpl05	Ler02	Loc11	Gga02	Xtr06
N0.HOG0005556	Cmi02	Cpl05	Ler02	Loc11	Gga02	Xtr06
N0.HOG0005557	Cmi02	Cpl04	Ler04	Loc11	Gga02	Xtr06, Xtr01
N0.HOG0005558	Cmi02	Cpl04	Ler04	Loc11	Gga02	Xtr06
N0.HOG0005559	Cmi02	Cpl29	Ler02	Loc09	Gga02	
N0.HOG0005560	Cmi02	Cpl04	Ler04	Loc09	Gga02	Xtr06
N0.HOG0005561	Cmi02	Cpl04	Ler04	Loc09	Gga02	Xtr06
N0.HOG0005562	Cmi02	Cpl04	Ler04	Loc11	Gga02	Xtr06
N0.HOG0005563	Cmi02	Cpl04	Ler04	Loc11	Gga02	Xtr06
N0.HOG0005564	Cmi02	Cpl04	Ler04	Loc11	Gga02	Xtr06
N0.HOG0005565	Cmi02	Cpl04	Ler04	Loc11	Gga02	Xtr06
N0.HOG0005566	Cmi02	Cpl04, Cpl35	Ler04	Loc11	Gga02	Xtr06
N0.HOG0005567	Cmi02	Cpl04	Ler04	Loc11	Gga02	Xtr06
N0.HOG0005568	Cmi02, Cmi14	CplSca	Ler04	Loc11	Gga02	Xtr06
N0.HOG0005569	Cmi02	Cpl26, Cpl04	Ler04	Loc11	Gga02	Xtr06
N0.HOG0005570	Cmi02	Cpl04	Ler04	Loc09	Gga02	Xtr06
N0.HOG0005571	Cmi02	Cpl04, Cpl14	Ler04	Loc18	Gga02	Xtr06
N0.HOG0005572		Cpl04		Loc11	Gga02	
N0.HOG0005573		Cpl21		Loc13		Xtr09
N0.HOG0005574	Cmi14			Loc23		
N0.HOG0005575	Cmi02			Loc18		
N0.HOG0005576		Cpl17	Ler17			
N0.HOG0005577	Cmi02	Cpl04	Ler43	Loc09	Gga02	Xtr06
N0.HOG0005578	Cmi02	Cpl04	Ler04	Loc09, Loc01	Gga02	Xtr06
N0.HOG0005579	Cmi02	Cpl04	Ler04	Loc11	Gga02	Xtr06
N0.HOG0005580	Cmi03, Cmi02	Cpl09	Ler08	Loc16	Gga03	Xtr05
N0.HOG0005581	Cmi02	Cpl04	Ler04	Loc09	Gga02	Xtr06
N0.HOG0005582	Cmi02	Cpl04	Ler04	Loc09, Loc18	Gga02	Xtr06
N0.HOG0005583	Cmi18, Cmi02	Cpl20	Ler04	Loc09	Gga02	Xtr06
N0.HOG0005584	Cmi02	Cpl04	Ler04	Loc11	Gga02	Xtr06
N0.HOG0005585	Cmi02	Cpl04	Ler04	Loc23, Loc09	Gga02	Xtr06
N0.HOG0005586	Cmi18, Cmi02	Cpl04	Ler04	Loc09	Gga02	Xtr06
N0.HOG0005587	Cmi02	Cpl04	Ler04	Loc09	Gga02	Xtr06
N0.HOG0005588	Cmi02	Cpl04	Ler04	Loc11	Gga02	Xtr06
N0.HOG0005589	Cmi02	Cpl20	Ler04, Ler21	Loc11	Gga02	Xtr06
N0.HOG0005590	Cmi02	Cpl04	Ler04	Loc09	Gga02	Xtr06
N0.HOG0005591	Cmi02	Cpl04	Ler04	Loc09	Gga02	Xtr06
N0.HOG0005592	Cmi02	Cpl04	Ler04	Loc09	Gga02	Xtr06
N0.HOG0005593	Cmi02	Cpl05	Ler02	Loc09	Gga02	Xtr06
N0.HOG0005594			Ler02	Loc09		
N0.HOG0005595		Cpl05	Ler02			Xtr06
N0.HOG0005596	Cmi02	Cpl04	Ler04	Loc09	Gga02	Xtr06
N0.HOG0005597	Cmi02	Cpl04	Ler04	Loc09		Xtr06
N0.HOG0005598	Cmi02	Cpl04	Ler43	Loc11	Gga02	Xtr06
N0.HOG0005599	Cmi02	Cpl04	Ler04	Loc09	Gga02	Xtr06
N0.HOG0005600	Cmi02	Cpl04	Ler04	Loc11	Gga02	Xtr06
N0.HOG0005601	Cmi02	Cpl04	Ler04	LocSca	Gga02	Xtr06
N0.HOG0005602	Cmi03	Cpl03	Ler05	Loc16, Loc06	Gga03	Xtr05
N0.HOG0005603	Cmi03	Cpl09	Ler08	Loc01	Gga03	Xtr05
N0.HOG0005604	Cmi03	Cpl03	Ler05	Loc01	Gga03	Xtr05
N0.HOG0005605	Cmi03	Cpl03	Ler05	Loc01	Gga03	Xtr05
N0.HOG0005606	Cmi03	Cpl09	Ler08	Loc01	Gga03	Xtr05
N0.HOG0005607	Cmi03	Cpl09	Ler08	Loc16	Gga03	Xtr05
N0.HOG0005608	Cmi03	Cpl09	Ler08			
N0.HOG0005609	Cmi03	Cpl09	Ler08	LocSca	Gga03	Xtr05
N0.HOG0005610	Cmi03	Cpl09	Ler08	Loc16	Gga03	Xtr05
N0.HOG0005611	Cmi03	Cpl03	Ler05	Loc16	Gga03	Xtr10, Xtr05
N0.HOG0005612	Cmi03	Cpl03	Ler05	Loc16	Gga03	Xtr02, Xtr05
N0.HOG0005613	Cmi03	Cpl03	Ler05	Loc16	Gga03	Xtr05
N0.HOG0005614	Cmi03	Cpl03	Ler05	Loc16	Gga03	Xtr05
N0.HOG0005615	Cmi03	Cpl03	Ler05	Loc16	Gga03	Xtr05
N0.HOG0005616	Cmi03	Cpl03	Ler05	Loc16, Loc06	Gga03	Xtr05
N0.HOG0005617	Cmi03	Cpl03	Ler05	Loc01	Gga03	Xtr05
N0.HOG0005618	Cmi03	Cpl03	Ler05	Loc27, Loc01	Gga03	Xtr05
N0.HOG0005619	Cmi03	Cpl03	Ler05	Loc01	Gga03	Xtr05
N0.HOG0005620	Cmi03	Cpl03	Ler07, Ler05	Loc01	Gga03	Xtr05
N0.HOG0005621	Cmi03	Cpl03	Ler01, Ler05	Loc01	Gga03	Xtr05
N0.HOG0005622	Cmi03	Cpl03, Cpl20	Ler05	Loc01	Gga03	Xtr05
N0.HOG0005623	Cmi03	Cpl03	Ler05	Loc01	Gga03	Xtr05
N0.HOG0005624	Cmi03	Cpl03	Ler05	Loc01	Gga03	Xtr05
N0.HOG0005625	Cmi03	Cpl03	Ler05	Loc01	Gga03	Xtr05
N0.HOG0005626	Cmi03	Cpl03	Ler01, Ler05	Loc01	Gga03	Xtr05
N0.HOG0005627	Cmi03	Cpl03	Ler05	Loc01	Gga03	Xtr05
N0.HOG0005628	Cmi03	Cpl03	Ler05	Loc01	Gga03	Xtr05
N0.HOG0005629	Cmi03	Cpl03	Ler05	Loc01	Gga03	Xtr08, Xtr05
N0.HOG0005630	Cmi03	Cpl03	Ler05	Loc06, Loc01	Gga03	Xtr05
N0.HOG0005631	Cmi03	Cpl03	Ler05	Loc01	Gga03	Xtr05
N0.HOG0005632	Cmi03	Cpl27, Cpl03	Ler05	Loc01	Gga03	Xtr05
N0.HOG0005633	Cmi03	Cpl03	Ler05	Loc01	Gga03	Xtr05
N0.HOG0005634	Cmi03	Cpl03	Ler05	Loc01	Gga03	Xtr05
N0.HOG0005635	Cmi03, Cmi10	Cpl27	Ler26	Loc06	Gga23	Xtr02
N0.HOG0005636	Cmi03	Cpl03	Ler05	Loc01	Gga03	Xtr05
N0.HOG0005637	Cmi03	Cpl03	Ler13, Ler05	Loc01	Gga03	Xtr05
N0.HOG0005638	Cmi03	Cpl03	Ler05	Loc01	Gga03	Xtr05
N0.HOG0005639	Cmi03	Cpl03	Ler05	Loc01	Gga03	Xtr05
N0.HOG0005640	Cmi03	Cpl03	Ler05	Loc01	Gga03	Xtr05
N0.HOG0005641	Cmi03	Cpl03	Ler05	Loc01	Gga03	Xtr05
N0.HOG0005642	Cmi03	Cpl03	Ler05	Loc01	Gga03	Xtr05
N0.HOG0005643	Cmi03	Cpl03	Ler05	Loc01	Gga03	Xtr05
N0.HOG0005644	Cmi03	Cpl03	Ler05	Loc01	Gga03	Xtr05
N0.HOG0005645	Cmi03	Cpl03	Ler05	Loc01	Gga03	Xtr05
N0.HOG0005646	Cmi03	Cpl03	Ler05	Loc06, Loc01	Gga03	Xtr05
N0.HOG0005647	Cmi03	Cpl03	Ler05	Loc01	Gga03	Xtr05
N0.HOG0005648	Cmi03	Cpl03	Ler14, Ler05	Loc01	Gga03	Xtr05
N0.HOG0005649	Cmi03	Cpl03	Ler05	Loc18, Loc01	Gga03	Xtr05
N0.HOG0005650	Cmi03	Cpl03	Ler05	Loc01	Gga03	Xtr05
N0.HOG0005651	Cmi03	Cpl03	Ler05	Loc01	Gga03	Xtr05
N0.HOG0005652	Cmi03	Cpl03	Ler05	Loc01	Gga03	Xtr05
N0.HOG0005653	Cmi03, Cmi10	Cpl27	LerSca	Loc01	Gga03	Xtr05
N0.HOG0005654	Cmi03	Cpl09	Ler08	Loc16	Gga07	Xtr05
N0.HOG0005655	Cmi03	Cpl09	Ler08	Loc01	Gga03	Xtr05
N0.HOG0005656	Cmi03	Cpl09	Ler08	Loc01	Gga03	Xtr05
N0.HOG0005657	Cmi03	Cpl45, Cpl03	Ler05	Loc16	Gga03	Xtr10
N0.HOG0005658	Cmi03	Cpl45, Cpl03	Ler05	Loc16	Gga03	Xtr05
N0.HOG0005659	Cmi03	Cpl09	Ler08	Loc16	Gga03	Xtr05
N0.HOG0005660	Cmi03	Cpl09	Ler08	Loc01	Gga03	Xtr10, Xtr05
N0.HOG0005661	Cmi03	Cpl09	Ler08	Loc01, Loc07	Gga03	Xtr05
N0.HOG0005662	Cmi03	Cpl09	Ler08	Loc16	Gga03	Xtr05
N0.HOG0005663	Cmi03	Cpl09	Ler08	Loc16	Gga03	Xtr05
N0.HOG0005664	Cmi03	Cpl09	Ler08	Loc16	Gga24	Xtr09
N0.HOG0005665	Cmi03	Cpl09	Ler08		Gga03	Xtr05
N0.HOG0005666	Cmi03	CplSca	LerSca	Loc08	Gga01	Xtr03
N0.HOG0005667	Cmi03	Cpl45, Cpl03	Ler05	Loc01	Gga03	Xtr05
N0.HOG0005668	Cmi03	Cpl09	Ler08	Loc16	Gga03	Xtr05
N0.HOG0005669	Cmi03	Cpl09	Ler08	Loc01	Gga03	Xtr05
N0.HOG0005670	Cmi03	Cpl03	Ler05	Loc01	Gga03	Xtr05
N0.HOG0005671	Cmi03	Cpl15	Ler08	Loc16	Gga03	Xtr03
N0.HOG0005672	Cmi03	CplSca	Ler05	Loc16	Gga03	Xtr05
N0.HOG0005673	Cmi03	Cpl09	Ler08	Loc16	Gga03	Xtr05
N0.HOG0005674	Cmi03	Cpl41	Ler08	Loc16	Gga03	Xtr05
N0.HOG0005675	Cmi03		Ler08	Loc16, Loc07	Gga03	Xtr05
N0.HOG0005676	Cmi03	Cpl09	Ler08	Loc16	Gga03	Xtr05
N0.HOG0005677	Cmi03	Cpl03	Ler05	Loc16	Gga03	Xtr05
N0.HOG0005678	Cmi03	Cpl09	Ler08	Loc16, Loc06	Gga03	Xtr05
N0.HOG0005679	Cmi03	Cpl09	Ler08	Loc16	Gga03	Xtr05
N0.HOG0005680	Cmi03	Cpl03	Ler05	Loc16	Gga03	Xtr05
N0.HOG0005681	Cmi03	Cpl03	Ler05	LocSca	Gga03	Xtr05
N0.HOG0005682	Cmi03	Cpl03	Ler05	Loc16	Gga03	Xtr05
N0.HOG0005683	Cmi03	Cpl03	Ler05	Loc16	Gga03	Xtr05
N0.HOG0005684	Cmi03	Cpl45, Cpl03	Ler05	Loc16	Gga03	Xtr05
N0.HOG0005685	Cmi03	Cpl03	Ler05	Loc16	Gga03	Xtr05
N0.HOG0005686	Cmi03	Cpl45, Cpl03	Ler05	Loc01	Gga03	Xtr04
N0.HOG0005687	Cmi03	Cpl03	Ler05	Loc28	Gga03	Xtr04, Xtr05
N0.HOG0005688	Cmi03	Cpl09	LerSca	Loc16	Gga03	Xtr05
N0.HOG0005689	Cmi03	Cpl09	Ler08	Loc16	Gga03	Xtr05
N0.HOG0005690	Cmi03	CplSca	Ler05	Loc16	Gga03	Xtr05
N0.HOG0005691	Cmi03	Cpl09	Ler08	Loc16	Gga03	Xtr05
N0.HOG0005692	Cmi03	Cpl09, Cpl45	Ler08	Loc16	Gga03	Xtr05
N0.HOG0005693	Cmi03	Cpl09	Ler08	Loc16	Gga03	Xtr05
N0.HOG0005694	Cmi03	Cpl09	Ler08	Loc16	Gga03	Xtr05
N0.HOG0005695	Cmi03, Cmi14	Cpl17	Ler17	Loc23	Gga11	Xtr04
N0.HOG0005696	Cmi03	Cpl09	Ler08	Loc16	Gga03	Xtr05
N0.HOG0005697	Cmi03	Cpl09, Cpl45	Ler08	Loc16	Gga03	Xtr05
N0.HOG0005698	Cmi03	Cpl09	Ler08	Loc01	Gga03	Xtr08, Xtr05
N0.HOG0005699	Cmi03	Cpl09	Ler08	Loc01	Gga03	Xtr05
N0.HOG0005700	Cmi03	Cpl09	Ler08	Loc01	Gga03	Xtr05
N0.HOG0005701	Cmi03	Cpl03	Ler05	Loc01	Gga03	Xtr05
N0.HOG0005702	Cmi03	Cpl03	Ler05	Loc01	Gga03	Xtr04, Xtr05
N0.HOG0005703			Ler08	Loc01		
N0.HOG0005704		Cpl09	Ler08	Loc01		
N0.HOG0005705	Cmi03	Cpl09	Ler04, Ler08	Loc01	Gga03	Xtr05
N0.HOG0005706	Cmi03	Cpl03	Ler14	Loc01	Gga03	Xtr05
N0.HOG0005707	Cmi03	Cpl09	Ler08	Loc16	Gga08, Gga03	Xtr05
N0.HOG0005708	Cmi03	Cpl09	Ler08	Loc16		Xtr05
N0.HOG0005709			Ler08			Xtr05
N0.HOG0005710	Cmi04	Cpl06	LerSca	Loc03	Gga01	Xtr02
N0.HOG0005711	Cmi04	Cpl06	LerSca	Loc03	Gga01	Xtr02
N0.HOG0005712	Cmi04	Cpl12	Ler13	Loc14	Gga01	Xtr02
N0.HOG0005713	Cmi04		Ler13	Loc14, Loc17	Gga01	Xtr02, Xtr04
N0.HOG0005714	Cmi04	Cpl12	Ler13	LocSca	Gga01	Xtr02
N0.HOG0005715	Cmi06, Cmi04	Cpl12	Ler13	Loc03	Gga01	Xtr02
N0.HOG0005716	Cmi04	Cpl12	Ler13	Loc24, Loc14	Gga01	Xtr02
N0.HOG0005717	Cmi04	Cpl12	Ler13	Loc14	Gga01	Xtr02
N0.HOG0005718	Cmi04	Cpl06	LerSca	Loc03	Gga01	Xtr02
N0.HOG0005719	Cmi04	Cpl12	Ler13	Loc03	Gga01	Xtr02
N0.HOG0005720	Cmi04	Cpl12	Ler13	Loc14, Loc07	Gga01	Xtr02
N0.HOG0005721	Cmi04	Cpl12	Ler13	Loc03	Gga01, Gga09	Xtr02
N0.HOG0005722	Cmi04	Cpl12	Ler13	Loc17	Gga01	Xtr02
N0.HOG0005723	Cmi04	Cpl12	Ler13	Loc17	Gga01	Xtr02
N0.HOG0005724	Cmi04	Cpl12	Ler13	Loc14	Gga01	
N0.HOG0005725	Cmi04	Cpl12	Ler13	Loc14	Gga01	Xtr02
N0.HOG0005726	Cmi04	Cpl12		Loc17	Gga01	
N0.HOG0005727		Cpl13	Ler14	LocSca		
N0.HOG0005728	Cmi04	Cpl12	Ler13	Loc17	Gga01	Xtr02
N0.HOG0005729	Cmi04	Cpl12, Cpl28	Ler13	Loc17	Gga01	Xtr02
N0.HOG0005730	Cmi04	Cpl12	Ler13	Loc17	Gga01	Xtr02
N0.HOG0005731	Cmi04		Ler13	Loc03	Gga01	Xtr02
N0.HOG0005732	Cmi04	Cpl12	Ler13	Loc03	Gga01	Xtr02
N0.HOG0005733	Cmi04	Cpl31	Ler26	Loc20	Gga02	Xtr02
N0.HOG0005734	Cmi04	CplSca	Ler13	Loc03, Loc24	Gga01	Xtr07
N0.HOG0005735	Cmi04	Cpl12	Ler13	Loc03	Gga01	Xtr02
N0.HOG0005736	Cmi04	Cpl12	Ler13	Loc03	Gga01	Xtr02
N0.HOG0005737	Cmi04	Cpl07	Ler13, Ler12	Loc17	Gga01	Xtr02
N0.HOG0005738	Cmi04	Cpl12	Ler13	Loc17	Gga25, Gga01	Xtr08
N0.HOG0005739	Cmi04	Cpl12	Ler13	Loc17, Loc01		Xtr02
N0.HOG0005740	Cmi04, Cmi15	Cpl12	Ler13	Loc14	Gga01	Xtr02
N0.HOG0005741	Cmi04	Cpl12	Ler13	Loc17	Gga01	Xtr02
N0.HOG0005742	Cmi04		Ler07	Loc03, Loc17		
N0.HOG0005743			Ler13	Loc17		
N0.HOG0005744	Cmi04	Cpl12	Ler13	Loc17	Gga01	Xtr02
N0.HOG0005745	Cmi04	Cpl12	Ler13	Loc14, Loc17	Gga01	Xtr02
N0.HOG0005746	Cmi04	Cpl12	Ler13	Loc17	Gga01	Xtr02
N0.HOG0005747	Cmi04	Cpl06, Cpl39	Ler37	Loc17	Gga01	Xtr02
N0.HOG0005748	Cmi04	Cpl06	Ler06	Loc17	Gga01	Xtr02
N0.HOG0005749	Cmi04	Cpl06	Ler06	Loc17	Gga01	Xtr02
N0.HOG0005750	Cmi04	Cpl06	Ler06	Loc17	Gga01	Xtr02
N0.HOG0005751	Cmi04	Cpl12	Ler13	Loc03	Gga01	Xtr02
N0.HOG0005752	Cmi04	Cpl12	Ler13	Loc03, Loc28	Gga01	Xtr02
N0.HOG0005753	Cmi04	Cpl06	Ler06	Loc17	Gga01	Xtr02
N0.HOG0005754	Cmi04	Cpl12	Ler13	Loc17	Gga01	Xtr02
N0.HOG0005755	Cmi04	Cpl12	Ler13	Loc17, Loc07	Gga01	Xtr02
N0.HOG0005756	Cmi04	Cpl12	Ler13	Loc17	Gga01	Xtr02
N0.HOG0005757	Cmi04	Cpl10	Ler06	Loc03	Gga01	Xtr02
N0.HOG0005758	Cmi04	Cpl06	Ler06	Loc03	Gga01	Xtr02
N0.HOG0005759	Cmi05, Cmi04	Cpl11	Ler10	Loc10	Gga08	Xtr04
N0.HOG0005760	Cmi04	Cpl06	Ler06	Loc03, Loc07	Gga01	Xtr02
N0.HOG0005761	Cmi04	Cpl06	Ler06	Loc03	Gga01	Xtr02
N0.HOG0005762	Cmi04	Cpl06	Ler06	Loc03	Gga01	Xtr02
N0.HOG0005763	Cmi04	Cpl06	Ler06, Ler05	Loc17	Gga01	Xtr02
N0.HOG0005764	Cmi04	Cpl06	Ler06	Loc17, Loc01	Gga01	Xtr02
N0.HOG0005765	Cmi04	Cpl06	Ler06	Loc03	Gga01	Xtr02, Xtr08
N0.HOG0005766	Cmi04	Cpl06		Loc17	Gga01	Xtr02
N0.HOG0005767	Cmi04	Cpl06	Ler06	Loc17	Gga01	Xtr02
N0.HOG0005768	Cmi04	Cpl06	Ler06	Loc03	Gga01	Xtr02
N0.HOG0005769	Cmi08, Cmi04	Cpl06, Cpl25	Ler25	LocSca		Xtr02
N0.HOG0005770	Cmi04	Cpl06	Ler06	Loc03	Gga01	Xtr02
N0.HOG0005771	Cmi04	Cpl06	Ler06	Loc03	Gga01	Xtr02, Xtr08
N0.HOG0005772	Cmi04	Cpl06	Ler06	Loc03, Loc04	Gga01	Xtr02
N0.HOG0005773	Cmi04	Cpl06	Ler06	Loc17, Loc04	Gga01	Xtr02
N0.HOG0005774		Cpl15			Gga04	
N0.HOG0005775	Cmi04	Cpl06		Loc17	Gga01	Xtr02
N0.HOG0005776	Cmi04	Cpl06	Ler06			
N0.HOG0005777	Cmi04	Cpl06	LerSca	Loc14, Loc07	Gga01	Xtr02
N0.HOG0005778	Cmi04	Cpl06	LerSca	Loc14	Gga01	Xtr02
N0.HOG0005779	Cmi04	Cpl06	LerSca	Loc14, Loc07	Gga01	Xtr02
N0.HOG0005780	Cmi04	Cpl06	Ler45	Loc14	Gga01	Xtr02
N0.HOG0005781	Cmi05	Cpl11	Ler03, Ler10	Loc10	Gga08	Xtr04
N0.HOG0005782	Cmi05	Cpl29, Cpl11	Ler10	Loc10	Gga08	Xtr04
N0.HOG0005783	Cmi05	Cpl02, Cpl11	Ler10	Loc10	Gga08	Xtr04
N0.HOG0005784	Cmi05	Cpl11	Ler10	Loc10	Gga08	Xtr07, Xtr04
N0.HOG0005785	Cmi05	Cpl11	Ler10, Ler13	Loc10	Gga08	Xtr04
N0.HOG0005786	Cmi05	Cpl11	Ler10	Loc10	Gga08	Xtr04
N0.HOG0005787	Cmi05	Cpl11	Ler10	Loc10	Gga08	Xtr04
N0.HOG0005788	Cmi05	Cpl11	Ler10	Loc10, Loc21	Gga08	Xtr04
N0.HOG0005789	Cmi05	Cpl11, Cpl37	Ler10		Gga08	Xtr04
N0.HOG0005790	Cmi05	Cpl11	Ler10, Ler06	Loc10	Gga08	Xtr04
N0.HOG0005791	Cmi05, Cmi08	Cpl30	Ler31	Loc21	Gga17	Xtr08
N0.HOG0005792	Cmi05	Cpl11, Cpl30	Ler10, Ler31		Gga17	Xtr08
N0.HOG0005793	Cmi05	Cpl11	Ler10	Loc10	Gga08	Xtr04
N0.HOG0005794	Cmi05	Cpl11	LerSca	Loc10		Xtr04
N0.HOG0005795	Cmi05	Cpl11	LerSca	Loc10	Gga08	Xtr04
N0.HOG0005796	Cmi05	Cpl11	LerSca	Loc10	Gga08	Xtr04
N0.HOG0005797	Cmi05	Cpl11	Ler39	Loc21, Loc10	Gga08	Xtr04
N0.HOG0005798	Cmi05	Cpl11	Ler10	Loc10	Gga08	Xtr04
N0.HOG0005799	Cmi05	Cpl11	Ler10	Loc10	Gga08	Xtr04
N0.HOG0005800	Cmi05	Cpl11	Ler10	Loc06, Loc10	Gga08	Xtr04
N0.HOG0005801	Cmi05	Cpl11	Ler10	Loc10	Gga08	Xtr04
N0.HOG0005802	Cmi05	Cpl11	Ler10	Loc10	Gga08	Xtr04
N0.HOG0005803	Cmi05	Cpl11	Ler10	Loc10	Gga08	Xtr04
N0.HOG0005804	Cmi05	Cpl11	Ler10	Loc10	Gga08	Xtr04
N0.HOG0005805	Cmi05	Cpl11	Ler10	Loc06, Loc10	Gga08	Xtr04
N0.HOG0005806	Cmi05	Cpl11	Ler10	Loc10		
N0.HOG0005807	Cmi29			Loc06		Xtr03
N0.HOG0005808	Cmi05	Cpl11	Ler10	Loc10	Gga08	Xtr04
N0.HOG0005809	Cmi05	Cpl11	Ler10, Ler12	Loc10	Gga08	Xtr04
N0.HOG0005810	Cmi05	Cpl11	Ler07, Ler10	Loc10	Gga08	Xtr04
N0.HOG0005811	Cmi05	Cpl11	Ler10	Loc10	Gga08	Xtr04
N0.HOG0005812	Cmi05	Cpl11	Ler10	Loc10	Gga08	Xtr04
N0.HOG0005813	Cmi05	Cpl11	Ler10	Loc10	Gga08	Xtr04
N0.HOG0005814	Cmi05, Cmi12	Cpl18	Ler16	Loc05	Gga12	Xtr04
N0.HOG0005815	Cmi05	Cpl23	Ler22	Loc08	Gga01	Xtr03
N0.HOG0005816	Cmi05	Cpl23	Ler22	Loc08	Gga01	Xtr03
N0.HOG0005817	Cmi05	Cpl23	Ler22	Loc08	Gga01	Xtr03
N0.HOG0005818	Cmi05	Cpl23	Ler22	Loc08	Gga01	Xtr03
N0.HOG0005819	Cmi05	Cpl23	Ler22	Loc08	Gga01	Xtr03
N0.HOG0005820	Cmi05	Cpl23	Ler22	Loc08	Gga01	Xtr03
N0.HOG0005821	Cmi05	Cpl23	Ler22	Loc08	Gga01	Xtr03
N0.HOG0005822	Cmi05	Cpl23	Ler22	Loc08	Gga01	Xtr03
N0.HOG0005823	Cmi05	Cpl23	Ler22	Loc08	Gga01	Xtr03
N0.HOG0005824	Cmi05	Cpl23	Ler22	Loc08, Loc02	Gga01	Xtr09
N0.HOG0005825	Cmi05	Cpl23	Ler24, Ler22	Loc08	Gga01	Xtr03
N0.HOG0005826	Cmi17			Loc27		
N0.HOG0005827	Cmi05	Cpl23	Ler22	Loc08	Gga01	
N0.HOG0005828	Cmi05, Cmi17	Cpl23, Cpl16	Ler22	Loc27		Xtr04
N0.HOG0005829	Cmi05	Cpl23	Ler22	Loc08	Gga01	Xtr03
N0.HOG0005830	Cmi05	Cpl23	Ler22	Loc08, Loc27	Gga01	Xtr03
N0.HOG0005831	Cmi05	Cpl23	Ler22	Loc08	Gga01	Xtr03
N0.HOG0005832	CmiSca			Loc03		
N0.HOG0005833	Cmi05		Ler22	Loc08		Xtr03
N0.HOG0005834	Cmi05	Cpl19	Ler19	Loc03, Loc08	Gga01	Xtr03
N0.HOG0005835	Cmi05	Cpl19	Ler19	Loc08	Gga01	Xtr03
N0.HOG0005836	Cmi05	Cpl19	Ler19	Loc08		Xtr03
N0.HOG0005837	Cmi05	Cpl19	Ler19	Loc08, Loc27	Gga01	Xtr03
N0.HOG0005838	Cmi05, Cmi19	Cpl26	Ler24	Loc03	Gga26	Xtr02
N0.HOG0005839	Cmi05	Cpl10, Cpl19	Ler19	Loc08	Gga01	Xtr03
N0.HOG0005840	Cmi05	Cpl19	Ler19	Loc08	Gga01	Xtr03
N0.HOG0005841	Cmi05	Cpl19	Ler19	Loc08	Gga01	Xtr03
N0.HOG0005842	Cmi05	Cpl19	Ler19	Loc08, Loc27	Gga01	Xtr03
N0.HOG0005843	Cmi05	Cpl19	Ler19	Loc08	Gga01	Xtr03
N0.HOG0005844	Cmi05	Cpl19	Ler19	Loc08	Gga01	Xtr03
N0.HOG0005845	Cmi05	Cpl19	Ler19	Loc08	Gga01	Xtr03
N0.HOG0005846	Cmi05	Cpl19	Ler04, Ler19	Loc08	Gga01	Xtr03
N0.HOG0005847	Cmi05	Cpl19	Ler19	Loc08	Gga01	Xtr03
N0.HOG0005848	Cmi05	Cpl19	Ler03, Ler19	Loc08	Gga01	Xtr03
N0.HOG0005849	Cmi05	Cpl19	Ler19	Loc08, Loc27	Gga01	Xtr03
N0.HOG0005850	Cmi05	Cpl19	Ler19	LocSca	Gga01	Xtr03
N0.HOG0005851	Cmi05	Cpl19	Ler19	Loc01	Gga01	Xtr03
N0.HOG0005852	Cmi05	Cpl19	Ler19	Loc08	Gga01	Xtr03
N0.HOG0005853	Cmi05	Cpl19	Ler19	Loc08	Gga01	Xtr03
N0.HOG0005854	Cmi05, Cmi19	Cpl26	Ler24	Loc03	Gga26	Xtr02
N0.HOG0005855	Cmi05	Cpl19	Ler19	Loc01	Gga01	Xtr08, Xtr03
N0.HOG0005856	Cmi05	Cpl19	Ler19	Loc03, Loc08	Gga01	Xtr03
N0.HOG0005857	Cmi05	Cpl19	Ler19	LocSca	Gga01	Xtr03
N0.HOG0005858	Cmi05	Cpl19	Ler19	Loc08	Gga01	Xtr03
N0.HOG0005859	Cmi05	Cpl19	Ler19	Loc08	Gga01	Xtr03
N0.HOG0005860	Cmi05	Cpl19	Ler11, Ler19	Loc08	Gga01	Xtr03
N0.HOG0005861	Cmi05	Cpl19	Ler19	Loc08	Gga01	Xtr03
N0.HOG0005862	Cmi05	Cpl19	Ler19	Loc08	Gga01	Xtr03
N0.HOG0005863	Cmi05	Cpl19	Ler19	Loc08	Gga01	Xtr03
N0.HOG0005864	Cmi05	Cpl23	Ler22	Loc08	Gga01	Xtr03
N0.HOG0005865	Cmi05	Cpl23	Ler22	Loc08, Loc01	Gga01	Xtr03
N0.HOG0005866	Cmi05	Cpl23	Ler25, Ler22	Loc08	Gga01	Xtr03
N0.HOG0005867	Cmi05	Cpl23		Loc03	Gga01	Xtr02, Xtr03
N0.HOG0005868	Cmi05	Cpl23	LerSca	Loc08	Gga01	Xtr03
N0.HOG0005869	Cmi05	Cpl23	Ler22	Loc08, Loc01	Gga01	Xtr03
N0.HOG0005870	Cmi05	Cpl23	Ler22	Loc08	Gga01	Xtr03
N0.HOG0005871	Cmi05	Cpl23	Ler22	Loc08	Gga01	Xtr03
N0.HOG0005872	Cmi05	Cpl23	Ler22	Loc08	Gga01	Xtr03
N0.HOG0005873	Cmi05	Cpl23	Ler22	Loc08	Gga01	Xtr03
N0.HOG0005874	Cmi05	Cpl23	Ler22	Loc08	Gga01	Xtr03
N0.HOG0005875	Cmi05	Cpl23	Ler01, Ler22	Loc08	Gga01	Xtr03
N0.HOG0005876	Cmi05	Cpl23	Ler22	Loc08, Loc01	Gga01	Xtr03
N0.HOG0005877	Cmi05	Cpl23	Ler22	Loc08	Gga01	Xtr09
N0.HOG0005878	Cmi05	Cpl23	Ler22	Loc01	Gga01	Xtr03
N0.HOG0005879	Cmi05	Cpl23	Ler22	Loc08	Gga01	Xtr03
N0.HOG0005880	Cmi05	Cpl23	Ler22	Loc08	Gga01	Xtr03
N0.HOG0005881	Cmi06	Cpl07	LerSca	Loc12	Gga07	Xtr09
N0.HOG0005882	Cmi06	Cpl07	LerSca	Loc12	Gga07	Xtr09
N0.HOG0005883	Cmi06	Cpl07	LerSca	Loc12	Gga07	Xtr09
N0.HOG0005884	Cmi06	Cpl07	LerSca	Loc12	Gga07	Xtr09
N0.HOG0005885	Cmi06	Cpl43, Cpl07	Ler40	Loc12	Gga07	Xtr09
N0.HOG0005886	Cmi06	Cpl07	Ler07	Loc12	Gga07	Xtr09
N0.HOG0005887	Cmi06	Cpl07	Ler07, Ler13	Loc12	Gga07	Xtr09
N0.HOG0005888	Cmi06	Cpl07	Ler07	Loc12	Gga07	Xtr09
N0.HOG0005889	Cmi06	Cpl07	Ler07, Ler05	Loc12	Gga07	Xtr09
N0.HOG0005890	Cmi06	Cpl07	Ler07	Loc12	Gga07	Xtr09
N0.HOG0005891	Cmi27, Cmi06	Cpl07	Ler07	Loc12	Gga07	Xtr09
N0.HOG0005892	Cmi06	Cpl07	Ler07	Loc12	Gga07	Xtr09
N0.HOG0005893	Cmi06	Cpl07	Ler07	Loc12	Gga07	Xtr09
N0.HOG0005894	Cmi06	Cpl07	Ler07	Loc12, Loc04	Gga07	XtrSca
N0.HOG0005895	Cmi27			Loc12, Loc04		
N0.HOG0005896	Cmi06	Cpl07		Loc12		Xtr09
N0.HOG0005897	Cmi06	Cpl07	Ler07	Loc12	Gga07	Xtr09
N0.HOG0005898	Cmi06	Cpl07	Ler07	Loc12	Gga07	Xtr09
N0.HOG0005899	Cmi06	Cpl07	Ler26, Ler07	Loc12	Gga07	Xtr09
N0.HOG0005900	Cmi06	Cpl07	Ler07	Loc12	Gga07	Xtr09
N0.HOG0005901	Cmi06	Cpl07	Ler07	Loc12	Gga07	Xtr09
N0.HOG0005902	Cmi06	Cpl07	Ler07	Loc12	Gga07	Xtr09
N0.HOG0005903	Cmi06	Cpl07	Ler07	Loc11, Loc12		Xtr06
N0.HOG0005904	Cmi23, Cmi06	Cpl33	Ler27	Loc12	Gga07	Xtr09
N0.HOG0005905	Cmi06	Cpl07	Ler07	Loc12	Gga09	Xtr02, Xtr09
N0.HOG0005906	Cmi06	Cpl07	Ler07	Loc12	Gga07	Xtr09
N0.HOG0005907	Cmi06	Cpl07	Ler07	Loc03	Gga07	Xtr09
N0.HOG0005908	Cmi06	Cpl07	Ler07	Loc12	Gga07	Xtr09
N0.HOG0005909	Cmi06	Cpl43, Cpl07	Ler07	Loc04	Gga34	Xtr09
N0.HOG0005910	Cmi06	Cpl07	Ler07	Loc12, Loc11	Gga07	Xtr09
N0.HOG0005911	Cmi06	Cpl14	Ler07	Loc12, Loc04	Gga07	Xtr09
N0.HOG0005912	Cmi06	Cpl07	Ler07	Loc12	Gga07	Xtr09
N0.HOG0005913	Cmi06	Cpl07	Ler07	Loc12, Loc15	Gga07	Xtr09
N0.HOG0005914	Cmi06	Cpl07, Cpl28	Ler07	Loc12	Gga07	Xtr09
N0.HOG0005915	Cmi27, Cmi06	Cpl07	Ler07	Loc12	Gga07	Xtr09
N0.HOG0005916	Cmi27, Cmi06	Cpl07	Ler07	Loc12	Gga07	Xtr09
N0.HOG0005917	Cmi06	Cpl07	Ler07	Loc12	Gga07	Xtr02, Xtr09
N0.HOG0005918	Cmi06	Cpl07	Ler07	Loc12	Gga07	Xtr09
N0.HOG0005919	Cmi06	Cpl07	Ler07	Loc12	Gga07	Xtr09
N0.HOG0005920	Cmi06	Cpl07	Ler07	Loc12	Gga07	Xtr02, Xtr09
N0.HOG0005921	Cmi06	Cpl07	Ler07	Loc12	Gga34	Xtr02
N0.HOG0005922	Cmi06	Cpl07	Ler07	Loc12, Loc15	Gga07	Xtr09
N0.HOG0005923	Cmi06	Cpl07	Ler07	Loc12	Gga07	Xtr09
N0.HOG0005924	Cmi06	Cpl07	Ler07	Loc12	Gga07	Xtr09
N0.HOG0005925	Cmi06	Cpl07	Ler07	Loc12	Gga07	Xtr09
N0.HOG0005926	Cmi06	Cpl07	Ler07	Loc12	Gga07	Xtr09
N0.HOG0005927	Cmi06	Cpl07	Ler07	Loc12	Gga07	Xtr10, Xtr09
N0.HOG0005928	Cmi07	Cpl22	Ler15	Loc05, Loc04	Gga06	Xtr07
N0.HOG0005929	Cmi07	Cpl22	Ler15	Loc05	Gga06	Xtr07
N0.HOG0005930	Cmi07	Cpl22	Ler15	Loc05, Loc01	Gga06	Xtr07
N0.HOG0005931	Cmi07	Cpl22	Ler15	Loc05, Loc01	Gga06	Xtr07
N0.HOG0005932	Cmi07	Cpl22	Ler15	Loc05	Gga06	Xtr07
N0.HOG0005933	Cmi07	Cpl38	Ler34	Loc05	Gga06	Xtr07
N0.HOG0005934	Cmi07	Cpl38	Ler34	Loc05	Gga06	Xtr07
N0.HOG0005935	Cmi07	Cpl38	Ler34	Loc10, Loc05	Gga06	Xtr07
N0.HOG0005936	Cmi07	Cpl38		Loc05	Gga06	Xtr07
N0.HOG0005937	Cmi07	Cpl38	Ler34	Loc05	Gga06	Xtr07
N0.HOG0005938	Cmi07	Cpl38	Ler34	Loc05	Gga06	Xtr07
N0.HOG0005939	Cmi07	Cpl38	Ler35	Loc05, Loc01	Gga06	Xtr07
N0.HOG0005940	Cmi13, Cmi07	Cpl14	Ler11	Loc06	Gga13	Xtr03
N0.HOG0005941	Cmi07	Cpl38	Ler34	Loc05, Loc01	Gga06	Xtr07
N0.HOG0005942	Cmi07	Cpl38	Ler34	Loc05	Gga06	Xtr07
N0.HOG0005943	Cmi07	Cpl38	Ler34	Loc05	Gga06	Xtr07
N0.HOG0005944	Cmi07	Cpl22	Ler15	Loc06, Loc05	Gga06	Xtr07
N0.HOG0005945	Cmi07	Cpl22	Ler15	Loc06, Loc05	Gga06	Xtr07
N0.HOG0005946	Cmi07	Cpl22	Ler15	Loc05, Loc01	Gga06	Xtr07
N0.HOG0005947	Cmi07	Cpl22	Ler15	LocSca	Gga06	Xtr07
N0.HOG0005948	Cmi07	Cpl22	Ler15	Loc05	Gga06	Xtr07
N0.HOG0005949	Cmi07	Cpl22	Ler15	Loc05	Gga06	Xtr07
N0.HOG0005950	Cmi07	Cpl22	Ler02, Ler15	Loc05	Gga06	Xtr07
N0.HOG0005951	Cmi07	Cpl22	Ler15	Loc05, Loc01	Gga06	Xtr07
N0.HOG0005952	Cmi13, Cmi07	Cpl14	Ler11	Loc06	Gga13	Xtr03
N0.HOG0005953	Cmi07	Cpl15, Cpl22	Ler15	Loc05	Gga06	Xtr07
N0.HOG0005954	Cmi07	Cpl22	Ler15	Loc05	Gga06	Xtr07
N0.HOG0005955	Cmi07	Cpl22	Ler15	Loc02, Loc05	Gga06	Xtr07
N0.HOG0005956	Cmi07	Cpl22, Cpl01	Ler15	Loc05	Gga06	Xtr07
N0.HOG0005957	Cmi07	Cpl22	Ler15	Loc05, Loc01	Gga06	Xtr07
N0.HOG0005958	Cmi07	CplSca	Ler15	Loc05	Gga06	Xtr07
N0.HOG0005959	Cmi07	Cpl22	Ler15	Loc05	Gga06	Xtr07
N0.HOG0005960	Cmi07	Cpl22	Ler15	Loc05	Gga06	Xtr07
N0.HOG0005961	Cmi07	Cpl22	Ler15	Loc05	Gga06	Xtr07
N0.HOG0005962	Cmi07	Cpl22	Ler15	Loc05		Xtr07
N0.HOG0005963	Cmi07	Cpl22	Ler15	Loc05	Gga06	Xtr07
N0.HOG0005964	Cmi07	Cpl22	Ler15	Loc05	Gga06	Xtr07
N0.HOG0005965	Cmi07	Cpl22	Ler15			Xtr02
N0.HOG0005966	Cmi07	Cpl22	Ler15	Loc05	Gga06	Xtr07
N0.HOG0005967	Cmi07	Cpl22	Ler15	Loc05, Loc01	Gga06	Xtr07
N0.HOG0005968	Cmi07	Cpl22	Ler15	Loc05	Gga06	Xtr07
N0.HOG0005969	Cmi08	Cpl25	Ler25	Loc20	Gga15	Xtr01
N0.HOG0005970	Cmi08	Cpl25	Ler25	Loc20	Gga15	Xtr01
N0.HOG0005971	Cmi08	Cpl25	Ler25	Loc20	Gga15	Xtr01
N0.HOG0005972	Cmi08	Cpl25	Ler25	Loc20	Gga05, Gga15	Xtr07
N0.HOG0005973	Cmi08	Cpl25	Ler25	Loc20	Gga15	Xtr01
N0.HOG0005974	Cmi08	Cpl25	Ler25	Loc20, Loc22	Gga15	Xtr01
N0.HOG0005975	Cmi08	Cpl25	Ler08, Ler25	Loc20	Gga15	Xtr01
N0.HOG0005976	Cmi08	Cpl25	Ler25	Loc20	Gga15	Xtr01
N0.HOG0005977	Cmi08	Cpl25	Ler25	Loc20	Gga15	Xtr01
N0.HOG0005978	Cmi08	Cpl25	Ler25	Loc20	Gga15	Xtr01
N0.HOG0005979	Cmi08	Cpl25	Ler25	Loc20	Gga15	Xtr01
N0.HOG0005980	Cmi08	Cpl25	Ler25	Loc20, Loc05	Gga15	Xtr01
N0.HOG0005981	Cmi08	Cpl25	Ler25	Loc20	Gga15	Xtr01
N0.HOG0005982	Cmi08	Cpl25	Ler25	Loc20	Gga15	Xtr01
N0.HOG0005983	Cmi08	Cpl25	Ler25	Loc07	Gga05	Xtr08, Xtr04
N0.HOG0005984	Cmi08	Cpl23, Cpl25	Ler25	Loc20		
N0.HOG0005985	Cmi08	Cpl25	Ler25	Loc20	Gga15	Xtr01
N0.HOG0005986	Cmi08	Cpl25	Ler25	Loc20	Gga15	Xtr01
N0.HOG0005987	Cmi08	Cpl25	Ler25	Loc20	Gga15	Xtr01
N0.HOG0005988	Cmi08	Cpl25	Ler25	Loc20	Gga15	Xtr01
N0.HOG0005989	Cmi08	Cpl25	Ler25	Loc20, Loc14	Gga15	Xtr01
N0.HOG0005990	Cmi08	CplSca	Ler24	Loc01	Gga25	Xtr08
N0.HOG0005991	Cmi08	Cpl30, Cpl37	LerSca	Loc21	Gga17	Xtr08
N0.HOG0005992	Cmi08	Cpl30	Ler31	Loc21	Gga17	Xtr08
N0.HOG0005993	Cmi08	Cpl30	Ler31	Loc21		Xtr08
N0.HOG0005994	Cmi08	Cpl30, Cpl37	Ler31	Loc21	Gga17	Xtr08
N0.HOG0005995	Cmi08	Cpl30	Ler31	Loc21	Gga17	Xtr08
N0.HOG0005996	Cmi08	Cpl30	Ler31	Loc21	Gga17	Xtr08
N0.HOG0005997	Cmi08	Cpl30	Ler31	Loc21	Gga17	Xtr08
N0.HOG0005998		Cpl30		Loc21		Xtr08
N0.HOG0005999		Cpl30		Loc21		
N0.HOG0006000	Cmi08	Cpl30	Ler31, Ler19	Loc21	Gga17	Xtr08
N0.HOG0006001	Cmi08	Cpl30	Ler31	Loc21	Gga17	Xtr08
N0.HOG0006002	Cmi08	Cpl30	Ler31	Loc21	Gga17	Xtr08
N0.HOG0006003	Cmi08	Cpl30	Ler31	Loc21	Gga17	Xtr08
N0.HOG0006004	Cmi08	Cpl30	Ler31	Loc21	Gga17	Xtr08
N0.HOG0006005	Cmi08	Cpl30	Ler31	Loc21	Gga17	Xtr06, Xtr08
N0.HOG0006006	Cmi08	Cpl30	Ler31	Loc21	Gga17	Xtr06, Xtr08
N0.HOG0006007	Cmi08	Cpl03	Ler31	Loc21	Gga17	Xtr08
N0.HOG0006008	Cmi08	Cpl30	Ler31	Loc21	Gga17	Xtr08
N0.HOG0006009	Cmi08	Cpl30	Ler31	Loc21	Gga01, Gga17	Xtr08
N0.HOG0006010	Cmi08	Cpl30	Ler31	Loc21	Gga17	Xtr08
N0.HOG0006011	Cmi08	Cpl30	Ler31	Loc21	Gga17	Xtr08
N0.HOG0006012	Cmi08	Cpl30	Ler31	Loc21	Gga17	Xtr08
N0.HOG0006013	Cmi08	Cpl06, Cpl30	Ler31	Loc21	Gga17	Xtr08
N0.HOG0006014	Cmi08	Cpl30	Ler31	Loc21	Gga17	Xtr08
N0.HOG0006015	Cmi08	Cpl30	Ler31	Loc21	Gga17	Xtr08
N0.HOG0006016	Cmi08	Cpl30	Ler31	Loc21	Gga17	Xtr08
N0.HOG0006017	Cmi08	Cpl30	Ler31	Loc21	Gga17	Xtr08
N0.HOG0006018	Cmi08	Cpl01	Ler01	Loc04	Gga04	Xtr01
N0.HOG0006019	Cmi08	Cpl30	Ler31	Loc21	Gga17	Xtr08
N0.HOG0006020	Cmi09	Cpl10	Ler09	Loc07	Gga05	
N0.HOG0006021	Cmi09	Cpl10	Ler09	Loc07	Gga05	Xtr08
N0.HOG0006022	Cmi09	Cpl10	Ler09	Loc07	Gga05	Xtr08
N0.HOG0006023	Cmi09	Cpl10	Ler09	Loc07	Gga05	Xtr08
N0.HOG0006024	Cmi09	Cpl10	Ler09	Loc16, Loc07	Gga05	Xtr08
N0.HOG0006025	Cmi09	Cpl10	Ler09	Loc07	Gga05	Xtr08
N0.HOG0006026	Cmi09	Cpl10	Ler09	Loc07	Gga05	Xtr08
N0.HOG0006027	Cmi09	Cpl10	Ler09	Loc07	Gga05	Xtr08
N0.HOG0006028	Cmi09	Cpl10	Ler09	Loc07	Gga05	Xtr08
N0.HOG0006029	Cmi09	Cpl10	Ler09	Loc02, Loc07	Gga05	Xtr08
N0.HOG0006030	Cmi09	Cpl10	Ler09	Loc12	Gga05	Xtr08
N0.HOG0006031	Cmi09	Cpl10, Cpl45	Ler09	Loc07	Gga05	Xtr08
N0.HOG0006032	Cmi09	Cpl10	Ler09	Loc28, Loc07		Xtr04
N0.HOG0006033	Cmi09	Cpl10	Ler09	Loc07	Gga05	Xtr08
N0.HOG0006034	Cmi09	Cpl10	Ler09	Loc07	Gga05	Xtr08
N0.HOG0006035	Cmi09	Cpl10	Ler09	Loc07, Loc01	Gga05	Xtr08
N0.HOG0006036	Cmi09	Cpl10	Ler09	Loc07	Gga05	Xtr08, Xtr04
N0.HOG0006037	Cmi09	Cpl10	Ler09	Loc07	Gga05	Xtr07, Xtr08
N0.HOG0006038	Cmi09	Cpl10, Cpl45	Ler09	Loc07	Gga05	Xtr08
N0.HOG0006039	Cmi09	Cpl10	Ler09	Loc07	Gga05	Xtr08
N0.HOG0006040	Cmi09	Cpl10	Ler09	Loc07	Gga05	Xtr08
N0.HOG0006041	Cmi09	Cpl10	Ler09	Loc07	Gga05	Xtr08
N0.HOG0006042	Cmi09	Cpl10	Ler09	Loc07	Gga05	Xtr08
N0.HOG0006043	Cmi09	Cpl10, Cpl45	Ler09	Loc07	Gga05	Xtr08
N0.HOG0006044	Cmi09	Cpl10, Cpl41	Ler09	Loc07	Gga05	Xtr08
N0.HOG0006045	Cmi09	Cpl10	Ler01, Ler09, Ler06	Loc07	Gga05	
N0.HOG0006046	Cmi09	Cpl10	Ler09	Loc07	Gga05	Xtr08
N0.HOG0006047	Cmi09	Cpl10	Ler09	Loc07	Gga05	Xtr08
N0.HOG0006048	Cmi09	Cpl10	Ler09	Loc02, Loc07	Gga05	Xtr08
N0.HOG0006049		Cpl10	Ler09	Loc07		
N0.HOG0006050		Cpl41		Loc02		
N0.HOG0006051	Cmi09	Cpl10	Ler09	Loc02, Loc07	Gga05	Xtr08
N0.HOG0006052	Cmi09	Cpl10	Ler09	Loc02, Loc07	Gga05	Xtr08
N0.HOG0006053	Cmi09	Cpl10	Ler09	Loc07	Gga05	Xtr08
N0.HOG0006054	Cmi09	Cpl10	Ler09	Loc07	Gga05	Xtr08
N0.HOG0006055	Cmi09	Cpl10	Ler09	Loc07	Gga05	Xtr08
N0.HOG0006056	Cmi09	Cpl10	Ler09	Loc02, Loc07	Gga05	Xtr08
N0.HOG0006057	Cmi09	Cpl10	Ler15, Ler09	Loc07	Gga05	Xtr08
N0.HOG0006058	Cmi09	Cpl10	Ler09	Loc07	Gga05	Xtr08
N0.HOG0006059	Cmi09	Cpl10	Ler09	Loc07	Gga05	Xtr08, Xtr04
N0.HOG0006060	Cmi09	Cpl10	Ler09	LocSca	Gga05	Xtr08
N0.HOG0006061	Cmi09	Cpl10	Ler09	Loc07	Gga05	Xtr08
N0.HOG0006062	Cmi09	Cpl10	Ler09	Loc17, Loc07	Gga05	Xtr08
N0.HOG0006063	Cmi09	Cpl10	Ler09	Loc02, Loc07	Gga05	Xtr08
N0.HOG0006064	Cmi09	Cpl10	Ler09	Loc07	Gga05	Xtr08
N0.HOG0006065	Cmi09	Cpl10	Ler09	Loc07	Gga05	Xtr08
N0.HOG0006066	Cmi09	Cpl10	Ler09	Loc07	Gga05	Xtr08
N0.HOG0006067	Cmi09	Cpl10	Ler09	Loc07	Gga05	Xtr08
N0.HOG0006068	Cmi09	Cpl10	Ler09	Loc07	Gga05	Xtr08
N0.HOG0006069			Ler09	Loc07		
N0.HOG0006070	Cmi09		Ler09		Gga05	
N0.HOG0006071	Cmi09	Cpl41	Ler38	Loc02	Gga38	Xtr08
N0.HOG0006072	Cmi10	Cpl09	Ler08	Loc01	Gga03	Xtr05
N0.HOG0006073	Cmi10	Cpl28	Ler28	Loc22	Gga19	Xtr02
N0.HOG0006074	Cmi10	Cpl28	Ler28	Loc22	Gga19	Xtr02
N0.HOG0006075	Cmi10	Cpl28	Ler28	Loc22	Gga19	Xtr02, Xtr03
N0.HOG0006076	Cmi10	CplSca	Ler28	Loc22	Gga19	Xtr02
N0.HOG0006077	Cmi10	Cpl28	Ler28	Loc09, Loc22	Gga19	Xtr02
N0.HOG0006078	Cmi10	Cpl28	Ler28	Loc22	Gga19	Xtr02
N0.HOG0006079	Cmi10	Cpl28	Ler28	Loc22	Gga19	Xtr02
N0.HOG0006080	Cmi10	Cpl28	Ler28	Loc22	Gga19	Xtr02
N0.HOG0006081	Cmi10	Cpl28	Ler28	Loc22	Gga19	Xtr02
N0.HOG0006082	Cmi10	Cpl28	Ler28, Ler07	Loc22	Gga19	Xtr02
N0.HOG0006083	Cmi10	Cpl28	Ler28, Ler15	Loc22	Gga19	Xtr02
N0.HOG0006084	Cmi10	Cpl28	Ler28	Loc22	Gga19	Xtr02, Xtr09
N0.HOG0006085	Cmi10	Cpl28, Cpl35	Ler28	Loc22	Gga19	Xtr02
N0.HOG0006086	Cmi10	Cpl28	Ler28	Loc22	Gga19	Xtr02
N0.HOG0006087	Cmi10	Cpl28	Ler28	Loc09, Loc22	Gga19	Xtr02
N0.HOG0006088	Cmi10	Cpl28	Ler28	Loc22	Gga19	Xtr02
N0.HOG0006089	Cmi10	Cpl28	Ler28	Loc22	Gga19	Xtr02
N0.HOG0006090	Cmi10	Cpl28	Ler28	Loc22	Gga06, Gga19	Xtr02
N0.HOG0006091	Cmi10	Cpl28	Ler28	Loc20, Loc22	Gga19	Xtr02
N0.HOG0006092	Cmi10	Cpl10			Gga01	Xtr07
N0.HOG0006093	Cmi10	Cpl28	Ler28		Gga19	Xtr02
N0.HOG0006094	Cmi10	Cpl28	Ler28	Loc22	Gga19	Xtr02
N0.HOG0006095	Cmi10	Cpl28	Ler28	Loc22	Gga19	Xtr02, Xtr06
N0.HOG0006096		CplSca			Gga05	
N0.HOG0006097	Cmi10	Cpl28		Loc22	Gga19	Xtr02
N0.HOG0006098	Cmi10	Cpl28	Ler28	Loc22	Gga19	Xtr02
N0.HOG0006099	Cmi10	Cpl28	Ler28	Loc22, Loc02	Gga19	Xtr02
N0.HOG0006100	Cmi10	Cpl28	Ler28	Loc22	Gga19	Xtr02
N0.HOG0006101	Cmi10	Cpl26, Cpl28	Ler28	Loc22	Gga19	Xtr02
N0.HOG0006102	Cmi10	Cpl28	Ler28	Loc22	Gga19	Xtr02
N0.HOG0006103	Cmi10	Cpl29, Cpl25	Ler26, Ler25	Loc20	Gga23	
N0.HOG0006104	Cmi10	Cpl27	Ler26	Loc06, Loc01	Gga23	Xtr02
N0.HOG0006105	Cmi10	Cpl27	Ler26	Loc06	Gga23	Xtr02
N0.HOG0006106	Cmi10	Cpl27	Ler26	Loc06	Gga23	Xtr02
N0.HOG0006107	Cmi10	Cpl27	Ler26	Loc06	Gga23	Xtr02, Xtr05
N0.HOG0006108	Cmi10	Cpl27	Ler26	Loc06	Gga23	Xtr02
N0.HOG0006109	Cmi10	Cpl27	Ler26	Loc06	Gga23	Xtr02
N0.HOG0006110	Cmi10	Cpl27	Ler26	Loc06	Gga23	Xtr06
N0.HOG0006111	Cmi10	Cpl27	Ler26	Loc06, Loc01	Gga23	Xtr02
N0.HOG0006112	Cmi10	Cpl37	Ler26	Loc06	Gga23	Xtr02
N0.HOG0006113	Cmi10	Cpl27	Ler26	Loc06, Loc01	Gga23	
N0.HOG0006114	Cmi10	Cpl27	Ler03, Ler26	Loc06	Gga23	Xtr02
N0.HOG0006115	Cmi10	Cpl27	Ler26	Loc06	Gga23	Xtr02
N0.HOG0006116	Cmi10	Cpl27, Cpl09	Ler26	Loc06	Gga23	Xtr02
N0.HOG0006117	Cmi10	Cpl27	Ler26	Loc06, Loc01	Gga23	Xtr02
N0.HOG0006118	Cmi10	Cpl27	Ler26	Loc06, Loc01	Gga23	Xtr02
N0.HOG0006119	Cmi10	Cpl27	Ler26	Loc06	Gga23	Xtr02
N0.HOG0006120	Cmi11	Cpl13	Ler14	Loc14	Gga09	Xtr05
N0.HOG0006121	Cmi11	Cpl13	Ler14	Loc14	Gga09	Xtr05
N0.HOG0006122	Cmi11	Cpl13	Ler14	Loc14, Loc02	Gga09	Xtr05
N0.HOG0006123	Cmi11	Cpl13	Ler14	Loc14	Gga09	Xtr05
N0.HOG0006124	Cmi11	Cpl13	Ler14	Loc14, Loc17	Gga09	Xtr02
N0.HOG0006125	Cmi11	Cpl13	Ler14	Loc14	Gga09	Xtr05
N0.HOG0006126	Cmi11	Cpl13	Ler14		Gga09	Xtr03, Xtr05
N0.HOG0006127	Cmi11	Cpl13, Cpl48	Ler14	Loc14	Gga09	Xtr05
N0.HOG0006128	Cmi11	Cpl13	Ler14	Loc14, Loc25	Gga09	Xtr05
N0.HOG0006129	Cmi11	Cpl13	Ler14	Loc14	Gga09	Xtr05
N0.HOG0006130	Cmi11	Cpl13	Ler14	Loc14	Gga09	Xtr05
N0.HOG0006131	Cmi11	Cpl13, Cpl48	Ler14	Loc14	Gga09	Xtr05
N0.HOG0006132	Cmi11	Cpl13	Ler14	Loc14, Loc07	Gga09	Xtr05
N0.HOG0006133	Cmi11	Cpl13	Ler14	Loc14, Loc02	Gga09	Xtr05
N0.HOG0006134	Cmi11	Cpl13	Ler14	Loc14, Loc07	Gga09	Xtr05
N0.HOG0006135	Cmi11	Cpl13	Ler14	Loc14	Gga09	Xtr05
N0.HOG0006136	Cmi11	Cpl13	Ler14	Loc14	Gga09	Xtr05
N0.HOG0006137	Cmi11	Cpl13	Ler14		Gga09	Xtr05
N0.HOG0006138	Cmi11	Cpl13	Ler14	Loc14	Gga04, Gga09	Xtr05
N0.HOG0006139	Cmi11	Cpl13	Ler14	Loc14	Gga09	Xtr05
N0.HOG0006140	Cmi11	Cpl13	Ler14	Loc14	Gga09	Xtr05
N0.HOG0006141	Cmi11	Cpl13	Ler14	Loc14, Loc02	Gga09	Xtr05
N0.HOG0006142	Cmi11	Cpl13	Ler14	Loc14	Gga09	Xtr05
N0.HOG0006143	Cmi11	Cpl24, Cpl13	Ler14	Loc14	Gga09	Xtr05
N0.HOG0006144		Cpl43				Xtr03
N0.HOG0006145	Cmi11	Cpl13	Ler14	Loc14		Xtr05
N0.HOG0006146	Cmi11	Cpl13	Ler14	Loc14	Gga09	Xtr05
N0.HOG0006147	Cmi11	Cpl13	Ler14	Loc14	Gga09	Xtr05
N0.HOG0006148	Cmi11	Cpl13	Ler14	Loc14, Loc02	Gga09	Xtr05
N0.HOG0006149	Cmi11	Cpl13	Ler14, Ler30	Loc14	Gga09	Xtr05
N0.HOG0006150	Cmi11	Cpl13	Ler14	Loc14	Gga09	Xtr05
N0.HOG0006151	Cmi11	Cpl13	Ler14	Loc14	Gga09	Xtr05
N0.HOG0006152	Cmi11	Cpl13	Ler14	Loc14	Gga09	Xtr05
N0.HOG0006153	CmiSca			Loc02		
N0.HOG0006154	Cmi11	Cpl13	Ler14	Loc14	Gga09	
N0.HOG0006155	Cmi11	Cpl13	Ler14	Loc05		
N0.HOG0006156	Cmi11	Cpl13	Ler14	Loc14, Loc02	Gga09	Xtr05
N0.HOG0006157	Cmi11	Cpl13	Ler14	Loc14	Gga09	Xtr05
N0.HOG0006158	Cmi11	Cpl13, Cpl48		Loc14	Gga09	Xtr05
N0.HOG0006159	Cmi11	Cpl13		Loc14	Gga09	Xtr05
N0.HOG0006160	Cmi11	Cpl13	Ler14	Loc17	Gga09	Xtr02, Xtr05
N0.HOG0006161	Cmi11	Cpl13	Ler14	Loc14	Gga09	Xtr05
N0.HOG0006162	Cmi11	Cpl48	LerSca	Loc14, Loc02	Gga09	Xtr05
N0.HOG0006163	Cmi18, Cmi11	Cpl35	Ler21	Loc18	Gga20	Xtr10
N0.HOG0006164	Cmi12	Cpl18	Ler16	Loc21	Gga17	Xtr08
N0.HOG0006165	Cmi12	Cpl18	Ler16	Loc05, Loc01	Gga12	Xtr04
N0.HOG0006166	Cmi12		Ler16	Loc05	Gga12	Xtr04
N0.HOG0006167	Cmi12	Cpl18	Ler16	Loc05	Gga12	Xtr04
N0.HOG0006168	Cmi12	Cpl39, Cpl18	Ler16	Loc05	Gga12	Xtr04
N0.HOG0006169	Cmi12	Cpl18	Ler16	Loc05, Loc01	Gga12	Xtr04
N0.HOG0006170	Cmi12	Cpl12, Cpl18	Ler16	Loc05	Gga12	Xtr04
N0.HOG0006171	Cmi12	Cpl18	Ler16	Loc05, Loc01	Gga12	Xtr04
N0.HOG0006172	Cmi12	CplSca	Ler16	Loc05	Gga12	Xtr04
N0.HOG0006173	Cmi12	Cpl18	Ler16	Loc05, Loc01	Gga12	Xtr04
N0.HOG0006174	Cmi12	Cpl18	Ler16	Loc05	Gga12	Xtr04
N0.HOG0006175	Cmi12	Cpl18	Ler16	Loc05	Gga12	Xtr04
N0.HOG0006176	Cmi12	Cpl18	Ler16	Loc05, Loc01	Gga12	Xtr04
N0.HOG0006177	Cmi12	Cpl18	Ler16	Loc05, Loc01	Gga12	Xtr04
N0.HOG0006178	Cmi12	Cpl18	Ler16	Loc05, Loc01	Gga12	Xtr04
N0.HOG0006179	Cmi12	Cpl18	Ler01, Ler16	Loc05	Gga12	Xtr04
N0.HOG0006180		Cpl23		Loc08		Xtr04
N0.HOG0006181	Cmi12	Cpl45	Ler16	Loc05		
N0.HOG0006182	Cmi12	Cpl18	Ler16	Loc05, Loc07	Gga12	Xtr04
N0.HOG0006183	Cmi12	Cpl18	Ler16	Loc05	Gga12	Xtr04
N0.HOG0006184	Cmi12	Cpl02, Cpl18	Ler16	Loc05	GgaZ	Xtr01
N0.HOG0006185	Cmi13	Cpl14	Ler11, Ler01	Loc04	Gga04	Xtr01
N0.HOG0006186	Cmi13	Cpl14	Ler11	Loc06	Gga13	Xtr03
N0.HOG0006187	Cmi13	Cpl14	Ler11	Loc06	Gga13	Xtr03
N0.HOG0006188	Cmi25, Cmi13	Cpl35	Ler11, Ler32	Loc06	Gga13	
N0.HOG0006189	Cmi13	Cpl14	Ler11, Ler01	Loc06	Gga13	
N0.HOG0006190	Cmi13	Cpl14	Ler11	Loc06	Gga13	Xtr03
N0.HOG0006191	Cmi13	Cpl14	Ler11	Loc06	Gga13	Xtr03
N0.HOG0006192	Cmi13	Cpl14	Ler11	Loc06	Gga13	Xtr03
N0.HOG0006193	Cmi13	Cpl14	Ler11	Loc06	Gga13	Xtr03
N0.HOG0006194	Cmi13	Cpl01, Cpl14	Ler01	Loc04	Gga04	Xtr01
N0.HOG0006195	Cmi13	Cpl01, Cpl14	Ler11	Loc06	Gga13	Xtr03
N0.HOG0006196	Cmi13	Cpl14	Ler11	Loc06	Gga13	Xtr03
N0.HOG0006197	Cmi13	Cpl14	Ler11	Loc06	Gga13	Xtr03
N0.HOG0006198	Cmi13	Cpl14	Ler11	Loc06	Gga13	Xtr03
N0.HOG0006199	Cmi13	Cpl30	Ler31	Loc06	Gga13	Xtr03
N0.HOG0006200	Cmi13	Cpl01, Cpl14	Ler11	Loc04	Gga04	Xtr01
N0.HOG0006201	Cmi13		Ler11			
N0.HOG0006202	Cmi13	Cpl14	Ler11	Loc06	Gga13	Xtr03
N0.HOG0006203	Cmi13	Cpl14	Ler11	Loc06	Gga13	Xtr03
N0.HOG0006204	Cmi13	Cpl14	Ler11	Loc06	Gga13	Xtr06
N0.HOG0006205	Cmi14	Cpl17, Cpl04	Ler50	Loc23	Gga11	Xtr04
N0.HOG0006206	Cmi14	Cpl17	Ler50	Loc23	Gga11	Xtr04
N0.HOG0006207	Cmi14	Cpl17	Ler17	Loc23	Gga11	Xtr04
N0.HOG0006208	Cmi14	Cpl17	Ler17	Loc23	Gga11	Xtr04, Xtr05
N0.HOG0006209	Cmi14	Cpl17	Ler17	Loc23	Gga11	Xtr04
N0.HOG0006210	Cmi14	Cpl17	Ler17	Loc23	Gga11	Xtr04
N0.HOG0006211	Cmi14	Cpl17	Ler17	Loc23	Gga11	Xtr04
N0.HOG0006212	Cmi14	Cpl17	Ler17	Loc23	Gga11	Xtr04
N0.HOG0006213	Cmi14	Cpl17	Ler17	Loc23	Gga11	Xtr04
N0.HOG0006214	Cmi14	Cpl17	Ler17	Loc09, Loc23	Gga11	Xtr04
N0.HOG0006215	Cmi14	Cpl17	Ler17	Loc23	Gga11	Xtr04
N0.HOG0006216	Cmi14	Cpl17	Ler17	Loc23	Gga11	Xtr04
N0.HOG0006217	Cmi14	Cpl17	Ler17	Loc23, Loc18	Gga11	Xtr04
N0.HOG0006218	Cmi14	Cpl17	Ler17	Loc23	Gga11	Xtr04
N0.HOG0006219	Cmi14	Cpl17	Ler04, Ler17	LocSca	Gga11	Xtr04
N0.HOG0006220	Cmi14	Cpl17	Ler01, Ler17	Loc23	Gga11	Xtr04
N0.HOG0006221	Cmi14	Cpl17	Ler17	Loc23	Gga11	Xtr04
N0.HOG0006222	Cmi14	Cpl17	Ler17	Loc23	Gga11	Xtr04
N0.HOG0006223	Cmi14	Cpl17	Ler17	Loc23	Gga11	Xtr04
N0.HOG0006224	Cmi14	Cpl17	Ler17	Loc23	Gga11	Xtr04
N0.HOG0006225	Cmi14	Cpl17	Ler17	Loc23	Gga11	Xtr04
N0.HOG0006226	Cmi14	Cpl17	Ler17	Loc23	Gga11	Xtr06, Xtr01
N0.HOG0006227	Cmi14	Cpl17	Ler17	Loc28, Loc23	Gga11	Xtr04
N0.HOG0006228	Cmi14	Cpl17	Ler17	Loc23	Gga11	Xtr04
N0.HOG0006229	Cmi14	Cpl17	Ler17	Loc23	Gga11	Xtr04
N0.HOG0006230	Cmi14	Cpl17	Ler17			Xtr01, Xtr08
N0.HOG0006231	Cmi14	Cpl17	Ler17	Loc23	Gga11	Xtr04
N0.HOG0006232	Cmi14	Cpl17	Ler17	Loc23	Gga11	Xtr04
N0.HOG0006233	Cmi14	Cpl17	Ler17	Loc23	Gga11	Xtr04
N0.HOG0006234	Cmi14	Cpl17	Ler17	Loc23	Gga11	Xtr01, Xtr04
N0.HOG0006235	Cmi14	Cpl17	Ler17	Loc23	Gga11	Xtr04
N0.HOG0006236	Cmi14	Cpl17	Ler17	Loc23	Gga11	Xtr04
N0.HOG0006237	Cmi14	Cpl17	Ler17	Loc23	Gga11	Xtr04
N0.HOG0006238	Cmi14	Cpl17	Ler17	Loc23	Gga11	Xtr04
N0.HOG0006239	Cmi14	Cpl17, Cpl04	Ler17	Loc23	Gga11	Xtr04
N0.HOG0006240	Cmi15	Cpl15	Ler51, Ler12	Loc07	Gga04	Xtr08
N0.HOG0006241	Cmi15	Cpl15	Ler12	Loc07	Gga04	Xtr08
N0.HOG0006242	Cmi15	Cpl15	Ler13, Ler12	Loc07	Gga04	Xtr08
N0.HOG0006243	Cmi15	Cpl15	Ler12	Loc07	Gga04	Xtr08
N0.HOG0006244	Cmi15	Cpl15	Ler12	Loc01, Loc07	Gga04	Xtr08
N0.HOG0006245	Cmi15	Cpl24	Ler12	Loc07	Gga04	Xtr08
N0.HOG0006246	Cmi15	Cpl15	Ler12	Loc07	Gga04	Xtr07, Xtr08
N0.HOG0006247	Cmi15	Cpl15	Ler12, Ler14	Loc07	Gga04	Xtr08
N0.HOG0006248	Cmi15	Cpl15	Ler04, Ler12	Loc07	Gga04	Xtr08
N0.HOG0006249	Cmi15	Cpl15	Ler12	Loc03, Loc07	Gga04	Xtr08
N0.HOG0006250	Cmi15	Cpl15	Ler12	Loc07	Gga04	Xtr08
N0.HOG0006251	Cmi15	Cpl31, Cpl15	Ler12	Loc07	Gga04	Xtr03
N0.HOG0006252	Cmi16	Cpl21	Ler20	Loc13	Gga14	Xtr09
N0.HOG0006253	Cmi16	Cpl21	Ler08, Ler20	Loc13	Gga14	Xtr09
N0.HOG0006254	Cmi16	Cpl21	Ler20	Loc13	Gga14	Xtr09
N0.HOG0006255	Cmi16	Cpl21	Ler20	Loc13	Gga14	Xtr09
N0.HOG0006256	Cmi16	Cpl21	Ler20	Loc13	Gga14	Xtr09
N0.HOG0006257	Cmi16	Cpl21	Ler20	Loc06	Gga13	Xtr03
N0.HOG0006258	Cmi16	Cpl21	Ler20	Loc13	Gga14	Xtr09
N0.HOG0006259	Cmi16	Cpl21	Ler20	Loc12, Loc13	Gga14	Xtr09
N0.HOG0006260	Cmi16	Cpl21	Ler20	Loc13	Gga14	Xtr09
N0.HOG0006261	Cmi16	Cpl21	Ler20	Loc12, Loc13	Gga14	Xtr09
N0.HOG0006262	Cmi16	Cpl21	Ler20	Loc13	Gga14	Xtr09, Xtr04
N0.HOG0006263	Cmi16	Cpl21	Ler20	Loc13	Gga14	Xtr09
N0.HOG0006264	Cmi31, Cmi16	Cpl39	Ler37	Loc12	Gga01	Xtr04
N0.HOG0006265	Cmi16	Cpl21	Ler20	Loc11, Loc13	Gga14	Xtr09
N0.HOG0006266	Cmi16	Cpl21	Ler20	Loc13	Gga14	Xtr09
N0.HOG0006267	Cmi16	Cpl21	Ler20	Loc13	Gga14	Xtr09
N0.HOG0006268	Cmi16	Cpl21	Ler20	Loc12, Loc13	Gga14	Xtr09
N0.HOG0006269	Cmi16	Cpl21	Ler20	Loc13, Loc01	Gga01	Xtr04
N0.HOG0006270	Cmi16	Cpl21, Cpl39	Ler20	Loc13	Gga14	Xtr09
N0.HOG0006271	Cmi16	Cpl21	Ler20	Loc13	Gga14	Xtr09
N0.HOG0006272	Cmi16	Cpl21	Ler20	Loc13	Gga14	Xtr09
N0.HOG0006273	Cmi16	Cpl21	Ler20	Loc28, Loc13	Gga14	Xtr09
N0.HOG0006274	Cmi16	Cpl21	Ler20	Loc13	Gga14	Xtr09
N0.HOG0006275	Cmi16	Cpl21	Ler20	Loc10, Loc13	Gga14	Xtr09
N0.HOG0006276	Cmi16	Cpl21	Ler20	Loc13	Gga14	Xtr09
N0.HOG0006277	Cmi16	Cpl21	Ler20	Loc13	Gga14	Xtr09
N0.HOG0006278	Cmi16	Cpl21	Ler20	Loc10, Loc13	Gga18	Xtr10
N0.HOG0006279	Cmi16	Cpl21	Ler20	Loc10, Loc13	Gga18	Xtr10
N0.HOG0006280	Cmi20			Loc10		
N0.HOG0006281	Cmi16	Cpl21	Ler20	Loc13		Xtr09
N0.HOG0006282	Cmi16	Cpl21	Ler20	Loc10, Loc13	Gga14	Xtr09
N0.HOG0006283	Cmi16	Cpl21	Ler09, Ler20	Loc13	Gga14	Xtr09
N0.HOG0006284	Cmi16	Cpl21	Ler20	Loc13	Gga14	Xtr06, Xtr09
N0.HOG0006285	Cmi16	Cpl21	Ler20	Loc13		
N0.HOG0006286	Cmi16	Cpl21	Ler20	Loc10, Loc13	Gga14	Xtr09
N0.HOG0006287	Cmi17	Cpl16	Ler18	Loc27	Gga05	Xtr04
N0.HOG0006288	Cmi17	Cpl16	Ler18	Loc27	Gga05	Xtr04
N0.HOG0006289	Cmi17	Cpl16	Ler18	Loc27	Gga05	Xtr04
N0.HOG0006290		Cpl16	Ler18	Loc27		
N0.HOG0006291		Cpl39				Xtr07
N0.HOG0006292	Cmi17	Cpl16	Ler18	Loc06	Gga05	Xtr04
N0.HOG0006293	Cmi17	Cpl16	Ler18	Loc04	Gga05	Xtr04
N0.HOG0006294	Cmi17	Cpl16	Ler18	Loc27	Gga05	Xtr04
N0.HOG0006295	Cmi17	Cpl16	Ler18	Loc27	Gga05	Xtr04
N0.HOG0006296	Cmi17	Cpl16	Ler18	LocSca	Gga05	Xtr04
N0.HOG0006297	Cmi17	Cpl39, Cpl16	Ler18	Loc27	Gga05	Xtr04
N0.HOG0006298	Cmi17					
N0.HOG0006299	Cmi17	Cpl39	Ler18	Loc27	Gga05	Xtr04
N0.HOG0006300	Cmi17	Cpl16	Ler18	Loc08, Loc27	Gga05	Xtr04
N0.HOG0006301	Cmi17	Cpl16	Ler18	Loc08, Loc27	Gga05	Xtr04
N0.HOG0006302	Cmi17	Cpl16	Ler18	Loc27	Gga05	Xtr04
N0.HOG0006303	Cmi17	Cpl16	Ler18	Loc27	Gga05	Xtr04
N0.HOG0006304	Cmi17	Cpl16		Loc24		
N0.HOG0006305	CmiSca	Cpl47		LocSca		
N0.HOG0006306	Cmi17	Cpl39, Cpl16	Ler18	Loc27	Gga05	Xtr04
N0.HOG0006307	Cmi17	Cpl16	Ler18	Loc27	Gga05	Xtr04
N0.HOG0006308	Cmi17	Cpl16	Ler18	Loc27	Gga05	Xtr04
N0.HOG0006309	Cmi17	Cpl16	Ler18	Loc27	Gga05	Xtr04
N0.HOG0006310	Cmi17	Cpl16	Ler18	Loc27	Gga05	Xtr04
N0.HOG0006311	Cmi17	Cpl16	Ler18	Loc27	Gga05	
N0.HOG0006312	Cmi18	CplSca	Ler24	Loc28	Gga25	Xtr08
N0.HOG0006313	Cmi18	Cpl20	Ler21	Loc18	Gga20	Xtr10
N0.HOG0006314	Cmi18	Cpl05, Cpl20	Ler21	Loc17	Gga01	Xtr02
N0.HOG0006315	Cmi18	Cpl17, Cpl20	Ler21	Loc18	Gga20	Xtr10
N0.HOG0006316	Cmi18	Cpl20	Ler21	Loc18	Gga20	Xtr10
N0.HOG0006317	Cmi18	Cpl20	Ler21	Loc11, Loc18	Gga20	Xtr10
N0.HOG0006318	Cmi18	Cpl20	Ler21	Loc18	Gga20	Xtr10
N0.HOG0006319	Cmi18	Cpl20	Ler21	Loc18	Gga20	Xtr10
N0.HOG0006320	Cmi18	Cpl20	Ler25, Ler21	Loc18	Gga20	Xtr10
N0.HOG0006321	Cmi18	Cpl20	Ler21	Loc18	Gga20	Xtr10
N0.HOG0006322	Cmi18	Cpl20	Ler21	Loc18	Gga20	Xtr10
N0.HOG0006323	Cmi18	Cpl20	Ler21	Loc18	Gga20	Xtr10
N0.HOG0006324	Cmi18	Cpl20	Ler21	Loc18	Gga02	Xtr10
N0.HOG0006325	Cmi18	Cpl20	Ler21	Loc18	Gga20	Xtr10
N0.HOG0006326	Cmi18	Cpl20	Ler21	Loc18	Gga20	Xtr10
N0.HOG0006327	Cmi18	Cpl20	Ler21	Loc18	Gga20	Xtr10
N0.HOG0006328	Cmi18	Cpl20	Ler21	Loc18	Gga20	Xtr10
N0.HOG0006329	Cmi19	Cpl26	Ler24	Loc03	Gga26	Xtr02
N0.HOG0006330	Cmi19	Cpl26	Ler24	Loc03, Loc01	Gga26	Xtr02
N0.HOG0006331	Cmi19	Cpl26	Ler24	Loc03	Gga26	Xtr02
N0.HOG0006332	Cmi19	Cpl28, Cpl18	Ler24, Ler16	Loc03	Gga26	
N0.HOG0006333	Cmi19	Cpl26	Ler24	Loc03	Gga26	Xtr10
N0.HOG0006334	Cmi19	Cpl26, Cpl16	Ler24	LocSca	Gga26	Xtr02
N0.HOG0006335	Cmi19	Cpl26	Ler24	Loc03	Gga26	Xtr02
N0.HOG0006336	Cmi19	Cpl26	Ler24, Ler22	Loc03	Gga26	Xtr02
N0.HOG0006337	Cmi19	Cpl26	Ler24	Loc03	Gga26	Xtr02
N0.HOG0006338	Cmi19		Ler02, Ler03, Ler22, Ler04, Ler24			
N0.HOG0006339	Cmi19	Cpl26	Ler24	Loc05	Gga12, Gga26	Xtr04
N0.HOG0006340	Cmi19	Cpl26	Ler24	Loc03	Gga26	Xtr02
N0.HOG0006341	Cmi19	CplSca	Ler24	Loc03		
N0.HOG0006342	Cmi19	Cpl26, Cpl03	Ler24, Ler05	Loc03	Gga26	
N0.HOG0006343	Cmi19	Cpl26	Ler24	Loc03, Loc08	Gga26	Xtr02
N0.HOG0006344	Cmi19	CplSca			Gga16	Xtr07
N0.HOG0006345	Cmi19	Cpl26	Ler24	Loc03	Gga26	Xtr02
N0.HOG0006346	Cmi19	Cpl26	Ler24	Loc03	Gga26	
N0.HOG0006347	Cmi20	Cpl24	Ler23	Loc10	Gga18	Xtr10
N0.HOG0006348	Cmi20	Cpl24	Ler23	Loc10	Gga18	Xtr10, Xtr07
N0.HOG0006349	Cmi20	Cpl24	Ler23	Loc10	Gga18	Xtr10
N0.HOG0006350	Cmi20	Cpl24	Ler23	Loc10	Gga18	Xtr10
N0.HOG0006351	Cmi20	Cpl24	Ler23	Loc10	Gga18	Xtr10
N0.HOG0006352	Cmi20	Cpl24	Ler23	Loc10	Gga18	Xtr10, Xtr07
N0.HOG0006353	Cmi20	Cpl24	Ler23	Loc10	Gga18	Xtr10
N0.HOG0006354	Cmi20	Cpl24	Ler23, Ler12	Loc10	Gga18	Xtr10
N0.HOG0006355	Cmi20	Cpl24	Ler23	Loc10	Gga18	Xtr10, Xtr07
N0.HOG0006356	Cmi20	Cpl24	Ler23	Loc12, Loc10	Gga18	Xtr10
N0.HOG0006357	Cmi20	Cpl24	Ler23	Loc10	Gga18	Xtr10
N0.HOG0006358	Cmi20	Cpl24	Ler23	Loc10	Gga18	Xtr10
N0.HOG0006359	Cmi20	Cpl24	Ler23	Loc10	Gga18	Xtr10
N0.HOG0006360	Cmi20	Cpl24	Ler23	Loc10	Gga18	Xtr10
N0.HOG0006361	Cmi20	Cpl24		Loc10	Gga18	Xtr10
N0.HOG0006362	Cmi20	Cpl24	Ler23	Loc10	Gga18	Xtr10, Xtr01
N0.HOG0006363	Cmi20	Cpl24	Ler23	Loc12, Loc10	Gga18	Xtr10
N0.HOG0006364	Cmi20	Cpl24	Ler23	Loc10	Gga18	Xtr10
N0.HOG0006365	Cmi20	Cpl24	Ler23	Loc10, Loc13	Gga18	Xtr10
N0.HOG0006366	Cmi20	Cpl24	Ler23	Loc10, Loc13	Gga18	Xtr10
N0.HOG0006367	Cmi20	Cpl24	Ler23	Loc10	Gga18	Xtr10
N0.HOG0006368	Cmi20	Cpl24, Cpl35		Loc10	Gga18	Xtr10
N0.HOG0006369	Cmi21	Cpl31	Ler29	Loc02, Loc19	Gga28	Xtr01
N0.HOG0006370	Cmi21	Cpl31	Ler29	Loc02, Loc19	Gga28	Xtr01
N0.HOG0006371	Cmi21	Cpl31	Ler29	Loc06, Loc19	Gga28	Xtr01
N0.HOG0006372	Cmi21	Cpl31	Ler29	Loc10, Loc19	Gga28	Xtr01
N0.HOG0006373	Cmi21	Cpl31	Ler29	Loc19	Gga28	Xtr01
N0.HOG0006374	Cmi21	Cpl31	Ler29	Loc06	Gga13	Xtr03
N0.HOG0006375	Cmi21	Cpl31	Ler29	Loc02, Loc19	Gga28	Xtr01
N0.HOG0006376	Cmi21	Cpl31	Ler29	Loc19	Gga28	Xtr01
N0.HOG0006377	Cmi21	Cpl31	Ler29	Loc19	Gga28	Xtr01
N0.HOG0006378	Cmi21	Cpl43, Cpl31	Ler29	Loc19	Gga28	Xtr01
N0.HOG0006379	Cmi21	Cpl31	Ler29	LocSca	Gga28	Xtr01
N0.HOG0006380	Cmi21	Cpl31	Ler29	Loc19	Gga28	Xtr01
N0.HOG0006381	Cmi21	Cpl31	Ler29	Loc19	Gga28	Xtr01
N0.HOG0006382	Cmi21	Cpl31	Ler29	Loc19	Gga28	Xtr01
N0.HOG0006383	Cmi22	Cpl36	Ler33	Loc02	Gga01	Xtr03
N0.HOG0006384	Cmi22	Cpl36	Ler33	Loc03	Gga10	Xtr03
N0.HOG0006385	Cmi22	Cpl36	Ler33	Loc03	Gga10	Xtr03
N0.HOG0006386	Cmi22	Cpl32	Ler33	Loc03	Gga10	Xtr03
N0.HOG0006387	Cmi26, Cmi22	Cpl32	Ler33	Loc03	Gga10	Xtr03
N0.HOG0006388	Cmi22	Cpl40	Ler36	Loc03	Gga10	Xtr03
N0.HOG0006389	Cmi22	Cpl40	Ler36	Loc03	Gga10	Xtr03
N0.HOG0006390		Cpl40	Ler36			
N0.HOG0006391	Cmi22			Loc03		Xtr03
N0.HOG0006392	Cmi22			Loc03		
N0.HOG0006393	Cmi22	Cpl40	Ler36, Ler27	Loc03	Gga10	Xtr03
N0.HOG0006394	Cmi22	Cpl40	Ler36	Loc03, Loc24	Gga10	Xtr08
N0.HOG0006395	Cmi22	Cpl40	Ler36	Loc03	Gga10	Xtr03
N0.HOG0006396	Cmi22	Cpl40	Ler36	Loc24	Gga25	Xtr08
N0.HOG0006397	Cmi23	Cpl33	Ler27	Loc15	Gga27	Xtr10
N0.HOG0006398	Cmi23	Cpl33, Cpl05	Ler27, Ler02	Loc09		Xtr06
N0.HOG0006399	Cmi23	Cpl33	Ler27	Loc15, Loc02	Gga27	Xtr10
N0.HOG0006400	Cmi23	Cpl33	Ler27	Loc15	Gga27	Xtr10
N0.HOG0006401		Cpl31		Loc15		Xtr10
N0.HOG0006402			Ler27			Xtr10
N0.HOG0006403	Cmi23	Cpl33	Ler27, Ler05	Loc15	Gga27	Xtr10
N0.HOG0006404	Cmi23	Cpl33	Ler27	Loc15	Gga27	Xtr10
N0.HOG0006405	Cmi23	Cpl33	Ler27	Loc15	Gga27	Xtr10
N0.HOG0006406	Cmi23	Cpl33	Ler27	Loc11, Loc15	Gga27	Xtr10
N0.HOG0006407	Cmi23	Cpl33	Ler27	Loc15	Gga27	Xtr10
N0.HOG0006408	Cmi23	Cpl33	Ler27	Loc15	Gga27	Xtr10
N0.HOG0006409	Cmi23	Cpl33	Ler27	Loc15	Gga27	Xtr10
N0.HOG0006410	Cmi24	Cpl34	Ler30	Loc25	Gga01	Xtr07
N0.HOG0006411	Cmi24	Cpl34	Ler30	Loc25	Gga01	Xtr07
N0.HOG0006412	Cmi24	Cpl34	Ler30	Loc26, Loc25	Gga21	Xtr07
N0.HOG0006413	Cmi24	Cpl34	Ler30	Loc26, Loc25	Gga21	Xtr07
N0.HOG0006414	Cmi24	Cpl34	Ler30	Loc25	Gga21	Xtr07
N0.HOG0006415	Cmi24	Cpl34	Ler31, Ler30	Loc25	Gga21	Xtr07
N0.HOG0006416	Cmi24	Cpl34	Ler30	Loc25	Gga21	Xtr07
N0.HOG0006417	Cmi24	Cpl34	Ler30	Loc25	Gga21	Xtr07
N0.HOG0006418	Cmi24	Cpl34	Ler30	Loc25	Gga21	Xtr07
N0.HOG0006419	Cmi24	Cpl34	Ler30	Loc25	Gga21	Xtr07
N0.HOG0006420	Cmi24	Cpl34	Ler30	Loc26, Loc25	Gga21	Xtr07
N0.HOG0006421	Cmi24	Cpl13	Ler14	Loc14, Loc25	Gga09	Xtr05
N0.HOG0006422	Cmi24	Cpl04	Ler10, Ler30	Loc01		Xtr08
N0.HOG0006423	Cmi24	Cpl34	Ler30	Loc25	Gga21	Xtr05
N0.HOG0006424	Cmi24	Cpl34	Ler30	Loc25	Gga21	Xtr07
N0.HOG0006425	Cmi24	Cpl34	Ler30	Loc25	Gga21, Gga01	Xtr07
N0.HOG0006426	Cmi24		Ler30	Loc25	Gga21	Xtr07
N0.HOG0006427	Cmi24	Cpl34	Ler12, Ler30	Loc25	Gga21	Xtr07
N0.HOG0006428	Cmi24	Cpl34	Ler30	Loc25	Gga21	Xtr07
N0.HOG0006429	Cmi24	Cpl34	Ler30	Loc02, Loc25	Gga21	Xtr07
N0.HOG0006430	Cmi25	Cpl35	Ler32	Loc26	Gga24	Xtr07
N0.HOG0006431	Cmi25	Cpl35	Ler32	Loc26	Gga24	Xtr07
N0.HOG0006432	Cmi25	Cpl35	Ler32	Loc26	Gga24	Xtr07
N0.HOG0006433	Cmi25	Cpl35	Ler32	Loc26	Gga24	Xtr07
N0.HOG0006434	Cmi25	Cpl35	Ler32	Loc26	Gga24	Xtr07
N0.HOG0006435	Cmi25	Cpl35	Ler38, Ler32	Loc26	Gga24	Xtr07
N0.HOG0006436	Cmi25	Cpl35	Ler32	Loc26	Gga24	Xtr07
N0.HOG0006437	Cmi25	Cpl35	Ler32	Loc24, Loc26	Gga24	Xtr07
N0.HOG0006438	Cmi25	Cpl35	Ler32	Loc24	Gga24	Xtr07
N0.HOG0006439	Cmi25	Cpl35	Ler32	Loc26	Gga24	Xtr07
N0.HOG0006440	Cmi25	Cpl35	Ler32	Loc26	Gga24	Xtr07
N0.HOG0006441	Cmi25	Cpl35	Ler32	Loc26	Gga24	Xtr07
N0.HOG0006442	Cmi25	Cpl35	Ler32	Loc26, Loc01	Gga24	Xtr07
N0.HOG0006443	Cmi25	Cpl35	Ler32	Loc26	Gga24	Xtr07
N0.HOG0006444	Cmi25	Cpl35	Ler32	Loc26	Gga24	Xtr07
N0.HOG0006445	Cmi25	Cpl35	Ler32	Loc26	Gga24	Xtr07
N0.HOG0006446	Cmi25	Cpl35	Ler32	Loc26	Gga24	Xtr07
N0.HOG0006447	Cmi25	Cpl35	Ler32	Loc26	Gga24	Xtr07
N0.HOG0006448	Cmi25	Cpl35	Ler32	Loc24, Loc26	Gga24	Xtr07
N0.HOG0006449	Cmi25	Cpl35	Ler32	Loc26	Gga24	Xtr07
N0.HOG0006450	Cmi25	Cpl37, Cpl35	Ler32	Loc26	Gga24	Xtr07
N0.HOG0006451	Cmi25	Cpl35	Ler32	Loc26	Gga01, Gga24	Xtr07
N0.HOG0006452	Cmi25	Cpl35	Ler32	Loc26	Gga24	Xtr07
N0.HOG0006453	Cmi25	Cpl35	Ler32	Loc26	Gga24	Xtr07
N0.HOG0006454	Cmi25	Cpl36	Ler32	Loc24, Loc26	Gga24	Xtr07
N0.HOG0006455	Cmi25	Cpl36	Ler32	Loc24, Loc26	Gga24	Xtr07
N0.HOG0006456	Cmi25	Cpl35	Ler32	Loc26	Gga24	Xtr07
N0.HOG0006457	Cmi25	Cpl35	Ler32	Loc26	Gga24	Xtr07
N0.HOG0006458	Cmi25	Cpl35	Ler32	Loc24, Loc26	Gga24	Xtr07
N0.HOG0006459	Cmi26	Cpl36	Ler33	Loc03	Gga10	Xtr03
N0.HOG0006460	Cmi26	Cpl36	Ler33	Loc03	Gga10	Xtr02, Xtr03
N0.HOG0006461	Cmi26	Cpl36	Ler33	Loc03, Loc24	Gga10	Xtr03
N0.HOG0006462	Cmi26	Cpl36	Ler33	Loc03, Loc19	Gga10	Xtr03
N0.HOG0006463	Cmi26	Cpl36	Ler33	Loc03	Gga10	Xtr03
N0.HOG0006464	Cmi26	Cpl36	Ler33	Loc03	Gga10	Xtr03
N0.HOG0006465	Cmi26	Cpl36	Ler33	Loc03	Gga10	Xtr03
N0.HOG0006466	Cmi26	Cpl36	Ler33	Loc03, Loc24	Gga10	Xtr03
N0.HOG0006467	Cmi26	Cpl40	Ler36	Loc03, Loc24	Gga10	Xtr03
N0.HOG0006468	Cmi26	Cpl40	Ler36	Loc03	Gga10	Xtr03
N0.HOG0006469	Cmi26	Cpl40	Ler36	Loc03	Gga10	Xtr03
N0.HOG0006470	Cmi26	Cpl40	Ler36	Loc03	Gga10	Xtr03
N0.HOG0006471	Cmi27	Cpl43	Ler40	Loc04	Gga34, Gga02	Xtr02
N0.HOG0006472	Cmi27	CplSca	LerSca	Loc04	Gga34	Xtr02
N0.HOG0006473	Cmi27	Cpl42	Ler40	Loc04	Gga34, Gga02	Xtr02
N0.HOG0006474	Cmi27	Cpl35	Ler32	Loc04	Gga34	Xtr02
N0.HOG0006475	Cmi27	Cpl43	Ler40	Loc04		Xtr02
N0.HOG0006476	Cmi27	Cpl37	Ler42		Gga25	
N0.HOG0006477	Cmi28	Cpl42, Cpl14	Ler35	Loc01	Gga22	Xtr03
N0.HOG0006478	Cmi28	Cpl42	Ler35	Loc01	Gga22	Xtr03
N0.HOG0006479	Cmi28	Cpl42	Ler35	Loc01	Gga22	Xtr03
N0.HOG0006480	Cmi28	Cpl42	Ler35	Loc01	Gga22	
N0.HOG0006481	Cmi28	Cpl42	Ler35	Loc01	Gga22	Xtr03
N0.HOG0006482	Cmi28	Cpl42, Cpl14	Ler35	Loc01	Gga22	Xtr03
N0.HOG0006483	Cmi28	Cpl42	Ler35	Loc01	Gga22	Xtr03
N0.HOG0006484	Cmi28	Cpl42	Ler35	Loc05, Loc01	Gga22	
N0.HOG0006485	Cmi28	Cpl42	Ler35	Loc01		Xtr03
N0.HOG0006486	Cmi28		Ler35	Loc12, Loc27, Loc13		
N0.HOG0006487	Cmi28	Cpl42	Ler35	Loc01	GgaSca	Xtr03
N0.HOG0006488	Cmi28	Cpl42	Ler35	Loc01	Gga22, Gga05	Xtr03
N0.HOG0006489	Cmi29	Cpl08	Ler39	Loc06	Gga30	Xtr02
N0.HOG0006490	Cmi29	Cpl08	Ler39	Loc06		Xtr03
N0.HOG0006491		Cpl37				Xtr08
N0.HOG0006492	Cmi29	Cpl08	Ler39	Loc06		Xtr03
N0.HOG0006493	Cmi29	Cpl08	Ler39	Loc06	Gga30	Xtr03
N0.HOG0006494	Cmi30	Cpl37	LerSca	LocSca	Gga16	Xtr08
N0.HOG0006495	Cmi30	Cpl48	LerSca			Xtr08
N0.HOG0006496	Cmi31	Cpl39	Ler37	Loc06	Gga03	
N0.HOG0006497	Cmi31	Cpl39	Ler37		Gga01	Xtr03, Xtr04
N0.HOG0006498	Cmi31	Cpl39	Ler37	Loc12	Gga01	Xtr04
N0.HOG0006499	Cmi31	Cpl39	Ler37	Loc02, Loc25	Gga21	Xtr07
N0.HOG0006500	Cmi31	Cpl39	Ler37		Gga05	
N0.HOG0006501	Cmi31	Cpl39	Ler37	Loc03	Gga31	Xtr07
N0.HOG0006502	Cmi31	Cpl39, Cpl16	Ler37			Xtr07
N0.HOG0006503	Cmi31	Cpl39	Ler37	LocSca	GgaSca	Xtr07
N0.HOG0006504	Cmi31	Cpl39	Ler37	Loc09	Gga31	Xtr07
N0.HOG0006505	Cmi31	Cpl39	Ler37	Loc12	Gga02	Xtr04
N0.HOG0006506	CmiSca	Cpl02	Ler03	Loc02	GgaZ	
N0.HOG0006507	CmiSca	Cpl05	Ler02	Loc11	Gga02	Xtr06
N0.HOG0006508	CmiSca	CplSca	LerSca	Loc07	Gga05	Xtr04
N0.HOG0006509	CmiSca	Cpl48	LerSca	Loc02		Xtr03
N0.HOG0006510	CmiSca	Cpl41	Ler38	Loc02	Gga39	Xtr08, Xtr04
N0.HOG0006511	CmiSca	Cpl12	Ler13	Loc17, Loc02	Gga01	Xtr02
N0.HOG0006512	CmiSca	Cpl12	Ler13	Loc17	Gga01	Xtr02
N0.HOG0006513	CmiSca	Cpl12, Cpl16	Ler18	Loc27	Gga05	Xtr04
N0.HOG0006514	CmiSca	Cpl16	Ler18	Loc27	Gga05	Xtr03, Xtr04
N0.HOG0006515	CmiSca	Cpl16	Ler18	Loc08, Loc27	Gga05	Xtr04
N0.HOG0006516	CmiSca	Cpl16	Ler18	Loc08, Loc27	Gga05	Xtr04
N0.HOG0006517	CmiSca	Cpl12	Ler09	Loc07	Gga05	Xtr08
N0.HOG0006518	CmiSca	Cpl04	Ler04	Loc11	Gga02	Xtr06
N0.HOG0006519	CmiSca	Cpl02	Ler03	Loc02	GgaZ	Xtr01
N0.HOG0006520	CmiSca	Cpl01	Ler01	Loc02	GgaZ	Xtr01
N0.HOG0006521	CmiSca	Cpl01	Ler01	Loc02	GgaZ, GgaW	Xtr01
N0.HOG0006522	CmiSca	Cpl34	Ler30	Loc25	Gga21	Xtr07
N0.HOG0006523	CmiSca	Cpl06	LerSca	Loc03	Gga01	Xtr02
N0.HOG0006524	CmiSca	Cpl43	Ler40	Loc04	Gga34	Xtr02
N0.HOG0006525	CmiSca	Cpl43	Ler40	Loc04	Gga34	Xtr02
N0.HOG0006526	CmiSca	CplSca		Loc29	Gga31	
N0.HOG0006527	CmiSca					
N0.HOG0006528	CmiSca	Cpl45, Cpl41	LerSca	Loc02	GgaSca	Xtr04
N0.HOG0006529	CmiSca	Cpl41	Ler38	Loc02, Loc07	Gga05	Xtr08
N0.HOG0006530	CmiSca	CplSca	Ler04	Loc09	Gga02	Xtr06
N0.HOG0006531	CmiSca	Cpl41	Ler38			Xtr08, Xtr03
N0.HOG0006532	CmiSca	Cpl39, Cpl28	Ler28	Loc22	Gga19	Xtr02
N0.HOG0006533	CmiSca	Cpl05	Ler02	Loc09	Gga02	Xtr06
N0.HOG0006534	CmiSca	CplSca	LerSca	Loc28		
N0.HOG0006535		Cpl45	LerSca			Xtr04
N0.HOG0006536	CmiSca	Cpl51	LerSca	Loc24	Gga25	Xtr08
N0.HOG0006537	CmiSca	Cpl10, Cpl11	Ler09	Loc07	Gga05	Xtr08
N0.HOG0006538	CmiSca	Cpl48, Cpl41	LerSca		Gga01	Xtr07
N0.HOG0006539	CmiSca	Cpl06	Ler06	Loc03	Gga01	Xtr02
N0.HOG0006540	CmiSca	Cpl45	LerSca	Loc09	Gga02	Xtr02, Xtr06
N0.HOG0006541	CmiSca	Cpl04	Ler43	Loc09	Gga02	Xtr06
N0.HOG0006542	CmiSca	Cpl16	LerSca	Loc02	GgaZ	Xtr01
N0.HOG0006543	CmiSca	Cpl13	Ler14	Loc14	Gga09	Xtr05
N0.HOG0006544	CmiSca	Cpl03	Ler05	Loc16	Gga03	Xtr05
N0.HOG0006545	CmiSca	Cpl41	Ler24			
N0.HOG0006546		Cpl45	LerSca		Gga39	
N0.HOG0006547		CplSca		Loc28		
N0.HOG0006548	CmiSca	Cpl16	Ler18	Loc27	Gga05	Xtr04
N0.HOG0006549	CmiSca	Cpl51	LerSca	Loc24	Gga25	Xtr08
N0.HOG0006550		Cpl01		Loc04		
N0.HOG0006551		Cpl25	Ler25	Loc20	Gga15	Xtr01
N0.HOG0006552		Cpl04	Ler04	Loc11		Xtr06
N0.HOG0006553		Cpl03		Loc01		Xtr05
N0.HOG0006554		Cpl15, Cpl17, Cpl04	Ler03, Ler39, Ler20, Ler08			
N0.HOG0006555		Cpl07	Ler03, Ler07, Ler13	Loc12, Loc26		
N0.HOG0006556		Cpl07, Cpl13	Ler14	Loc14	Gga09	Xtr05
N0.HOG0006557		Cpl07	Ler07	Loc12	Gga07	Xtr09
N0.HOG0006558					Gga08	Xtr04
N0.HOG0006559		Cpl11	Ler10	Loc10		
N0.HOG0006560		Cpl08		Loc06		
N0.HOG0006561		Cpl09	Ler08	Loc01	Gga03	Xtr05
N0.HOG0006562		Cpl11	Ler03, Ler39, Ler10	Loc10	Gga08	Xtr04
N0.HOG0006563		Cpl12	Ler17			
N0.HOG0006564		Cpl13			Gga09	Xtr05
N0.HOG0006565		Cpl15	Ler12			
N0.HOG0006566		Cpl16	Ler03, Ler18	Loc03	Gga05	Xtr02, Xtr04
N0.HOG0006567		Cpl39, Cpl16	Ler37, Ler18	Loc27	Gga05	Xtr07
N0.HOG0006568		Cpl17				
N0.HOG0006569			LerSca	Loc01		Xtr08
N0.HOG0006570		Cpl19	Ler19		Gga01	Xtr03
N0.HOG0006571		Cpl21, Cpl25	Ler25, Ler20	Loc12	Gga04	Xtr09
N0.HOG0006572		Cpl22	Ler15	Loc05	Gga06	Xtr07
N0.HOG0006573		Cpl24	Ler23	Loc10		
N0.HOG0006574		Cpl29	Ler02	Loc11, Loc09, Loc18	Gga02	
N0.HOG0006575						Xtr01
N0.HOG0006576		Cpl32	Ler01	Loc02		
N0.HOG0006577		Cpl32		Loc02		
N0.HOG0006578		Cpl36	Ler33	Loc03		Xtr03
N0.HOG0006579		CplSca		Loc24		Xtr08
N0.HOG0006580		Cpl51	LerSca			Xtr08
N0.HOG0006581		Cpl36		Loc03		Xtr01, Xtr03
N0.HOG0006582		Cpl37		Loc09	GgaZ	Xtr07
N0.HOG0006583		CplSca		Loc05		Xtr09
N0.HOG0006584		Cpl37	LerSca	Loc20		Xtr04
N0.HOG0006585		Cpl37	Ler06, Ler18, Ler43, Ler22			
N0.HOG0006586		Cpl39	LerSca	Loc24	Gga25	Xtr08
N0.HOG0006587		Cpl45	Ler14	Loc28		
N0.HOG0006588		Cpl41	Ler38	Loc02		Xtr08
N0.HOG0006589		Cpl44, Cpl45				
N0.HOG0006590		Cpl44	LerSca			
N0.HOG0006591		Cpl44	LerSca		Gga10	Xtr01
N0.HOG0006592		Cpl46		Loc09, Loc10	Gga05, Gga16	Xtr07
N0.HOG0006593		Cpl46				
N0.HOG0006594		Cpl47	Ler24	Loc14		
N0.HOG0006595		Cpl47	Ler24	Loc24, Loc26	Gga25	Xtr07, Xtr08
N0.HOG0006596		Cpl48	LerSca	Loc02	GgaSca	Xtr03
N0.HOG0006597		Cpl48	LerSca	Loc14, Loc02	Gga09	Xtr03, Xtr05
N0.HOG0006598		Cpl48	LerSca	Loc24, Loc02		Xtr03
N0.HOG0006599		Cpl48		Loc02		Xtr03
N0.HOG0006600		Cpl48		Loc28, Loc02		Xtr01
N0.HOG0006601		Cpl49				Xtr09
N0.HOG0006602		CplSca				Xtr07, Xtr09
N0.HOG0006603		Cpl51	LerSca	Loc03	Gga25, Gga10	Xtr08, Xtr03
N0.HOG0006604		Cpl51	LerSca	Loc24	Gga25	Xtr08
N0.HOG0006605		Cpl51	LerSca	Loc03, Loc24	Gga25	Xtr08, Xtr03
N0.HOG0006606		Cpl51	Ler06, Ler03, Ler34, Ler05			
N0.HOG0006607		CplSca	Ler03	Loc02, Loc19	GgaZ	Xtr01
N0.HOG0006608		CplSca	Ler10			
N0.HOG0006609		CplSca	LerSca			
N0.HOG0006610		CplSca	LerSca			Xtr04
N0.HOG0006611		CplSca	Ler31	LocSca		
N0.HOG0006612		CplSca	Ler29			
N0.HOG0006613		CplSca	LerSca	Loc24	Gga27	Xtr01
N0.HOG0006614			Ler01		Gga01	
N0.HOG0006615			LerSca	Loc03		
N0.HOG0006616		CplSca	LerSca	Loc02	GgaZ	Xtr01
N0.HOG0006617		CplSca	LerSca	Loc02	Gga38	Xtr08
N0.HOG0006618		CplSca	LerSca	Loc14		Xtr08
N0.HOG0006619					Gga01	Xtr07, Xtr01
N0.HOG0006620					Gga32, Gga01, GgaW, Gga18, Gga26	
N0.HOG0006621					Gga01, Gga02	
N0.HOG0006622				Loc26	Gga01	Xtr07
N0.HOG0006623					Gga01	Xtr02
N0.HOG0006624				Loc03	Gga01	Xtr02
N0.HOG0006625				Loc23	Gga11	Xtr01, Xtr04
N0.HOG0006626			Ler11	Loc06	Gga13	Xtr03
N0.HOG0006627				Loc28, Loc26	Gga16	Xtr07
N0.HOG0006628					Gga02	
N0.HOG0006629					Gga23	
N0.HOG0006630			LerSca	Loc24	Gga25	Xtr01, Xtr03
N0.HOG0006631			Ler24	Loc24	Gga25	Xtr07, Xtr08
N0.HOG0006632					Gga05, Gga03	Xtr03
N0.HOG0006633					Gga03	
N0.HOG0006634			Ler10			
N0.HOG0006635			LerSca			
N0.HOG0006636			Ler48, Ler23, Ler10			
N0.HOG0006637			Ler08, Ler01, Ler02, Ler04, Ler10, Ler06			
N0.HOG0006638			Ler02, Ler01, Ler10, Ler11, Ler34, Ler06			
N0.HOG0006639			Ler08, Ler10, Ler04, Ler11, Ler16			
N0.HOG0006640			Ler02, Ler08, Ler30, Ler10, Ler06			
N0.HOG0006641			Ler10, Ler01, Ler20			
N0.HOG0006642			Ler04, Ler13, Ler16			
N0.HOG0006643			Ler02, Ler03, Ler04, Ler11, Ler07			
N0.HOG0006644			Ler28, Ler01, Ler31, Ler50, Ler11, Ler04			
N0.HOG0006645			Ler03, Ler11, Ler01, Ler34			
N0.HOG0006646			Ler03, Ler11			
N0.HOG0006647			Ler32, Ler12, Ler05, Ler27, Ler33			
N0.HOG0006648			Ler03, Ler02, Ler12, Ler04			Xtr02, Xtr04
N0.HOG0006649			Ler13, Ler01, Ler12, Ler21, Ler16, Ler06			
N0.HOG0006650			Ler25, Ler12, Ler30, Ler51, Ler29, Ler42			
N0.HOG0006651			Ler15, Ler05, Ler03, Ler29, Ler06			
N0.HOG0006652			Ler32			
N0.HOG0006653			LerSca			
N0.HOG0006654			Ler04, Ler03, Ler14, Ler05			
N0.HOG0006655			Ler02, Ler01, Ler38, Ler14, Ler03			
N0.HOG0006656			Ler28, Ler15, Ler27, Ler29, Ler04, Ler06			
N0.HOG0006657			Ler16			
N0.HOG0006658			Ler16			
N0.HOG0006659			Ler26, Ler16			
N0.HOG0006660			Ler24			
N0.HOG0006661			Ler51, Ler17, Ler05			
N0.HOG0006662			Ler02, Ler01, Ler05, Ler07, Ler09			
N0.HOG0006663			Ler04, Ler02			
N0.HOG0006664				Loc12, Loc08, Loc05		
N0.HOG0006665				Loc12, Loc09		
N0.HOG0006666				Loc02, Loc15		
N0.HOG0006667				Loc02, Loc05		Xtr02, Xtr03, Xtr04
N0.HOG0006668				Loc24		
N0.HOG0006669				Loc04		
N0.HOG0006670				LocSca		Xtr01
N0.HOG0006671						Xtr06, Xtr01, Xtr04, Xtr05
N0.HOG0006672						Xtr01
N0.HOG0006673						Xtr01, Xtr09
N0.HOG0006674						Xtr10
N0.HOG0006675						Xtr02, Xtr06, Xtr10, Xtr08, Xtr05, Xtr07, Xtr04
N0.HOG0006676						Xtr10, Xtr08, Xtr04, Xtr05
N0.HOG0006677						Xtr08, Xtr03, Xtr04, Xtr05
N0.HOG0006678						Xtr03
N0.HOG0006679						Xtr03
N0.HOG0006680						Xtr03
N0.HOG0006681						Xtr05
N0.HOG0006682						Xtr07
N0.HOG0006683						Xtr07
N0.HOG0006684						Xtr08
N0.HOG0006685						Xtr08
N0.HOG0006686						Xtr09
N0.HOG0006687	Cmi01	Cpl32	Ler01	Loc04	Gga04	Xtr01
N0.HOG0006688	Cmi01	Cpl32	Ler01	Loc04	Gga04	Xtr01
N0.HOG0006689	Cmi01	Cpl32	Ler01	Loc04	Gga04	Xtr01
N0.HOG0006690	Cmi01	Cpl32	Ler01	Loc04	Gga04	Xtr01
N0.HOG0006691	Cmi01	Cpl32	Ler01	Loc04	Gga04	Xtr01
N0.HOG0006692	Cmi01	Cpl32	Ler01	Loc04	Gga04	Xtr01
N0.HOG0006693	Cmi01	Cpl32	Ler01	Loc04	Gga04	Xtr01
N0.HOG0006694	Cmi01	Cpl32	Ler01	Loc04	Gga04	Xtr01
N0.HOG0006695	Cmi01	Cpl32	Ler01	Loc04	Gga04	Xtr01
N0.HOG0006696	Cmi01	Cpl32	Ler01	Loc02	Gga04	Xtr01
N0.HOG0006697	Cmi01	Cpl32	Ler01	Loc02		Xtr01
N0.HOG0006698	Cmi01	Cpl32	Ler01	Loc02	Gga04	Xtr01
N0.HOG0006699	Cmi01	Cpl32	Ler01	Loc02	Gga04	Xtr01
N0.HOG0006700	Cmi01	Cpl32	Ler01	Loc02	Gga04	Xtr01
N0.HOG0006701	Cmi01	Cpl32	Ler01	Loc02	Gga04	Xtr01
N0.HOG0006702	Cmi01	Cpl02	Ler03	Loc04	GgaZ	Xtr01
N0.HOG0006703	Cmi01	Cpl02	Ler03	Loc04	GgaZ	Xtr01
N0.HOG0006704	Cmi01	Cpl02	Ler03	Loc04	GgaZ	Xtr01
N0.HOG0006705	Cmi01	Cpl02	Ler03	Loc04	GgaZ	Xtr01
N0.HOG0006706	Cmi01	Cpl02	Ler03	Loc02	Gga04	Xtr01
N0.HOG0006707	Cmi01	Cpl02	Ler03	Loc04	GgaZ	Xtr01
N0.HOG0006708	Cmi01	Cpl02	Ler03	Loc04	GgaZ	Xtr01
N0.HOG0006709	Cmi01	Cpl02	Ler03	Loc04	GgaZ	Xtr01
N0.HOG0006710	Cmi01	Cpl02	Ler03	Loc04	GgaZ	Xtr01
N0.HOG0006711	Cmi01	Cpl02	Ler03	Loc04	GgaZ	Xtr01
N0.HOG0006712	Cmi01	Cpl32	Ler01	Loc04	Gga04	Xtr01
N0.HOG0006713	Cmi01	Cpl32	Ler01	Loc04	Gga04	Xtr01
N0.HOG0006714	Cmi01	Cpl02	Ler03	Loc04	GgaZ	Xtr01
N0.HOG0006715	Cmi01	Cpl02	Ler03	Loc04	GgaZ	Xtr01
N0.HOG0006716	Cmi01	Cpl02	Ler03	Loc02	Gga04	Xtr01
N0.HOG0006717	Cmi01	Cpl02	Ler03	Loc02	Gga04	Xtr01
N0.HOG0006718	Cmi01	Cpl02	Ler03	Loc02	Gga04	Xtr01
N0.HOG0006719	Cmi01	Cpl02	Ler03	Loc04	Gga04	Xtr01
N0.HOG0006720	Cmi01	Cpl32	Ler01	Loc04	Gga04	Xtr01
N0.HOG0006721	Cmi01	Cpl32	Ler01	Loc04	Gga04	Xtr01
N0.HOG0006722	Cmi01	Cpl32	Ler01	Loc04	Gga04	Xtr01
N0.HOG0006723	Cmi01	Cpl02	Ler03	Loc02	Gga04	Xtr01
N0.HOG0006724	Cmi01	Cpl02	Ler03	Loc02	GgaZ	Xtr01
N0.HOG0006725	Cmi01	CplSca	LerSca	Loc10		
N0.HOG0006726	Cmi01	Cpl32	Ler01	Loc04	Gga04	Xtr10
N0.HOG0006727	Cmi01	Cpl02	Ler03	Loc04	Gga04	Xtr01
N0.HOG0006728	Cmi01	Cpl32	Ler01	Loc02	Gga04	Xtr01
N0.HOG0006729	Cmi01	Cpl32	Ler01	Loc02	GgaZ	Xtr01
N0.HOG0006730	Cmi01	Cpl32	Ler01	Loc02	GgaZ	Xtr01
N0.HOG0006731	Cmi01	Cpl32	Ler01	Loc02	Gga04	Xtr01
N0.HOG0006732	Cmi01	Cpl32	Ler01	Loc04	Gga04	Xtr01
N0.HOG0006733	Cmi01, Cmi04	Cpl32	Ler01	Loc04	Gga04	
N0.HOG0006734	Cmi01	Cpl32	Ler01	Loc04	Gga04	Xtr01
N0.HOG0006735	Cmi01	Cpl32	Ler01	Loc04	Gga04	Xtr01
N0.HOG0006736	Cmi01	Cpl32	Ler01	Loc04	Gga04	Xtr01
N0.HOG0006737	Cmi01	Cpl32	Ler01	Loc04	Gga04	Xtr01
N0.HOG0006738	Cmi01	Cpl32	Ler01	Loc04	Gga04	Xtr01
N0.HOG0006739	Cmi01	Cpl02	Ler03	Loc02	Gga04	Xtr01
N0.HOG0006740	Cmi01	Cpl02	Ler03	Loc02	Gga04	Xtr01
N0.HOG0006741	Cmi01	Cpl02	Ler03	Loc02	GgaZ	Xtr01
N0.HOG0006742	Cmi01	Cpl02	Ler03	Loc02	GgaZ	Xtr01
N0.HOG0006743	Cmi01	Cpl02	Ler03	Loc02	GgaZ	Xtr01
N0.HOG0006744	Cmi01	Cpl03	LerSca	Loc04	Gga04	Xtr01
N0.HOG0006745	Cmi01	Cpl01	Ler01	Loc04	Gga04	Xtr01
N0.HOG0006746	Cmi01	Cpl01	Ler01	Loc04	Gga04	Xtr01
N0.HOG0006747	Cmi01	Cpl01	Ler01	Loc04	Gga04	Xtr01
N0.HOG0006748	Cmi01	Cpl01	Ler01	Loc04	Gga04	Xtr01
N0.HOG0006749	Cmi01	Cpl01	Ler01	Loc04	Gga04	Xtr01
N0.HOG0006750	Cmi01	Cpl01	Ler01	Loc04	Gga04	Xtr01
N0.HOG0006751	Cmi01	Cpl01	Ler01	Loc04	Gga04	Xtr01
N0.HOG0006752	Cmi01	Cpl01	Ler01	Loc04	Gga04	Xtr01
N0.HOG0006753	Cmi01	Cpl01	Ler01	Loc04	Gga04	Xtr01
N0.HOG0006754	Cmi01	Cpl01	Ler01	Loc04	Gga04	Xtr01
N0.HOG0006755	Cmi01	Cpl01	Ler01	Loc04	Gga04	Xtr01
N0.HOG0006756	Cmi01	Cpl01	Ler01	Loc04	Gga04	Xtr01
N0.HOG0006757	Cmi01	Cpl01	Ler01	Loc04	Gga04	Xtr01
N0.HOG0006758	Cmi01	Cpl01	Ler01	Loc04	Gga04	Xtr01
N0.HOG0006759	Cmi01	Cpl01	Ler01	Loc04	Gga04	Xtr01
N0.HOG0006760	Cmi01	Cpl01	Ler01	Loc04	Gga04	Xtr01
N0.HOG0006761	Cmi01	Cpl01	Ler01	Loc04	Gga04	Xtr01
N0.HOG0006762	Cmi01	Cpl01	Ler01	Loc04	Gga04	Xtr01
N0.HOG0006763	Cmi01	Cpl01		Loc04	Gga04	Xtr01
N0.HOG0006764	Cmi01, Cmi08	Cpl01	Ler01	Loc04		
N0.HOG0006765	Cmi01, Cmi08			Loc04	Gga04	Xtr01
N0.HOG0006766	Cmi01, Cmi08			Loc04	Gga04	Xtr01
N0.HOG0006767	Cmi01, Cmi08	Cpl19			Gga04	Xtr01
N0.HOG0006768	Cmi01	Cpl19	Ler01	Loc04	Gga04	Xtr01
N0.HOG0006769	Cmi01	Cpl32	Ler01	Loc04	Gga04	Xtr01
N0.HOG0006770	Cmi01	Cpl32	Ler01	Loc04	Gga04	Xtr01
N0.HOG0006771	Cmi01	Cpl32	Ler01	Loc04	Gga04	Xtr01
N0.HOG0006772	Cmi01	Cpl32	Ler01	Loc04	Gga04	Xtr01
N0.HOG0006773	Cmi01	Cpl32	Ler01	Loc04	Gga04	Xtr01
N0.HOG0006774	Cmi01	Cpl32	Ler01	Loc04	Gga04	Xtr01
N0.HOG0006775	Cmi01	Cpl01	Ler01	Loc04	Gga04	Xtr01
N0.HOG0006776	Cmi01	Cpl01	Ler01	Loc04	Gga04	Xtr01
N0.HOG0006777	Cmi01	Cpl01	Ler01	Loc04	Gga04	Xtr01
N0.HOG0006778	Cmi01	Cpl01	Ler01	Loc04	Gga04	Xtr01
N0.HOG0006779	Cmi01	Cpl01	Ler01	Loc04	Gga04	Xtr01
N0.HOG0006780	Cmi01	Cpl01	Ler01	Loc04	Gga04	Xtr01
N0.HOG0006781	Cmi01	Cpl01	Ler01	Loc04	Gga04	Xtr01
N0.HOG0006782	Cmi01	Cpl01	Ler01	Loc04	Gga04	Xtr01
N0.HOG0006783	Cmi01	Cpl01	Ler01	Loc04	Gga04	Xtr01
N0.HOG0006784	Cmi01	Cpl01	Ler01	Loc04	Gga04	Xtr01
N0.HOG0006785	Cmi01	Cpl01	Ler01	Loc04	Gga04	Xtr01
N0.HOG0006786	Cmi01	Cpl01	Ler01	Loc04	Gga04	Xtr01
N0.HOG0006787	Cmi01	Cpl01	Ler01	Loc04	Gga04	Xtr01
N0.HOG0006788	Cmi01	Cpl01	Ler01	Loc04	Gga04	Xtr01
N0.HOG0006789	Cmi01	Cpl01	Ler01	Loc04	Gga04	Xtr01
N0.HOG0006790	Cmi01	Cpl01	Ler01	Loc04	Gga04	Xtr01
N0.HOG0006791	Cmi01	Cpl01	Ler01	Loc04	Gga04	Xtr01
N0.HOG0006792	Cmi01	Cpl01	Ler01	Loc04	Gga04	Xtr01
N0.HOG0006793	Cmi01	Cpl01	Ler01	Loc04	Gga04	Xtr01
N0.HOG0006794	Cmi01	Cpl01	Ler01	Loc04	Gga04	Xtr01
N0.HOG0006795	Cmi01	Cpl01	Ler01	Loc04	Gga04	Xtr01
N0.HOG0006796	Cmi01	Cpl01	Ler01	Loc04	Gga04	Xtr01
N0.HOG0006797	Cmi01	Cpl01	Ler01	Loc04	Gga04	Xtr01
N0.HOG0006798	Cmi01	Cpl01	Ler01	Loc04	Gga04	Xtr01
N0.HOG0006799	Cmi01	Cpl01	Ler01	Loc04	Gga04	Xtr01
N0.HOG0006800	Cmi01	Cpl01	Ler01	Loc04	Gga04	Xtr01
N0.HOG0006801	Cmi01	Cpl01	Ler01	Loc04	Gga04	Xtr01
N0.HOG0006802	Cmi01	Cpl01	Ler01	Loc04	Gga04	Xtr01
N0.HOG0006803	Cmi01	Cpl01	Ler01	Loc04	Gga04	Xtr01
N0.HOG0006804	Cmi01	Cpl01	Ler01	Loc04	Gga04	Xtr01
N0.HOG0006805	Cmi01	Cpl32	Ler01	Loc04	Gga04	Xtr01
N0.HOG0006806	Cmi01	Cpl32	Ler01	Loc04	Gga04	Xtr01
N0.HOG0006807	Cmi01	Cpl32	Ler01	Loc04	Gga04	Xtr01
N0.HOG0006808	Cmi01	Cpl32	Ler01	Loc04	Gga04	Xtr01
N0.HOG0006809	Cmi01	Cpl32	Ler01	Loc04	Gga04	Xtr01
N0.HOG0006810	Cmi01	Cpl32	Ler01	Loc04	Gga04	Xtr01
N0.HOG0006811	Cmi01	Cpl32	Ler01	Loc04	Gga04	Xtr01
N0.HOG0006812	Cmi01	Cpl32	Ler01	Loc04	Gga04	Xtr01
N0.HOG0006813	Cmi01	Cpl32	Ler01	Loc04	Gga04	Xtr01
N0.HOG0006814	Cmi01	Cpl32	Ler01	Loc04	Gga04	Xtr01
N0.HOG0006815	Cmi01	Cpl32	Ler01	Loc04	Gga04	Xtr01
N0.HOG0006816	Cmi01	Cpl32	Ler01	Loc04	Gga04	Xtr01
N0.HOG0006817	Cmi01	Cpl32	Ler01	Loc04	Gga04	Xtr01
N0.HOG0006818	Cmi01	Cpl32	Ler01	Loc04	Gga04	Xtr01
N0.HOG0006819	Cmi01	Cpl32	Ler01	Loc04	Gga04	Xtr01
N0.HOG0006820	Cmi01	Cpl32	Ler01	Loc04	Gga04	Xtr01
N0.HOG0006821	Cmi01	Cpl32	Ler01	Loc04	Gga04	Xtr01
N0.HOG0006822	Cmi01	Cpl32	Ler01	Loc04	Gga04	Xtr01
N0.HOG0006823	Cmi01	Cpl32	Ler01	Loc04	Gga04	Xtr01
N0.HOG0006824	Cmi01	Cpl32	Ler01	Loc04	Gga04	Xtr01
N0.HOG0006825	Cmi01	Cpl32	Ler01	Loc04	Gga04	Xtr01
N0.HOG0006826	Cmi01	Cpl32	Ler01	Loc04	Gga04	Xtr01
N0.HOG0006827	Cmi01	Cpl32	Ler01	Loc04	Gga04	Xtr01
N0.HOG0006828	Cmi01	Cpl32	Ler01	Loc04	Gga04	Xtr01
N0.HOG0006829	Cmi01	Cpl32	Ler01	Loc04	Gga04	Xtr01
N0.HOG0006830	Cmi01	Cpl32	Ler01	Loc04	GgaZ	Xtr01
N0.HOG0006831	Cmi01	Cpl32	Ler01	Loc02	Gga04	Xtr01
N0.HOG0006832	Cmi01	Cpl32	Ler01	Loc02	Gga04	Xtr01
N0.HOG0006833	Cmi01	Cpl32	Ler01	Loc02	Gga04	Xtr01
N0.HOG0006834	Cmi01	Cpl32	Ler01	Loc02	Gga04	Xtr01
N0.HOG0006835	Cmi01	Cpl32	Ler01	Loc02	Gga04	Xtr01
N0.HOG0006836	Cmi01	Cpl32	Ler01	Loc02	GgaZ	Xtr01
N0.HOG0006837	Cmi01	Cpl32	Ler01	Loc02	GgaZ	Xtr01
N0.HOG0006838	Cmi01	Cpl32	Ler01	Loc04	Gga04	Xtr01
N0.HOG0006839	Cmi01	Cpl32	Ler01	Loc04	Gga04	Xtr01
N0.HOG0006840	Cmi03, Cmi01	Cpl09	Ler08	Loc01		Xtr05
N0.HOG0006841	Cmi01	Cpl01	Ler01	Loc04	Gga04	Xtr01
N0.HOG0006842	Cmi01	Cpl01	Ler01	Loc04	Gga04	Xtr01
N0.HOG0006843	Cmi01	Cpl01	Ler01		Gga04	Xtr01
N0.HOG0006844	Cmi01	Cpl01	Ler01	Loc26	Gga04	Xtr01
N0.HOG0006845	Cmi01	Cpl01	Ler01	Loc04	Gga04	Xtr01
N0.HOG0006846	Cmi01	Cpl01	Ler01	Loc04	Gga04	Xtr01
N0.HOG0006847	Cmi01	Cpl01	Ler01	Loc04	Gga04	Xtr01
N0.HOG0006848	Cmi01	Cpl01	Ler01	Loc04	Gga04	Xtr01
N0.HOG0006849	Cmi01	Cpl01	Ler01	Loc04	Gga04	Xtr01
N0.HOG0006850	Cmi01	Cpl01	Ler01	Loc04	Gga04	Xtr01
N0.HOG0006851	Cmi01	Cpl01	Ler01	Loc02	Gga04	Xtr01
N0.HOG0006852	Cmi01	Cpl01	Ler01	Loc02	Gga04	Xtr01
N0.HOG0006853	Cmi01	Cpl01	Ler01	Loc02	Gga04	Xtr01
N0.HOG0006854	Cmi01	Cpl01	Ler01	Loc02	Gga04	Xtr01
N0.HOG0006855	Cmi01	Cpl01	Ler01	Loc02	Gga04	Xtr01
N0.HOG0006856	Cmi01	Cpl01	Ler01	Loc02	Gga04	Xtr01
N0.HOG0006857	Cmi01	Cpl01	Ler01	Loc02	Gga04	Xtr01
N0.HOG0006858	Cmi01	Cpl01	Ler01	Loc02	Gga04	Xtr01
N0.HOG0006859	Cmi01	Cpl01	Ler01	Loc02	Gga04	Xtr01
N0.HOG0006860	Cmi01	Cpl01	Ler01	Loc02	Gga04	Xtr01
N0.HOG0006861	Cmi01	Cpl01	Ler01	Loc02	Gga04	Xtr01
N0.HOG0006862	Cmi01	Cpl01	Ler01	Loc04	Gga04	Xtr01
N0.HOG0006863	Cmi01	Cpl01	Ler01	Loc02	Gga04	Xtr01
N0.HOG0006864	Cmi01	Cpl01	Ler01	Loc02	Gga04	Xtr01
N0.HOG0006865	Cmi01	Cpl01	Ler01	Loc02		Xtr01
N0.HOG0006866	Cmi01	Cpl01	Ler01	Loc02	Gga04	Xtr01
N0.HOG0006867	Cmi01	Cpl01	Ler01	Loc02	Gga04	Xtr01
N0.HOG0006868	Cmi01	Cpl01	Ler01	Loc02	Gga04	Xtr01
N0.HOG0006869	Cmi01	Cpl01	Ler01	Loc02	Gga04	Xtr01
N0.HOG0006870	Cmi01	Cpl01	Ler01	Loc02	Gga04	Xtr01
N0.HOG0006871	Cmi01	Cpl01	Ler01	Loc02	Gga04	Xtr01
N0.HOG0006872	Cmi01	Cpl01	Ler01	Loc04	Gga04	Xtr01
N0.HOG0006873	Cmi01	CplSca	Ler01	Loc04	Gga04	Xtr01
N0.HOG0006874	Cmi01	CplSca	Ler01	Loc04	Gga04	Xtr01
N0.HOG0006875	Cmi01	CplSca	Ler01	Loc04	Gga04	Xtr01
N0.HOG0006876	Cmi01	Cpl01	Ler01	Loc04	Gga04	Xtr01
N0.HOG0006877	Cmi01	Cpl01	Ler01	Loc04	Gga04	Xtr01
N0.HOG0006878	Cmi01	Cpl01	Ler01	Loc04	Gga04	Xtr01
N0.HOG0006879	Cmi01	Cpl01	Ler01	Loc04	Gga04	Xtr01
N0.HOG0006880	Cmi01	Cpl01	Ler01	Loc04	Gga04	Xtr01
N0.HOG0006881	Cmi01	Cpl01	Ler01	Loc04	Gga04	Xtr01
N0.HOG0006882	Cmi01	Cpl01	Ler01	Loc04	Gga04	Xtr01
N0.HOG0006883	Cmi01	Cpl01	Ler01	Loc04	Gga04	Xtr01
N0.HOG0006884	Cmi01	Cpl01	Ler01	Loc04	Gga19	Xtr06
N0.HOG0006885	Cmi01	Cpl01	Ler01	Loc04	Gga04	Xtr01
N0.HOG0006886	Cmi01	Cpl01	Ler01	Loc04	Gga04	Xtr01
N0.HOG0006887	Cmi01	Cpl01	Ler26, Ler01	Loc04	Gga04	
N0.HOG0006888	Cmi01	Cpl01	Ler01	Loc04	Gga04	Xtr01
N0.HOG0006889	Cmi01	Cpl01	Ler01	Loc04	Gga04	Xtr01
N0.HOG0006890	Cmi01	Cpl01	Ler01	Loc04	Gga04	Xtr01
N0.HOG0006891	Cmi01	Cpl01	Ler01	Loc04	Gga04	Xtr01
N0.HOG0006892	Cmi01	Cpl01	Ler01	Loc04	Gga04	Xtr01
N0.HOG0006893	Cmi01	Cpl01	Ler01	Loc04	Gga04	Xtr01
N0.HOG0006894	Cmi01	Cpl01	Ler01	Loc04	Gga04	Xtr01
N0.HOG0006895	Cmi01	Cpl01	Ler01	Loc04	Gga04	Xtr01
N0.HOG0006896	Cmi01	Cpl01	Ler01	Loc04	Gga04	Xtr01
N0.HOG0006897	Cmi01	Cpl01	Ler01	Loc04	Gga04	Xtr01
N0.HOG0006898	Cmi01	Cpl01	Ler01	Loc04	Gga04	Xtr01
N0.HOG0006899	Cmi01	Cpl01	Ler01	Loc04	Gga04	Xtr01
N0.HOG0006900	Cmi01	Cpl01	Ler01	Loc04	Gga04	Xtr01
N0.HOG0006901	Cmi01	Cpl01	Ler01	Loc04	Gga04	Xtr01
N0.HOG0006902	Cmi01	Cpl01	Ler01	Loc04	Gga04	Xtr01
N0.HOG0006903	Cmi01	Cpl01	Ler01	Loc04	Gga04	Xtr01
N0.HOG0006904	Cmi01	Cpl01	Ler01	Loc04	Gga04	Xtr01
N0.HOG0006905	Cmi01	Cpl01	Ler01	Loc04	Gga04	Xtr01
N0.HOG0006906	Cmi01	Cpl01	Ler01	Loc04	Gga04	Xtr01
N0.HOG0006907	Cmi01	Cpl01	Ler01	Loc04	Gga04	Xtr01
N0.HOG0006908	Cmi01	Cpl01	Ler01	Loc04	Gga04	Xtr01
N0.HOG0006909	Cmi01	Cpl01	Ler01	Loc04	Gga04	Xtr01
N0.HOG0006910	Cmi01	Cpl01	Ler01	Loc04	Gga04	Xtr01
N0.HOG0006911	Cmi01	Cpl01	Ler01	Loc04	Gga04	Xtr01
N0.HOG0006912	Cmi01	Cpl01	Ler01	Loc04	Gga04	Xtr01
N0.HOG0006913	Cmi01	Cpl01	Ler01	Loc04	Gga04	Xtr01
N0.HOG0006914	Cmi01	Cpl01	Ler01	LocSca	Gga04	Xtr01
N0.HOG0006915	Cmi01	Cpl01	Ler01	Loc04	Gga04	Xtr01
N0.HOG0006916	Cmi01	Cpl01	Ler01	Loc04	Gga04	Xtr01
N0.HOG0006917	Cmi01	Cpl01	Ler01	Loc04	Gga04	Xtr01
N0.HOG0006918	Cmi01	Cpl01	Ler01	Loc04	Gga04	Xtr01
N0.HOG0006919	Cmi01	Cpl01	Ler01	Loc04	Gga04	Xtr01
N0.HOG0006920	Cmi01	Cpl01	Ler01	Loc04	Gga04	Xtr01
N0.HOG0006921	Cmi01	Cpl01	Ler01	Loc04	Gga04	Xtr01
N0.HOG0006922	Cmi01	Cpl01	Ler01	Loc04	Gga04	Xtr01
N0.HOG0006923	Cmi01	Cpl01	Ler01	Loc04	Gga04	Xtr01
N0.HOG0006924	Cmi01	Cpl01	Ler01	Loc04	Gga04	Xtr01
N0.HOG0006925	Cmi01	Cpl01	Ler01	Loc04	Gga04	Xtr01
N0.HOG0006926	Cmi01	Cpl01	Ler01	Loc04	Gga04	Xtr01
N0.HOG0006927	Cmi01	Cpl01	Ler01	Loc04	Gga04	Xtr01
N0.HOG0006928	Cmi01	Cpl01	Ler01	Loc04	Gga04	Xtr01
N0.HOG0006929	Cmi01	Cpl01	Ler01	Loc04	Gga04	Xtr01
N0.HOG0006930	Cmi01	Cpl01	Ler01	Loc04	Gga04	Xtr01
N0.HOG0006931	Cmi01	Cpl01	Ler01	Loc04	Gga04	Xtr01
N0.HOG0006932	Cmi01	Cpl01	Ler01	Loc04	Gga04	Xtr01
N0.HOG0006933	Cmi01	Cpl01	Ler01	Loc04	Gga04	Xtr01
N0.HOG0006934	Cmi01	Cpl01	Ler01	Loc04	Gga04	Xtr01
N0.HOG0006935	Cmi01	Cpl01	Ler01	Loc04	Gga04	Xtr01
N0.HOG0006936	Cmi01	Cpl01	Ler01	Loc04	Gga04	Xtr01
N0.HOG0006937	Cmi01	Cpl01	Ler01	Loc04	Gga04	Xtr01
N0.HOG0006938	Cmi01	Cpl01	Ler01	Loc04	Gga04	Xtr01
N0.HOG0006939	Cmi01		Ler01	Loc04	Gga04	Xtr01
N0.HOG0006940	Cmi01	Cpl01	Ler01	Loc04	Gga04	Xtr01
N0.HOG0006941	Cmi01	Cpl01	Ler01	Loc04	Gga04	Xtr01
N0.HOG0006942	Cmi01	Cpl01	Ler01	Loc04	Gga04	Xtr01
N0.HOG0006943	Cmi01	Cpl01	Ler01	Loc04	Gga04	Xtr01
N0.HOG0006944	Cmi01	Cpl01	Ler01	Loc04	Gga04	Xtr01
N0.HOG0006945	Cmi01	Cpl01	Ler01	Loc04	Gga04	Xtr01
N0.HOG0006946	Cmi01	Cpl01	Ler01	Loc04	Gga04	Xtr01
N0.HOG0006947	Cmi01	Cpl01	Ler01	Loc04	Gga04	Xtr01
N0.HOG0006948	Cmi01	Cpl01	Ler01	Loc04	Gga04	Xtr01
N0.HOG0006949	Cmi01	Cpl01	Ler01	Loc04	Gga04	Xtr01
N0.HOG0006950	Cmi01	Cpl01	Ler01	Loc04	Gga04	Xtr01
N0.HOG0006951	Cmi01	Cpl01	Ler01	Loc04	Gga04	Xtr01
N0.HOG0006952	Cmi01	Cpl01	Ler01	Loc04	Gga04	Xtr01
N0.HOG0006953	Cmi01	Cpl01	Ler01	Loc04	Gga04	Xtr01
N0.HOG0006954	Cmi01	Cpl01	Ler01	Loc04	Gga04	Xtr01
N0.HOG0006955	Cmi01	Cpl01	Ler01	Loc04	Gga04	Xtr01
N0.HOG0006956	Cmi01	Cpl01	Ler01	Loc04	Gga04	Xtr01
N0.HOG0006957	Cmi01	Cpl01	Ler01	Loc04	Gga04	Xtr01
N0.HOG0006958	Cmi01	Cpl01	Ler01	Loc04	Gga04	Xtr01
N0.HOG0006959	Cmi01	Cpl01	Ler01	Loc04	Gga04	Xtr01
N0.HOG0006960	Cmi01	Cpl01	Ler01	Loc04	Gga04	Xtr01
N0.HOG0006961	Cmi01	Cpl01	Ler01	Loc04	Gga04	Xtr01
N0.HOG0006962	Cmi01	Cpl01	Ler01	Loc04	Gga04	Xtr01
N0.HOG0006963	Cmi01	Cpl01	Ler01	Loc04	Gga04	Xtr01
N0.HOG0006964	Cmi01	Cpl01	Ler01	Loc04	Gga04	Xtr01
N0.HOG0006965	Cmi01	Cpl02	Ler03	Loc04	Gga04	Xtr01
N0.HOG0006966	Cmi01	Cpl02	Ler03	Loc04	Gga04	Xtr01
N0.HOG0006967	Cmi01	Cpl02	Ler03	Loc04	Gga04	Xtr01
N0.HOG0006968	Cmi01	Cpl02	Ler03	Loc04	Gga04	Xtr01
N0.HOG0006969	Cmi01	Cpl02	Ler03	Loc04	Gga04	Xtr01
N0.HOG0006970	Cmi01	Cpl02	Ler03	Loc04	Gga04	Xtr01
N0.HOG0006971	Cmi01	Cpl02	Ler03	Loc04	Gga04	Xtr01
N0.HOG0006972	Cmi01	Cpl02	Ler03	Loc04	Gga04	Xtr01
N0.HOG0006973	Cmi01	Cpl02	Ler03	Loc04	Gga04	Xtr01
N0.HOG0006974	Cmi01	Cpl02	Ler03	Loc04	Gga04	Xtr01
N0.HOG0006975	Cmi01	Cpl02	Ler03	Loc04	Gga04	Xtr01
N0.HOG0006976	Cmi01	Cpl02	Ler03	Loc04	Gga04	Xtr01
N0.HOG0006977	Cmi01	Cpl02	Ler03	Loc04	Gga04	Xtr01
N0.HOG0006978	Cmi01	Cpl02	Ler03	Loc04	Gga04	Xtr01
N0.HOG0006979	Cmi01	Cpl02	Ler03	Loc04	Gga04	Xtr01
N0.HOG0006980	Cmi01	Cpl02	Ler41	Loc04	Gga04	Xtr01
N0.HOG0006981	Cmi01	Cpl02	LerSca	Loc04	Gga04	Xtr01
N0.HOG0006982	Cmi01	Cpl02	LerSca	Loc04	Gga04	Xtr01
N0.HOG0006983	Cmi01	Cpl02	LerSca	Loc04	Gga04	Xtr01
N0.HOG0006984	Cmi01	Cpl02	LerSca	Loc04	Gga04	Xtr01
N0.HOG0006985	Cmi01	Cpl02	LerSca	Loc04	Gga04	Xtr01
N0.HOG0006986	Cmi01	Cpl02	Ler03	Loc04	Gga04	Xtr01
N0.HOG0006987	Cmi01	Cpl02	Ler03	Loc04	Gga04	Xtr01
N0.HOG0006988	Cmi01	Cpl02	Ler03	Loc06	Gga13	Xtr03
N0.HOG0006989	Cmi01	Cpl02	Ler03	Loc04	Gga04	Xtr01
N0.HOG0006990	Cmi01	Cpl02	Ler03	Loc04	Gga04	Xtr01
N0.HOG0006991	Cmi01	Cpl02	Ler03	Loc04	Gga04	Xtr01
N0.HOG0006992	Cmi01	Cpl02	Ler03	Loc04	Gga04	Xtr01
N0.HOG0006993	Cmi01	Cpl02	Ler03	Loc04	Gga04	Xtr01
N0.HOG0006994	Cmi01	Cpl02	Ler03	Loc04	Gga04	Xtr01
N0.HOG0006995	Cmi01	Cpl02	Ler03	Loc04	Gga04	Xtr01
N0.HOG0006996	Cmi01	Cpl02	Ler03	Loc04	Gga04	Xtr01
N0.HOG0006997	Cmi01	Cpl02	Ler03	Loc04	Gga04	Xtr01
N0.HOG0006998	Cmi01	Cpl02	Ler03	Loc02	Gga04	Xtr01
N0.HOG0006999	Cmi01	Cpl02	Ler03	Loc02	Gga04	Xtr01
N0.HOG0007000	Cmi01	Cpl02	Ler03	Loc02	Gga04	Xtr01
N0.HOG0007001	Cmi01	Cpl02	Ler03	Loc02	Gga04	Xtr01
N0.HOG0007002	Cmi01	Cpl02	Ler03	Loc04	Gga04	Xtr01
N0.HOG0007003	Cmi01	Cpl02	Ler03	Loc04	Gga04	Xtr01
N0.HOG0007004	Cmi01	Cpl02	Ler03	Loc04	Gga04	Xtr01
N0.HOG0007005	Cmi01	Cpl02	Ler03	Loc04	Gga04	Xtr01
N0.HOG0007006			Ler03	Loc04		
N0.HOG0007007		Cpl02		Loc04		
N0.HOG0007008	Cmi01	Cpl02	Ler03	Loc04	Gga04	Xtr01
N0.HOG0007009	Cmi01	Cpl01	Ler01	Loc04	Gga04	Xtr01
N0.HOG0007010	Cmi01	Cpl01	Ler01	Loc04	Gga04	Xtr01
N0.HOG0007011	Cmi01	Cpl01	Ler01	Loc04	Gga04	Xtr01
N0.HOG0007012	Cmi01	Cpl01	Ler01	Loc04	Gga04	Xtr01
N0.HOG0007013	Cmi01	Cpl01	Ler01	Loc04	Gga04	Xtr08
N0.HOG0007014	Cmi01	Cpl01	Ler01	Loc04	Gga04	Xtr01
N0.HOG0007015	Cmi01	CplSca	Ler01	Loc04	Gga04	Xtr01
N0.HOG0007016	Cmi01	Cpl01	Ler01	Loc04	Gga04	Xtr01
N0.HOG0007017	Cmi01	Cpl01	Ler01	Loc04	Gga04	Xtr01
N0.HOG0007018	Cmi01	Cpl01	Ler01	Loc04	Gga04	Xtr01
N0.HOG0007019	Cmi01	Cpl01	Ler01	Loc04	Gga04	Xtr01
N0.HOG0007020	Cmi01	Cpl01	Ler01	Loc04	Gga04	Xtr01
N0.HOG0007021	Cmi01	Cpl01	Ler01	Loc04	Gga04	Xtr01
N0.HOG0007022	Cmi01	Cpl01	Ler01	Loc04	Gga04	Xtr01
N0.HOG0007023	Cmi01	Cpl01	Ler01	Loc04	Gga04	Xtr01
N0.HOG0007024	Cmi01	Cpl01	Ler01	Loc02	Gga04	Xtr01
N0.HOG0007025	Cmi01	Cpl01	Ler01	Loc02	Gga04	Xtr01
N0.HOG0007026	Cmi01	Cpl01	Ler01	Loc02	Gga04	Xtr01
N0.HOG0007027	Cmi01	Cpl01	Ler01	Loc02	Gga04	Xtr01
N0.HOG0007028	Cmi01	Cpl01		Loc04	Gga04	Xtr01
N0.HOG0007029	Cmi01	Cpl01	Ler01	Loc04	Gga04	Xtr01
N0.HOG0007030	Cmi01	Cpl01	Ler01	Loc04	Gga04	Xtr01
N0.HOG0007031	Cmi01	Cpl01	Ler01	Loc04	Gga04	Xtr01
N0.HOG0007032	Cmi01	Cpl01	Ler01	Loc02	Gga04	Xtr01
N0.HOG0007033	Cmi01	Cpl01	Ler01	Loc04	Gga02	Xtr01
N0.HOG0007034	Cmi01	Cpl01	Ler01	Loc04	Gga04	Xtr01
N0.HOG0007035	Cmi01	Cpl01	Ler01	Loc04	Gga04	Xtr01
N0.HOG0007036	Cmi01	Cpl01	LerSca	Loc04	Gga04	Xtr01
N0.HOG0007037	Cmi01	Cpl01	LerSca	Loc04	Gga04	Xtr01
N0.HOG0007038	Cmi01	Cpl01	LerSca	Loc04	Gga04	Xtr08
N0.HOG0007039	Cmi01	Cpl01	Ler48	Loc04	Gga02	Xtr05
N0.HOG0007040	Cmi01	Cpl01	Ler48	Loc04	Gga04	Xtr01
N0.HOG0007041	Cmi01	Cpl01	LerSca	Loc02	Gga04	Xtr01
N0.HOG0007042	Cmi01	Cpl01	LerSca	Loc04		Xtr01
N0.HOG0007043	Cmi01	Cpl01	LerSca	Loc04	Gga04	Xtr01
N0.HOG0007044	Cmi01	Cpl32	Ler01	Loc04	Gga04	Xtr01
N0.HOG0007045	Cmi01	Cpl32	Ler01	Loc04	Gga04	Xtr01
N0.HOG0007046	Cmi01	Cpl32	Ler01	Loc04	Gga04	Xtr01
N0.HOG0007047	Cmi01	Cpl32	Ler01	Loc04	GgaZ	Xtr01
N0.HOG0007048	Cmi01	Cpl32	Ler01	Loc04	GgaZ	Xtr01
N0.HOG0007049	Cmi01	Cpl32	Ler01	Loc04	GgaZ	Xtr01
N0.HOG0007050	Cmi01	Cpl32	Ler01	Loc02	Gga04	Xtr01
N0.HOG0007051	Cmi01	Cpl32	Ler01	Loc02	Gga04	Xtr01
N0.HOG0007052	Cmi01	Cpl32	Ler01	Loc04	GgaZ	Xtr01
N0.HOG0007053	Cmi01	Cpl32	Ler01	Loc04	GgaZ	Xtr01
N0.HOG0007054	Cmi01	Cpl32	Ler01	Loc04	GgaZ	Xtr01
N0.HOG0007055	Cmi01	Cpl32	Ler01	Loc04	Gga04	Xtr01
N0.HOG0007056	Cmi01	Cpl02	Ler03	Loc04	Gga04	Xtr01
N0.HOG0007057	Cmi01	Cpl02	Ler03	Loc04	Gga04	Xtr01
N0.HOG0007058	Cmi01	Cpl32	Ler01	Loc04	Gga04	Xtr01
N0.HOG0007059	Cmi01	Cpl02	Ler03	Loc02	Gga04	Xtr01
N0.HOG0007060	Cmi01	Cpl02	Ler03	Loc04	Gga04	Xtr01
N0.HOG0007061	Cmi01	Cpl02	Ler03	Loc04	Gga04	Xtr01
N0.HOG0007062	Cmi01	Cpl02	Ler03	Loc04	Gga04	Xtr01
N0.HOG0007063	Cmi01	Cpl32	Ler01	Loc04	GgaZ	Xtr01
N0.HOG0007064	Cmi01	Cpl32	Ler01	Loc02	GgaZ	Xtr01
N0.HOG0007065	Cmi01	Cpl32	Ler01	Loc02	GgaZ	Xtr01
N0.HOG0007066	Cmi01	Cpl32	Ler01	Loc02	GgaZ	Xtr01
N0.HOG0007067	Cmi01	Cpl32	Ler01	Loc04	Gga04	Xtr01
N0.HOG0007068	Cmi01	Cpl32	Ler01	Loc04	Gga04	Xtr01
N0.HOG0007069	Cmi01	Cpl32	Ler01	Loc04	Gga04	Xtr05
N0.HOG0007070	Cmi01	Cpl32	Ler01	Loc02	Gga04	Xtr09
N0.HOG0007071	Cmi01	Cpl32	Ler01	Loc02	Gga04	Xtr01
N0.HOG0007072	Cmi01	Cpl02	Ler03	Loc04	Gga04	Xtr01
N0.HOG0007073	Cmi01	Cpl02	Ler03	Loc04	GgaZ	Xtr01
N0.HOG0007074	Cmi01	Cpl02	Ler03	Loc04	Gga01	Xtr01
N0.HOG0007075	Cmi01	Cpl02	Ler03	Loc04	GgaZ	Xtr01
N0.HOG0007076	Cmi01	Cpl02	Ler03	Loc04	GgaZ	Xtr01
N0.HOG0007077	Cmi01	Cpl02	Ler03	Loc04	GgaZ	Xtr01
N0.HOG0007078	Cmi01	Cpl02	Ler03	Loc04	GgaZ	Xtr01
N0.HOG0007079	Cmi01	Cpl02	Ler03	Loc04	GgaZ	Xtr01
N0.HOG0007080	Cmi01	Cpl03	LerSca	Loc16	Gga03	Xtr05
N0.HOG0007081	Cmi01	Cpl02	Ler03	Loc04	GgaZ	Xtr01
N0.HOG0007082	Cmi01	Cpl02	Ler03	Loc04	GgaZ	Xtr01
N0.HOG0007083	Cmi01	Cpl02	Ler03	Loc04	GgaZ	Xtr01
N0.HOG0007084	Cmi01	Cpl02	Ler03	Loc02	GgaZ	Xtr01
N0.HOG0007085	Cmi01	Cpl02	Ler03	Loc02	GgaZ	Xtr01
N0.HOG0007086	Cmi01	Cpl02	Ler03	Loc02	GgaZ	Xtr01
N0.HOG0007087	Cmi01	Cpl02	Ler03	Loc02	GgaZ	Xtr01
N0.HOG0007088	Cmi01	Cpl02	Ler03	Loc02	GgaZ	Xtr01
N0.HOG0007089	Cmi01	Cpl02	Ler03	Loc04	GgaZ	Xtr01
N0.HOG0007090	Cmi01	Cpl02	Ler03	Loc04	GgaZ	Xtr01
N0.HOG0007091	Cmi01	Cpl02	Ler03	Loc04	GgaZ	Xtr01
N0.HOG0007092	Cmi01	Cpl02	Ler03	Loc04	GgaZ	Xtr01
N0.HOG0007093	Cmi01	Cpl02	Ler03	Loc02	GgaZ	Xtr01
N0.HOG0007094	Cmi01	Cpl02	Ler03	Loc02	GgaZ	Xtr01
N0.HOG0007095	Cmi01	Cpl02	Ler03	Loc02	GgaZ	Xtr01
N0.HOG0007096	Cmi01	Cpl02	Ler03	Loc02	GgaZ	Xtr01
N0.HOG0007097	Cmi01	Cpl02	Ler03	Loc02	GgaZ	Xtr01
N0.HOG0007098	Cmi01	Cpl02	Ler03	Loc04	GgaZ	Xtr01
N0.HOG0007099	Cmi01	Cpl02	Ler03	Loc04	GgaZ	Xtr01
N0.HOG0007100	Cmi01	Cpl02	Ler03	Loc04	GgaZ	Xtr01
N0.HOG0007101	Cmi01	Cpl02	Ler03	Loc04	GgaZ	Xtr01
N0.HOG0007102	Cmi01	Cpl02	Ler03	Loc04	GgaZ	Xtr01
N0.HOG0007103	Cmi01	Cpl02	Ler03	Loc04	GgaZ	Xtr01
N0.HOG0007104	Cmi01	Cpl02	Ler03	Loc02	GgaZ	Xtr01
N0.HOG0007105	Cmi01	Cpl02	Ler03	Loc02	GgaZ	Xtr01
N0.HOG0007106	Cmi01	Cpl02	Ler03	Loc02	GgaZ	Xtr01
N0.HOG0007107	Cmi01	Cpl02	Ler03	Loc02	GgaZ	Xtr01
N0.HOG0007108	Cmi01	Cpl02	Ler03	Loc02	GgaZ	Xtr01
N0.HOG0007109	Cmi01	Cpl02	Ler03	Loc02	GgaZ	Xtr01
N0.HOG0007110	Cmi01	Cpl02	Ler03	Loc02	GgaZ	Xtr01
N0.HOG0007111	Cmi01	Cpl02	Ler03	Loc02	GgaZ	Xtr01
N0.HOG0007112	Cmi01	Cpl02	Ler03	Loc02	GgaZ	Xtr01
N0.HOG0007113	Cmi01	Cpl02	Ler03	Loc02	Gga19	Xtr02
N0.HOG0007114	Cmi01	Cpl02	Ler03	Loc02	GgaZ	Xtr01
N0.HOG0007115	Cmi01	Cpl02	Ler03	Loc02	GgaZ	Xtr01
N0.HOG0007116	Cmi01	Cpl02	Ler03	Loc02	GgaZ	Xtr01
N0.HOG0007117	Cmi01	Cpl02	Ler03	Loc02	GgaZ	Xtr01
N0.HOG0007118	Cmi01	Cpl02	Ler03	Loc02	GgaZ	Xtr01
N0.HOG0007119	Cmi01	Cpl02	Ler03	Loc04	GgaZ	Xtr01
N0.HOG0007120	Cmi01	Cpl02	Ler03	Loc04	GgaZ	Xtr01
N0.HOG0007121	Cmi01	Cpl02	Ler03	Loc04	GgaZ	Xtr01
N0.HOG0007122	Cmi01	Cpl02	Ler03	Loc04	GgaZ	Xtr01
N0.HOG0007123	Cmi01	Cpl02	Ler03	Loc04	GgaZ	Xtr01
N0.HOG0007124	Cmi01	Cpl02	Ler03	Loc02	GgaZ	Xtr01
N0.HOG0007125	Cmi01	Cpl02	Ler03	Loc02	GgaZ	Xtr01
N0.HOG0007126	Cmi01	Cpl02	Ler03	Loc02	GgaZ	Xtr01
N0.HOG0007127	Cmi01	Cpl02	Ler03	Loc02	GgaZ	Xtr01
N0.HOG0007128	Cmi01	Cpl02	Ler03	Loc02	GgaZ	Xtr01
N0.HOG0007129	Cmi01	Cpl02	Ler03	Loc04		Xtr01
N0.HOG0007130	Cmi01	Cpl02	Ler03	Loc02	GgaZ	Xtr01
N0.HOG0007131	Cmi01	Cpl02	Ler03	Loc02	GgaZ	Xtr01
N0.HOG0007132	Cmi01	Cpl02	Ler03	Loc02	GgaZ	Xtr01
N0.HOG0007133	Cmi01	Cpl02	Ler03	Loc02	GgaZ	Xtr01
N0.HOG0007134	Cmi01	Cpl02	Ler03	Loc02	GgaZ	Xtr01
N0.HOG0007135	Cmi01	Cpl02	Ler03	Loc02	GgaZ	Xtr01
N0.HOG0007136	Cmi01	Cpl02	Ler03	Loc02	GgaZ	Xtr01
N0.HOG0007137	Cmi01	Cpl02	Ler03	Loc02	GgaZ	Xtr01
N0.HOG0007138	Cmi01	Cpl02	Ler03	Loc02	GgaZ	Xtr01
N0.HOG0007139	Cmi01	Cpl02	Ler03	Loc02	GgaZ	Xtr01
N0.HOG0007140	Cmi01	Cpl02	Ler03	Loc02	GgaZ	Xtr01
N0.HOG0007141	Cmi01	Cpl02	Ler03	Loc02	GgaZ	Xtr01
N0.HOG0007142	Cmi01	Cpl02	Ler03	Loc02	GgaZ	Xtr01
N0.HOG0007143	Cmi01	Cpl02	Ler03	Loc02	GgaZ	Xtr01
N0.HOG0007144	Cmi01	Cpl02	Ler03	Loc02	GgaZ	Xtr01
N0.HOG0007145	Cmi01	CplSca	Ler03	Loc02	GgaZ	Xtr01
N0.HOG0007146	Cmi01	Cpl02	Ler03	Loc02	GgaZ	Xtr09
N0.HOG0007147	Cmi01	Cpl02	Ler03	Loc02	GgaZ	Xtr01
N0.HOG0007148	Cmi01	Cpl02	Ler03	Loc02	GgaZ	Xtr01
N0.HOG0007149	Cmi01	Cpl02	Ler03	Loc02	GgaZ	Xtr01
N0.HOG0007150	Cmi01	Cpl02	Ler03	Loc02	GgaZ	Xtr01
N0.HOG0007151	Cmi01	Cpl02	Ler03	Loc02	GgaZ	Xtr01
N0.HOG0007152	Cmi01	Cpl02	Ler03	Loc02	GgaZ	Xtr01
N0.HOG0007153	Cmi01	Cpl02	Ler03	Loc02	GgaZ	Xtr01
N0.HOG0007154	Cmi01	Cpl02	Ler03	Loc02	GgaZ	Xtr01
N0.HOG0007155	Cmi01	Cpl02	Ler03	Loc02	GgaZ	Xtr01
N0.HOG0007156	Cmi01	Cpl02	Ler03	Loc02	GgaZ	Xtr07
N0.HOG0007157	Cmi01	Cpl02	Ler03	Loc02	GgaZ	Xtr01
N0.HOG0007158	Cmi01	Cpl02	Ler03	Loc02	GgaZ	Xtr01
N0.HOG0007159	Cmi01	Cpl02	Ler03	Loc02	GgaZ	Xtr01
N0.HOG0007160	Cmi01	Cpl02	Ler03	Loc02	GgaZ	Xtr01
N0.HOG0007161	Cmi01	Cpl02	Ler03	Loc02	GgaZ	Xtr01
N0.HOG0007162	Cmi01	Cpl02	Ler03	Loc02	GgaZ	Xtr01
N0.HOG0007163	Cmi01	Cpl02	Ler03	Loc02	GgaZ	Xtr01
N0.HOG0007164	Cmi01	Cpl02	Ler03	Loc02	GgaZ	Xtr01
N0.HOG0007165	Cmi01	Cpl02	Ler03	Loc02	GgaZ	Xtr01
N0.HOG0007166	Cmi01	Cpl02	Ler03	Loc02	GgaZ	Xtr01
N0.HOG0007167	Cmi01	Cpl02	Ler03	Loc02		Xtr01
N0.HOG0007168	Cmi01	Cpl02	Ler03	Loc02	GgaZ	Xtr01
N0.HOG0007169	Cmi01	Cpl02	Ler03	Loc02	GgaZ	Xtr01
N0.HOG0007170	Cmi01	Cpl02	Ler03	Loc02	GgaZ	Xtr01
N0.HOG0007171	Cmi01	Cpl02	Ler03	Loc02	GgaZ	Xtr01
N0.HOG0007172	Cmi01	Cpl02	Ler03	Loc02	GgaZ	Xtr01
N0.HOG0007173	Cmi01	Cpl02	Ler03	Loc02	GgaZ	Xtr01
N0.HOG0007174	Cmi01	Cpl02	Ler03	Loc02	GgaZ	Xtr01
N0.HOG0007175	Cmi01	Cpl02	Ler03	Loc02	GgaZ	Xtr01
N0.HOG0007176	Cmi01	Cpl02	Ler03	Loc02	GgaZ	Xtr01
N0.HOG0007177	Cmi01	Cpl02	Ler03	Loc02	GgaZ	Xtr01
N0.HOG0007178	Cmi01	Cpl02	Ler03	Loc02	GgaZ	Xtr01
N0.HOG0007179	Cmi01	Cpl02	Ler03	Loc02	GgaZ	Xtr01
N0.HOG0007180	Cmi01	Cpl02	Ler03	Loc02	GgaZ	Xtr01
N0.HOG0007181	Cmi01	Cpl02	Ler03	Loc02	GgaZ	Xtr01
N0.HOG0007182	Cmi01	Cpl02	Ler03	Loc02	GgaZ	Xtr01
N0.HOG0007183	Cmi01	Cpl02	Ler03	Loc02	GgaZ	Xtr01
N0.HOG0007184	Cmi01	Cpl02	Ler03	Loc02	GgaZ	Xtr01
N0.HOG0007185	Cmi01	Cpl02	Ler03	Loc02	GgaZ	Xtr01
N0.HOG0007186	Cmi01	Cpl02	Ler03	Loc02	GgaZ	Xtr01
N0.HOG0007187	Cmi01	Cpl02	Ler03	Loc02	GgaZ	Xtr01
N0.HOG0007188	Cmi01	Cpl02	Ler03	Loc02	GgaZ	Xtr01
N0.HOG0007189	Cmi01	Cpl02	Ler03	Loc02	GgaZ	Xtr01
N0.HOG0007190	Cmi01	Cpl02	Ler03	Loc02	GgaZ	Xtr01
N0.HOG0007191	Cmi01	Cpl02	Ler03	Loc02	GgaZ	Xtr01
N0.HOG0007192	Cmi01	Cpl02	Ler03	Loc02	GgaZ	Xtr01
N0.HOG0007193	Cmi01	Cpl02	Ler03	Loc02	GgaZ	Xtr01
N0.HOG0007194	Cmi01	Cpl02	Ler03	Loc02	GgaZ	Xtr01
N0.HOG0007195	Cmi01	Cpl02	Ler03	Loc02	GgaZ	Xtr01
N0.HOG0007196	Cmi01	Cpl02	Ler03	Loc02	GgaZ	Xtr01
N0.HOG0007197	Cmi01	Cpl02	Ler03	Loc02	GgaZ	Xtr01
N0.HOG0007198	Cmi01	Cpl02	Ler03	Loc02	GgaZ	Xtr01
N0.HOG0007199	Cmi01	Cpl02	Ler03	Loc02	GgaZ	Xtr01
N0.HOG0007200	Cmi01	Cpl02	Ler03	Loc02	GgaZ	Xtr01
N0.HOG0007201	Cmi01	Cpl02	Ler03	Loc02	GgaZ	Xtr01
N0.HOG0007202	Cmi01	Cpl02	Ler03	Loc02	GgaZ	Xtr01
N0.HOG0007203	Cmi01	Cpl02	Ler03	Loc02	GgaZ	Xtr01
N0.HOG0007204	Cmi01	Cpl02	Ler03	Loc02	GgaZ	Xtr01
N0.HOG0007205	Cmi01	Cpl02	Ler03	Loc02	GgaZ	Xtr01
N0.HOG0007206	Cmi01	Cpl02	Ler03	Loc02	GgaZ	Xtr01
N0.HOG0007207	Cmi01	Cpl02	Ler03	Loc02	GgaZ	Xtr01
N0.HOG0007208	Cmi01	Cpl02	Ler03	Loc02	GgaZ	Xtr01
N0.HOG0007209	Cmi01	Cpl02	Ler03	Loc02	GgaZ	Xtr01
N0.HOG0007210	Cmi01	Cpl02	Ler03	Loc02	GgaZ	Xtr01
N0.HOG0007211	Cmi01	Cpl02	Ler03	Loc02	GgaZ	Xtr01
N0.HOG0007212	Cmi01	Cpl02	Ler03	Loc02	GgaZ	Xtr01
N0.HOG0007213	Cmi01	Cpl02	Ler03	Loc02	GgaZ	Xtr01
N0.HOG0007214	Cmi01	Cpl02	Ler03	Loc02	GgaZ	Xtr01
N0.HOG0007215	Cmi01	Cpl02	Ler03	Loc02	GgaZ	Xtr01
N0.HOG0007216	Cmi01	Cpl02	Ler03	Loc02	GgaZ	Xtr01
N0.HOG0007217	Cmi01	Cpl02	Ler03	Loc02	GgaZ	Xtr01
N0.HOG0007218	Cmi01	Cpl02	Ler03	Loc02	GgaZ	Xtr01
N0.HOG0007219	Cmi01	Cpl02	Ler03	Loc02	GgaZ	Xtr01
N0.HOG0007220	Cmi01	Cpl02	Ler03	Loc02	GgaZ	Xtr01
N0.HOG0007221	Cmi01	Cpl02	Ler03	Loc02	GgaZ	Xtr01
N0.HOG0007222	Cmi01	Cpl02	Ler03	Loc02	GgaZ	Xtr01
N0.HOG0007223	Cmi01	Cpl02	Ler03	Loc02	GgaZ	Xtr01
N0.HOG0007224	Cmi01	Cpl02	Ler03	Loc02	GgaZ	Xtr01
N0.HOG0007225	Cmi01	Cpl02	Ler03	Loc02	GgaZ	Xtr01
N0.HOG0007226	Cmi01	Cpl02	Ler03	Loc02	GgaZ	Xtr01
N0.HOG0007227	Cmi01	Cpl02	Ler03	Loc02	GgaZ	Xtr01
N0.HOG0007228	Cmi01	Cpl02	Ler03	Loc02	GgaZ	Xtr01
N0.HOG0007229	Cmi01	Cpl02	Ler03	Loc02	GgaZ	Xtr01
N0.HOG0007230	Cmi01	Cpl02	Ler03	Loc02	GgaZ	Xtr01
N0.HOG0007231	Cmi01	Cpl02	Ler03	Loc02	GgaZ	Xtr01
N0.HOG0007232	Cmi01	Cpl02	Ler03	Loc02	GgaZ	Xtr01
N0.HOG0007233	Cmi01	Cpl02	Ler03	Loc02	GgaZ	Xtr01
N0.HOG0007234	Cmi01	Cpl02	Ler03	Loc02	GgaZ	Xtr01
N0.HOG0007235	Cmi01	Cpl02	Ler03	Loc02	GgaZ	Xtr01
N0.HOG0007236	Cmi01	Cpl02	Ler03	Loc02	GgaZ	Xtr01
N0.HOG0007237	Cmi01	Cpl02	Ler03	Loc02	GgaZ	Xtr01
N0.HOG0007238	Cmi01	Cpl02	Ler03	Loc02	GgaZ	Xtr01
N0.HOG0007239	Cmi01	Cpl02	Ler03	Loc02	GgaZ	Xtr01
N0.HOG0007240	Cmi01	Cpl02	Ler03	Loc02		Xtr03
N0.HOG0007241	Cmi01	Cpl02	Ler03	Loc02	GgaZ	Xtr01
N0.HOG0007242	Cmi01	Cpl02	Ler03	Loc02	GgaZ	Xtr01
N0.HOG0007243	Cmi01	Cpl02	Ler03	Loc02	GgaZ	Xtr01
N0.HOG0007244	Cmi01	CplSca	Ler03	Loc02	GgaZ	Xtr01
N0.HOG0007245	Cmi01	Cpl02	Ler03	Loc02	GgaZ	Xtr01
N0.HOG0007246	Cmi01	Cpl02	Ler03	Loc02	GgaZ	Xtr01
N0.HOG0007247	Cmi01	Cpl02	Ler03	Loc02	GgaZ	Xtr01
N0.HOG0007248	Cmi01	Cpl02	Ler03	Loc02	GgaZ	Xtr01
N0.HOG0007249	Cmi01	Cpl02	Ler03	Loc02	GgaZ	Xtr01
N0.HOG0007250	Cmi01	Cpl02	Ler03	Loc02	GgaZ	Xtr01
N0.HOG0007251	Cmi01	Cpl02	Ler03	Loc02	GgaZ	Xtr01
N0.HOG0007252	Cmi01	Cpl02	Ler03	Loc02	GgaZ	Xtr01
N0.HOG0007253	Cmi01	Cpl02	Ler03	Loc02	GgaZ	Xtr01
N0.HOG0007254	Cmi01	Cpl02	Ler03	Loc02	GgaZ	Xtr01
N0.HOG0007255	Cmi01	Cpl02	Ler03	Loc02	GgaZ	Xtr01
N0.HOG0007256	Cmi01	Cpl02	Ler03	Loc02	GgaZ	Xtr01
N0.HOG0007257	Cmi01	Cpl02	Ler03	Loc02	GgaZ	Xtr01
N0.HOG0007258	Cmi01	Cpl02	Ler03	Loc02	GgaZ	Xtr01
N0.HOG0007259	Cmi01	Cpl01	Ler01	Loc02	GgaZ	Xtr01
N0.HOG0007260	Cmi01	Cpl01	Ler01	Loc02	GgaZ	Xtr01
N0.HOG0007261	Cmi01	Cpl01	Ler01	Loc02	GgaZ	Xtr01
N0.HOG0007262	Cmi01	Cpl01	Ler01	Loc02	GgaZ	Xtr01
N0.HOG0007263	Cmi01	Cpl01	Ler01	Loc02	GgaZ	Xtr01
N0.HOG0007264	Cmi01	Cpl01	Ler01	Loc02	GgaZ	Xtr01
N0.HOG0007265	Cmi01	Cpl01	Ler01	Loc02	GgaZ	Xtr01
N0.HOG0007266	Cmi01	Cpl01	Ler01	Loc02	GgaZ	Xtr01
N0.HOG0007267	Cmi01	Cpl01	Ler01	Loc02	GgaZ	Xtr01
N0.HOG0007268	Cmi01	Cpl01	Ler01	Loc02	GgaZ	Xtr01
N0.HOG0007269	Cmi01	Cpl01	Ler01	Loc02	GgaZ	Xtr01
N0.HOG0007270	Cmi01	Cpl01	Ler01	Loc02	GgaZ	Xtr01
N0.HOG0007271	Cmi01	Cpl01	Ler01	Loc02	GgaZ	Xtr01
N0.HOG0007272	Cmi01	Cpl01	Ler01	Loc02	GgaZ	Xtr01
N0.HOG0007273	Cmi01	Cpl01	Ler01	Loc02	GgaZ	Xtr01
N0.HOG0007274	Cmi01	Cpl01	Ler01	Loc02	GgaZ	Xtr01
N0.HOG0007275	Cmi01	Cpl01	Ler01	Loc02	GgaZ	Xtr01
N0.HOG0007276	Cmi01	Cpl01	Ler01	Loc02	GgaZ	Xtr01
N0.HOG0007277	Cmi01	Cpl01	Ler01	Loc02	GgaZ	Xtr01
N0.HOG0007278	Cmi01	Cpl01	Ler01	Loc02	GgaZ	Xtr01
N0.HOG0007279	Cmi01	Cpl01	Ler01	Loc02	GgaZ	Xtr01
N0.HOG0007280	Cmi01	Cpl01	Ler01	Loc02	GgaZ	Xtr01
N0.HOG0007281	Cmi01	Cpl01	Ler01	Loc02	GgaZ	Xtr01
N0.HOG0007282	Cmi01	Cpl01	Ler01	Loc02	GgaZ	Xtr01
N0.HOG0007283	Cmi01	Cpl01	Ler01	Loc02	GgaZ	Xtr01
N0.HOG0007284	Cmi01	Cpl01	Ler01	Loc02	GgaZ	Xtr01
N0.HOG0007285	Cmi01	Cpl01	Ler01	Loc02	GgaZ	Xtr01
N0.HOG0007286	Cmi01	Cpl01	Ler01	Loc02	GgaZ	Xtr01
N0.HOG0007287	Cmi01	Cpl01	Ler01	Loc02	GgaZ	Xtr01
N0.HOG0007288	Cmi01	Cpl01	Ler01	Loc02	GgaZ	Xtr01
N0.HOG0007289	Cmi01	Cpl01	Ler01	Loc02	GgaZ	Xtr01
N0.HOG0007290	Cmi01	Cpl01	Ler01	Loc02	GgaZ	Xtr01
N0.HOG0007291	Cmi01	Cpl01	Ler01	Loc02	GgaZ	Xtr01
N0.HOG0007292	Cmi01	Cpl01	Ler01	Loc02	GgaZ	Xtr01
N0.HOG0007293	Cmi01	Cpl01	Ler01	Loc02	GgaZ	Xtr01
N0.HOG0007294	Cmi01	Cpl01	Ler01	Loc02	GgaZ	Xtr01
N0.HOG0007295	Cmi01	Cpl01	Ler01	Loc02	GgaZ	Xtr01
N0.HOG0007296	Cmi01	Cpl01	Ler01	Loc02	GgaZ	Xtr01
N0.HOG0007297	Cmi01	Cpl01	Ler01	Loc02	GgaZ	Xtr01
N0.HOG0007298	Cmi01	Cpl01	Ler01	Loc02	GgaZ	Xtr01
N0.HOG0007299	Cmi01	Cpl01	Ler01	Loc02	GgaZ	Xtr01
N0.HOG0007300	Cmi01	Cpl01	Ler01	Loc02	GgaZ	Xtr01
N0.HOG0007301	Cmi01	Cpl01	Ler01	Loc02	GgaZ	Xtr01
N0.HOG0007302	Cmi01	Cpl01	Ler01	Loc02	GgaZ	Xtr01
N0.HOG0007303	Cmi01	Cpl01	Ler01	Loc02	GgaZ	Xtr01
N0.HOG0007304	Cmi01	Cpl01	Ler01	Loc02	GgaZ	Xtr01
N0.HOG0007305	Cmi01	Cpl01	Ler01	Loc02	GgaZ	Xtr01
N0.HOG0007306	Cmi01	Cpl01	Ler01	Loc04	GgaZ	Xtr01
N0.HOG0007307	Cmi01	Cpl01	Ler01	Loc04	GgaZ	Xtr01
N0.HOG0007308	Cmi01	Cpl01	Ler01	Loc02	GgaZ	Xtr01
N0.HOG0007309	Cmi01	Cpl01	Ler01	Loc02	GgaZ	Xtr01
N0.HOG0007310	Cmi01	Cpl01	Ler01	Loc02	GgaZ	Xtr01
N0.HOG0007311	Cmi01	Cpl01	Ler01	Loc02	GgaZ	Xtr01
N0.HOG0007312	Cmi01	Cpl01	Ler01	Loc04	GgaZ	Xtr01
N0.HOG0007313	Cmi01	Cpl01	Ler01	Loc04	GgaZ	Xtr01
N0.HOG0007314	Cmi01	Cpl01	Ler01	Loc02	GgaZ	Xtr01
N0.HOG0007315	Cmi01	Cpl01	Ler01	Loc02	GgaZ	Xtr01
N0.HOG0007316	Cmi01	Cpl01	Ler01	Loc02	GgaZ	Xtr01
N0.HOG0007317	Cmi01	Cpl01	Ler01	Loc02	GgaZ	Xtr01
N0.HOG0007318	Cmi01	Cpl01	Ler01	Loc02	GgaZ	Xtr01
N0.HOG0007319	Cmi01	Cpl01	Ler01	Loc02	GgaZ	Xtr01
N0.HOG0007320	Cmi01	Cpl01	Ler01	Loc02	GgaZ	Xtr01
N0.HOG0007321	Cmi01	Cpl01	Ler01	Loc02	GgaZ	Xtr01
N0.HOG0007322	Cmi01	Cpl01	Ler01	Loc02	GgaZ	Xtr01
N0.HOG0007323	Cmi01	Cpl01	Ler01	Loc02	GgaZ	Xtr01
N0.HOG0007324	Cmi01	Cpl01	Ler01	Loc02	GgaZ	Xtr01
N0.HOG0007325	Cmi01	Cpl01	Ler01	Loc11	GgaZ	XtrSca
N0.HOG0007326	Cmi01	Cpl01	Ler01	Loc11	GgaZ	Xtr01
N0.HOG0007327	Cmi01	Cpl01	Ler01	Loc02	GgaZ	Xtr01
N0.HOG0007328	Cmi01	Cpl01	Ler01	Loc02	GgaZ	Xtr01
N0.HOG0007329	Cmi01	Cpl01	Ler01	Loc02	GgaZ	Xtr01
N0.HOG0007330	Cmi01	Cpl01		Loc24, Loc02	GgaZ	Xtr01
N0.HOG0007331	Cmi01	Cpl01	Ler01	Loc02	GgaZ	Xtr01
N0.HOG0007332	Cmi01	Cpl01	Ler01	Loc02	GgaZ	Xtr01
N0.HOG0007333	Cmi01	Cpl01	Ler01	Loc02	GgaZ	Xtr01
N0.HOG0007334	Cmi01	Cpl01	Ler01	Loc02	GgaZ	Xtr01
N0.HOG0007335	Cmi01	Cpl01	Ler01	Loc02	GgaZ	Xtr01
N0.HOG0007336	Cmi01	Cpl01	Ler01	Loc02	GgaZ	Xtr01
N0.HOG0007337	Cmi01	Cpl01	Ler01	Loc02	GgaZ	Xtr01
N0.HOG0007338	Cmi01	CplSca	Ler01	Loc02	GgaZ	Xtr01
N0.HOG0007339	Cmi01	Cpl01	Ler01	Loc02	GgaZ	Xtr01
N0.HOG0007340	Cmi01	Cpl01	Ler01	Loc02	GgaZ	Xtr01
N0.HOG0007341	Cmi01	Cpl01	Ler01	Loc02	GgaZ	Xtr01
N0.HOG0007342	Cmi01	Cpl01	Ler01	Loc02	GgaZ	Xtr01
N0.HOG0007343	Cmi01	Cpl01	Ler01	Loc02	GgaZ	Xtr01
N0.HOG0007344	Cmi01	Cpl01	Ler01	Loc02	GgaZ	Xtr01
N0.HOG0007345	Cmi01	Cpl01	Ler01	Loc02	GgaZ	Xtr01
N0.HOG0007346	Cmi01	Cpl01	Ler01	Loc02	GgaZ	Xtr01
N0.HOG0007347	Cmi01	Cpl01	Ler01	Loc02	GgaZ	Xtr01
N0.HOG0007348	Cmi01	Cpl01	Ler01	Loc02	GgaZ	Xtr01
N0.HOG0007349	Cmi01	Cpl01	Ler01	Loc02	GgaZ	Xtr01
N0.HOG0007350	Cmi01	Cpl01	Ler01	Loc02	GgaZ	Xtr01
N0.HOG0007351	Cmi01	Cpl01	Ler01	Loc02	GgaZ	Xtr01
N0.HOG0007352	Cmi01	Cpl48	LerSca	Loc02	GgaSca	Xtr03
N0.HOG0007353	Cmi01	Cpl02	Ler03	Loc01	Gga03	Xtr05
N0.HOG0007354	Cmi01	Cpl02	Ler03	Loc02	GgaZ	Xtr01
N0.HOG0007355	Cmi01	Cpl02	Ler03	Loc02	GgaZ	Xtr01
N0.HOG0007356	Cmi01	Cpl02				Xtr01
N0.HOG0007357	Cmi01	Cpl02	Ler03	Loc02	GgaZ	Xtr01
N0.HOG0007358	Cmi01	Cpl02	Ler03	Loc02	GgaZ	
N0.HOG0007359	Cmi01	Cpl02	Ler03	Loc02	GgaZ	Xtr01
N0.HOG0007360	Cmi01	Cpl02	Ler03	Loc02	GgaZ	Xtr01
N0.HOG0007361	Cmi02	Cpl04	Ler49	Loc09	Gga02	Xtr06
N0.HOG0007362	Cmi02	Cpl04	Ler43	Loc09	Gga02	Xtr06
N0.HOG0007363	Cmi02	Cpl04	Ler43	Loc09	Gga02	Xtr06
N0.HOG0007364	Cmi02	Cpl04	LerSca	Loc11	Gga02	Xtr06
N0.HOG0007365	Cmi02	Cpl04	LerSca	LocSca	Gga02	Xtr06
N0.HOG0007366	Cmi02	Cpl04	LerSca	Loc11	Gga02	Xtr06
N0.HOG0007367	Cmi02	Cpl04	LerSca	Loc09	Gga02	Xtr06
N0.HOG0007368	Cmi02	Cpl04	LerSca	Loc09	Gga02	Xtr06
N0.HOG0007369	Cmi02	Cpl04	LerSca	Loc09	Gga02	Xtr06
N0.HOG0007370	Cmi02	Cpl05	Ler02	Loc09	Gga02	Xtr06
N0.HOG0007371	Cmi02	Cpl05	Ler02	Loc09	Gga02	Xtr06
N0.HOG0007372	Cmi02	Cpl05	Ler02	Loc09	Gga02	Xtr06
N0.HOG0007373	Cmi02	Cpl05	Ler02	Loc09	Gga02	Xtr06
N0.HOG0007374	Cmi02	Cpl05	Ler02	Loc09	Gga02	Xtr06
N0.HOG0007375	Cmi02	Cpl05	Ler02	Loc09	Gga02	Xtr06
N0.HOG0007376	Cmi02	Cpl05	Ler02	Loc09	Gga02	Xtr06
N0.HOG0007377	Cmi02	Cpl05	Ler02	Loc09	Gga02	Xtr06
N0.HOG0007378	Cmi02	Cpl05	Ler02	Loc09	Gga02	Xtr06
N0.HOG0007379	Cmi02	Cpl05	Ler02	Loc09	Gga02	Xtr06
N0.HOG0007380	Cmi02	Cpl05	Ler02	Loc09	Gga02	Xtr06
N0.HOG0007381	Cmi02	Cpl05	Ler02	Loc09	Gga02	Xtr06
N0.HOG0007382	Cmi02	Cpl05	Ler02	Loc09	Gga02	Xtr06
N0.HOG0007383	Cmi02	Cpl05	Ler02	Loc09	Gga02	Xtr06
N0.HOG0007384	Cmi02	Cpl05	Ler02	Loc09	Gga02	Xtr06
N0.HOG0007385	Cmi02	Cpl05	Ler02	Loc09	Gga02	Xtr06
N0.HOG0007386	Cmi02	Cpl05	Ler02	Loc09	Gga02	Xtr06
N0.HOG0007387	Cmi02	Cpl05	Ler02	Loc09	Gga02	Xtr06
N0.HOG0007388	Cmi02	Cpl05	Ler02	Loc09	Gga02	Xtr06
N0.HOG0007389	Cmi02	Cpl05	Ler02	Loc09	Gga02	Xtr06
N0.HOG0007390	Cmi02	Cpl05	Ler02	Loc09	Gga02	Xtr06
N0.HOG0007391	Cmi02	Cpl04	Ler04	Loc11	Gga02	Xtr06
N0.HOG0007392	Cmi02	Cpl04	Ler04	Loc11	Gga02	Xtr06
N0.HOG0007393	Cmi02	Cpl05	Ler02	Loc11		
N0.HOG0007394	Cmi02	Cpl03	Ler02	Loc09	Gga02	Xtr06
N0.HOG0007395	Cmi02	Cpl05	Ler02	Loc09	Gga02	Xtr06
N0.HOG0007396	Cmi02	Cpl05	Ler02	Loc09	Gga02	Xtr06
N0.HOG0007397	Cmi02	Cpl05	Ler02	Loc09	Gga02	Xtr06
N0.HOG0007398	Cmi02	Cpl05	Ler02	Loc09	Gga02	Xtr06
N0.HOG0007399	Cmi02	Cpl05	Ler02	Loc09	Gga02	Xtr06
N0.HOG0007400	Cmi02	Cpl05	Ler02	Loc09	Gga02	Xtr06
N0.HOG0007401	Cmi02	Cpl05	Ler02	Loc09	Gga02	Xtr06
N0.HOG0007402	Cmi02	Cpl05	Ler02	Loc09	Gga02	Xtr06
N0.HOG0007403	Cmi02	Cpl04	Ler04	Loc09	Gga02	Xtr06
N0.HOG0007404	Cmi02	Cpl04	Ler04	Loc09	Gga02	Xtr06
N0.HOG0007405	Cmi02	Cpl04	Ler04	Loc09	Gga02	Xtr06
N0.HOG0007406	Cmi02	Cpl05	Ler02	Loc09	Gga02	Xtr06
N0.HOG0007407	Cmi02	Cpl05	Ler02	Loc09	Gga02	Xtr06
N0.HOG0007408	Cmi02	Cpl05	Ler02	Loc09	Gga02	Xtr06
N0.HOG0007409	Cmi02	Cpl05	Ler02	Loc09	Gga02	Xtr06
N0.HOG0007410	Cmi02	CplSca	Ler02	Loc09	Gga02	Xtr06
N0.HOG0007411	Cmi02	Cpl05	Ler02	Loc09	Gga02	Xtr06
N0.HOG0007412	Cmi02	Cpl05	Ler02	Loc09	Gga02	Xtr06
N0.HOG0007413	Cmi02	Cpl05	Ler02	Loc09	Gga02	Xtr06
N0.HOG0007414	Cmi02	Cpl05	Ler02	Loc09	Gga02	Xtr06
N0.HOG0007415	Cmi02	Cpl05	Ler02	Loc09	Gga02	Xtr06
N0.HOG0007416	Cmi02	Cpl05	Ler02	Loc09	Gga02	Xtr06
N0.HOG0007417	Cmi02	Cpl05	Ler02	Loc09	Gga02	Xtr06
N0.HOG0007418	Cmi02	Cpl05	Ler02	Loc09	Gga02	Xtr06
N0.HOG0007419	Cmi02	Cpl05	Ler02	Loc09	Gga02	Xtr06
N0.HOG0007420	Cmi02	Cpl05	Ler02	LocSca	Gga02	Xtr06
N0.HOG0007421	Cmi02	Cpl05	Ler02	LocSca	Gga02	Xtr06
N0.HOG0007422	Cmi02	Cpl05	Ler02	LocSca	Gga02	Xtr06
N0.HOG0007423	Cmi02	Cpl05	Ler02	LocSca	Gga02	Xtr06
N0.HOG0007424	Cmi02	Cpl05	Ler02	LocSca	Gga02	Xtr06
N0.HOG0007425	Cmi02	Cpl05	Ler02	LocSca	Gga02	Xtr06
N0.HOG0007426	Cmi02	Cpl05	Ler02	Loc09	Gga02	Xtr06
N0.HOG0007427	Cmi02	Cpl05	Ler02	Loc09		Xtr06
N0.HOG0007428	Cmi02	Cpl05	Ler02	Loc09	Gga02	Xtr06
N0.HOG0007429	Cmi02	Cpl05	Ler02	Loc09	Gga02	Xtr06
N0.HOG0007430	Cmi02	Cpl05	Ler02	Loc09	Gga02	Xtr06
N0.HOG0007431	Cmi02	Cpl05	Ler02	Loc09	Gga02	Xtr06
N0.HOG0007432	Cmi02	Cpl05	Ler02	Loc09	Gga02	Xtr06
N0.HOG0007433	Cmi02	Cpl29	Ler02	Loc09	Gga02	Xtr06
N0.HOG0007434	Cmi02	Cpl29	Ler02	Loc11	Gga02	Xtr06
N0.HOG0007435	Cmi02	Cpl29	Ler02	Loc11	Gga02	Xtr06
N0.HOG0007436	Cmi02	Cpl29	Ler02	Loc11	Gga02	Xtr06
N0.HOG0007437	Cmi02	Cpl29	Ler02	Loc11	Gga02	Xtr06
N0.HOG0007438	Cmi02	Cpl29	Ler02	Loc11	Gga02	Xtr06
N0.HOG0007439	Cmi02	Cpl29	Ler02	Loc09	Gga02	Xtr06
N0.HOG0007440	Cmi02	Cpl29	Ler02	Loc09	Gga02	Xtr06
N0.HOG0007441	Cmi02	Cpl29	Ler02	Loc09	Gga02	Xtr06
N0.HOG0007442	Cmi02	Cpl04	Ler04	Loc11	Gga02	Xtr06
N0.HOG0007443	Cmi02	Cpl04	Ler04	Loc11	Gga02	Xtr06
N0.HOG0007444	Cmi02	Cpl04	Ler04	Loc11	Gga02	Xtr06
N0.HOG0007445	Cmi02	Cpl04	Ler04	Loc11	Gga02	Xtr06
N0.HOG0007446	Cmi02	Cpl04	Ler04	Loc11	Gga02	Xtr06
N0.HOG0007447	Cmi02	Cpl04	Ler04	Loc09	Gga02	Xtr06
N0.HOG0007448	Cmi02	Cpl04	Ler04	Loc09	Gga02	Xtr06
N0.HOG0007449	Cmi02	Cpl04	Ler04	Loc09	Gga02	Xtr06
N0.HOG0007450	Cmi02	Cpl04	Ler04	Loc09	Gga02	Xtr06
N0.HOG0007451	Cmi02	Cpl04	Ler04	Loc09	Gga02	Xtr03
N0.HOG0007452	Cmi02	Cpl04	Ler04	Loc09	Gga02	Xtr06
N0.HOG0007453	Cmi02	Cpl04	Ler04	Loc09	Gga02	Xtr06
N0.HOG0007454	Cmi02	Cpl04	Ler04	Loc11	Gga02	Xtr06
N0.HOG0007455	Cmi02	Cpl04	Ler04	Loc11	Gga02	Xtr06
N0.HOG0007456	Cmi02	Cpl04	Ler04	Loc09	Gga02	Xtr06
N0.HOG0007457	Cmi02	Cpl04	Ler04	Loc11	Gga02	Xtr06
N0.HOG0007458	Cmi02	Cpl05	Ler02	Loc11	Gga02	Xtr06
N0.HOG0007459	Cmi02	Cpl05	Ler02	Loc11	Gga02	Xtr06
N0.HOG0007460	Cmi02	Cpl05	Ler02	Loc11	Gga02	Xtr06
N0.HOG0007461	Cmi02	Cpl05	Ler02	Loc11	Gga02	Xtr06
N0.HOG0007462	Cmi02	Cpl05	Ler02	Loc11	Gga02	Xtr06
N0.HOG0007463	Cmi02	Cpl05	Ler02	Loc09	Gga02	Xtr06
N0.HOG0007464	Cmi02	Cpl05	Ler02	Loc09	Gga02	Xtr06
N0.HOG0007465	Cmi02	CplSca	Ler02	Loc09	Gga02	Xtr06
N0.HOG0007466	Cmi02	Cpl05	Ler02	Loc09	Gga02	Xtr06
N0.HOG0007467	Cmi02	Cpl05	Ler02	Loc09	Gga02	Xtr06
N0.HOG0007468	Cmi02	Cpl05	Ler02	Loc09	Gga02	Xtr06
N0.HOG0007469	Cmi02	Cpl05	Ler02	Loc09	Gga02	Xtr06
N0.HOG0007470	Cmi02	Cpl05	Ler02	Loc09	Gga02	Xtr06
N0.HOG0007471	Cmi02	Cpl05	Ler02	Loc09	Gga02	Xtr06
N0.HOG0007472	Cmi02	Cpl05	Ler02	Loc09	Gga02	Xtr06
N0.HOG0007473	Cmi02	Cpl05	Ler02	Loc09	Gga02	Xtr06
N0.HOG0007474	Cmi02	Cpl05	Ler02	Loc09	Gga02	Xtr06
N0.HOG0007475	Cmi02	CplSca	Ler02	Loc09	Gga02	Xtr06
N0.HOG0007476	Cmi02	Cpl05	Ler02	Loc09	Gga02	Xtr06
N0.HOG0007477	Cmi02	Cpl05	Ler02	Loc09	Gga02	Xtr06
N0.HOG0007478	Cmi02	Cpl05	Ler02	Loc09	Gga02	Xtr06
N0.HOG0007479	Cmi02	Cpl05	Ler02	Loc09	Gga02	Xtr06
N0.HOG0007480	Cmi02	Cpl05	Ler02	Loc09	Gga02	Xtr06
N0.HOG0007481	Cmi02	Cpl05	Ler02	Loc09	Gga02	Xtr06
N0.HOG0007482	Cmi02	Cpl05	Ler02	Loc08	Gga02	Xtr06
N0.HOG0007483	Cmi02	Cpl29	Ler02	Loc11	Gga02	Xtr06
N0.HOG0007484	Cmi02	Cpl29	Ler02	Loc11	Gga02	Xtr06
N0.HOG0007485	Cmi02	Cpl29	Ler02	Loc11	Gga02	Xtr06
N0.HOG0007486	Cmi02	Cpl29	Ler02	Loc11	Gga02	Xtr06
N0.HOG0007487	Cmi02	Cpl29	Ler02	Loc09	Gga02	Xtr06
N0.HOG0007488	Cmi02	Cpl29	Ler02	Loc09	Gga02	Xtr06
N0.HOG0007489	Cmi02	Cpl29	Ler02	Loc11	Gga02	Xtr06
N0.HOG0007490	Cmi02	Cpl29	Ler02	Loc11	Gga02	Xtr06
N0.HOG0007491	Cmi02	Cpl29	Ler02	Loc11	Gga02	Xtr06
N0.HOG0007492	Cmi02	Cpl29	Ler02	Loc11	Gga02	Xtr06
N0.HOG0007493	Cmi02	Cpl29	Ler02	Loc11	Gga02	Xtr06
N0.HOG0007494	Cmi02	Cpl29	Ler02	Loc09	Gga02	Xtr06
N0.HOG0007495	Cmi02	Cpl29	Ler02	Loc09	Gga03	Xtr06
N0.HOG0007496	Cmi02	Cpl29	Ler02	Loc09	Gga02	Xtr06
N0.HOG0007497	Cmi02	Cpl29	Ler02	Loc11	Gga02	Xtr06
N0.HOG0007498	Cmi02	Cpl29	Ler02	Loc11	Gga02	Xtr06
N0.HOG0007499	Cmi02	Cpl29	Ler02	Loc11	Gga02	Xtr06
N0.HOG0007500	Cmi02	Cpl29	Ler02	Loc11	Gga02	Xtr06
N0.HOG0007501	Cmi02	Cpl29	Ler17	Loc09	Gga02	Xtr06
N0.HOG0007502	Cmi02	Cpl29	Ler02	Loc09	Gga02	Xtr06
N0.HOG0007503	Cmi02	Cpl29	Ler02	Loc09	Gga02	Xtr06
N0.HOG0007504	Cmi02	Cpl29	Ler02	Loc09	Gga02	Xtr06
N0.HOG0007505	Cmi02	Cpl29	Ler02	Loc09	Gga02	Xtr06
N0.HOG0007506	Cmi02	Cpl29	Ler02	Loc09	Gga02	Xtr06
N0.HOG0007507	Cmi02	Cpl29	Ler02	Loc09	Gga02	Xtr06
N0.HOG0007508	Cmi02	Cpl29	Ler02	Loc11	Gga02	Xtr06
N0.HOG0007509	Cmi02	Cpl29	Ler02	Loc11	Gga02	Xtr06
N0.HOG0007510	Cmi02	Cpl29	Ler02	Loc11	Gga02	Xtr06
N0.HOG0007511	Cmi02	Cpl29	Ler02	Loc11	Gga02	Xtr06
N0.HOG0007512	Cmi02	Cpl29	Ler02	Loc11	Gga02	Xtr06
N0.HOG0007513	Cmi02	Cpl29	Ler02	Loc11	Gga02	Xtr06
N0.HOG0007514	Cmi02	Cpl29	Ler02	Loc11	Gga02	Xtr06
N0.HOG0007515	Cmi02	Cpl29	Ler02	Loc11	Gga02	Xtr06
N0.HOG0007516	Cmi02	Cpl29	Ler02	Loc11	Gga02	Xtr06
N0.HOG0007517	Cmi02	Cpl29	Ler02	Loc11	Gga02	Xtr06
N0.HOG0007518	Cmi02	Cpl29	Ler02	Loc11	Gga02	Xtr06
N0.HOG0007519	Cmi02	Cpl29	Ler02	Loc11	Gga02	Xtr06
N0.HOG0007520	Cmi02	Cpl29	Ler02	Loc11	Gga02	Xtr06
N0.HOG0007521	Cmi02	Cpl29	Ler02	Loc11	Gga02	Xtr06
N0.HOG0007522	Cmi02	Cpl29	Ler02	Loc11	Gga02	Xtr06
N0.HOG0007523	Cmi02	Cpl29	Ler02	Loc11	Gga02	Xtr06
N0.HOG0007524	Cmi02	Cpl29	Ler02	Loc11	Gga02	Xtr06
N0.HOG0007525	Cmi02	Cpl29	Ler02	Loc11	Gga02	Xtr06
N0.HOG0007526	Cmi02	Cpl29	Ler02	Loc11	Gga02	Xtr06
N0.HOG0007527	Cmi02	Cpl29	Ler02	Loc11	Gga02	Xtr06
N0.HOG0007528	Cmi02	Cpl29	Ler02	Loc11	Gga02	Xtr06
N0.HOG0007529	Cmi02	Cpl29	Ler02	Loc11	Gga02	Xtr06
N0.HOG0007530	Cmi02	Cpl29	Ler02	Loc11	Gga02	Xtr06
N0.HOG0007531	Cmi02	Cpl29	Ler02	Loc11	Gga02	Xtr06
N0.HOG0007532	Cmi02	Cpl29	Ler02	Loc11	Gga02	Xtr06
N0.HOG0007533	Cmi02	Cpl29	Ler02	Loc11	Gga02	Xtr06
N0.HOG0007534	Cmi02	Cpl29	Ler02	Loc11	Gga02	Xtr06
N0.HOG0007535	Cmi02	Cpl29	Ler02	Loc09	Gga02	Xtr06
N0.HOG0007536	Cmi02	Cpl29	Ler02	Loc09	Gga02	Xtr06
N0.HOG0007537	Cmi02	Cpl29	Ler02	Loc11	Gga02	Xtr01
N0.HOG0007538	Cmi02	Cpl29	Ler02	Loc09	Gga02	Xtr06
N0.HOG0007539	Cmi02	Cpl29	Ler02	Loc09	Gga02	Xtr06
N0.HOG0007540	Cmi02	Cpl29	Ler02	Loc09	Gga02	Xtr06
N0.HOG0007541	Cmi02	Cpl29	Ler02	Loc09	Gga02	Xtr06
N0.HOG0007542	Cmi02	Cpl29	Ler02	Loc09	Gga02	Xtr06
N0.HOG0007543	Cmi02	Cpl29	Ler02	Loc09	Gga02	Xtr06
N0.HOG0007544	Cmi02	Cpl29	Ler02	Loc09	Gga02	Xtr06
N0.HOG0007545	Cmi02	Cpl29	Ler02	Loc09	Gga02	Xtr06
N0.HOG0007546	Cmi02	Cpl29	Ler02	Loc09	Gga02	Xtr06
N0.HOG0007547	Cmi02	Cpl29	LerSca	Loc09	Gga02	Xtr06
N0.HOG0007548	Cmi02	Cpl29	Ler02	Loc11	Gga02	Xtr06
N0.HOG0007549	Cmi02	Cpl29	Ler02	Loc11	Gga02	Xtr06
N0.HOG0007550	Cmi02	Cpl29	Ler02	Loc11	Gga02	Xtr06
N0.HOG0007551	Cmi02	Cpl29	Ler02	Loc11	Gga02	Xtr06
N0.HOG0007552	Cmi02	Cpl29	Ler02	Loc11	Gga02	Xtr06
N0.HOG0007553	Cmi02	Cpl29	Ler02	Loc11	Gga02	Xtr06
N0.HOG0007554	Cmi02	Cpl29	Ler02	Loc11	Gga02	Xtr06
N0.HOG0007555	Cmi02	Cpl29	Ler02	Loc11	Gga02	Xtr06
N0.HOG0007556	Cmi02	Cpl29	Ler02	Loc11	Gga02	Xtr06
N0.HOG0007557	Cmi02	Cpl29	Ler02	Loc11	Gga02	Xtr06
N0.HOG0007558	Cmi02	Cpl29	Ler02	Loc11	Gga02	Xtr06
N0.HOG0007559	Cmi02	Cpl29	Ler02	Loc11	Gga02	Xtr06
N0.HOG0007560	Cmi02	Cpl05	Ler02	Loc09	Gga02	Xtr06
N0.HOG0007561	Cmi02	Cpl05	Ler02	Loc09	Gga02	Xtr06
N0.HOG0007562	Cmi02	Cpl05	Ler02	Loc09	Gga02	Xtr06
N0.HOG0007563	Cmi02	Cpl05	Ler02	Loc09	Gga02	Xtr06
N0.HOG0007564	Cmi02	Cpl29	Ler02	Loc09	Gga02	Xtr06
N0.HOG0007565	Cmi02	Cpl29	Ler02	Loc09	Gga02	Xtr06
N0.HOG0007566	Cmi02	Cpl29	Ler02	Loc09	Gga02	Xtr06
N0.HOG0007567	Cmi02	Cpl29	Ler02	Loc09	Gga02	Xtr06
N0.HOG0007568	Cmi02	Cpl29	Ler02	Loc09	Gga02	Xtr06
N0.HOG0007569	Cmi02	Cpl29	Ler02	Loc09	Gga02	Xtr06
N0.HOG0007570	Cmi02	Cpl29	Ler02	Loc09	Gga02	Xtr06
N0.HOG0007571	Cmi02	Cpl05	Ler02	Loc11	Gga02	Xtr06
N0.HOG0007572	Cmi02	Cpl05	Ler02	Loc11	Gga02	Xtr06
N0.HOG0007573	Cmi02	Cpl05	Ler02	Loc11	Gga02	Xtr06
N0.HOG0007574	Cmi02	Cpl05	Ler02	Loc11	Gga02	Xtr06
N0.HOG0007575	Cmi02	Cpl05	Ler02	Loc11	Gga02	Xtr06
N0.HOG0007576	Cmi02	Cpl05	Ler02	Loc11	Gga02	Xtr06
N0.HOG0007577	Cmi02	Cpl05	Ler02	Loc11	Gga02	Xtr06
N0.HOG0007578	Cmi02	Cpl05	Ler02	Loc11	Gga02	Xtr06
N0.HOG0007579	Cmi02	Cpl05	Ler02	Loc11	Gga02	Xtr06
N0.HOG0007580	Cmi02	Cpl05	Ler02	Loc11	Gga02	Xtr06
N0.HOG0007581	Cmi02	Cpl05	Ler02	Loc11	Gga02	Xtr06
N0.HOG0007582	Cmi02	Cpl05	Ler02	Loc11	Gga02	Xtr06
N0.HOG0007583	Cmi02	Cpl05	Ler02	Loc11	Gga02	Xtr06
N0.HOG0007584	Cmi02	Cpl05	Ler02	Loc11	Gga02	Xtr06
N0.HOG0007585	Cmi02	Cpl05	Ler02	Loc11	Gga02	Xtr06
N0.HOG0007586	Cmi02	Cpl05	Ler02	Loc11	Gga02	Xtr06
N0.HOG0007587	Cmi02	Cpl05	Ler02	Loc11	Gga02	Xtr06
N0.HOG0007588	Cmi02	Cpl05	Ler02	Loc11	Gga02	Xtr06
N0.HOG0007589	Cmi02	Cpl05	Ler02	Loc11	Gga02	Xtr06
N0.HOG0007590	Cmi02	Cpl05	Ler02	Loc11	Gga02	Xtr06
N0.HOG0007591	Cmi02	Cpl05	Ler02	Loc11	Gga02	Xtr06
N0.HOG0007592	Cmi02	Cpl05	Ler02	Loc11	Gga02	Xtr06
N0.HOG0007593	Cmi02	Cpl05	Ler02	Loc11	Gga02	Xtr06
N0.HOG0007594	Cmi02	Cpl05	Ler02	Loc11	Gga02	Xtr06
N0.HOG0007595	Cmi02	Cpl05	Ler02	Loc11	Gga02	Xtr06
N0.HOG0007596	Cmi02	Cpl05	Ler02	Loc11	Gga02	Xtr06
N0.HOG0007597	Cmi02	Cpl05	Ler02	Loc09	Gga02	Xtr06
N0.HOG0007598	Cmi02	Cpl05	Ler02	Loc09	Gga02	Xtr06
N0.HOG0007599	Cmi02	Cpl05	Ler02	Loc11	Gga02	Xtr06
N0.HOG0007600	Cmi02	Cpl05	Ler02	Loc11	Gga02	Xtr06
N0.HOG0007601	Cmi02	Cpl05	Ler02	Loc11	Gga02	Xtr06
N0.HOG0007602	Cmi02	Cpl05	Ler02	Loc11	Gga02	Xtr06
N0.HOG0007603	Cmi02	Cpl05	Ler02	Loc11	Gga02	Xtr06
N0.HOG0007604	Cmi02	Cpl05	Ler02	Loc11	Gga02	Xtr06
N0.HOG0007605	Cmi02	Cpl05	Ler02	Loc11	Gga02	Xtr06
N0.HOG0007606	Cmi02	Cpl05	Ler02	Loc11	Gga02	Xtr06
N0.HOG0007607	Cmi02	Cpl05	Ler02	Loc11	Gga02	Xtr06
N0.HOG0007608	Cmi02	Cpl05	Ler02	Loc11	Gga02	Xtr06
N0.HOG0007609	Cmi02	Cpl05	Ler02	Loc11	Gga02	Xtr06
N0.HOG0007610	Cmi02	Cpl05	Ler02	Loc11	Gga02	Xtr06
N0.HOG0007611	Cmi02	Cpl05	Ler02	Loc11	Gga02	Xtr06
N0.HOG0007612	Cmi02	Cpl05	Ler02	Loc11	Gga02	Xtr06
N0.HOG0007613	Cmi02	Cpl05	LerSca	Loc11	Gga02	Xtr06
N0.HOG0007614	Cmi02	Cpl05	Ler02	Loc11	Gga02	Xtr06
N0.HOG0007615	Cmi02	Cpl05	Ler02	Loc11	Gga02	Xtr06
N0.HOG0007616	Cmi02	Cpl05	Ler02	Loc11	Gga02	Xtr06
N0.HOG0007617	Cmi02	Cpl05	Ler02	Loc11	Gga02	Xtr06
N0.HOG0007618	Cmi02	Cpl05	Ler02	Loc11	Gga02	Xtr06
N0.HOG0007619	Cmi02	Cpl05	Ler02	Loc11	Gga02	Xtr06
N0.HOG0007620	Cmi02	Cpl05	Ler02	Loc11	Gga02	Xtr06
N0.HOG0007621	Cmi02	Cpl05	Ler02	Loc11	Gga02	Xtr06
N0.HOG0007622	Cmi02	Cpl05	Ler02	Loc11	Gga02	Xtr06
N0.HOG0007623	Cmi02	Cpl05	Ler02	Loc11	Gga02	Xtr06
N0.HOG0007624	Cmi02	Cpl05	Ler02	Loc11	Gga02	Xtr06
N0.HOG0007625	Cmi02	Cpl05	Ler02	Loc11	Gga02	Xtr06
N0.HOG0007626	Cmi02	Cpl05	Ler02	Loc11	Gga02	Xtr06
N0.HOG0007627	Cmi02	Cpl05	Ler02	Loc11	Gga02	Xtr06
N0.HOG0007628	Cmi02	Cpl05	Ler02	Loc11	Gga02	Xtr06
N0.HOG0007629	Cmi02	Cpl05	Ler02	Loc11	Gga02	Xtr06
N0.HOG0007630	Cmi02	Cpl05	Ler02	Loc11	Gga02	Xtr06
N0.HOG0007631	Cmi02	Cpl05	Ler02	Loc11	Gga02	Xtr06
N0.HOG0007632	Cmi02	Cpl05	Ler02	Loc11	Gga02	Xtr06
N0.HOG0007633	Cmi02	Cpl05	Ler02	Loc11	Gga02	Xtr06
N0.HOG0007634	Cmi02	Cpl05	Ler02	Loc11	Gga02	Xtr06
N0.HOG0007635	Cmi02	Cpl05	Ler02	Loc11	Gga02	Xtr06
N0.HOG0007636	Cmi02	Cpl05	Ler02	Loc11	Gga02	Xtr06
N0.HOG0007637	Cmi02	Cpl05	Ler02	Loc11	Gga02	Xtr06
N0.HOG0007638	Cmi02	Cpl05	Ler02	Loc11	Gga02	Xtr06
N0.HOG0007639	Cmi02	Cpl05	Ler02	Loc11	Gga02	Xtr06
N0.HOG0007640	Cmi02	Cpl05	Ler02	Loc11	Gga02	Xtr06
N0.HOG0007641	Cmi02	Cpl05	Ler02	Loc11	Gga02	Xtr06
N0.HOG0007642	Cmi02	Cpl05	Ler02	Loc11	Gga02	Xtr06
N0.HOG0007643	Cmi02	Cpl05	Ler02	Loc11	Gga02	Xtr06
N0.HOG0007644	Cmi02	Cpl05	Ler02	Loc11	Gga02	Xtr06
N0.HOG0007645	Cmi02	Cpl05	Ler02	Loc11	Gga02	Xtr06
N0.HOG0007646	Cmi02	Cpl05	Ler02	Loc11	Gga02	Xtr06
N0.HOG0007647	Cmi02	Cpl05	Ler02	Loc09	Gga02	Xtr06
N0.HOG0007648	Cmi02	Cpl05	Ler02	Loc09	Gga02	Xtr06
N0.HOG0007649	Cmi02	Cpl05	Ler02	Loc09	Gga02	Xtr06
N0.HOG0007650	Cmi02	Cpl05	Ler02	Loc11	Gga02	Xtr06
N0.HOG0007651	Cmi02	Cpl05	Ler02	Loc11	Gga02	Xtr06
N0.HOG0007652	Cmi02	Cpl05	Ler02	Loc11	Gga02	Xtr06
N0.HOG0007653	Cmi02	Cpl05	Ler02	Loc11	Gga02	Xtr06
N0.HOG0007654	Cmi02	Cpl05	Ler02	Loc11	Gga02	Xtr10
N0.HOG0007655	Cmi02	Cpl05	Ler02	Loc11	Gga02	Xtr06
N0.HOG0007656	Cmi02	Cpl05	Ler02	Loc11	Gga02	Xtr06
N0.HOG0007657	Cmi02	Cpl05	Ler02	Loc11	Gga02	Xtr06
N0.HOG0007658	Cmi02	Cpl05	Ler02	Loc11	Gga02	Xtr06
N0.HOG0007659	Cmi02	Cpl05	Ler02	Loc11	Gga02	Xtr06
N0.HOG0007660	Cmi02	Cpl05	Ler02	Loc11	Gga02	Xtr06
N0.HOG0007661	Cmi02	Cpl05	Ler02	Loc11	Gga02	Xtr06
N0.HOG0007662	Cmi02	Cpl05	Ler02	Loc11	Gga02	Xtr06
N0.HOG0007663	Cmi02	Cpl05	Ler02	Loc11	Gga02	Xtr06
N0.HOG0007664	Cmi02	Cpl05	Ler02	Loc11	Gga02	Xtr06
N0.HOG0007665	Cmi02	Cpl05	Ler02	Loc11	Gga02	Xtr06
N0.HOG0007666	Cmi02	Cpl05	Ler02	Loc09	Gga02	Xtr06
N0.HOG0007667	Cmi02	Cpl05	Ler02	Loc09	Gga02	Xtr06
N0.HOG0007668	Cmi02	Cpl05	Ler02	Loc09	Gga02	Xtr06
N0.HOG0007669	Cmi02	Cpl05	Ler02	Loc09	Gga02	Xtr06
N0.HOG0007670	Cmi02	Cpl05	Ler02	Loc09	Gga02	Xtr06
N0.HOG0007671	Cmi02	CplSca	Ler02	Loc09	Gga02	Xtr06
N0.HOG0007672	Cmi02	Cpl05	Ler02	Loc09	Gga02	Xtr06
N0.HOG0007673	Cmi02	Cpl05	Ler02	Loc09	Gga02	Xtr06
N0.HOG0007674	Cmi02	Cpl05	Ler02	Loc09	Gga02	Xtr06
N0.HOG0007675	Cmi02	Cpl05	Ler02, Ler01, Ler19			Xtr06
N0.HOG0007676	Cmi02	Cpl05	Ler02	Loc09	Gga02	Xtr06
N0.HOG0007677	Cmi02	Cpl05	Ler02	Loc11	Gga02	Xtr06
N0.HOG0007678	Cmi02	Cpl05	Ler02	Loc11	Gga02	Xtr06
N0.HOG0007679	Cmi02	Cpl05	Ler02	Loc11	Gga02	Xtr06
N0.HOG0007680	Cmi02	Cpl05	Ler02	Loc11	Gga02	Xtr06
N0.HOG0007681	Cmi02	Cpl05	Ler02	Loc11	Gga02	Xtr01
N0.HOG0007682	Cmi02	Cpl05	Ler02	Loc11	Gga02	Xtr06
N0.HOG0007683	Cmi02	Cpl05	Ler02	Loc11	Gga02	Xtr06
N0.HOG0007684	Cmi02	Cpl05	Ler02	Loc11	Gga02	Xtr06
N0.HOG0007685	Cmi02	Cpl05	Ler02	Loc11	Gga02	Xtr06
N0.HOG0007686	Cmi02	Cpl05	Ler02	Loc11	Gga02	Xtr06
N0.HOG0007687	Cmi02	Cpl05	Ler02	Loc11	Gga02	Xtr06
N0.HOG0007688	Cmi02	Cpl05	Ler02	Loc09	Gga01	Xtr02
N0.HOG0007689	Cmi02	Cpl05	Ler02	Loc09	Gga02	Xtr06
N0.HOG0007690	Cmi02	Cpl05	Ler02	Loc09	Gga02	Xtr06
N0.HOG0007691	Cmi02	Cpl05	Ler02	Loc11	Gga02	Xtr06
N0.HOG0007692	Cmi02	Cpl05	Ler02	Loc11	Gga02	Xtr06
N0.HOG0007693	Cmi02	Cpl05	Ler02	Loc11	Gga02	Xtr06
N0.HOG0007694	Cmi02	Cpl05	Ler02	Loc11	Gga02	Xtr06
N0.HOG0007695	Cmi02	Cpl05	Ler02	Loc11	Gga02	Xtr06
N0.HOG0007696	Cmi02	Cpl05	Ler02	Loc11	Gga02	Xtr06
N0.HOG0007697	Cmi02	Cpl05	Ler02	Loc11	Gga02	Xtr06
N0.HOG0007698	Cmi02	Cpl05	Ler02	Loc11	Gga02	Xtr06
N0.HOG0007699	Cmi02	Cpl04	Ler04	Loc11	Gga02	Xtr06
N0.HOG0007700	Cmi02	Cpl04	Ler04	Loc11	Gga02	Xtr06
N0.HOG0007701	Cmi02	Cpl04	Ler04	Loc11	Gga02	Xtr06
N0.HOG0007702	Cmi02	Cpl04	Ler04	Loc11	Gga02	Xtr06
N0.HOG0007703	Cmi02	Cpl04	Ler04	Loc09	Gga02	Xtr06
N0.HOG0007704	Cmi02	Cpl04	Ler04	Loc11	Gga02	Xtr06
N0.HOG0007705	Cmi02	Cpl29	Ler02	Loc09	Gga02	Xtr06
N0.HOG0007706	Cmi02	Cpl29	Ler02	Loc09	Gga02	Xtr06
N0.HOG0007707	Cmi02	Cpl29	Ler02	Loc09	Gga02	Xtr06
N0.HOG0007708	Cmi02	Cpl29	Ler02	Loc09	Gga02	Xtr06
N0.HOG0007709	Cmi02	Cpl33	Ler02	Loc09	Gga02	Xtr06
N0.HOG0007710	Cmi02	Cpl33	Ler02	Loc09	Gga02	Xtr06
N0.HOG0007711	Cmi02	Cpl29	Ler02	Loc09	Gga02	Xtr06
N0.HOG0007712	Cmi02	Cpl04	Ler04	Loc09	Gga02	Xtr06
N0.HOG0007713	Cmi02	Cpl04	Ler04	Loc09	Gga02	Xtr06
N0.HOG0007714	Cmi02	Cpl04	Ler04	Loc09	Gga02	Xtr06
N0.HOG0007715	Cmi02	Cpl04, Cpl36		Loc09	Gga02	Xtr06
N0.HOG0007716	Cmi02	Cpl04	Ler04	Loc09	Gga02	Xtr06
N0.HOG0007717	Cmi02	Cpl04	Ler04	Loc09	Gga02	Xtr06
N0.HOG0007718	Cmi02	Cpl04	Ler04	Loc09	Gga02	Xtr06
N0.HOG0007719	Cmi02	Cpl04	Ler04	Loc09	Gga02	Xtr06
N0.HOG0007720	Cmi02		Ler04		Gga02	
N0.HOG0007721	Cmi02	Cpl04	Ler04	Loc11	Gga02	Xtr10
N0.HOG0007722	Cmi02	Cpl04	Ler04	Loc11	Gga02	Xtr08
N0.HOG0007723	Cmi02	Cpl04	Ler04	Loc11	Gga02	Xtr06
N0.HOG0007724	Cmi02	Cpl04	Ler04	Loc11	Gga02	Xtr09
N0.HOG0007725	Cmi02	Cpl04	Ler04	Loc11	Gga02	Xtr06
N0.HOG0007726	Cmi02	Cpl04	Ler04	Loc11	Gga02	Xtr06
N0.HOG0007727	Cmi02	Cpl04	Ler04	Loc11	Gga02	Xtr06
N0.HOG0007728	Cmi02	Cpl04	Ler04	Loc09	Gga02	Xtr06
N0.HOG0007729	Cmi02	Cpl04	Ler04	Loc09	Gga02	Xtr06
N0.HOG0007730	Cmi02	Cpl04	Ler04	Loc09	Gga02	Xtr06
N0.HOG0007731	Cmi02	Cpl04	Ler04	Loc09	Gga02	Xtr06
N0.HOG0007732	Cmi02	Cpl04	Ler04	Loc11	Gga02	Xtr06
N0.HOG0007733	Cmi02	Cpl04	Ler04	Loc09	Gga02	Xtr06
N0.HOG0007734	Cmi02	Cpl04	Ler04	Loc09	Gga02	Xtr06
N0.HOG0007735	Cmi02	Cpl04	Ler04	Loc11	Gga02	Xtr06
N0.HOG0007736	Cmi02	Cpl04	Ler04	Loc11	Gga02	Xtr06
N0.HOG0007737	Cmi02	Cpl04	Ler04	Loc09	Gga02	Xtr06
N0.HOG0007738	Cmi02	Cpl04	Ler04	Loc09	Gga02	Xtr06
N0.HOG0007739	Cmi02	Cpl04	Ler04	Loc12	Gga02	Xtr06
N0.HOG0007740	Cmi02	Cpl04	Ler04	Loc11	Gga02	Xtr06
N0.HOG0007741	Cmi02	Cpl04	Ler04	Loc09	Gga02	Xtr06
N0.HOG0007742	Cmi02	Cpl04	Ler04	Loc09	Gga02	Xtr06
N0.HOG0007743	Cmi02	Cpl04	Ler04	Loc11	Gga02	Xtr06
N0.HOG0007744	Cmi02	Cpl04	Ler04	Loc11	Gga02	Xtr06
N0.HOG0007745	Cmi02	Cpl04	Ler04	Loc11	Gga02	Xtr06
N0.HOG0007746	Cmi02	Cpl04	Ler04	Loc11	Gga02	Xtr06
N0.HOG0007747	Cmi02	Cpl04	Ler04	Loc11	Gga02	Xtr06
N0.HOG0007748	Cmi02	Cpl04	Ler04	Loc11	Gga02	Xtr06
N0.HOG0007749	Cmi02	Cpl04	Ler04	Loc11	Gga02	Xtr06
N0.HOG0007750	Cmi02	Cpl04		Loc11	Gga02	Xtr06
N0.HOG0007751	Cmi02	Cpl04	Ler04	Loc11	Gga02	Xtr06
N0.HOG0007752	Cmi02	Cpl04	Ler04	Loc11	Gga02	Xtr06
N0.HOG0007753	Cmi02	Cpl04	Ler04	Loc11	Gga02	Xtr06
N0.HOG0007754	Cmi02	Cpl04	Ler04	Loc11	Gga02	Xtr06
N0.HOG0007755	Cmi02	Cpl04	Ler04	Loc11	Gga02	Xtr06
N0.HOG0007756	Cmi02	Cpl04	Ler04	Loc11	Gga02	Xtr06
N0.HOG0007757	Cmi02	Cpl04	Ler04	Loc11	Gga02	Xtr06
N0.HOG0007758	Cmi02	Cpl04	Ler04	Loc11	Gga02	Xtr06
N0.HOG0007759	Cmi02	Cpl04	Ler04	Loc11	Gga02	Xtr06
N0.HOG0007760	Cmi02	Cpl04	Ler04	Loc11	Gga02	Xtr06
N0.HOG0007761	Cmi02	Cpl04	Ler04	Loc11	Gga02	Xtr06
N0.HOG0007762	Cmi02	Cpl04	Ler04	Loc11	Gga02	Xtr06
N0.HOG0007763	Cmi02	Cpl04	Ler04	Loc18	Gga02	Xtr06
N0.HOG0007764	Cmi02	Cpl04	Ler04	Loc11	Gga02	Xtr06
N0.HOG0007765	Cmi02	Cpl04	Ler04	Loc11	Gga02	Xtr06
N0.HOG0007766	Cmi02	Cpl04	Ler04	Loc11	Gga02	Xtr06
N0.HOG0007767	Cmi02	Cpl04	Ler04	Loc11	Gga02	Xtr06
N0.HOG0007768	Cmi02	Cpl04	Ler04	Loc11	Gga02	Xtr06
N0.HOG0007769	Cmi02	Cpl04	Ler04	Loc11	Gga02	Xtr06
N0.HOG0007770	Cmi02	Cpl04	Ler04	Loc11	Gga02	Xtr06
N0.HOG0007771	Cmi02	Cpl04	Ler04	Loc11	Gga02	Xtr06
N0.HOG0007772	Cmi02	Cpl04	Ler04	Loc11	Gga02	Xtr06
N0.HOG0007773	Cmi02	Cpl04	Ler04	Loc11	Gga02	Xtr06
N0.HOG0007774	Cmi02	Cpl04	Ler04	Loc11	Gga02	Xtr06
N0.HOG0007775	Cmi02	Cpl04	Ler04	Loc11	Gga02	Xtr06
N0.HOG0007776	Cmi02	Cpl04	Ler04	Loc11	Gga02	Xtr06
N0.HOG0007777	Cmi02	Cpl04	Ler04	Loc11	Gga02	Xtr06
N0.HOG0007778	Cmi02	Cpl04	Ler04	Loc11	Gga02	Xtr06
N0.HOG0007779	Cmi02	Cpl04	Ler04	Loc11	Gga02	Xtr06
N0.HOG0007780	Cmi02	Cpl04	Ler04	Loc09	Gga02	Xtr06
N0.HOG0007781	Cmi02	Cpl04	Ler04	Loc09	Gga02	Xtr06
N0.HOG0007782	Cmi02	Cpl06	Ler06	Loc05	Gga08	Xtr02
N0.HOG0007783	Cmi02	Cpl04	Ler04	Loc11	Gga02	Xtr06
N0.HOG0007784	Cmi02	Cpl04	Ler04	Loc11	Gga02	Xtr06
N0.HOG0007785	Cmi02	Cpl04		Loc11	Gga02	Xtr06
N0.HOG0007786	Cmi02	Cpl04	Ler04	Loc11	Gga02	Xtr06
N0.HOG0007787	Cmi02	Cpl04	Ler04	Loc11	Gga02	Xtr06
N0.HOG0007788	Cmi02	Cpl04	Ler04	Loc11	Gga02	Xtr06
N0.HOG0007789	Cmi02	Cpl04	Ler04	Loc11	Gga02	Xtr06
N0.HOG0007790	Cmi02	Cpl04	Ler04	Loc11	Gga02	Xtr06
N0.HOG0007791	Cmi02	Cpl04	Ler04	Loc11	Gga02	Xtr06
N0.HOG0007792	Cmi02	Cpl04	Ler04	Loc11	Gga02	Xtr06
N0.HOG0007793	Cmi02	Cpl04	Ler04	Loc09	Gga02	Xtr06
N0.HOG0007794	Cmi02	Cpl04	Ler04	Loc09	Gga02	Xtr06
N0.HOG0007795	Cmi02	Cpl04	Ler04	Loc09	Gga02	Xtr06
N0.HOG0007796	Cmi02	Cpl04	Ler04	Loc09	Gga02	Xtr06
N0.HOG0007797	Cmi02	Cpl04	Ler04	Loc09	Gga02	Xtr06
N0.HOG0007798	Cmi02	Cpl04	Ler04	Loc09	Gga02	Xtr06
N0.HOG0007799	Cmi18, Cmi02	Cpl04	Ler04		Gga02	Xtr06
N0.HOG0007800	Cmi02	Cpl04	Ler04	Loc09	Gga02	Xtr06
N0.HOG0007801	Cmi02	Cpl04	Ler04	Loc09	Gga02	Xtr06
N0.HOG0007802	Cmi02	Cpl04	Ler04	Loc09	Gga02	Xtr06
N0.HOG0007803	Cmi02	Cpl04	Ler04	Loc09	Gga02	Xtr06
N0.HOG0007804	Cmi02	Cpl04	Ler04	Loc09	Gga02	Xtr06
N0.HOG0007805	Cmi02	Cpl04	Ler04	Loc09	Gga02	Xtr06
N0.HOG0007806	Cmi02	Cpl04	Ler04	Loc09	Gga02	Xtr06
N0.HOG0007807	Cmi02	Cpl04	Ler04	Loc09	Gga02	Xtr06
N0.HOG0007808	Cmi02	Cpl04	Ler04	LocSca	Gga02	Xtr06
N0.HOG0007809	Cmi02	Cpl04	Ler04	LocSca	Gga02	Xtr06
N0.HOG0007810	Cmi02	Cpl04	Ler04	Loc09	Gga02	Xtr06
N0.HOG0007811	Cmi02	Cpl04	Ler04	Loc11	Gga02	Xtr06
N0.HOG0007812	Cmi02	Cpl04	Ler04	Loc11	Gga02	Xtr06
N0.HOG0007813	Cmi02	Cpl04	Ler04	Loc11	Gga02	Xtr06
N0.HOG0007814	Cmi02	Cpl04	Ler04	Loc11	Gga02	Xtr06
N0.HOG0007815	Cmi02	Cpl04	Ler04	Loc11	Gga02	Xtr06
N0.HOG0007816	Cmi02	Cpl04	Ler04	Loc11	Gga02	Xtr06
N0.HOG0007817	Cmi02	Cpl04	Ler04	Loc11	Gga02	Xtr06
N0.HOG0007818	Cmi02	Cpl04	Ler04	Loc11	Gga02	Xtr06
N0.HOG0007819	Cmi02	Cpl04	Ler04	Loc11	Gga02	Xtr06
N0.HOG0007820	Cmi02	Cpl04	Ler04	Loc11	Gga02	Xtr06
N0.HOG0007821	Cmi02	Cpl04	Ler04	Loc11	Gga02	Xtr06
N0.HOG0007822	Cmi02	Cpl04	Ler04	Loc11	Gga02	Xtr06
N0.HOG0007823	Cmi02	Cpl04	Ler04	Loc11	Gga02	Xtr06
N0.HOG0007824	Cmi02	Cpl04	Ler04	Loc11	Gga02	Xtr06
N0.HOG0007825	Cmi02	Cpl04	Ler04	Loc11	Gga14	Xtr02
N0.HOG0007826	Cmi02	Cpl04	Ler04	Loc11	Gga02	Xtr06
N0.HOG0007827	Cmi02	Cpl04	Ler04	Loc11	Gga02	Xtr06
N0.HOG0007828	Cmi02	Cpl04	Ler04	Loc11	Gga02	Xtr06
N0.HOG0007829	Cmi02	Cpl04	Ler04	Loc11	Gga02	Xtr06
N0.HOG0007830	Cmi02	Cpl04	Ler04	Loc11	Gga02	Xtr06
N0.HOG0007831	Cmi02	Cpl04	LerSca	Loc11	Gga02	Xtr06
N0.HOG0007832	Cmi02	Cpl04	Ler43	Loc09	Gga02	Xtr06
N0.HOG0007833	Cmi02	Cpl04	Ler04	Loc09	Gga02	Xtr06
N0.HOG0007834	Cmi02	Cpl04	Ler04	Loc09	Gga02	Xtr06
N0.HOG0007835	Cmi02	Cpl04	Ler04	Loc09	Gga02	Xtr06
N0.HOG0007836	Cmi02	Cpl04	Ler04	Loc11	Gga02	Xtr06
N0.HOG0007837	Cmi02	Cpl04	Ler04	Loc11	Gga02	Xtr06
N0.HOG0007838	Cmi02	Cpl04	Ler04	Loc09	Gga02	Xtr06
N0.HOG0007839	Cmi02	Cpl04	Ler04	Loc09	Gga02	Xtr06
N0.HOG0007840	Cmi02	Cpl04	Ler04	Loc09	Gga02	Xtr06
N0.HOG0007841	Cmi02	Cpl04	Ler04	Loc09	Gga02	Xtr06
N0.HOG0007842	Cmi02	Cpl04	Ler04	Loc09	Gga02	Xtr06
N0.HOG0007843	Cmi02	Cpl04	Ler04	Loc09	Gga02	Xtr06
N0.HOG0007844	Cmi02	Cpl04	Ler04	Loc09	Gga02	Xtr06
N0.HOG0007845	Cmi02	Cpl04	Ler04	Loc09	Gga02	Xtr06
N0.HOG0007846	Cmi02	Cpl04	Ler04	Loc09	Gga02	Xtr06
N0.HOG0007847	Cmi02	Cpl04	Ler04	Loc09	Gga02	Xtr06
N0.HOG0007848	Cmi02	Cpl04	Ler04	Loc09	Gga02	Xtr06
N0.HOG0007849	Cmi02	Cpl04	Ler04	Loc09	Gga02	Xtr06
N0.HOG0007850	Cmi02	Cpl04	Ler04	Loc09	Gga02	Xtr06
N0.HOG0007851	Cmi02	Cpl19	Ler04	Loc09	Gga02	Xtr06
N0.HOG0007852	Cmi02	Cpl04	Ler04	Loc11	Gga02	Xtr06
N0.HOG0007853	Cmi02	Cpl04	Ler04	Loc11	Gga02	Xtr06
N0.HOG0007854	Cmi02	Cpl04	Ler04	Loc11	Gga02	Xtr06
N0.HOG0007855	Cmi02	Cpl04	Ler04	Loc11	Gga02	Xtr06
N0.HOG0007856	Cmi02	Cpl04	Ler04	Loc11	Gga02	Xtr06
N0.HOG0007857	Cmi02	Cpl04	Ler04	Loc11	Gga02	Xtr06
N0.HOG0007858	Cmi02	Cpl04	Ler04	Loc09	Gga02	Xtr06
N0.HOG0007859	Cmi02	Cpl04	Ler04	Loc09	Gga02	Xtr06
N0.HOG0007860	Cmi02	Cpl04	Ler04	Loc09	Gga02	Xtr06
N0.HOG0007861	Cmi02	Cpl04	Ler04	Loc09	Gga02	Xtr06
N0.HOG0007862	Cmi02	Cpl04	Ler04	Loc09	Gga02	Xtr06
N0.HOG0007863	Cmi02	Cpl04	Ler04	Loc09	Gga02	Xtr06
N0.HOG0007864	Cmi02	Cpl04	Ler04	Loc09	Gga02	Xtr06
N0.HOG0007865	Cmi02	Cpl04	Ler04	Loc09	Gga02	Xtr06
N0.HOG0007866	Cmi02	Cpl04	Ler04	Loc09	Gga02	Xtr06
N0.HOG0007867	Cmi02	Cpl04	Ler04	Loc09	Gga02	Xtr06
N0.HOG0007868	Cmi02	Cpl04	Ler04	Loc09	Gga02	Xtr06
N0.HOG0007869	Cmi02	Cpl04	Ler04	Loc09	Gga02	Xtr06
N0.HOG0007870	Cmi02	Cpl04	Ler04	Loc09	Gga02	Xtr06
N0.HOG0007871	Cmi02	Cpl04	Ler04	Loc09	Gga02	Xtr06
N0.HOG0007872	Cmi02	Cpl04	Ler04	Loc09	Gga02	Xtr06
N0.HOG0007873	Cmi02	Cpl04	Ler04	Loc09	Gga02	Xtr06
N0.HOG0007874	Cmi02	Cpl04	Ler04	Loc09	Gga02	Xtr06
N0.HOG0007875	Cmi02	Cpl04	Ler04	Loc09	Gga02	Xtr06
N0.HOG0007876	Cmi02	Cpl04	Ler04	Loc09	Gga02	Xtr06
N0.HOG0007877	Cmi02	Cpl04	Ler04	Loc09	Gga02	Xtr06
N0.HOG0007878	Cmi02	Cpl04	Ler04	Loc09	Gga02	Xtr06
N0.HOG0007879	Cmi02	Cpl04	Ler04	Loc09	Gga02	Xtr06
N0.HOG0007880	Cmi02	Cpl04	Ler04	Loc09	Gga02	Xtr06
N0.HOG0007881	Cmi02	Cpl04	Ler04	Loc09	Gga02	Xtr06
N0.HOG0007882	Cmi02	Cpl04	Ler04	Loc09	Gga02	Xtr06
N0.HOG0007883	Cmi02	Cpl04	Ler04	Loc09	Gga02	Xtr06
N0.HOG0007884	Cmi02	Cpl04	Ler04	Loc09	Gga02	Xtr06
N0.HOG0007885	Cmi02	Cpl04	Ler04	Loc09	Gga02	Xtr06
N0.HOG0007886	Cmi02	Cpl04	Ler04	Loc09	Gga02	Xtr06
N0.HOG0007887	Cmi02	Cpl04	Ler04	Loc09	Gga02	Xtr06
N0.HOG0007888	Cmi02	Cpl04	Ler04	Loc09	Gga02	Xtr06
N0.HOG0007889	Cmi02	Cpl04	Ler04	Loc09	Gga02	Xtr06
N0.HOG0007890	Cmi02	Cpl04	Ler04	Loc11	Gga02	Xtr06
N0.HOG0007891	Cmi02	Cpl04	Ler04	Loc11	Gga02	Xtr06
N0.HOG0007892	Cmi02	Cpl02, Cpl04		Loc11	Gga02	Xtr06
N0.HOG0007893	Cmi02	Cpl04	Ler04	Loc09	Gga02	Xtr06
N0.HOG0007894	Cmi02	Cpl04	Ler04	Loc09	Gga02	Xtr06
N0.HOG0007895	Cmi02, Cmi14	Cpl17	Ler17	Loc23		Xtr08
N0.HOG0007896	Cmi02	Cpl04	Ler04	Loc11	Gga02	Xtr06
N0.HOG0007897	Cmi02	Cpl04	Ler04	Loc11	Gga02	Xtr06
N0.HOG0007898	Cmi02	Cpl04	Ler04	Loc09	Gga02	Xtr06
N0.HOG0007899	Cmi02	Cpl04	Ler04	Loc09	Gga02	Xtr06
N0.HOG0007900	Cmi02	Cpl04	Ler04	Loc09	Gga02	Xtr06
N0.HOG0007901	Cmi02	Cpl04	Ler04	Loc09	Gga02	Xtr06
N0.HOG0007902	Cmi02	Cpl04	Ler04	Loc09	Gga02	Xtr06
N0.HOG0007903	Cmi02	Cpl04	Ler04	Loc09	Gga02	Xtr06
N0.HOG0007904	Cmi02	Cpl04	Ler04	Loc09	Gga02	Xtr06
N0.HOG0007905	Cmi02	CplSca	Ler04	Loc09	Gga02	Xtr06
N0.HOG0007906	Cmi02	Cpl04	Ler04	Loc09	Gga02	Xtr06
N0.HOG0007907	Cmi02	Cpl04	Ler04	Loc09	Gga02	Xtr06
N0.HOG0007908	Cmi02	Cpl04	Ler04	Loc09	Gga02	Xtr06
N0.HOG0007909	Cmi02	Cpl04	Ler04	Loc09	Gga02	Xtr06
N0.HOG0007910	Cmi02	Cpl04	Ler04	Loc09	Gga02	Xtr06
N0.HOG0007911	Cmi02	Cpl04	Ler04	Loc09	Gga02	Xtr06
N0.HOG0007912	Cmi02	Cpl04	Ler04	Loc09	Gga02	Xtr06
N0.HOG0007913	Cmi02	Cpl04	Ler04	Loc09	Gga02	Xtr06
N0.HOG0007914	Cmi02	Cpl04	Ler04	Loc09	Gga02	Xtr06
N0.HOG0007915	Cmi02	Cpl04	Ler04	Loc09	Gga02	Xtr06
N0.HOG0007916	Cmi02	Cpl04	Ler04	Loc09	Gga02	Xtr06
N0.HOG0007917	Cmi02	Cpl04	Ler04	Loc09	Gga02	Xtr06
N0.HOG0007918	Cmi02	Cpl04	Ler04	Loc09	Gga02	Xtr06
N0.HOG0007919	Cmi02	Cpl04	Ler04	Loc09	Gga02	Xtr06
N0.HOG0007920	Cmi02	Cpl04	Ler04	Loc11	Gga02	Xtr06
N0.HOG0007921	Cmi02	Cpl04	Ler04	Loc11	Gga02	Xtr06
N0.HOG0007922	Cmi02	Cpl04	Ler04	Loc09	Gga02	Xtr06
N0.HOG0007923	Cmi02	Cpl04	Ler04	Loc09	Gga02	Xtr06
N0.HOG0007924	Cmi02	Cpl04	Ler04	Loc09	Gga02	Xtr06
N0.HOG0007925	Cmi02	Cpl04	Ler04	Loc09	Gga02	Xtr06
N0.HOG0007926	Cmi02	Cpl04	Ler04	Loc09	Gga02	Xtr06
N0.HOG0007927	Cmi02	Cpl04	Ler04	Loc09	Gga02	Xtr06
N0.HOG0007928	Cmi02	Cpl04	Ler04	Loc09	Gga02	Xtr06
N0.HOG0007929	Cmi02	Cpl04	Ler04	Loc09	Gga02	Xtr06
N0.HOG0007930	Cmi02	Cpl04	Ler04	Loc09	Gga02	Xtr06
N0.HOG0007931	Cmi02	Cpl04	Ler04	Loc09	Gga02	Xtr06
N0.HOG0007932	Cmi02	Cpl04	Ler04	Loc09	Gga02	Xtr06
N0.HOG0007933	Cmi02	Cpl04	Ler04	Loc09	Gga02	Xtr06
N0.HOG0007934	Cmi02	Cpl04	Ler04	Loc09	Gga02	Xtr06
N0.HOG0007935	Cmi02	Cpl04	Ler04	Loc09	Gga02	Xtr02
N0.HOG0007936	Cmi02	Cpl04	Ler04	Loc09	Gga02	Xtr06
N0.HOG0007937	Cmi02		Ler11, Ler01			
N0.HOG0007938	Cmi02	Cpl04	Ler04	Loc09	Gga02	Xtr06
N0.HOG0007939	Cmi02	Cpl04	Ler04	Loc09	Gga02	Xtr06
N0.HOG0007940	Cmi02	Cpl04	Ler04	Loc09	Gga02	Xtr06
N0.HOG0007941	Cmi02		Ler04	Loc09	Gga02	Xtr06
N0.HOG0007942	Cmi02	Cpl04	Ler04	Loc11	Gga02	Xtr06
N0.HOG0007943	Cmi02	Cpl04	Ler04	Loc11	Gga02	Xtr06
N0.HOG0007944	Cmi02	Cpl04	Ler04	Loc11	Gga02	Xtr06
N0.HOG0007945	Cmi02	Cpl04	Ler04	Loc11	Gga02	Xtr06
N0.HOG0007946	Cmi02	Cpl04	Ler04	Loc11	Gga02	Xtr06
N0.HOG0007947	Cmi02	Cpl04	Ler04	Loc11	Gga02	Xtr06
N0.HOG0007948	Cmi02	Cpl05	Ler02	Loc09	Gga02	Xtr06
N0.HOG0007949	Cmi02	Cpl05	Ler02	Loc09	Gga02	Xtr06
N0.HOG0007950	Cmi02	Cpl05	Ler02	Loc09		Xtr06
N0.HOG0007951	Cmi02	Cpl05	Ler02	Loc11	Gga02	Xtr06
N0.HOG0007952	Cmi02	Cpl05	Ler02	Loc11	Gga02	Xtr06
N0.HOG0007953	Cmi02	Cpl05	Ler02	Loc11	Gga02	Xtr02
N0.HOG0007954	Cmi02	Cpl04	Ler04	LocSca	Gga02	Xtr06
N0.HOG0007955	Cmi02	Cpl04	Ler04	Loc09	Gga02	Xtr06
N0.HOG0007956	Cmi02	Cpl05	Ler02	Loc11	Gga02	Xtr02
N0.HOG0007957	Cmi02	Cpl05	Ler02	Loc11		Xtr06
N0.HOG0007958	Cmi02	Cpl04	Ler04	Loc11	Gga02	Xtr06
N0.HOG0007959	Cmi02	Cpl04	Ler04	Loc11	Gga02	Xtr06
N0.HOG0007960	Cmi02	Cpl04	Ler04	Loc11	Gga02	Xtr06
N0.HOG0007961	Cmi02	Cpl04	Ler04	Loc11	Gga02	Xtr06
N0.HOG0007962	Cmi02	Cpl04	Ler04	Loc11	Gga02	Xtr06
N0.HOG0007963	Cmi02	Cpl08	Ler20	Loc10	GgaSca	Xtr09
N0.HOG0007964	Cmi02	Cpl04	Ler04	Loc09	Gga02	Xtr06
N0.HOG0007965	Cmi02	Cpl04	Ler04	Loc09	Gga19	Xtr02
N0.HOG0007966	Cmi02	Cpl04	Ler43	Loc11	Gga02	Xtr06
N0.HOG0007967	Cmi02	Cpl04	Ler43	Loc09	Gga02	Xtr06
N0.HOG0007968	Cmi02	Cpl04	Ler43	Loc09	Gga02	Xtr06
N0.HOG0007969	Cmi02	Cpl04	LerSca	Loc11	Gga02	Xtr06
N0.HOG0007970	Cmi02	Cpl04	LerSca	Loc09	Gga02	Xtr06
N0.HOG0007971	Cmi02	Cpl04	Ler04	Loc11	Gga02	Xtr06
N0.HOG0007972	Cmi02	Cpl04	Ler04	Loc11	Gga02	Xtr06
N0.HOG0007973	Cmi02	Cpl04	Ler04	Loc11	Gga02	Xtr06
N0.HOG0007974	Cmi02	Cpl04	Ler04	Loc11	Gga02	Xtr06
N0.HOG0007975	Cmi02	Cpl04	Ler04	Loc11	Gga02	Xtr06
N0.HOG0007976	Cmi02	Cpl04	Ler04	Loc11	Gga02	Xtr06
N0.HOG0007977	Cmi03	Cpl09	Ler08	Loc01	Gga03	Xtr05
N0.HOG0007978	Cmi03	Cpl09	Ler08	Loc01	Gga03	Xtr05
N0.HOG0007979	Cmi03	Cpl09	Ler08	Loc01	Gga01	Xtr03
N0.HOG0007980	Cmi03	Cpl03	Ler05	Loc01	Gga03	Xtr05
N0.HOG0007981	Cmi03	Cpl03	Ler05	Loc01	Gga03	Xtr05
N0.HOG0007982	Cmi03	Cpl09	Ler08	Loc01	Gga03	Xtr05
N0.HOG0007983	Cmi03	Cpl09	Ler08	Loc01	Gga03	Xtr05
N0.HOG0007984	Cmi03	Cpl09	Ler08	Loc16	Gga03	Xtr05
N0.HOG0007985	Cmi03	Cpl09	Ler08	LocSca	Gga03	Xtr05
N0.HOG0007986	Cmi03	Cpl09	Ler08	LocSca	Gga03	Xtr05
N0.HOG0007987	Cmi03	Cpl09	Ler08	LocSca	Gga03	Xtr05
N0.HOG0007988	Cmi03	Cpl09	Ler08	LocSca	Gga03	Xtr05
N0.HOG0007989	Cmi03	Cpl09	Ler08	LocSca	Gga03	Xtr05
N0.HOG0007990	Cmi03	Cpl09	Ler08	LocSca	Gga03	Xtr05
N0.HOG0007991	Cmi03	Cpl09	Ler08	LocSca	Gga03	Xtr05
N0.HOG0007992	Cmi03	Cpl09	Ler08	LocSca	Gga03	Xtr05
N0.HOG0007993	Cmi03	Cpl09	Ler08	Loc01	Gga03	Xtr05
N0.HOG0007994	Cmi03	CplSca	Ler08	Loc01	Gga03	Xtr05
N0.HOG0007995	Cmi03	CplSca	Ler08	Loc16	Gga03	Xtr05
N0.HOG0007996	Cmi03	Cpl09	Ler08	Loc16	Gga03	Xtr05
N0.HOG0007997	Cmi03	Cpl09	Ler08	Loc16	Gga03	Xtr05
N0.HOG0007998	Cmi03	Cpl09	Ler08	Loc16	Gga03	Xtr05
N0.HOG0007999	Cmi03	Cpl09	Ler08	Loc16	Gga03	Xtr05
N0.HOG0008000	Cmi03	Cpl03	Ler05	Loc16	Gga03	Xtr05
N0.HOG0008001	Cmi03	Cpl03	Ler05	Loc16	Gga03	Xtr05
N0.HOG0008002	Cmi03	Cpl03	Ler05	Loc16	Gga03	Xtr05
N0.HOG0008003	Cmi03	Cpl03	Ler05	Loc16	Gga03	Xtr05
N0.HOG0008004	Cmi03	Cpl03	Ler05	Loc16	Gga03	Xtr05
N0.HOG0008005	Cmi03	Cpl03	Ler05	Loc16	Gga03	Xtr05
N0.HOG0008006	Cmi03	Cpl03	Ler05	Loc16	Gga03	Xtr05
N0.HOG0008007	Cmi03	Cpl03	Ler05	Loc16	Gga03	Xtr05
N0.HOG0008008	Cmi03	Cpl03	Ler05	Loc16	Gga03	Xtr05
N0.HOG0008009	Cmi03	Cpl03	Ler05	Loc16	Gga03	Xtr05
N0.HOG0008010	Cmi03	Cpl03	Ler05	Loc16	Gga03	Xtr10
N0.HOG0008011	Cmi03	Cpl03	Ler05	Loc16	Gga03	Xtr05
N0.HOG0008012	Cmi03	Cpl03	Ler05	Loc16	Gga03	Xtr05
N0.HOG0008013	Cmi03	Cpl03	Ler05	Loc16	Gga03	Xtr05
N0.HOG0008014	Cmi03	Cpl03	Ler05	Loc16	Gga03	Xtr05
N0.HOG0008015	Cmi03	Cpl03	Ler05	Loc16	Gga03	Xtr05
N0.HOG0008016	Cmi03	Cpl03	Ler05	Loc16	Gga03	Xtr05
N0.HOG0008017	Cmi03	Cpl03	Ler05	Loc16	Gga03	Xtr05
N0.HOG0008018	Cmi03	Cpl03	Ler05	Loc16	Gga03	Xtr05
N0.HOG0008019	Cmi03	Cpl03	Ler05	Loc01	Gga03	Xtr05
N0.HOG0008020	Cmi03	Cpl03	LerSca	Loc01	Gga03	Xtr05
N0.HOG0008021	Cmi03	Cpl03	Ler05	Loc01	Gga03	Xtr05
N0.HOG0008022	Cmi03	Cpl03	Ler05	Loc01	Gga03	Xtr05
N0.HOG0008023	Cmi03	Cpl03	Ler05	Loc01	Gga03	Xtr05
N0.HOG0008024	Cmi03	Cpl03	Ler05	Loc01	Gga03	Xtr05
N0.HOG0008025	Cmi03	Cpl03	Ler05	Loc01	Gga03	Xtr05
N0.HOG0008026	Cmi03	Cpl03	Ler05	Loc01	Gga03	Xtr05
N0.HOG0008027	Cmi03	Cpl03	Ler05	Loc01	Gga03, GgaW	
N0.HOG0008028	Cmi03	Cpl03	Ler05	Loc01	Gga03	Xtr05
N0.HOG0008029	Cmi03	Cpl03	Ler05	Loc01	Gga03	Xtr05
N0.HOG0008030	Cmi03	Cpl03	Ler05	Loc01	Gga03	Xtr05
N0.HOG0008031	Cmi03	Cpl03	Ler05	Loc01	Gga03	Xtr05
N0.HOG0008032	Cmi03	Cpl03	Ler05	Loc01	Gga03	Xtr05
N0.HOG0008033	Cmi03	Cpl03	Ler05	Loc01	Gga03	Xtr05
N0.HOG0008034	Cmi03	Cpl03	Ler05	Loc01	Gga03	Xtr05
N0.HOG0008035	Cmi03	Cpl03	Ler05	Loc01	Gga03	Xtr05
N0.HOG0008036	Cmi03	Cpl03	Ler05	Loc01	Gga03	Xtr05
N0.HOG0008037	Cmi03	Cpl03	Ler05	Loc01	Gga03	Xtr05
N0.HOG0008038	Cmi03	Cpl03	Ler05	Loc01	Gga03	Xtr05
N0.HOG0008039	Cmi03	Cpl03	Ler05	Loc01	Gga03	Xtr05
N0.HOG0008040	Cmi03	Cpl03	Ler05	Loc01	Gga03	Xtr05
N0.HOG0008041	Cmi03	Cpl03	Ler05	Loc01	Gga03	Xtr05
N0.HOG0008042	Cmi03	Cpl03	Ler05	Loc01	Gga03	Xtr05
N0.HOG0008043	Cmi03	Cpl03	Ler05	Loc01	Gga03	Xtr05
N0.HOG0008044	Cmi03	Cpl03	Ler05	Loc01	Gga03	Xtr05
N0.HOG0008045	Cmi03	Cpl03	Ler05	Loc01	Gga03	Xtr05
N0.HOG0008046	Cmi03	Cpl03	Ler05	Loc01	Gga03	Xtr05
N0.HOG0008047	Cmi03	Cpl03	Ler05	Loc01	Gga03	Xtr05
N0.HOG0008048	Cmi03	Cpl03	Ler05	Loc01	Gga03	Xtr05
N0.HOG0008049	Cmi03	Cpl03	Ler05	Loc01	Gga03	Xtr05
N0.HOG0008050	Cmi03	Cpl03	Ler05	Loc01	Gga03	Xtr05
N0.HOG0008051	Cmi03	Cpl03	Ler05	Loc01	Gga03	Xtr05
N0.HOG0008052	Cmi03	Cpl03	Ler05	Loc01	Gga03	Xtr05
N0.HOG0008053	Cmi03	Cpl03	Ler05	Loc01	Gga03	Xtr05
N0.HOG0008054	Cmi03	Cpl03	Ler05	Loc01	Gga03	Xtr05
N0.HOG0008055	Cmi03	Cpl03	Ler05	Loc01	Gga03	Xtr05
N0.HOG0008056	Cmi03	Cpl03	Ler05	Loc01	Gga03	Xtr05
N0.HOG0008057	Cmi03	Cpl03	Ler05	Loc01	Gga03	Xtr05
N0.HOG0008058	Cmi03	Cpl03	Ler05	Loc01	Gga03	Xtr05
N0.HOG0008059	Cmi03	Cpl03	Ler05	Loc01	Gga03	Xtr05
N0.HOG0008060	Cmi03	Cpl03	Ler05	Loc01	Gga03	Xtr05
N0.HOG0008061	Cmi03	Cpl03	Ler05	Loc01	Gga25	Xtr08
N0.HOG0008062	Cmi03	Cpl03	Ler05	Loc01	Gga03	Xtr05
N0.HOG0008063	Cmi03	Cpl03	Ler05	Loc01	Gga03	Xtr05
N0.HOG0008064	Cmi03	Cpl03	Ler05	Loc01	Gga03	Xtr05
N0.HOG0008065	Cmi03	Cpl03	Ler05	Loc01	Gga03	Xtr05
N0.HOG0008066	Cmi03	Cpl03	Ler05	Loc01	Gga03	Xtr05
N0.HOG0008067	Cmi03	Cpl03	Ler05	Loc01	Gga03	Xtr05
N0.HOG0008068	Cmi03	Cpl03	Ler05	Loc01	Gga03	Xtr05
N0.HOG0008069	Cmi03	Cpl03	Ler05	Loc01	Gga03	Xtr05
N0.HOG0008070	Cmi03	Cpl03	Ler05	Loc01	Gga03	Xtr05
N0.HOG0008071	Cmi03	Cpl03	Ler05	Loc01	Gga03	Xtr08
N0.HOG0008072	Cmi03	Cpl03	Ler05	Loc01	Gga03	Xtr05
N0.HOG0008073	Cmi03	Cpl03	Ler05	Loc01	Gga03	Xtr05
N0.HOG0008074	Cmi03	Cpl03	Ler05	Loc01	Gga03	Xtr05
N0.HOG0008075	Cmi03	Cpl03	Ler05	Loc01	Gga03	Xtr05
N0.HOG0008076	Cmi03	Cpl03	Ler05	Loc01	Gga03	Xtr05
N0.HOG0008077	Cmi03	Cpl03	Ler05	Loc01	Gga03	Xtr05
N0.HOG0008078	Cmi03	Cpl03	Ler05	Loc01	Gga03	Xtr05
N0.HOG0008079	Cmi03	Cpl03	Ler05	Loc01	Gga03	Xtr05
N0.HOG0008080	Cmi03	Cpl03	Ler05	Loc01	Gga03	Xtr05
N0.HOG0008081	Cmi03	Cpl03	Ler05	Loc01	Gga03	Xtr05
N0.HOG0008082	Cmi03	Cpl03	Ler05	Loc01	Gga03	Xtr05
N0.HOG0008083	Cmi03	Cpl03	Ler05	Loc01	Gga03	Xtr05
N0.HOG0008084	Cmi03	Cpl03	Ler05	Loc01	Gga03	Xtr05
N0.HOG0008085	Cmi03	Cpl03	Ler05	Loc01	Gga02	Xtr06
N0.HOG0008086	Cmi03	Cpl03	Ler05	Loc01	Gga03	Xtr05
N0.HOG0008087	Cmi03	Cpl03	Ler05	Loc13	Gga14	Xtr09
N0.HOG0008088	Cmi03	Cpl03	Ler05	Loc01	Gga03	Xtr05
N0.HOG0008089	Cmi03			Loc01	Gga03	Xtr05
N0.HOG0008090	Cmi03	Cpl03	Ler05	Loc01	Gga03	Xtr05
N0.HOG0008091	Cmi03	Cpl03	Ler05	Loc01	Gga03	Xtr05
N0.HOG0008092	Cmi03	Cpl03	Ler05	Loc01	Gga03	Xtr05
N0.HOG0008093	Cmi03	Cpl03	Ler05	LocSca	Gga03	Xtr05
N0.HOG0008094	Cmi03	Cpl03	Ler05	LocSca	Gga03	Xtr05
N0.HOG0008095	Cmi03	Cpl03	Ler05	LocSca	Gga03	Xtr05
N0.HOG0008096	Cmi03	Cpl03	Ler05	Loc01	Gga03	Xtr05
N0.HOG0008097	Cmi03	Cpl03		Loc26, Loc01	Gga03	Xtr05
N0.HOG0008098	Cmi03	Cpl03	Ler05	Loc01	Gga03	Xtr05
N0.HOG0008099	Cmi03	Cpl03	Ler05	Loc01	Gga03	Xtr05
N0.HOG0008100	Cmi03	Cpl03	Ler05	Loc01	Gga03	Xtr05
N0.HOG0008101	Cmi03	Cpl03	Ler05	Loc01	Gga03	Xtr05
N0.HOG0008102	Cmi03	Cpl03	Ler05	Loc01	Gga03	Xtr05
N0.HOG0008103	Cmi03	Cpl03	Ler05	Loc01	Gga03	Xtr05
N0.HOG0008104	Cmi03	Cpl03	Ler05	Loc01	Gga03	Xtr05
N0.HOG0008105	Cmi03	Cpl03	Ler05	Loc01	Gga03	Xtr05
N0.HOG0008106	Cmi03	Cpl03	Ler05	Loc01	Gga03	Xtr05
N0.HOG0008107	Cmi03	Cpl03	Ler05	Loc01	Gga03	Xtr05
N0.HOG0008108	Cmi03	Cpl03	Ler05	Loc01	Gga03	Xtr05
N0.HOG0008109	Cmi03	Cpl03	Ler05	Loc01	Gga03	Xtr05
N0.HOG0008110	Cmi03	Cpl03	Ler05	Loc01	Gga03	Xtr05
N0.HOG0008111	Cmi03	Cpl03	Ler05	Loc01	Gga03	Xtr05
N0.HOG0008112	Cmi03	Cpl03	Ler05	Loc01	Gga03	Xtr05
N0.HOG0008113	Cmi03	Cpl03	Ler05	Loc01	Gga03	Xtr05
N0.HOG0008114	Cmi03	Cpl03	Ler05	Loc01	Gga03	Xtr05
N0.HOG0008115	Cmi03	Cpl03	Ler05	Loc01	Gga03	Xtr05
N0.HOG0008116	Cmi03	Cpl03	Ler05	Loc01	Gga03	Xtr05
N0.HOG0008117	Cmi03	Cpl03	Ler05	Loc01	Gga03	Xtr05
N0.HOG0008118	Cmi03	Cpl03	Ler05	Loc01	Gga03	Xtr05
N0.HOG0008119	Cmi03	Cpl03	Ler05	Loc01	Gga03	Xtr05
N0.HOG0008120	Cmi03	Cpl03	Ler05	Loc01	Gga03	Xtr05
N0.HOG0008121	Cmi03	Cpl03	Ler05	Loc01	Gga03	Xtr05
N0.HOG0008122	Cmi03	Cpl03	Ler05	Loc01	Gga03	Xtr05
N0.HOG0008123	Cmi03	Cpl03	Ler05	Loc01	Gga03	Xtr05
N0.HOG0008124	Cmi03	Cpl03	Ler05	Loc01	Gga03	Xtr05
N0.HOG0008125	Cmi03, Cmi04	Cpl12		Loc01	Gga03	Xtr05
N0.HOG0008126	Cmi03	Cpl03	Ler05	Loc01	Gga03	Xtr05
N0.HOG0008127	Cmi03	Cpl03	Ler05	Loc01	Gga03	Xtr05
N0.HOG0008128	Cmi03	Cpl03	Ler05	Loc01	Gga03	Xtr05
N0.HOG0008129	Cmi03	Cpl03	Ler05	Loc01	Gga03	Xtr05
N0.HOG0008130	Cmi03	Cpl03	Ler05	Loc01	Gga03	Xtr05
N0.HOG0008131	Cmi03	Cpl03	Ler05	Loc01	Gga03	Xtr05
N0.HOG0008132	Cmi03	Cpl03	Ler05	Loc01	Gga03	Xtr05
N0.HOG0008133	Cmi03	Cpl03	Ler05	Loc01	Gga03	Xtr05
N0.HOG0008134	Cmi03	Cpl03	Ler05	Loc01	Gga03	Xtr05
N0.HOG0008135	Cmi03	Cpl03	Ler05	Loc01	Gga03	Xtr05
N0.HOG0008136	Cmi03	Cpl03	Ler05	Loc01	Gga03	Xtr05
N0.HOG0008137	Cmi03	Cpl03	Ler05	Loc01	Gga03	Xtr05
N0.HOG0008138	Cmi03	Cpl03	Ler05	Loc01	Gga03	Xtr05
N0.HOG0008139	Cmi03	Cpl03	Ler05	Loc01	Gga03	Xtr05
N0.HOG0008140	Cmi03	Cpl03	Ler05	Loc01	Gga03	Xtr05
N0.HOG0008141	Cmi03	Cpl03	Ler05	Loc01	Gga03	Xtr05
N0.HOG0008142	Cmi03	Cpl03	Ler05	Loc01	Gga03	Xtr05
N0.HOG0008143	Cmi03	Cpl03	Ler05	Loc01	Gga03	Xtr05
N0.HOG0008144	Cmi03	Cpl03	Ler05	Loc01	Gga03	Xtr05
N0.HOG0008145	Cmi03	Cpl03	Ler05	Loc01	Gga03	Xtr05
N0.HOG0008146	Cmi03	Cpl03	Ler05	Loc01	Gga03	Xtr05
N0.HOG0008147	Cmi03	Cpl03	Ler05	Loc01	Gga03	Xtr05
N0.HOG0008148	Cmi03	Cpl03	Ler05	Loc01	Gga03	Xtr05
N0.HOG0008149	Cmi03	Cpl03	Ler05	Loc01	Gga03	Xtr05
N0.HOG0008150	Cmi03	Cpl03	Ler05	Loc01	Gga03	Xtr05
N0.HOG0008151	Cmi03	Cpl03	Ler05	Loc01	Gga03	Xtr05
N0.HOG0008152	Cmi03	Cpl03	Ler05	Loc01	Gga03	Xtr05
N0.HOG0008153	Cmi03	Cpl03	Ler05	Loc01	Gga03	Xtr05
N0.HOG0008154	Cmi03	Cpl03	Ler05	Loc01	Gga03	Xtr05
N0.HOG0008155	Cmi03	Cpl03	Ler05	Loc01	Gga03	Xtr05
N0.HOG0008156	Cmi03	Cpl03	Ler05	Loc01	Gga03	Xtr05
N0.HOG0008157	Cmi03	Cpl03	Ler05	Loc01	Gga03	Xtr05
N0.HOG0008158	Cmi03	Cpl03	Ler05	Loc01	Gga03	Xtr01
N0.HOG0008159	Cmi03	Cpl03	Ler05	Loc01	Gga03	Xtr05
N0.HOG0008160	Cmi03	Cpl03	Ler05	Loc01	Gga03	Xtr05
N0.HOG0008161	Cmi03	Cpl03	Ler05	Loc01	Gga03	Xtr05
N0.HOG0008162	Cmi03	Cpl03	Ler05	Loc01	Gga03	Xtr05
N0.HOG0008163	Cmi03	Cpl03	Ler05	Loc01	Gga03	Xtr05
N0.HOG0008164	Cmi03	Cpl03	Ler05	Loc01	Gga03	Xtr05
N0.HOG0008165	Cmi03	Cpl03	Ler05	Loc01	Gga03	Xtr05
N0.HOG0008166	Cmi03	Cpl03	Ler05	Loc01	Gga03	Xtr05
N0.HOG0008167	Cmi03	Cpl03	Ler05	Loc01	Gga03	Xtr05
N0.HOG0008168	Cmi03	Cpl03	Ler05	Loc01	Gga03	Xtr05
N0.HOG0008169	Cmi03	Cpl03	Ler05	Loc01	Gga03	Xtr05
N0.HOG0008170	Cmi03	Cpl03	Ler05	Loc16	Gga03	Xtr05
N0.HOG0008171	Cmi03	Cpl03	Ler05	Loc01	Gga03	Xtr05
N0.HOG0008172	Cmi03	Cpl03	Ler05	Loc01	Gga03	Xtr05
N0.HOG0008173	Cmi03	Cpl03	Ler05	Loc01	Gga03	Xtr05
N0.HOG0008174	Cmi03	Cpl03	Ler05	Loc01	Gga03	Xtr05
N0.HOG0008175	Cmi03	Cpl03	Ler05	Loc01	Gga03	Xtr05
N0.HOG0008176	Cmi03	Cpl03	Ler05	Loc01	Gga03	Xtr05
N0.HOG0008177	Cmi03	Cpl03	Ler05	Loc01	Gga03	Xtr05
N0.HOG0008178	Cmi03	Cpl03	Ler05	Loc01	Gga03	Xtr05
N0.HOG0008179	Cmi03	Cpl03	Ler05	Loc01	Gga03	Xtr05
N0.HOG0008180	Cmi03	Cpl03	Ler05	Loc01	Gga03	Xtr05
N0.HOG0008181	Cmi03	CplSca	Ler05	Loc01	Gga03	Xtr05
N0.HOG0008182	Cmi03	Cpl03	Ler05	Loc01	Gga03	Xtr05
N0.HOG0008183	Cmi03	Cpl03	Ler05	Loc01	Gga03	Xtr05
N0.HOG0008184	Cmi03	Cpl03	Ler05	Loc01	Gga03	Xtr07
N0.HOG0008185	Cmi03	Cpl03	Ler05	Loc01	Gga03	Xtr05
N0.HOG0008186	Cmi03	Cpl03	Ler05	Loc01	Gga03	Xtr05
N0.HOG0008187	Cmi03	Cpl03	Ler05	Loc01	Gga03	Xtr05
N0.HOG0008188	Cmi03	Cpl03	Ler05	Loc01	Gga03	Xtr05
N0.HOG0008189	Cmi03	Cpl03	Ler05	Loc01	Gga03	Xtr05
N0.HOG0008190	Cmi03	Cpl03	Ler05	Loc01	Gga03	Xtr05
N0.HOG0008191	Cmi03	Cpl03	Ler05	Loc01	Gga03	Xtr05
N0.HOG0008192	Cmi03	Cpl03	Ler05	Loc01	Gga03	Xtr05
N0.HOG0008193	Cmi03	Cpl03	Ler05	Loc01	Gga03	Xtr05
N0.HOG0008194	Cmi03	Cpl03	Ler05	Loc01	Gga03	Xtr05
N0.HOG0008195	Cmi03	Cpl03	Ler05	Loc01	Gga03	Xtr05
N0.HOG0008196	Cmi03	CplSca	Ler05	Loc01	Gga03	Xtr05
N0.HOG0008197	Cmi03	Cpl03	Ler05	Loc01	Gga03	Xtr05
N0.HOG0008198	Cmi03	Cpl03	Ler05	Loc01	Gga03	Xtr05
N0.HOG0008199	Cmi03	Cpl03	Ler05	Loc01	Gga03	Xtr05
N0.HOG0008200	Cmi03	Cpl03	Ler05	Loc01	Gga03	Xtr05
N0.HOG0008201	Cmi03	Cpl03	Ler05	Loc01	Gga03	Xtr05
N0.HOG0008202	Cmi03	Cpl03	Ler05	Loc01	Gga03	Xtr05
N0.HOG0008203	Cmi03	Cpl03	Ler05	Loc01	Gga03	Xtr05
N0.HOG0008204	Cmi03	Cpl03	Ler05	Loc01	Gga03	Xtr05
N0.HOG0008205	Cmi03	Cpl03	Ler05	Loc01	Gga03	Xtr05
N0.HOG0008206	Cmi03	Cpl03	Ler05	Loc01	Gga03	Xtr05
N0.HOG0008207	Cmi03	Cpl03	Ler05	Loc01	Gga03	Xtr05
N0.HOG0008208	Cmi03	Cpl03	Ler05		Gga03	Xtr05
N0.HOG0008209	Cmi03	Cpl03	Ler05	Loc01	Gga03	Xtr05
N0.HOG0008210	Cmi03	Cpl03	LerSca	Loc01	Gga03	Xtr05
N0.HOG0008211	Cmi03	Cpl03		Loc01	Gga03	Xtr05
N0.HOG0008212	Cmi03	Cpl03	LerSca	Loc01	Gga03	Xtr05
N0.HOG0008213	Cmi03	Cpl03	LerSca	Loc16	Gga03	Xtr05
N0.HOG0008214	Cmi03	Cpl03	LerSca	Loc16	Gga03	Xtr05
N0.HOG0008215	Cmi03	Cpl03	LerSca	Loc16	Gga03	Xtr05
N0.HOG0008216	Cmi03	Cpl03	LerSca	Loc16	Gga03	Xtr05
N0.HOG0008217	Cmi03	Cpl03	LerSca	Loc16		Xtr05
N0.HOG0008218	Cmi03	Cpl03	LerSca	Loc16	Gga03	Xtr05
N0.HOG0008219	Cmi03	Cpl03	Ler05	Loc16	Gga03	Xtr05
N0.HOG0008220	Cmi03	Cpl03	Ler05	Loc16	Gga03	Xtr05
N0.HOG0008221	Cmi03	Cpl03	Ler05	Loc16	Gga03	Xtr05
N0.HOG0008222	Cmi03	Cpl03	Ler05	Loc16	Gga03	Xtr05
N0.HOG0008223	Cmi03	Cpl03	Ler05	Loc16	Gga03	Xtr05
N0.HOG0008224	Cmi03	Cpl03	Ler05	Loc16	Gga03	Xtr05
N0.HOG0008225	Cmi03	Cpl03	Ler05	Loc16	Gga03	Xtr05
N0.HOG0008226	Cmi03	Cpl09	Ler08	Loc16	Gga03	Xtr01
N0.HOG0008227	Cmi03	Cpl09	Ler08	Loc16	Gga02	Xtr05
N0.HOG0008228	Cmi03	Cpl09	Ler08	Loc16	Gga03	Xtr05
N0.HOG0008229	Cmi03	Cpl09	Ler08	Loc16	Gga03	Xtr05
N0.HOG0008230	Cmi03		Ler24	Loc05	Gga25	Xtr08
N0.HOG0008231	Cmi03	Cpl09	Ler08	Loc01	Gga03	Xtr05
N0.HOG0008232	Cmi03	Cpl09	Ler08	Loc01	Gga03	Xtr05
N0.HOG0008233	Cmi03	Cpl09	Ler08	Loc01	Gga03	Xtr05
N0.HOG0008234	Cmi03	Cpl09	Ler08	Loc01	Gga03	Xtr05
N0.HOG0008235	Cmi03	Cpl09	Ler08	Loc01	Gga03	Xtr05
N0.HOG0008236	Cmi03	Cpl09	Ler08	Loc01	Gga03	Xtr05
N0.HOG0008237	Cmi03	Cpl09	Ler08	Loc01	Gga03	Xtr05
N0.HOG0008238	Cmi03	Cpl09	Ler08	Loc01	Gga03	Xtr05
N0.HOG0008239	Cmi03	Cpl09	Ler08	Loc01	Gga03	Xtr05
N0.HOG0008240	Cmi03	Cpl09	Ler08	Loc01	Gga03	Xtr05
N0.HOG0008241	Cmi03	Cpl09	Ler08	Loc01	Gga03	Xtr05
N0.HOG0008242	Cmi03	Cpl09	Ler08	Loc01	Gga03	Xtr05
N0.HOG0008243	Cmi03	Cpl03	Ler05	Loc16	Gga03	Xtr05
N0.HOG0008244	Cmi03	Cpl03	Ler05	Loc16	Gga03	Xtr05
N0.HOG0008245	Cmi03	Cpl03	Ler05	Loc16	Gga03	Xtr05
N0.HOG0008246	Cmi03	Cpl03	Ler05	Loc16	Gga03	Xtr05
N0.HOG0008247	Cmi03	Cpl03	Ler05	Loc16	Gga03	Xtr05
N0.HOG0008248	Cmi03	Cpl03	Ler05	Loc16	Gga03	Xtr05
N0.HOG0008249	Cmi03	Cpl03	Ler05	Loc16	Gga03	Xtr10
N0.HOG0008250	Cmi03	Cpl09	Ler08	Loc08	Gga03	Xtr05
N0.HOG0008251	Cmi03	Cpl09	Ler08	Loc01	Gga03	Xtr05
N0.HOG0008252	Cmi03	Cpl09	Ler08	Loc16	Gga03	Xtr05
N0.HOG0008253	Cmi03	Cpl09	Ler08	Loc01	Gga03	Xtr05
N0.HOG0008254	Cmi03	Cpl09	Ler08	Loc01	Gga03	Xtr05
N0.HOG0008255	Cmi03	Cpl09	Ler08	Loc01	Gga03	Xtr05
N0.HOG0008256	Cmi03	Cpl09	Ler08	Loc01	Gga03	Xtr05
N0.HOG0008257	Cmi03	Cpl09	Ler08	Loc16	Gga03	Xtr05
N0.HOG0008258	Cmi03	Cpl09	Ler08	Loc01	Gga03	Xtr05
N0.HOG0008259	Cmi03	Cpl09	Ler08	Loc01	Gga05	Xtr05
N0.HOG0008260	Cmi03	Cpl09	Ler08	LocSca	Gga03	Xtr05
N0.HOG0008261	Cmi03	Cpl09	Ler08	Loc16	Gga03	Xtr05
N0.HOG0008262	Cmi03	Cpl09	Ler08	Loc16	Gga03	Xtr05
N0.HOG0008263	Cmi03	Cpl09	Ler08	Loc16	Gga03	Xtr05
N0.HOG0008264	Cmi03	Cpl09	Ler08	Loc16	Gga03	Xtr05
N0.HOG0008265	Cmi03	Cpl09	Ler08	Loc16	Gga03	Xtr04
N0.HOG0008266	Cmi03	Cpl09	Ler08	Loc16	Gga03	Xtr08
N0.HOG0008267	Cmi03	Cpl09	Ler08	Loc16	Gga03	Xtr05
N0.HOG0008268	Cmi03	Cpl09	Ler08	Loc16	Gga03	Xtr05
N0.HOG0008269	Cmi03	Cpl09	Ler08	Loc01	Gga03	Xtr05
N0.HOG0008270	Cmi03	Cpl09	Ler08	Loc01	Gga03	Xtr05
N0.HOG0008271	Cmi03	Cpl09	Ler08	Loc01	Gga20	Xtr05
N0.HOG0008272	Cmi03	Cpl03	Ler05	Loc16	Gga03	Xtr05
N0.HOG0008273	Cmi03	Cpl03	Ler05	Loc16	Gga03	Xtr05
N0.HOG0008274	Cmi03	Cpl03	Ler05	Loc16	Gga03	Xtr05
N0.HOG0008275	Cmi03	Cpl03	Ler05	Loc16	Gga03	Xtr05
N0.HOG0008276	Cmi03	Cpl03	Ler05	Loc01	Gga03	Xtr05
N0.HOG0008277	Cmi03	Cpl03	Ler05	Loc01	Gga03	Xtr05
N0.HOG0008278	Cmi03	Cpl03	Ler05	Loc01	Gga03	
N0.HOG0008279	Cmi03	Cpl03	Ler05	Loc01	Gga03	Xtr05
N0.HOG0008280	Cmi03	Cpl09	Ler08	Loc16	Gga03	Xtr05
N0.HOG0008281	Cmi03	Cpl09	Ler08	Loc16	Gga03	Xtr05
N0.HOG0008282	Cmi03	Cpl09	Ler08	Loc16	Gga03	Xtr05
N0.HOG0008283	Cmi03	Cpl09	Ler08	Loc16	Gga03	Xtr05
N0.HOG0008284	Cmi03	Cpl09	Ler08	Loc16	Gga03	Xtr05
N0.HOG0008285	Cmi03	Cpl09	Ler08	Loc01	Gga03	Xtr05
N0.HOG0008286	Cmi03	Cpl09	Ler08	Loc01	Gga03	Xtr05
N0.HOG0008287	Cmi03	Cpl09	Ler08, Ler13	Loc01		Xtr05
N0.HOG0008288	Cmi03	Cpl09	Ler08	Loc01	Gga03	Xtr05
N0.HOG0008289	Cmi03	Cpl09	Ler08	Loc01	Gga03	Xtr05
N0.HOG0008290	Cmi03	Cpl09	Ler08	Loc01	Gga03	Xtr05
N0.HOG0008291	Cmi03	Cpl09	Ler08	Loc16	Gga03	
N0.HOG0008292	Cmi03	Cpl09	Ler08	Loc16	Gga03	Xtr05
N0.HOG0008293	Cmi03	Cpl09	Ler08	Loc01	Gga03	Xtr05
N0.HOG0008294	Cmi03	Cpl09	Ler08	Loc01	Gga03	Xtr05
N0.HOG0008295	Cmi03	Cpl09	Ler08	Loc01	Gga03	Xtr05
N0.HOG0008296	Cmi03	Cpl09	Ler08	Loc01	Gga03	Xtr05
N0.HOG0008297	Cmi03	Cpl09	Ler08	Loc01	Gga03	Xtr05
N0.HOG0008298	Cmi03	Cpl09	Ler08	Loc01	Gga03	Xtr05
N0.HOG0008299	Cmi03	Cpl09	Ler08	Loc01	Gga03	Xtr05
N0.HOG0008300	Cmi03	Cpl09	Ler08	Loc01	Gga03	Xtr05
N0.HOG0008301	Cmi03	Cpl03	Ler05	Loc01	Gga03	Xtr05
N0.HOG0008302	Cmi03	Cpl03	Ler05	Loc01	Gga03	Xtr05
N0.HOG0008303	Cmi03	Cpl03	Ler05	Loc01	Gga03	Xtr05
N0.HOG0008304	Cmi03	Cpl03	Ler05	Loc01	Gga03	Xtr05
N0.HOG0008305	Cmi03	Cpl03	Ler05	Loc01	Gga03	Xtr05
N0.HOG0008306	Cmi03	Cpl09	Ler08	Loc16	Gga03	Xtr05
N0.HOG0008307	Cmi03	Cpl09	Ler08	Loc22	Gga19	Xtr02
N0.HOG0008308	Cmi03	Cpl09	Ler08	Loc16	Gga03	Xtr05
N0.HOG0008309	Cmi03	Cpl09	Ler08	Loc16	Gga03	Xtr05
N0.HOG0008310	Cmi03	Cpl15	Ler08	Loc16	Gga03	Xtr03
N0.HOG0008311	Cmi03	Cpl15	Ler08	Loc16	Gga03	Xtr05
N0.HOG0008312	Cmi03	Cpl15		Loc01	Gga03	Xtr05
N0.HOG0008313	Cmi03	Cpl09	Ler08	Loc16	Gga03	
N0.HOG0008314	Cmi03	Cpl09	Ler08	Loc16	Gga03	
N0.HOG0008315	Cmi03	Cpl03	Ler05	Loc16	Gga03	Xtr05
N0.HOG0008316	Cmi03	Cpl03	Ler05	Loc16	Gga03	Xtr05
N0.HOG0008317	Cmi03	Cpl09	Ler08	Loc01	Gga03	Xtr05
N0.HOG0008318	Cmi03	Cpl09	Ler08	Loc16	Gga03	Xtr05
N0.HOG0008319	Cmi03	Cpl09	Ler08	Loc16	Gga03	Xtr05
N0.HOG0008320	Cmi03	Cpl09	Ler08	Loc16	Gga03	Xtr05
N0.HOG0008321	Cmi03	Cpl09	Ler08	Loc16	Gga03	Xtr05
N0.HOG0008322	Cmi03	Cpl09	Ler08	Loc16	Gga03	Xtr05
N0.HOG0008323	Cmi03	Cpl09	Ler08	Loc01	Gga03	Xtr05
N0.HOG0008324	Cmi03	Cpl09	Ler08	Loc01	Gga03	Xtr05
N0.HOG0008325	Cmi03	Cpl09	Ler08	Loc01	Gga03	Xtr05
N0.HOG0008326	Cmi03	Cpl09	Ler08	Loc01	Gga03	Xtr05
N0.HOG0008327	Cmi03	Cpl09	Ler08	Loc01	Gga03	Xtr05
N0.HOG0008328	Cmi03	Cpl09	Ler08	Loc01	Gga03	Xtr03
N0.HOG0008329	Cmi03	Cpl09	Ler08	Loc01	Gga03	Xtr05
N0.HOG0008330	Cmi03	Cpl09	Ler08	Loc01	Gga03	Xtr05
N0.HOG0008331	Cmi03	Cpl09	Ler08	Loc16	Gga03	Xtr05
N0.HOG0008332	Cmi03	Cpl09	Ler08	Loc16	Gga03	Xtr05
N0.HOG0008333	Cmi03	Cpl09	Ler08	Loc16	Gga03	Xtr05
N0.HOG0008334	Cmi03	Cpl09	Ler08	Loc16	Gga03	Xtr05
N0.HOG0008335	Cmi03	Cpl09	Ler08	Loc16	Gga03	Xtr05
N0.HOG0008336	Cmi03	Cpl09	Ler08	Loc16	Gga03	Xtr05
N0.HOG0008337	Cmi03	Cpl09	Ler08	Loc16	Gga03	Xtr05
N0.HOG0008338	Cmi03	Cpl09	Ler08	Loc16	Gga03	Xtr05
N0.HOG0008339	Cmi03	Cpl09	Ler08	Loc16	Gga03	Xtr05
N0.HOG0008340	Cmi03	Cpl09	Ler08	Loc16	Gga03	Xtr05
N0.HOG0008341	Cmi03	Cpl09	Ler08	Loc16	Gga03	Xtr05
N0.HOG0008342	Cmi03	Cpl09	Ler08	Loc16	Gga03	Xtr05
N0.HOG0008343	Cmi03	Cpl03	Ler05	Loc01	Gga03	Xtr05
N0.HOG0008344	Cmi03	Cpl03	Ler02, Ler05	Loc01		Xtr05
N0.HOG0008345	Cmi03	Cpl09	LerSca	Loc16	Gga03	Xtr05
N0.HOG0008346	Cmi03	Cpl09	Ler08	Loc16	Gga03	Xtr05
N0.HOG0008347	Cmi03	Cpl09	Ler08	Loc01	Gga03	Xtr05
N0.HOG0008348	Cmi03	Cpl09	Ler08	Loc01	Gga03	Xtr05
N0.HOG0008349	Cmi03	Cpl09	Ler08	Loc01	Gga03	Xtr05
N0.HOG0008350	Cmi03	Cpl09	Ler08	Loc01	Gga03	Xtr05
N0.HOG0008351	Cmi03	Cpl09	Ler08	Loc01	Gga03	Xtr05
N0.HOG0008352	Cmi03	Cpl09	Ler08	Loc01	Gga03	Xtr05
N0.HOG0008353	Cmi03	Cpl09	Ler08	Loc01	Gga03	Xtr05
N0.HOG0008354	Cmi03	Cpl09	Ler08	Loc01	Gga03	Xtr05
N0.HOG0008355	Cmi03	Cpl09	Ler08	Loc01	Gga07	Xtr05
N0.HOG0008356	Cmi03	Cpl09	Ler08	Loc16	Gga03	Xtr05
N0.HOG0008357	Cmi03	Cpl09	Ler08	Loc16	Gga03	Xtr05
N0.HOG0008358	Cmi03	Cpl09	Ler08	Loc16	Gga03	Xtr05
N0.HOG0008359	Cmi03	Cpl09	Ler08	Loc16	Gga03	Xtr05
N0.HOG0008360	Cmi03	Cpl09	Ler08	Loc16	Gga03	Xtr05
N0.HOG0008361	Cmi03	CplSca	Ler05	LocSca	Gga03	Xtr05
N0.HOG0008362	Cmi03	CplSca	Ler05	Loc16	Gga03	Xtr05
N0.HOG0008363	Cmi03	Cpl03	Ler05	Loc16	Gga03	Xtr05
N0.HOG0008364	Cmi03		Ler05	Loc16, Loc28	Gga03	Xtr05
N0.HOG0008365	Cmi03	Cpl09	Ler08	Loc01	Gga03	Xtr05
N0.HOG0008366	Cmi03	Cpl03	Ler05	Loc01	Gga03	Xtr05
N0.HOG0008367	Cmi03	Cpl03	Ler05	Loc01	Gga03	Xtr05
N0.HOG0008368	Cmi03	Cpl03	Ler05	Loc16	Gga03	Xtr05
N0.HOG0008369	Cmi03	Cpl09	Ler08	Loc01	Gga03	Xtr05
N0.HOG0008370	Cmi03	Cpl09	Ler08	Loc01	Gga03	Xtr05
N0.HOG0008371	Cmi03	Cpl09	Ler08	Loc01	Gga03	Xtr05
N0.HOG0008372	Cmi03	Cpl09	Ler08	Loc01	Gga03	Xtr05
N0.HOG0008373	Cmi03	Cpl03	Ler05	Loc01	Gga03	Xtr05
N0.HOG0008374	Cmi03	Cpl03	Ler05	Loc01	Gga03	Xtr05
N0.HOG0008375	Cmi03	Cpl03	Ler05	Loc01	Gga03	Xtr05
N0.HOG0008376	Cmi03	Cpl03	Ler05	Loc01	Gga03	Xtr05
N0.HOG0008377	Cmi03	Cpl03	Ler05	Loc16	Gga03	Xtr05
N0.HOG0008378	Cmi03	Cpl03	Ler05	Loc16	Gga03	Xtr05
N0.HOG0008379	Cmi03	Cpl03	Ler05	Loc01	Gga03	Xtr05
N0.HOG0008380	Cmi03	Cpl03	Ler05	Loc16	Gga03	Xtr05
N0.HOG0008381	Cmi03	Cpl03	Ler05	Loc16	Gga03	Xtr05
N0.HOG0008382	Cmi03	Cpl03	Ler05	Loc16	Gga03	Xtr05
N0.HOG0008383	Cmi03		Ler05	Loc16, Loc02	Gga03	Xtr05
N0.HOG0008384	Cmi03	Cpl03	Ler05	Loc16	Gga03	Xtr05
N0.HOG0008385	Cmi03	Cpl03	Ler05	Loc16	Gga03	Xtr05
N0.HOG0008386	Cmi03	Cpl03	Ler05	Loc16	Gga03	Xtr05
N0.HOG0008387	Cmi03	Cpl03	Ler05	Loc16	Gga03	Xtr05
N0.HOG0008388	Cmi03	Cpl03	Ler05	Loc16	Gga03	Xtr05
N0.HOG0008389	Cmi03	Cpl03, Cpl14	Ler05	Loc01	Gga03	
N0.HOG0008390	Cmi03	Cpl03	Ler05	Loc01	Gga03	Xtr05
N0.HOG0008391	Cmi03	Cpl03	Ler05	Loc16	Gga03	Xtr05
N0.HOG0008392	Cmi03	Cpl03	Ler05	Loc01	Gga03	Xtr05
N0.HOG0008393	Cmi03	Cpl45, Cpl03		Loc01	Gga03	Xtr05
N0.HOG0008394	Cmi03	CplSca	Ler05	Loc01	Gga03	Xtr05
N0.HOG0008395	Cmi03	CplSca	Ler05	Loc16	Gga03	Xtr05
N0.HOG0008396	Cmi03	Cpl03	Ler05	Loc16	Gga03	Xtr05
N0.HOG0008397	Cmi03	Cpl09	Ler08	Loc16	Gga03	Xtr05
N0.HOG0008398	Cmi03	Cpl09	Ler08	Loc16	Gga03	Xtr05
N0.HOG0008399	Cmi03	Cpl09	Ler08	Loc16	Gga03	Xtr05
N0.HOG0008400	Cmi03	Cpl09	Ler08	Loc16	Gga03	Xtr05
N0.HOG0008401	Cmi03	Cpl09	Ler08	Loc16	Gga03	Xtr05
N0.HOG0008402	Cmi03	Cpl09	Ler08	Loc16	Gga03	Xtr05
N0.HOG0008403	Cmi03	Cpl09	LerSca	Loc16	Gga03	Xtr05
N0.HOG0008404	Cmi03	Cpl09	LerSca	Loc16	Gga03	Xtr05
N0.HOG0008405	Cmi03	Cpl09	LerSca	Loc16	Gga03	Xtr05
N0.HOG0008406	Cmi03	Cpl09	LerSca	Loc16	Gga03	Xtr05
N0.HOG0008407	Cmi03	Cpl09	Ler08	Loc16	Gga03	Xtr05
N0.HOG0008408	Cmi03	Cpl09	Ler08	Loc16	Gga03	Xtr05
N0.HOG0008409	Cmi03	Cpl09	Ler08	Loc16	Gga03	Xtr05
N0.HOG0008410	Cmi03	Cpl09	Ler08	Loc16	Gga03	Xtr05
N0.HOG0008411	Cmi03	Cpl09	Ler08	Loc16	Gga03	Xtr05
N0.HOG0008412	Cmi03	Cpl09	Ler08	Loc16	Gga03	Xtr05
N0.HOG0008413	Cmi03	Cpl09	Ler08	Loc16	Gga03	Xtr05
N0.HOG0008414	Cmi03	CplSca	Ler05	Loc01	Gga03	Xtr05
N0.HOG0008415	Cmi03	Cpl03	Ler05	Loc01	Gga03	Xtr05
N0.HOG0008416	Cmi03	Cpl03	Ler05	Loc16	Gga03	Xtr05
N0.HOG0008417	Cmi03	Cpl09	Ler08	Loc01	Gga03	Xtr05
N0.HOG0008418	Cmi03	Cpl09	Ler08	Loc16	Gga03	Xtr05
N0.HOG0008419	Cmi03	Cpl09	Ler08	Loc16	Gga03	Xtr05
N0.HOG0008420	Cmi03	Cpl09	Ler08	Loc16	Gga03	Xtr05
N0.HOG0008421	Cmi03	Cpl15	Ler08	Loc16	Gga03	Xtr05
N0.HOG0008422	Cmi03	Cpl15	Ler08	Loc16	Gga03	Xtr05
N0.HOG0008423	Cmi03	Cpl09	Ler08	Loc16	Gga03	Xtr05
N0.HOG0008424	Cmi03	Cpl09	Ler08	Loc16	Gga03	Xtr05
N0.HOG0008425	Cmi03	Cpl09	Ler08	Loc16	Gga03	Xtr05
N0.HOG0008426	Cmi03	Cpl09	Ler08	Loc16	Gga03	Xtr05
N0.HOG0008427	Cmi03	Cpl09	Ler08	Loc16	Gga03	Xtr05
N0.HOG0008428	Cmi03	Cpl09	Ler08	Loc16	Gga03	Xtr05
N0.HOG0008429	Cmi03	Cpl09	Ler08	Loc16	Gga03	Xtr05
N0.HOG0008430	Cmi03	Cpl09	Ler08	Loc16	Gga03	Xtr05
N0.HOG0008431	Cmi03	Cpl09	Ler08	Loc16	Gga03	Xtr05
N0.HOG0008432	Cmi03	Cpl09	Ler08	Loc16	Gga03	Xtr05
N0.HOG0008433	Cmi03	Cpl09	Ler08	Loc16	Gga03	Xtr05
N0.HOG0008434	Cmi03	Cpl09	Ler08	Loc16	Gga03	Xtr05
N0.HOG0008435	Cmi03	Cpl09	Ler08	Loc16	Gga03	Xtr05
N0.HOG0008436	Cmi03	Cpl09	Ler08	Loc16	Gga03	Xtr05
N0.HOG0008437	Cmi03	Cpl09	Ler08	Loc16	Gga03	Xtr05
N0.HOG0008438	Cmi03	Cpl09	Ler08	Loc16	Gga03	Xtr05
N0.HOG0008439	Cmi03	Cpl09	Ler08	Loc16	Gga03	Xtr05
N0.HOG0008440	Cmi03	Cpl09	Ler08	Loc16	Gga03	Xtr05
N0.HOG0008441	Cmi03	Cpl09	Ler08	Loc16	Gga03	Xtr05
N0.HOG0008442	Cmi03	Cpl09	Ler08	Loc16	Gga03	Xtr05
N0.HOG0008443	Cmi03	Cpl09	Ler08	Loc16	Gga03	Xtr05
N0.HOG0008444	Cmi03	Cpl09	Ler08	Loc16	Gga03	Xtr05
N0.HOG0008445	Cmi03	Cpl09	Ler08	Loc16	Gga03	Xtr05
N0.HOG0008446	Cmi03	Cpl09	Ler08	Loc16	Gga03	Xtr05
N0.HOG0008447	Cmi03	Cpl09	Ler08	Loc16	Gga03	Xtr05
N0.HOG0008448	Cmi03	Cpl09	Ler08	Loc16	Gga03	Xtr05
N0.HOG0008449	Cmi03	Cpl09	Ler08	Loc16	Gga03	Xtr05
N0.HOG0008450	Cmi03	Cpl09	Ler08	Loc16	Gga03	Xtr05
N0.HOG0008451	Cmi03	Cpl09	Ler08	Loc16	Gga03	Xtr05
N0.HOG0008452	Cmi03	Cpl09	Ler08	Loc16	Gga03	Xtr05
N0.HOG0008453	Cmi03	Cpl09	Ler08	Loc01	Gga03	Xtr05
N0.HOG0008454	Cmi03	Cpl09	Ler08	Loc01	Gga03	Xtr08
N0.HOG0008455	Cmi03	Cpl09	Ler08	Loc01	Gga03	Xtr05
N0.HOG0008456	Cmi03	Cpl09	Ler08	Loc01	Gga03	Xtr05
N0.HOG0008457	Cmi03	Cpl09	Ler08	Loc16	Gga03	Xtr05
N0.HOG0008458	Cmi03	Cpl09	Ler08	Loc01	Gga03	Xtr05
N0.HOG0008459	Cmi03	Cpl09	Ler08	LocSca	Gga03	Xtr05
N0.HOG0008460	Cmi03	Cpl09	Ler08	Loc01	Gga03	Xtr05
N0.HOG0008461	Cmi03	Cpl09	Ler08	Loc01	Gga03	Xtr05
N0.HOG0008462	Cmi03	Cpl09	Ler08	Loc01	Gga03	Xtr05
N0.HOG0008463	Cmi03	Cpl09	Ler08	Loc01	Gga03	Xtr05
N0.HOG0008464	Cmi03	Cpl09	Ler08	Loc01	Gga03	Xtr05
N0.HOG0008465	Cmi03	Cpl09	Ler08	Loc01	Gga03	Xtr05
N0.HOG0008466	Cmi03	CplSca	Ler05	Loc01	Gga03	Xtr05
N0.HOG0008467	Cmi03	Cpl03	Ler05	Loc01	Gga03	Xtr05
N0.HOG0008468	Cmi03	Cpl03	Ler05	Loc01	Gga03	Xtr05
N0.HOG0008469	Cmi03	Cpl03	Ler05	Loc16	Gga03	Xtr05
N0.HOG0008470	Cmi03	Cpl09	Ler08	Loc01	Gga03	Xtr05
N0.HOG0008471	Cmi03	Cpl03	Ler05	Loc01	Gga03	Xtr05
N0.HOG0008472	Cmi03	Cpl09	Ler08	Loc01	Gga03	Xtr05
N0.HOG0008473	Cmi03	Cpl09	Ler08	Loc01	Gga03	Xtr05
N0.HOG0008474	Cmi03	Cpl09	Ler08	Loc01	Gga03	Xtr05
N0.HOG0008475	Cmi03	Cpl03	Ler05	Loc16	Gga03	Xtr05
N0.HOG0008476	Cmi03	Cpl09	Ler08	Loc01	Gga03	Xtr05
N0.HOG0008477	Cmi03	Cpl09	Ler08	Loc01	Gga03	Xtr05
N0.HOG0008478	Cmi03	Cpl09	Ler08	Loc01	Gga03	Xtr05
N0.HOG0008479	Cmi03	Cpl03	Ler05	Loc01	Gga03	Xtr05
N0.HOG0008480	Cmi03	Cpl03	Ler05	Loc01	Gga03	Xtr05
N0.HOG0008481	Cmi03	Cpl03	LerSca	Loc01	Gga03	Xtr05
N0.HOG0008482	Cmi03	Cpl03	LerSca	Loc01	Gga03	Xtr05
N0.HOG0008483	Cmi03	Cpl03	LerSca	Loc01	Gga03	Xtr05
N0.HOG0008484	Cmi03	Cpl03	Ler05	LocSca	Gga03	Xtr05
N0.HOG0008485	Cmi03	Cpl09	Ler08	Loc16	Gga03	Xtr05
N0.HOG0008486	Cmi03	Cpl09	Ler08	Loc16	Gga03	Xtr05
N0.HOG0008487	Cmi03	Cpl09	Ler08	Loc16	Gga03	Xtr05
N0.HOG0008488	Cmi03	Cpl09	Ler08	Loc16	Gga03	Xtr05
N0.HOG0008489	Cmi03	Cpl09	Ler08	Loc16	Gga03	Xtr05
N0.HOG0008490	Cmi03	Cpl09	Ler08	Loc16	Gga03	Xtr05
N0.HOG0008491	Cmi03	Cpl09	Ler08	Loc16	Gga03	Xtr05
N0.HOG0008492	Cmi03	Cpl09	Ler08	Loc16	Gga03	Xtr05
N0.HOG0008493	Cmi03	Cpl09	Ler08	Loc16	Gga03	Xtr05
N0.HOG0008494	Cmi03	Cpl09	Ler08	Loc16	Gga03	Xtr05
N0.HOG0008495	Cmi03	Cpl09	Ler08	Loc16	Gga03	Xtr05
N0.HOG0008496	Cmi03	Cpl09	Ler08	Loc16	Gga03	Xtr05
N0.HOG0008497	Cmi03	Cpl09	Ler08	Loc16	Gga03	Xtr05
N0.HOG0008498	Cmi03	Cpl09	Ler08	Loc16	Gga03	Xtr05
N0.HOG0008499	Cmi03	Cpl09	Ler08	Loc16	Gga03	Xtr05
N0.HOG0008500	Cmi03	Cpl09	Ler08	Loc16	Gga03	Xtr05
N0.HOG0008501	Cmi03	Cpl09	Ler08	Loc16	Gga03	Xtr05
N0.HOG0008502	Cmi03	Cpl09	Ler08	Loc01	Gga03	Xtr05
N0.HOG0008503	Cmi03	Cpl09	Ler08	Loc01	Gga03	Xtr01
N0.HOG0008504	Cmi03	CplSca	Ler08	Loc01	Gga03	Xtr05
N0.HOG0008505	Cmi03	Cpl09	Ler08	Loc01	Gga03	Xtr05
N0.HOG0008506	Cmi03	Cpl09	Ler08	Loc01	Gga03	Xtr05
N0.HOG0008507	Cmi03	Cpl09	Ler08	Loc01	Gga03	Xtr05
N0.HOG0008508	Cmi03	Cpl09	Ler08	Loc01	Gga03	Xtr05
N0.HOG0008509	Cmi03	Cpl09	Ler08	Loc01	Gga03	Xtr05
N0.HOG0008510	Cmi03	Cpl09	Ler08	Loc01	Gga03	Xtr05
N0.HOG0008511	Cmi03	Cpl09	Ler08	LocSca	Gga03	Xtr05
N0.HOG0008512	Cmi03	Cpl09	Ler08	LocSca	Gga03	Xtr05
N0.HOG0008513	Cmi03	Cpl09	Ler08	Loc01	Gga03	Xtr05
N0.HOG0008514	Cmi03	Cpl09	Ler08	Loc01	Gga03	Xtr05
N0.HOG0008515	Cmi03	Cpl09	Ler08	Loc01	Gga03	Xtr05
N0.HOG0008516	Cmi04	Cpl06	Ler06	Loc03	Gga01	Xtr02
N0.HOG0008517	Cmi04	Cpl06	LerSca	Loc03	Gga01	Xtr02
N0.HOG0008518	Cmi04	Cpl06	LerSca	Loc03	Gga01	Xtr02
N0.HOG0008519	Cmi04	Cpl06	LerSca	Loc03	Gga01	Xtr02
N0.HOG0008520	Cmi04	Cpl06	LerSca	Loc03	Gga01	Xtr02
N0.HOG0008521	Cmi04	Cpl06	LerSca	Loc03	Gga01	Xtr02
N0.HOG0008522	Cmi04	Cpl06	LerSca	Loc03	Gga01	Xtr06
N0.HOG0008523	Cmi04	Cpl12	Ler13	Loc17	Gga01	Xtr02
N0.HOG0008524	Cmi04	Cpl12	Ler13	Loc14	Gga01	Xtr02
N0.HOG0008525	Cmi04	Cpl12	Ler13	Loc14	Gga01	Xtr02
N0.HOG0008526	Cmi04	Cpl12	Ler13	Loc14	Gga01	Xtr02
N0.HOG0008527	Cmi04	Cpl12	Ler13	Loc17	Gga01	Xtr02
N0.HOG0008528	Cmi04	Cpl12	Ler13	Loc17	Gga01	Xtr02
N0.HOG0008529	Cmi04	Cpl12	Ler13	Loc17	Gga01	Xtr02
N0.HOG0008530	Cmi04	Cpl12	Ler13	Loc17	Gga01	Xtr02
N0.HOG0008531	Cmi04	Cpl12	Ler13	Loc03	Gga01	Xtr02
N0.HOG0008532	Cmi04	Cpl12	Ler13	Loc03	Gga01	Xtr02
N0.HOG0008533	Cmi04	Cpl12	Ler13	Loc03	Gga01	Xtr02
N0.HOG0008534	Cmi04	Cpl12	Ler13	Loc03	Gga01	Xtr02
N0.HOG0008535	Cmi04	Cpl12	Ler13	Loc03	Gga01	Xtr02
N0.HOG0008536	Cmi04	Cpl12	Ler13	Loc03	Gga01	Xtr02
N0.HOG0008537	Cmi04	Cpl12	Ler13	Loc14	Gga01	Xtr02
N0.HOG0008538	Cmi04	Cpl06	Ler06	Loc03	Gga01	Xtr02
N0.HOG0008539	Cmi04	Cpl06	Ler06	Loc03	Gga01	Xtr02
N0.HOG0008540	Cmi04	Cpl06	Ler06	Loc03	Gga01	Xtr02
N0.HOG0008541	Cmi04	Cpl06	Ler06	Loc03	Gga01	Xtr02
N0.HOG0008542	Cmi04	Cpl06	Ler06	Loc03	Gga01	Xtr02
N0.HOG0008543	Cmi04	Cpl12	Ler13	Loc03	Gga01	Xtr02
N0.HOG0008544	Cmi04	CplSca	Ler13	Loc03	Gga01	Xtr02
N0.HOG0008545	Cmi04	CplSca	Ler13	Loc03	Gga01	Xtr02
N0.HOG0008546	Cmi04	Cpl12	Ler13	Loc03	Gga01	Xtr02
N0.HOG0008547	Cmi04	CplSca	Ler13	Loc03	Gga01	Xtr02
N0.HOG0008548	Cmi04	Cpl12	Ler13	Loc03	Gga01	Xtr02
N0.HOG0008549	Cmi04	Cpl12	Ler13	Loc03	Gga34	Xtr02
N0.HOG0008550	Cmi04	Cpl12	Ler13	Loc03	Gga01	Xtr02
N0.HOG0008551	Cmi04	Cpl12	Ler13	Loc03	Gga01	Xtr02
N0.HOG0008552	Cmi04	Cpl12	Ler13	Loc03	Gga01	Xtr02
N0.HOG0008553	Cmi04	Cpl12	Ler13	Loc03	Gga01	Xtr02
N0.HOG0008554	Cmi04	Cpl12	Ler13	Loc03	Gga01	Xtr02
N0.HOG0008555	Cmi04	Cpl12	Ler13	Loc03	Gga01	Xtr02
N0.HOG0008556	Cmi04	Cpl12	Ler13	Loc03	Gga01	Xtr02
N0.HOG0008557	Cmi04	Cpl12	Ler13	Loc03	Gga01	Xtr02
N0.HOG0008558	Cmi04	Cpl12	Ler13	Loc03	Gga01	Xtr02
N0.HOG0008559	Cmi04	Cpl12	Ler13	Loc03	Gga01	Xtr02
N0.HOG0008560	Cmi04	Cpl12	Ler13	Loc03	Gga01	Xtr02
N0.HOG0008561	Cmi04	Cpl12	Ler13	Loc03	Gga01	Xtr02
N0.HOG0008562	Cmi04	Cpl12	Ler13	Loc03	Gga01	Xtr02
N0.HOG0008563	Cmi04	Cpl12	Ler13	Loc03	Gga01	Xtr02
N0.HOG0008564	Cmi04	Cpl12	Ler13	Loc17	Gga01	Xtr02
N0.HOG0008565	Cmi04	Cpl12	Ler13	Loc17	Gga01	Xtr02
N0.HOG0008566	Cmi04	Cpl12	Ler13	Loc17	Gga01	Xtr02
N0.HOG0008567	Cmi04	Cpl12	Ler13	Loc17	Gga01	Xtr02
N0.HOG0008568	Cmi04	Cpl12	Ler13	Loc03	Gga01	Xtr02
N0.HOG0008569	Cmi04	Cpl12	Ler13	Loc17	Gga01	Xtr02
N0.HOG0008570	Cmi04	Cpl12	Ler13	Loc17	Gga01	Xtr02
N0.HOG0008571	Cmi04	Cpl12	Ler13	Loc17	Gga01	Xtr02
N0.HOG0008572	Cmi04	Cpl12	Ler13	Loc14	Gga01	Xtr02
N0.HOG0008573	Cmi04	Cpl12	Ler13	Loc17	Gga01	Xtr02
N0.HOG0008574	Cmi04	Cpl12	Ler13	Loc03	Gga01	Xtr02
N0.HOG0008575	Cmi04	Cpl12	Ler13	Loc03	Gga01	Xtr02
N0.HOG0008576	Cmi04	Cpl12	Ler13	Loc03	Gga01	Xtr02
N0.HOG0008577	Cmi04	Cpl12	Ler13	Loc14	Gga01	Xtr03
N0.HOG0008578	Cmi04	Cpl12	Ler13	Loc14	Gga01	Xtr02
N0.HOG0008579	Cmi04	Cpl12	Ler13	Loc14	Gga01	Xtr02
N0.HOG0008580	Cmi04	Cpl12	Ler13	Loc14	Gga01	Xtr02
N0.HOG0008581	Cmi04	Cpl12	Ler13	Loc14	Gga01	Xtr02
N0.HOG0008582	Cmi04	Cpl12	Ler13	Loc14	Gga01	Xtr02
N0.HOG0008583	Cmi04	Cpl12	Ler13	Loc03	Gga10	Xtr03
N0.HOG0008584	Cmi04	Cpl12	Ler13	Loc14	Gga01	Xtr02
N0.HOG0008585	Cmi04	Cpl12	Ler13	Loc14	Gga01	Xtr02
N0.HOG0008586	Cmi04	Cpl12	Ler13	Loc17	Gga01	Xtr02
N0.HOG0008587	Cmi04	Cpl12	Ler13	Loc17	Gga01	Xtr02
N0.HOG0008588	Cmi04	Cpl12	Ler13	Loc17	Gga01	Xtr02
N0.HOG0008589	Cmi04	Cpl12	Ler13	Loc17	Gga12	Xtr04
N0.HOG0008590	Cmi04	Cpl12	Ler13	Loc17	Gga01	Xtr02
N0.HOG0008591	Cmi04	Cpl12	Ler13	Loc17	Gga01	Xtr02
N0.HOG0008592	Cmi04	Cpl12	Ler13	Loc17	Gga01	Xtr02
N0.HOG0008593	Cmi04	Cpl12	Ler13	Loc17	Gga01	Xtr02
N0.HOG0008594	Cmi04	Cpl12	Ler13	Loc17	Gga01	Xtr02
N0.HOG0008595	Cmi04	Cpl12	Ler13	Loc17	Gga01	Xtr02
N0.HOG0008596	Cmi04	Cpl12	Ler13	Loc03	Gga01	Xtr02
N0.HOG0008597	Cmi04	Cpl12	Ler13	Loc03	Gga01	Xtr02
N0.HOG0008598	Cmi04	Cpl12	Ler13	Loc03	Gga01	Xtr02
N0.HOG0008599	Cmi04	Cpl12	Ler13	Loc03	Gga01	Xtr02
N0.HOG0008600	Cmi04	Cpl12	Ler13	Loc03	Gga01	Xtr02
N0.HOG0008601	Cmi04		Ler13	Loc03	Gga01	Xtr02
N0.HOG0008602	Cmi04	Cpl12	Ler13	Loc03	Gga01	Xtr02
N0.HOG0008603	Cmi04	Cpl12	Ler13	Loc17	Gga01	Xtr02
N0.HOG0008604	Cmi04	Cpl12	Ler13	Loc17	Gga01	Xtr02
N0.HOG0008605	Cmi04	Cpl12	Ler13	Loc17	Gga01	Xtr02
N0.HOG0008606	Cmi04	Cpl12	Ler13	Loc17	Gga01	Xtr02
N0.HOG0008607	Cmi04	Cpl12	Ler13	Loc17	Gga01	Xtr02
N0.HOG0008608	Cmi04	Cpl12	Ler13	Loc17	Gga01	Xtr02
N0.HOG0008609	Cmi04	Cpl12	Ler13	Loc17	Gga01	Xtr02
N0.HOG0008610	Cmi04	Cpl12	Ler13	Loc17	Gga01	Xtr02
N0.HOG0008611	Cmi04	Cpl12	Ler13	Loc17	Gga01	Xtr02
N0.HOG0008612	Cmi04	Cpl12	Ler13	Loc17	Gga01	Xtr02
N0.HOG0008613	Cmi04	Cpl12	Ler13	Loc17	Gga01	Xtr02
N0.HOG0008614	Cmi04	Cpl12	Ler13	Loc17	Gga01	Xtr02
N0.HOG0008615	Cmi04	Cpl12	Ler13	Loc17	Gga01	Xtr02
N0.HOG0008616	Cmi04	Cpl12	Ler13	Loc17	Gga01	Xtr02
N0.HOG0008617	Cmi04	Cpl12	Ler13	Loc17	Gga01	Xtr02
N0.HOG0008618	Cmi04	Cpl12	Ler13	Loc17	Gga01	Xtr02
N0.HOG0008619	Cmi04	Cpl12	Ler13	Loc17	Gga01	Xtr02
N0.HOG0008620	Cmi04	Cpl12	Ler13	Loc17	Gga01	Xtr02
N0.HOG0008621	Cmi04	Cpl12	Ler13	Loc17	Gga01	Xtr02
N0.HOG0008622	Cmi04	Cpl12	Ler13	Loc17	Gga01	Xtr02
N0.HOG0008623	Cmi04	Cpl12	Ler13	Loc17	Gga01	Xtr02
N0.HOG0008624	Cmi04	Cpl12	Ler13	Loc03	Gga01	Xtr02
N0.HOG0008625	Cmi04	Cpl12	Ler13	Loc03	Gga01	Xtr02
N0.HOG0008626	Cmi04	Cpl12	Ler13	Loc03	Gga01	Xtr02
N0.HOG0008627	Cmi04	Cpl12	Ler13	Loc17	Gga01	Xtr02
N0.HOG0008628	Cmi04	Cpl12	Ler13	Loc17	Gga01	Xtr02
N0.HOG0008629	Cmi04	Cpl12	Ler13	Loc03	Gga01	Xtr02
N0.HOG0008630	Cmi04	Cpl12	Ler13	Loc03	Gga01	Xtr02
N0.HOG0008631	Cmi04	Cpl12	Ler13	Loc03	Gga01	Xtr02
N0.HOG0008632	Cmi04	Cpl12	Ler13	Loc03	Gga01	Xtr02
N0.HOG0008633	Cmi04	Cpl12	Ler13	Loc03	Gga01	Xtr02
N0.HOG0008634	Cmi04	Cpl12	Ler13	Loc03	Gga01	Xtr02
N0.HOG0008635	Cmi04	Cpl12	Ler13	Loc03	Gga01	Xtr02
N0.HOG0008636	Cmi04	Cpl12	Ler13	Loc03	Gga01	Xtr02
N0.HOG0008637	Cmi04	Cpl12	Ler13	Loc03	Gga01	Xtr02
N0.HOG0008638	Cmi04	Cpl12	Ler13	Loc17	Gga01	Xtr02
N0.HOG0008639	Cmi04	Cpl12	Ler13	Loc17	Gga01	Xtr02
N0.HOG0008640	Cmi04	Cpl07	Ler13	Loc17	Gga01	Xtr02
N0.HOG0008641	Cmi04	Cpl07	Ler13	Loc17	Gga01	Xtr02
N0.HOG0008642	Cmi04	Cpl07	Ler13	Loc17	Gga01	Xtr02
N0.HOG0008643	Cmi04	Cpl12	Ler13	Loc17	Gga01	Xtr02
N0.HOG0008644	Cmi04	Cpl12	Ler13	Loc17	Gga01	Xtr02
N0.HOG0008645	Cmi04	Cpl12	Ler13	Loc17	Gga01	Xtr02
N0.HOG0008646	Cmi04	Cpl12	Ler13	Loc17	Gga01	Xtr02
N0.HOG0008647	Cmi04	Cpl12	Ler13	Loc03	Gga01	Xtr02
N0.HOG0008648	Cmi04	Cpl12	Ler13	Loc03	Gga01	Xtr02
N0.HOG0008649	Cmi04	Cpl12	Ler13	Loc17	Gga01	Xtr02
N0.HOG0008650	Cmi04	Cpl06	Ler06	Loc19		
N0.HOG0008651	Cmi04	Cpl06	Ler06	Loc17	Gga01	Xtr02
N0.HOG0008652	Cmi04	Cpl06	Ler06	LocSca	Gga01	Xtr02
N0.HOG0008653	Cmi04	Cpl06	Ler06	LocSca	Gga01	Xtr02
N0.HOG0008654	Cmi04	Cpl06	Ler06	LocSca	Gga01	Xtr02
N0.HOG0008655	Cmi04	Cpl06	Ler06			Xtr02
N0.HOG0008656	Cmi04	Cpl06	Ler06	Loc03	Gga01	Xtr02
N0.HOG0008657	Cmi04	Cpl06	Ler06	Loc03	Gga01	Xtr02
N0.HOG0008658	Cmi04	Cpl06	Ler06	Loc03	Gga01	Xtr02
N0.HOG0008659	Cmi04	Cpl12	Ler13	Loc17	Gga01	Xtr02
N0.HOG0008660	Cmi04	Cpl12	Ler13	Loc17	Gga01	Xtr02
N0.HOG0008661	Cmi04	Cpl12	Ler13	Loc17	Gga01	Xtr02
N0.HOG0008662	Cmi04	Cpl12	Ler13	Loc17	Gga01	Xtr02
N0.HOG0008663	Cmi04	Cpl12	Ler13	Loc17	Gga25	Xtr08
N0.HOG0008664	Cmi04	Cpl12	Ler13	Loc17	Gga01	Xtr02
N0.HOG0008665	Cmi04	Cpl12	Ler13	Loc17	Gga01	Xtr02
N0.HOG0008666	Cmi04	Cpl12	Ler13	Loc17	Gga01	Xtr02
N0.HOG0008667	Cmi04	Cpl12	Ler13	Loc17, Loc02		Xtr02
N0.HOG0008668	Cmi04	Cpl12	Ler13	Loc17	Gga01	Xtr02
N0.HOG0008669	Cmi04	Cpl12	Ler13	Loc14	Gga01	Xtr02
N0.HOG0008670	Cmi04	Cpl12	Ler13	Loc14	Gga01	Xtr02
N0.HOG0008671	Cmi04	Cpl12	Ler13	Loc14	Gga01	Xtr02
N0.HOG0008672	Cmi04	Cpl12	Ler13	Loc14	Gga01	Xtr02
N0.HOG0008673	Cmi04	Cpl12	Ler13	Loc14	Gga01	Xtr02
N0.HOG0008674	Cmi04	Cpl12	Ler13	Loc14	Gga01	Xtr02
N0.HOG0008675	Cmi04	Cpl12	Ler13	Loc14	Gga01	Xtr02
N0.HOG0008676	Cmi04	Cpl12		Loc07	Gga04, Gga01	Xtr02
N0.HOG0008677	Cmi04	Cpl12	Ler13	Loc14	Gga01	Xtr02
N0.HOG0008678	Cmi04	Cpl12	Ler20	Loc17	Gga01	Xtr02
N0.HOG0008679	Cmi04	Cpl12	Ler13	Loc17	Gga01	Xtr02
N0.HOG0008680	Cmi04	Cpl07	Ler13	Loc17	Gga01	Xtr02
N0.HOG0008681	Cmi04	Cpl12	Ler13	Loc17	Gga01	Xtr02
N0.HOG0008682	Cmi04	Cpl12	Ler13	Loc17	Gga01	Xtr02
N0.HOG0008683	Cmi04	Cpl12	Ler13	Loc17	Gga01	Xtr02
N0.HOG0008684	Cmi04	Cpl12	Ler13	Loc17	Gga01	Xtr02
N0.HOG0008685	Cmi04	Cpl12	Ler13	Loc17	Gga01	Xtr02
N0.HOG0008686	Cmi04	Cpl12	Ler13	Loc03	Gga01	Xtr02
N0.HOG0008687	Cmi04	Cpl12	Ler13	Loc03	Gga01	Xtr02
N0.HOG0008688	Cmi04	Cpl12	Ler13	Loc03	Gga01	Xtr02
N0.HOG0008689	Cmi04	Cpl12	Ler13	Loc17	Gga01	Xtr02
N0.HOG0008690	Cmi04	Cpl12	Ler13	Loc17	Gga01	Xtr02
N0.HOG0008691	Cmi04	Cpl12	Ler13	Loc17	Gga01	Xtr02
N0.HOG0008692	Cmi04	Cpl12	Ler13	Loc17	Gga01	Xtr02
N0.HOG0008693	Cmi04	Cpl12	Ler13	Loc17	Gga01	Xtr02
N0.HOG0008694	Cmi04	Cpl12	Ler13	Loc17	Gga01	Xtr02
N0.HOG0008695	Cmi04	Cpl12	Ler13	Loc17	Gga01	Xtr02
N0.HOG0008696	Cmi04	Cpl12		Loc17	Gga01	Xtr02
N0.HOG0008697	Cmi04	Cpl12	Ler13	Loc17	Gga01	Xtr02
N0.HOG0008698	Cmi04	Cpl12	Ler13	Loc17	Gga01	Xtr02
N0.HOG0008699	Cmi04	Cpl12	Ler13	Loc17	Gga01	Xtr02
N0.HOG0008700	Cmi04	Cpl12	Ler13		Gga01	Xtr02
N0.HOG0008701	Cmi04	Cpl12	Ler13	Loc17	Gga01	Xtr02
N0.HOG0008702	Cmi04	Cpl12	Ler13	Loc17	Gga01	Xtr02
N0.HOG0008703	Cmi04	Cpl12	Ler13	Loc17	Gga01	Xtr02
N0.HOG0008704	Cmi04	Cpl12	Ler13	Loc17	Gga01	Xtr02
N0.HOG0008705	Cmi04	Cpl06	Ler06	Loc17	Gga01	Xtr02
N0.HOG0008706	Cmi04	Cpl06	Ler06	Loc17	Gga01	Xtr02
N0.HOG0008707	Cmi04	Cpl06	Ler06	Loc17	Gga01	Xtr02
N0.HOG0008708	Cmi04	Cpl06	Ler06	Loc17	Gga01	Xtr02
N0.HOG0008709	Cmi04	Cpl06	Ler06	Loc17	Gga01	Xtr02
N0.HOG0008710	Cmi04	Cpl06	Ler06	Loc17	Gga01	Xtr02
N0.HOG0008711	Cmi04	Cpl06	Ler06	Loc17	Gga01	Xtr02
N0.HOG0008712	Cmi04	Cpl06	Ler06	Loc17	Gga01	Xtr02
N0.HOG0008713	Cmi04	Cpl06	Ler06	Loc17	Gga01	Xtr02
N0.HOG0008714	Cmi04	Cpl06	Ler06	Loc17	Gga01	Xtr02
N0.HOG0008715	Cmi04	Cpl06	Ler06	Loc17	Gga01	Xtr02
N0.HOG0008716	Cmi04	Cpl06	Ler06	Loc03	Gga01	Xtr02
N0.HOG0008717	Cmi04	Cpl06	Ler06	Loc03	Gga01	Xtr02
N0.HOG0008718	Cmi04	Cpl06	Ler06	Loc03	Gga01	Xtr02
N0.HOG0008719	Cmi04, Cmi10	Cpl06, Cpl27	Ler06			
N0.HOG0008720	Cmi04	Cpl06	Ler06	Loc17	Gga01	Xtr02
N0.HOG0008721	Cmi04	Cpl06	Ler06	Loc17	Gga01	Xtr02
N0.HOG0008722	Cmi04	Cpl06	Ler06	Loc17	Gga01	Xtr02
N0.HOG0008723	Cmi04	Cpl06				Xtr02
N0.HOG0008724	Cmi04	Cpl06	Ler06	Loc03	Gga01	Xtr02
N0.HOG0008725	Cmi04	Cpl06	Ler06	Loc17	Gga01	Xtr02
N0.HOG0008726	Cmi04	Cpl06	Ler06	Loc17	Gga01	Xtr02
N0.HOG0008727	Cmi04	Cpl06	Ler06	Loc17	Gga01	Xtr02
N0.HOG0008728	Cmi04	Cpl06	Ler06	Loc17	Gga01	Xtr02
N0.HOG0008729	Cmi04	Cpl06	Ler06	Loc14	Gga01	Xtr02
N0.HOG0008730	Cmi04	Cpl06	Ler06	Loc14	Gga01	Xtr02
N0.HOG0008731	Cmi04	Cpl06	Ler47	Loc17	Gga01	Xtr02
N0.HOG0008732	Cmi04	Cpl06	Ler47	Loc17	Gga01	Xtr02
N0.HOG0008733	Cmi04	Cpl06	Ler06	Loc17	Gga01	Xtr02
N0.HOG0008734	Cmi04	Cpl06	Ler06	Loc17	Gga01	Xtr02
N0.HOG0008735	Cmi04	Cpl06	Ler06	Loc17	Gga01	Xtr02
N0.HOG0008736	Cmi04	Cpl06	Ler06	Loc17	Gga01	Xtr02
N0.HOG0008737	Cmi04	Cpl06	Ler06	Loc17	Gga01	Xtr02
N0.HOG0008738	Cmi04	Cpl06	Ler06	Loc17	Gga01	Xtr02
N0.HOG0008739	Cmi04	Cpl06	Ler06	Loc17	Gga01	Xtr02
N0.HOG0008740	Cmi04	Cpl06	Ler06	Loc17	Gga01	Xtr02
N0.HOG0008741	Cmi04	Cpl06	Ler06	Loc17	Gga01	Xtr02
N0.HOG0008742	Cmi04	Cpl06	Ler06	Loc17	Gga01	Xtr02
N0.HOG0008743	Cmi04	Cpl06	Ler06	Loc17	Gga01	Xtr02
N0.HOG0008744	Cmi04	Cpl06	Ler06	Loc17	Gga01	Xtr02
N0.HOG0008745	Cmi04	Cpl06	Ler06	Loc17	Gga01	Xtr02
N0.HOG0008746	Cmi04	Cpl06	Ler06	Loc17	Gga01	Xtr02
N0.HOG0008747	Cmi04	Cpl06	Ler06	Loc17	Gga01	Xtr02
N0.HOG0008748	Cmi04	Cpl06	Ler06	Loc17	Gga01	Xtr02
N0.HOG0008749	Cmi04	Cpl06	Ler06	Loc17	Gga01	Xtr02
N0.HOG0008750	Cmi04	Cpl06	Ler06	Loc17	Gga01	Xtr07
N0.HOG0008751	Cmi04	Cpl06	Ler06	Loc17	Gga01	Xtr02
N0.HOG0008752	Cmi04	Cpl06	Ler06	Loc17	Gga01	Xtr02
N0.HOG0008753	Cmi04	Cpl06	Ler06	Loc17	Gga01	Xtr02
N0.HOG0008754	Cmi04	Cpl06	Ler06	Loc17	Gga01	Xtr02
N0.HOG0008755	Cmi04	Cpl06	Ler06	Loc17	Gga01	Xtr02
N0.HOG0008756	Cmi04	Cpl06	Ler06	Loc17	Gga01	Xtr02
N0.HOG0008757	Cmi04	Cpl06	Ler06	Loc17	Gga01	Xtr02
N0.HOG0008758	Cmi04	Cpl06	Ler06	Loc17	Gga01	Xtr02
N0.HOG0008759	Cmi04	Cpl12	Ler13	Loc03	Gga01	Xtr02
N0.HOG0008760	Cmi04	Cpl12	Ler13	LocSca	Gga01	Xtr02
N0.HOG0008761	Cmi04	Cpl12	Ler13	Loc17	Gga01	Xtr02
N0.HOG0008762	Cmi04	Cpl12	Ler13	Loc17	Gga01	Xtr02
N0.HOG0008763	Cmi04	Cpl12	Ler13	Loc17	Gga01	Xtr02
N0.HOG0008764	Cmi04	Cpl04	Ler04	Loc03		Xtr02
N0.HOG0008765	Cmi04	Cpl12	Ler13	Loc03	Gga01	Xtr02
N0.HOG0008766	Cmi04	Cpl12	Ler13	Loc03	Gga01	Xtr02
N0.HOG0008767	Cmi04	Cpl12	Ler13	Loc03	Gga01	Xtr02
N0.HOG0008768	Cmi04	Cpl12	Ler13	Loc17	Gga01	Xtr02
N0.HOG0008769	Cmi04	Cpl12	Ler13	Loc17	Gga01	Xtr02
N0.HOG0008770	Cmi04	Cpl12	Ler13	Loc17	Gga01	Xtr02
N0.HOG0008771	Cmi04	Cpl12	Ler13	Loc17	Gga01	Xtr02
N0.HOG0008772	Cmi04	Cpl12	Ler13	Loc17	Gga01	Xtr02
N0.HOG0008773	Cmi04	Cpl12	Ler13	Loc03	Gga01	Xtr02
N0.HOG0008774	Cmi04	Cpl12	Ler13	Loc03	Gga01	Xtr02
N0.HOG0008775	Cmi04	Cpl12	Ler13	Loc03	Gga01	Xtr02
N0.HOG0008776	Cmi04	Cpl12	Ler13	Loc03	Gga01	Xtr02
N0.HOG0008777	Cmi04	Cpl12	Ler13	Loc03	Gga01	Xtr02
N0.HOG0008778	Cmi04	Cpl12	Ler13	Loc03	Gga01	Xtr02
N0.HOG0008779	Cmi04	Cpl12	Ler13	Loc03	Gga01	Xtr02
N0.HOG0008780	Cmi04	Cpl12	Ler13	Loc14	Gga01	Xtr02
N0.HOG0008781	Cmi04	Cpl06	Ler06	Loc17	Gga01	Xtr02
N0.HOG0008782	Cmi04	Cpl06	Ler06	Loc17	Gga01	Xtr02
N0.HOG0008783	Cmi04	Cpl06	Ler06	Loc17	Gga01	Xtr02
N0.HOG0008784	Cmi04	Cpl06	Ler06	Loc17	Gga01	Xtr02
N0.HOG0008785	Cmi04	Cpl06	Ler06	Loc17	Gga01	Xtr02
N0.HOG0008786	Cmi04	Cpl06	Ler06	Loc17	Gga01	Xtr02
N0.HOG0008787	Cmi04	Cpl06	Ler06	Loc17	Gga01	Xtr02
N0.HOG0008788	Cmi04	Cpl06	Ler06	Loc17	Gga01	Xtr02
N0.HOG0008789	Cmi21, Cmi04		Ler24	Loc03		Xtr08
N0.HOG0008790	Cmi04	Cpl12	Ler13	Loc03	Gga01	Xtr02
N0.HOG0008791	Cmi04	Cpl12	Ler13	Loc03	Gga01	Xtr02
N0.HOG0008792	Cmi04	Cpl12	Ler13	Loc03	Gga01	Xtr02
N0.HOG0008793	Cmi04	Cpl12	Ler13	Loc03	Gga01	Xtr02
N0.HOG0008794	Cmi04	Cpl12	Ler13	Loc03	Gga01	Xtr02
N0.HOG0008795	Cmi04	Cpl12	Ler13	Loc03	Gga01	Xtr02
N0.HOG0008796	Cmi04	Cpl12	Ler13	Loc03	Gga01	Xtr02
N0.HOG0008797	Cmi04	Cpl12	Ler13	Loc03	Gga01	Xtr02
N0.HOG0008798	Cmi04	Cpl12	Ler13	Loc03	Gga01	Xtr02
N0.HOG0008799	Cmi04	Cpl12	Ler13	Loc03	Gga01	Xtr02
N0.HOG0008800	Cmi04	Cpl12	Ler13	Loc03	Gga01	Xtr02
N0.HOG0008801	Cmi04	Cpl12	Ler13	Loc03	Gga01	Xtr02
N0.HOG0008802	Cmi04	Cpl12	Ler13	Loc03	Gga01	Xtr02
N0.HOG0008803	Cmi04	Cpl12	Ler13	Loc17	Gga01	Xtr02
N0.HOG0008804	Cmi04	Cpl12	Ler13	Loc03	Gga01	Xtr02
N0.HOG0008805	Cmi04	Cpl12	Ler13	Loc03	Gga01	Xtr04
N0.HOG0008806	Cmi04	Cpl12	Ler13	Loc03	Gga01	Xtr02
N0.HOG0008807	Cmi04	Cpl12	Ler13	Loc17	Gga01	Xtr02
N0.HOG0008808	Cmi04	Cpl12	Ler13	Loc17	Gga01	Xtr02
N0.HOG0008809	Cmi04	Cpl12	Ler13	Loc17	Gga01	Xtr02
N0.HOG0008810	Cmi04	Cpl12	Ler13	Loc17	Gga01	Xtr02
N0.HOG0008811	Cmi04	Cpl12	Ler13	Loc17	Gga01	Xtr02
N0.HOG0008812	Cmi04	Cpl12	Ler13	Loc17	Gga01	Xtr02
N0.HOG0008813	Cmi04	Cpl12	Ler13	Loc17	Gga01	Xtr02
N0.HOG0008814	Cmi04	Cpl12	Ler13	Loc17	Gga01	Xtr02
N0.HOG0008815	Cmi04	Cpl12	Ler13	Loc17	Gga01	Xtr02
N0.HOG0008816	Cmi04	Cpl12	Ler13	Loc17	Gga01	Xtr02
N0.HOG0008817	Cmi04	Cpl12	Ler13	Loc17	Gga01	Xtr02
N0.HOG0008818	Cmi04	Cpl12	Ler13	Loc17	Gga01	Xtr02
N0.HOG0008819	Cmi04	Cpl12	Ler13	Loc17	Gga01	Xtr02
N0.HOG0008820	Cmi04	Cpl12	Ler13	Loc17	Gga01	Xtr02
N0.HOG0008821	Cmi04	CplSca	Ler06	Loc01	Gga03	Xtr05
N0.HOG0008822	Cmi04	Cpl06	Ler06	Loc03	Gga01	Xtr02
N0.HOG0008823	Cmi04	Cpl06	Ler06	Loc03	Gga01	Xtr02
N0.HOG0008824	Cmi04	Cpl06	Ler06	Loc03	Gga01	Xtr02
N0.HOG0008825	Cmi04	Cpl06	Ler06	Loc03	Gga01	Xtr02
N0.HOG0008826	Cmi04	Cpl06	Ler06	Loc03	Gga01	Xtr02
N0.HOG0008827	Cmi04	Cpl06	Ler06	Loc03	Gga01	Xtr02
N0.HOG0008828	Cmi04	Cpl06	Ler06	Loc03	Gga01	Xtr02
N0.HOG0008829	Cmi04	Cpl06	Ler06	Loc03	Gga01	Xtr02
N0.HOG0008830	Cmi04	Cpl06	Ler06	Loc03	Gga01	Xtr02
N0.HOG0008831	Cmi04	Cpl06	Ler06	Loc03	Gga01	Xtr02
N0.HOG0008832	Cmi04	Cpl06	Ler06	Loc03	Gga01	Xtr02
N0.HOG0008833	Cmi04	Cpl06	Ler06	Loc03	Gga01	Xtr02
N0.HOG0008834	Cmi04	Cpl06	Ler06	Loc03	Gga01	Xtr02
N0.HOG0008835	Cmi04	Cpl06	Ler06	Loc03	Gga01	Xtr02
N0.HOG0008836	Cmi04	Cpl06	Ler06	Loc03	Gga01	Xtr02
N0.HOG0008837	Cmi04	Cpl06	Ler06	Loc03	Gga01	Xtr02
N0.HOG0008838	Cmi04	Cpl06	Ler06	Loc17	Gga01	Xtr02
N0.HOG0008839	Cmi04	Cpl06	Ler06	Loc17	Gga01	Xtr02
N0.HOG0008840	Cmi04	Cpl06	Ler06	Loc17	Gga01	Xtr02
N0.HOG0008841	Cmi04	Cpl06	Ler06	Loc03	Gga01	Xtr02
N0.HOG0008842	Cmi04	Cpl06	Ler06	Loc03	Gga01	Xtr02
N0.HOG0008843	Cmi04	Cpl06	Ler06	Loc03	Gga01	Xtr02
N0.HOG0008844	Cmi04	Cpl06	Ler06	Loc03	Gga01	Xtr02
N0.HOG0008845	Cmi04	Cpl06	Ler06	Loc03	Gga01	Xtr02
N0.HOG0008846	Cmi04	Cpl06	Ler06	Loc03	Gga01	Xtr02
N0.HOG0008847	Cmi04	Cpl06	Ler06	Loc03	Gga01	Xtr02
N0.HOG0008848	Cmi04	Cpl06	Ler06	Loc03	Gga01	Xtr02
N0.HOG0008849	Cmi04	Cpl06	Ler06	Loc03	Gga01	Xtr02
N0.HOG0008850	Cmi04	Cpl06	Ler06	Loc03	Gga01	Xtr02
N0.HOG0008851	Cmi04	Cpl06	Ler06	Loc03	Gga01	Xtr02
N0.HOG0008852	Cmi04	Cpl06	Ler06	Loc03	Gga01	Xtr02
N0.HOG0008853	Cmi04	Cpl06	Ler06	Loc03	Gga01	Xtr02
N0.HOG0008854	Cmi04	Cpl06	Ler06	Loc17	Gga01	Xtr02
N0.HOG0008855	Cmi04	Cpl06	Ler06	Loc17	Gga01	Xtr02
N0.HOG0008856	Cmi04	Cpl06	Ler06	Loc17	Gga01	Xtr02
N0.HOG0008857	Cmi04	Cpl06	Ler06	Loc17	Gga01	Xtr02
N0.HOG0008858	Cmi04	Cpl06	Ler06	Loc17	Gga01	Xtr02
N0.HOG0008859	Cmi04	Cpl06	Ler06	Loc17	Gga01	Xtr02
N0.HOG0008860	Cmi04	Cpl06	Ler06	Loc17	Gga01	Xtr02
N0.HOG0008861	Cmi04	Cpl06	Ler06	Loc17	Gga01	Xtr02
N0.HOG0008862	Cmi04	Cpl06	Ler06	Loc17	Gga01	Xtr02
N0.HOG0008863	Cmi04	Cpl06	Ler06	Loc17	Gga01	Xtr02
N0.HOG0008864	Cmi04	Cpl06	Ler06	Loc17	Gga01	Xtr02
N0.HOG0008865	Cmi04	Cpl06	Ler06	LocSca	Gga01	Xtr02
N0.HOG0008866	Cmi04	Cpl06	Ler06	Loc17	Gga01	Xtr02
N0.HOG0008867	Cmi04	Cpl06	Ler06	Loc17	Gga01	Xtr02
N0.HOG0008868	Cmi04	Cpl06	Ler06	Loc17	Gga01	Xtr02
N0.HOG0008869	Cmi04	Cpl06	Ler06	Loc17	Gga01	Xtr02
N0.HOG0008870	Cmi04	Cpl06	Ler06	Loc17	Gga02	Xtr02
N0.HOG0008871	Cmi04	Cpl06	Ler06	Loc17	Gga01	Xtr02
N0.HOG0008872	Cmi04	Cpl06	Ler06	Loc17	Gga01	Xtr02
N0.HOG0008873	Cmi04	Cpl06	Ler06	Loc17	Gga01	Xtr02
N0.HOG0008874	Cmi04	Cpl06	Ler06	Loc17	Gga01	Xtr02
N0.HOG0008875	Cmi04	Cpl06	Ler06	Loc14	Gga01	Xtr02
N0.HOG0008876	Cmi04	Cpl06	Ler06	Loc14	Gga01	Xtr02
N0.HOG0008877	Cmi04	Cpl06	Ler06	Loc14	Gga01	Xtr02
N0.HOG0008878	Cmi04	Cpl06	Ler06	Loc14	Gga01	Xtr02
N0.HOG0008879	Cmi04	Cpl06	Ler06	Loc03	Gga01	Xtr02
N0.HOG0008880	Cmi04	Cpl06	Ler06	Loc03	Gga01	Xtr02
N0.HOG0008881	Cmi04	Cpl06	Ler06	Loc03	Gga01	Xtr02
N0.HOG0008882	Cmi04	Cpl06	Ler06	Loc03	Gga01	Xtr02
N0.HOG0008883	Cmi04	Cpl06	Ler06	Loc03	Gga01	Xtr02
N0.HOG0008884	Cmi04	Cpl06	Ler06	Loc03	Gga01	Xtr02
N0.HOG0008885	Cmi04	Cpl06	Ler06	Loc03	Gga01	Xtr02
N0.HOG0008886	Cmi04	Cpl06	Ler06	Loc03	Gga01	Xtr02
N0.HOG0008887	Cmi04	Cpl06	Ler06	Loc03	Gga01	Xtr02
N0.HOG0008888	Cmi04	Cpl06	Ler06	Loc03	Gga01	Xtr02
N0.HOG0008889	Cmi04	Cpl06	Ler06	Loc03	Gga01	Xtr02
N0.HOG0008890	Cmi04	Cpl06	Ler06	Loc03	Gga01	Xtr02
N0.HOG0008891	Cmi04	Cpl06	Ler06	Loc03	Gga01	Xtr02
N0.HOG0008892	Cmi04	Cpl06	Ler06	Loc03	Gga01	Xtr02
N0.HOG0008893	Cmi04	Cpl06	Ler06	Loc17	Gga01	Xtr02
N0.HOG0008894	Cmi04	Cpl06	Ler06	Loc17	Gga01	Xtr02
N0.HOG0008895	Cmi04	Cpl06	Ler06	Loc17	Gga01	Xtr02
N0.HOG0008896	Cmi04	Cpl06	Ler06	Loc17	Gga01	Xtr02
N0.HOG0008897	Cmi04	Cpl06	Ler06	Loc17	Gga01	Xtr02
N0.HOG0008898	Cmi04	Cpl06	Ler06	Loc17	Gga01	Xtr02
N0.HOG0008899	Cmi04	Cpl06	Ler06	Loc17	Gga01	Xtr02
N0.HOG0008900	Cmi04	Cpl06	Ler06	Loc17	Gga01	Xtr02
N0.HOG0008901	Cmi04	Cpl06	Ler06	Loc17	Gga01	Xtr02
N0.HOG0008902	Cmi04	Cpl06	Ler06	Loc17	Gga01	Xtr02
N0.HOG0008903	Cmi04	Cpl06	Ler06	Loc17	Gga01	Xtr02
N0.HOG0008904	Cmi04	Cpl06	Ler06	Loc17	Gga01	Xtr02
N0.HOG0008905	Cmi04	Cpl06	Ler06	Loc17	Gga01	Xtr02
N0.HOG0008906	Cmi04	Cpl06	Ler06	Loc17	Gga01	Xtr02
N0.HOG0008907	Cmi04	Cpl06	Ler06	Loc03	Gga01	Xtr02
N0.HOG0008908	Cmi04	Cpl06	Ler06	Loc03	Gga01	Xtr02
N0.HOG0008909	Cmi04	Cpl06	Ler06	Loc03	Gga01	Xtr02
N0.HOG0008910	Cmi04	Cpl06	Ler06	Loc03	Gga01	Xtr02
N0.HOG0008911	Cmi04	Cpl06	Ler06	Loc03	Gga01	Xtr02
N0.HOG0008912	Cmi04	Cpl06	Ler06	Loc03	Gga01	Xtr02
N0.HOG0008913	Cmi04	Cpl06	Ler06	Loc03	Gga01	Xtr02
N0.HOG0008914	Cmi04	Cpl06	Ler06	Loc03	Gga01	Xtr02
N0.HOG0008915	Cmi04	Cpl06	Ler06	Loc03	Gga01	Xtr02
N0.HOG0008916	Cmi04	Cpl06	Ler06	Loc03	Gga01	Xtr02
N0.HOG0008917	Cmi04	Cpl06	Ler06	Loc03	Gga01	Xtr02
N0.HOG0008918	Cmi04	Cpl06	Ler06	Loc03	Gga01	Xtr02
N0.HOG0008919	Cmi04	CplSca	Ler06	Loc03	Gga01	Xtr02
N0.HOG0008920	Cmi04	CplSca	Ler06	Loc03	Gga01	Xtr02
N0.HOG0008921	Cmi04	CplSca	Ler06	Loc03	Gga01	Xtr02
N0.HOG0008922	Cmi04	Cpl06	Ler06	Loc03	Gga01	Xtr02
N0.HOG0008923	Cmi04	Cpl06	Ler06	Loc03	Gga01	Xtr02
N0.HOG0008924	Cmi04	Cpl06	Ler06	Loc03		Xtr02
N0.HOG0008925	Cmi04	Cpl06	Ler06	Loc03	Gga01	Xtr02
N0.HOG0008926	Cmi04	Cpl06	Ler06	Loc03	Gga01	Xtr02
N0.HOG0008927	Cmi04	Cpl06	Ler06	Loc03	Gga01	Xtr06
N0.HOG0008928	Cmi04	Cpl06	Ler06	LocSca	Gga01	Xtr02
N0.HOG0008929	Cmi04	CplSca	Ler06	LocSca	Gga01	Xtr02
N0.HOG0008930	Cmi04	Cpl06	Ler06	LocSca	Gga01	Xtr02
N0.HOG0008931	Cmi04	Cpl06	Ler06	LocSca	Gga01	Xtr02
N0.HOG0008932	Cmi04	Cpl06	Ler06	Loc03	Gga01	Xtr02
N0.HOG0008933	Cmi04	Cpl06	Ler06	Loc03	Gga01	Xtr02
N0.HOG0008934	Cmi04	CplSca	Ler06	Loc03	Gga01	Xtr02
N0.HOG0008935	Cmi04	Cpl06	Ler06	Loc03	Gga01	Xtr02
N0.HOG0008936	Cmi04	Cpl06	Ler06	Loc03	Gga01	Xtr02
N0.HOG0008937	Cmi04	Cpl06	Ler06	Loc03	Gga01	Xtr02
N0.HOG0008938	Cmi04	Cpl06	Ler06	Loc03	Gga01	Xtr02
N0.HOG0008939	Cmi04	Cpl06	Ler06	Loc03	Gga01	Xtr02
N0.HOG0008940	Cmi04	Cpl06	Ler06	Loc03	Gga01	Xtr02
N0.HOG0008941	Cmi04	Cpl06	Ler06	Loc03	Gga01	Xtr02
N0.HOG0008942	Cmi04	Cpl06	Ler06	Loc03	Gga01	Xtr02
N0.HOG0008943	Cmi04	Cpl06	Ler06	Loc03	Gga01	Xtr02
N0.HOG0008944	Cmi04	Cpl06	Ler06	Loc03	Gga01	Xtr02
N0.HOG0008945	Cmi04	Cpl06	Ler06	Loc03	Gga01	Xtr02
N0.HOG0008946	Cmi04	Cpl06	Ler06	Loc03	Gga01	Xtr02
N0.HOG0008947	Cmi04	Cpl06	Ler06	Loc03	Gga01	Xtr02
N0.HOG0008948	Cmi04	Cpl06	Ler06	Loc03	Gga01	Xtr02
N0.HOG0008949	Cmi04	Cpl06	Ler06	Loc03	Gga01	Xtr02
N0.HOG0008950	Cmi04	Cpl06	Ler06	Loc03	Gga01	Xtr02
N0.HOG0008951	Cmi04	Cpl06	Ler06	Loc03	Gga01	Xtr02
N0.HOG0008952	Cmi04	Cpl06	Ler06	Loc03	Gga01	Xtr02
N0.HOG0008953	Cmi04	Cpl06	Ler06	Loc03	Gga01	Xtr02
N0.HOG0008954	Cmi04	Cpl06	Ler06	Loc17	Gga01	Xtr02
N0.HOG0008955	Cmi04	Cpl06	Ler06	Loc17	Gga01	Xtr02
N0.HOG0008956	Cmi04	Cpl06	Ler06	Loc14	Gga01	Xtr02
N0.HOG0008957	Cmi04	Cpl06	Ler06	Loc14	Gga01	Xtr02
N0.HOG0008958	Cmi04	Cpl06	Ler06	Loc03	Gga01	Xtr02
N0.HOG0008959	Cmi04	Cpl06	Ler06	Loc03	Gga01	Xtr02
N0.HOG0008960	Cmi04	Cpl06	Ler06	Loc03	Gga01	Xtr02
N0.HOG0008961	Cmi04	Cpl06	Ler06	Loc03	Gga01	Xtr02
N0.HOG0008962	Cmi04	Cpl06	Ler06	Loc03	Gga01	Xtr02
N0.HOG0008963	Cmi04	Cpl06	Ler06	Loc03	Gga01	Xtr08
N0.HOG0008964	Cmi04	Cpl06	Ler06	Loc03	Gga01	Xtr02
N0.HOG0008965	Cmi04	Cpl06	Ler06	Loc03	Gga01	Xtr02
N0.HOG0008966	Cmi04	Cpl06	Ler06	Loc03	Gga01	Xtr02
N0.HOG0008967	Cmi04	Cpl06	Ler06	Loc03	Gga01	Xtr02
N0.HOG0008968	Cmi04	Cpl06	Ler06	Loc17	Gga01	Xtr02
N0.HOG0008969	Cmi04	Cpl06	Ler06	Loc17	Gga01	Xtr02
N0.HOG0008970	Cmi04	Cpl06	Ler06	Loc17	Gga01	Xtr02
N0.HOG0008971	Cmi04	Cpl06	Ler06	Loc17	Gga01	Xtr02
N0.HOG0008972	Cmi04	Cpl06	Ler06	Loc17	Gga01	Xtr02
N0.HOG0008973	Cmi04	Cpl06	Ler06	Loc17	Gga01	Xtr02
N0.HOG0008974	Cmi04	Cpl06	Ler06	Loc17	Gga01	Xtr02
N0.HOG0008975	Cmi04	Cpl06	Ler06	Loc17	Gga01	Xtr02
N0.HOG0008976	Cmi04	Cpl06	Ler06	Loc17	Gga01	Xtr02
N0.HOG0008977	Cmi04	Cpl06	Ler06	Loc17	Gga01	Xtr02
N0.HOG0008978	Cmi04	Cpl06	Ler06	Loc17	Gga01	Xtr02
N0.HOG0008979	Cmi04	Cpl06	Ler06	Loc17	Gga01	Xtr02
N0.HOG0008980	Cmi04	Cpl06	Ler06	Loc17	Gga01	Xtr02
N0.HOG0008981	Cmi04	Cpl06	Ler06	Loc17	Gga01	Xtr02
N0.HOG0008982	Cmi04	Cpl06	Ler06	Loc17	Gga01	Xtr02
N0.HOG0008983	Cmi04	Cpl06	Ler06	Loc17	Gga01	Xtr02
N0.HOG0008984	Cmi04	Cpl06	Ler06	Loc17	Gga01	Xtr02
N0.HOG0008985	Cmi04	Cpl06	Ler06	Loc17	Gga01	Xtr02
N0.HOG0008986	Cmi04	Cpl06	Ler06	Loc17	Gga01	Xtr02
N0.HOG0008987	Cmi04	Cpl06	Ler06	Loc17		Xtr02
N0.HOG0008988	Cmi04	Cpl06	Ler06	Loc17	Gga01	Xtr02
N0.HOG0008989	Cmi04	Cpl06	Ler06	Loc17	Gga01	Xtr02
N0.HOG0008990	Cmi04	Cpl06	Ler06	Loc17	Gga01	Xtr02
N0.HOG0008991	Cmi04	Cpl06	LerSca	Loc14	Gga01	Xtr02
N0.HOG0008992	Cmi04	Cpl06	Ler45	Loc14	Gga01	Xtr02
N0.HOG0008993	Cmi04	Cpl06	Ler45	Loc14	Gga01	Xtr02
N0.HOG0008994	Cmi04	Cpl06	Ler45	Loc03	Gga01	Xtr02
N0.HOG0008995	Cmi04	Cpl06	LerSca	Loc03	Gga01	Xtr02
N0.HOG0008996	Cmi04	Cpl06	Ler45	Loc03	Gga01	Xtr02
N0.HOG0008997	Cmi04	Cpl06	Ler45	Loc03	Gga01	Xtr02
N0.HOG0008998	Cmi04	Cpl06	Ler06	Loc03	Gga01	Xtr02
N0.HOG0008999	Cmi04	Cpl06	Ler06	Loc03	Gga01	Xtr02
N0.HOG0009000	Cmi05	Cpl11	Ler10	Loc10	Gga08	Xtr04
N0.HOG0009001	Cmi05	Cpl11	Ler10	Loc10	Gga02	Xtr06
N0.HOG0009002	Cmi05	Cpl11	Ler10	Loc10	Gga08	Xtr04
N0.HOG0009003	Cmi05	Cpl11	Ler10	Loc10	Gga08	Xtr04
N0.HOG0009004	Cmi05	Cpl11	Ler10	Loc10	Gga08	Xtr04
N0.HOG0009005	Cmi05	Cpl11	Ler10	Loc10	Gga08	Xtr04
N0.HOG0009006	Cmi05	Cpl11	Ler10	Loc10	Gga08	Xtr04
N0.HOG0009007	Cmi05	Cpl11	Ler10	Loc10	Gga08	Xtr04
N0.HOG0009008	Cmi05	Cpl11	Ler10	Loc10	Gga08	Xtr04
N0.HOG0009009	Cmi05	Cpl11	Ler10	Loc10	Gga08	Xtr04
N0.HOG0009010	Cmi05	Cpl11	Ler10	Loc10	Gga08	Xtr04
N0.HOG0009011	Cmi05	Cpl11	Ler10	Loc10	Gga08	Xtr04
N0.HOG0009012	Cmi05	Cpl11	Ler10	Loc10	Gga08	Xtr04
N0.HOG0009013	Cmi05	Cpl11	Ler10	Loc10	Gga08	Xtr04
N0.HOG0009014	Cmi05	Cpl11	Ler10	Loc10	Gga08	Xtr04
N0.HOG0009015	Cmi05	Cpl11	Ler10	Loc10	Gga08	Xtr04
N0.HOG0009016	Cmi05	Cpl11	Ler10	Loc10	Gga08	Xtr04
N0.HOG0009017	Cmi05	Cpl11		Loc10	Gga08	Xtr04
N0.HOG0009018	Cmi05	Cpl11	Ler10	Loc10	Gga08	Xtr04
N0.HOG0009019	Cmi05	Cpl11	Ler10	Loc10	Gga08	Xtr04
N0.HOG0009020	Cmi05	Cpl11	Ler10	Loc10	Gga08	Xtr04
N0.HOG0009021	Cmi05	Cpl11	Ler10	Loc10	Gga08	Xtr04
N0.HOG0009022	Cmi05	Cpl11	Ler10	Loc10	Gga08	Xtr04
N0.HOG0009023	Cmi05	Cpl11	Ler10	Loc10	Gga08	Xtr04
N0.HOG0009024	Cmi05	Cpl11	Ler10	Loc10	Gga08	Xtr04
N0.HOG0009025	Cmi05	Cpl11	Ler10	Loc10	Gga08	Xtr04
N0.HOG0009026	Cmi05	Cpl11	Ler10	Loc10	Gga08	Xtr04
N0.HOG0009027	Cmi05	Cpl11	Ler10	Loc10	Gga08	Xtr04
N0.HOG0009028	Cmi05	Cpl11	Ler10	Loc10	Gga08	Xtr04
N0.HOG0009029	Cmi05	Cpl11	Ler10	Loc10	Gga08	Xtr04
N0.HOG0009030	Cmi05	Cpl11	Ler10	Loc10	Gga08	Xtr04
N0.HOG0009031	Cmi05	Cpl11	Ler10	Loc10	Gga08	Xtr04
N0.HOG0009032	Cmi05	Cpl11	Ler10	Loc10	Gga08	Xtr04
N0.HOG0009033	Cmi05	Cpl11	Ler10	Loc10	Gga08	Xtr04
N0.HOG0009034	Cmi05	Cpl11	Ler10	Loc10	Gga08	Xtr04
N0.HOG0009035	Cmi05	Cpl11	Ler10	Loc10	Gga08	Xtr04
N0.HOG0009036	Cmi05	Cpl11	Ler10	Loc10	Gga08	Xtr04
N0.HOG0009037	Cmi05	Cpl11	Ler10	Loc10	Gga08	Xtr04
N0.HOG0009038	Cmi05	Cpl11	Ler10	Loc10	Gga08	Xtr04
N0.HOG0009039	Cmi05	Cpl11	Ler10	Loc10	Gga08	Xtr04
N0.HOG0009040	Cmi05	Cpl11	Ler10	Loc10	Gga08	Xtr04
N0.HOG0009041	Cmi05	Cpl11	Ler10	Loc10	Gga08	Xtr04
N0.HOG0009042	Cmi05	Cpl11	Ler10	Loc10	Gga08	Xtr04
N0.HOG0009043	Cmi05	Cpl11	Ler10	Loc10	Gga08	Xtr04
N0.HOG0009044	Cmi05	Cpl11	Ler10	Loc10	Gga08	Xtr04
N0.HOG0009045	Cmi05	Cpl11	Ler10	Loc10	Gga08	Xtr04
N0.HOG0009046	Cmi05	Cpl11	Ler10	Loc10	Gga08	Xtr04
N0.HOG0009047	Cmi05	Cpl11	Ler10	Loc02	Gga08	Xtr04
N0.HOG0009048	Cmi05	Cpl11	Ler10	Loc10	Gga08	Xtr04
N0.HOG0009049	Cmi05	Cpl11	Ler10	Loc10	Gga08	Xtr04
N0.HOG0009050	Cmi05	Cpl11	Ler10	Loc10	Gga08	Xtr04
N0.HOG0009051	Cmi05	Cpl11	Ler10	Loc10	Gga08	Xtr04
N0.HOG0009052	Cmi05	Cpl11	Ler10	LocSca	Gga08	Xtr04
N0.HOG0009053	Cmi05	Cpl11	Ler10	LocSca	Gga08	Xtr04
N0.HOG0009054	Cmi05	Cpl11	Ler10	LocSca	Gga08	Xtr04
N0.HOG0009055	Cmi05	Cpl11	Ler10	LocSca	Gga08	Xtr04
N0.HOG0009056	Cmi05	Cpl11	Ler10	LocSca	Gga08	Xtr04
N0.HOG0009057	Cmi05	Cpl11	Ler10	LocSca	Gga08	Xtr04
N0.HOG0009058	Cmi05	Cpl11	Ler10	LocSca	Gga08	Xtr04
N0.HOG0009059	Cmi05	Cpl11	Ler10	LocSca	Gga08	Xtr04
N0.HOG0009060	Cmi05	Cpl11	Ler10	LocSca	Gga08	Xtr04
N0.HOG0009061	Cmi05	Cpl11	Ler10	LocSca	Gga08	Xtr04
N0.HOG0009062	Cmi05	Cpl11	Ler10	LocSca	Gga08	Xtr04
N0.HOG0009063	Cmi05	Cpl11	Ler10	LocSca	Gga08	Xtr04
N0.HOG0009064	Cmi05	Cpl11	Ler10	LocSca	Gga08	Xtr04
N0.HOG0009065	Cmi05	CplSca	Ler10	Loc10	Gga08	Xtr04
N0.HOG0009066	Cmi05	Cpl11	Ler10	Loc10	Gga08	Xtr04
N0.HOG0009067	Cmi05	Cpl11	Ler10	Loc10	Gga08	Xtr04
N0.HOG0009068	Cmi05	Cpl11	Ler10	Loc10	Gga08	Xtr04
N0.HOG0009069	Cmi05	Cpl11	Ler10	Loc10	Gga08	Xtr04
N0.HOG0009070	Cmi05	Cpl11	Ler10	Loc10	Gga03	Xtr04
N0.HOG0009071	Cmi05	Cpl11	Ler10	Loc10	Gga08	Xtr04
N0.HOG0009072	Cmi05	Cpl11	Ler10	Loc10	Gga08	Xtr04
N0.HOG0009073	Cmi05	Cpl11	Ler10	Loc10	Gga08	Xtr04
N0.HOG0009074	Cmi05	Cpl11	Ler10	Loc10	Gga08	Xtr04
N0.HOG0009075	Cmi05	Cpl11	Ler10	Loc10	Gga08	Xtr04
N0.HOG0009076	Cmi05	Cpl11	Ler10	Loc19	Gga28	Xtr01
N0.HOG0009077	Cmi05	Cpl11	Ler10	Loc10	Gga08	Xtr04
N0.HOG0009078	Cmi05	Cpl11	Ler10	Loc10	Gga08	Xtr04
N0.HOG0009079	Cmi05	Cpl11	Ler10	Loc10	Gga08	Xtr04
N0.HOG0009080	Cmi05	Cpl11	Ler10	Loc10	Gga08	Xtr04
N0.HOG0009081	Cmi05	Cpl11	Ler10	Loc10	Gga08	Xtr04
N0.HOG0009082	Cmi05	Cpl11	Ler10	Loc10	Gga08	Xtr04
N0.HOG0009083	Cmi05	Cpl11	Ler10	Loc10	Gga08	Xtr04
N0.HOG0009084	Cmi05	Cpl11	Ler10	Loc10	Gga08	Xtr04
N0.HOG0009085	Cmi05	Cpl11	Ler10	Loc10	Gga01	Xtr05
N0.HOG0009086	Cmi05	Cpl11	Ler10	Loc10	Gga08	Xtr04
N0.HOG0009087	Cmi05	Cpl11	Ler10	Loc10	Gga08	Xtr04
N0.HOG0009088	Cmi05	Cpl11	Ler10	Loc10	Gga08	Xtr04
N0.HOG0009089	Cmi05	Cpl11	Ler10	Loc10	Gga08	Xtr04
N0.HOG0009090	Cmi05	Cpl11	Ler10	Loc10	Gga08	Xtr04
N0.HOG0009091	Cmi05	Cpl11	Ler10	Loc10	Gga08	Xtr04
N0.HOG0009092	Cmi05	Cpl11	Ler10	Loc10	Gga08	Xtr04
N0.HOG0009093	Cmi05	Cpl11	Ler10	Loc10	Gga08	Xtr04
N0.HOG0009094	Cmi05	Cpl11	Ler10	Loc10	Gga08	Xtr04
N0.HOG0009095	Cmi05	Cpl11	Ler10	Loc10	Gga08	Xtr04
N0.HOG0009096	Cmi05	Cpl11	Ler10	Loc10	Gga08	Xtr04
N0.HOG0009097	Cmi05	Cpl11	Ler10	Loc10	Gga08	Xtr04
N0.HOG0009098	Cmi05	Cpl11	Ler10	Loc10	Gga08	Xtr04
N0.HOG0009099	Cmi05	Cpl11	Ler10	Loc10	Gga08	Xtr04
N0.HOG0009100	Cmi05	Cpl11	Ler10	Loc10	Gga08	Xtr04
N0.HOG0009101	Cmi05	CplSca	Ler10	Loc10	Gga08	Xtr04
N0.HOG0009102	Cmi05	Cpl11	Ler10	Loc10	Gga08	Xtr04
N0.HOG0009103	Cmi05	Cpl11	Ler10	Loc10	Gga08	Xtr04
N0.HOG0009104	Cmi05	Cpl11	Ler10	Loc06, Loc10	Gga08	
N0.HOG0009105	Cmi05	Cpl11	Ler10	Loc10	Gga08	Xtr04
N0.HOG0009106	Cmi05	Cpl11	Ler10	Loc10	Gga08	Xtr04
N0.HOG0009107	Cmi05	Cpl11	Ler10	Loc10	Gga08	Xtr04
N0.HOG0009108	Cmi05	Cpl11	Ler10	Loc10	Gga08	Xtr04
N0.HOG0009109	Cmi05	Cpl11	Ler10	Loc10	Gga08	Xtr04
N0.HOG0009110	Cmi05	Cpl11	Ler10	Loc10	Gga08	Xtr04
N0.HOG0009111	Cmi05	Cpl11	Ler10	Loc10	Gga08	Xtr04
N0.HOG0009112	Cmi05	Cpl11	Ler10	Loc10	Gga08	Xtr04
N0.HOG0009113	Cmi05	Cpl11	Ler10	Loc10	Gga08	Xtr04
N0.HOG0009114	Cmi05	Cpl11	Ler10	Loc10	Gga08	Xtr04
N0.HOG0009115	Cmi05	Cpl11	Ler10	Loc10	Gga08	Xtr04
N0.HOG0009116	Cmi05	Cpl11	Ler10	Loc10	Gga08	Xtr04
N0.HOG0009117	Cmi05	Cpl11	Ler10	Loc10	Gga08	Xtr04
N0.HOG0009118	Cmi05	Cpl11	Ler10	Loc10	Gga08	Xtr04
N0.HOG0009119	Cmi05	Cpl11	Ler10	Loc10	Gga08	Xtr04
N0.HOG0009120	Cmi05	Cpl11	Ler10	Loc10	Gga08	Xtr04
N0.HOG0009121	Cmi05	Cpl11	Ler10	Loc10	Gga08	Xtr04
N0.HOG0009122	Cmi05	Cpl11	Ler10	Loc10	Gga08	Xtr04
N0.HOG0009123	Cmi05	Cpl11	Ler10	Loc10	Gga08	Xtr04
N0.HOG0009124	Cmi05	Cpl11	Ler10	Loc10	Gga08	Xtr04
N0.HOG0009125	Cmi05	Cpl11	Ler10	Loc10	Gga08	Xtr04
N0.HOG0009126	Cmi05	Cpl11	Ler10	Loc10	Gga08	Xtr04
N0.HOG0009127	Cmi05	Cpl11	Ler10	Loc10	Gga08	Xtr04
N0.HOG0009128	Cmi05	Cpl11	Ler10	Loc10	Gga08	Xtr04
N0.HOG0009129	Cmi05	Cpl11	Ler10	Loc10	Gga08	Xtr04
N0.HOG0009130	Cmi05	Cpl11	Ler10	Loc10	Gga08	Xtr04
N0.HOG0009131	Cmi05	Cpl11	Ler10	Loc10	Gga08	Xtr04
N0.HOG0009132	Cmi05	Cpl11	Ler10	Loc10	Gga08	Xtr04
N0.HOG0009133	Cmi05	Cpl11	Ler10	Loc10	Gga08	Xtr04
N0.HOG0009134	Cmi05	Cpl11	Ler10	Loc10	Gga08	Xtr04
N0.HOG0009135	Cmi05	Cpl13	Ler14	Loc10	Gga08	Xtr04
N0.HOG0009136	Cmi05			Loc06, Loc10	Gga08	Xtr04
N0.HOG0009137	Cmi05	Cpl28	Ler28	Loc12, Loc10		Xtr04
N0.HOG0009138	Cmi05	CplSca		Loc10	Gga08	Xtr04
N0.HOG0009139	Cmi05	Cpl13	LerSca	Loc10	Gga08	Xtr04
N0.HOG0009140	Cmi05	Cpl11	LerSca	Loc10	Gga08	Xtr04
N0.HOG0009141	Cmi05	Cpl11	LerSca	Loc10	Gga08	Xtr04
N0.HOG0009142	Cmi05	Cpl11	LerSca	Loc10	Gga08	Xtr04
N0.HOG0009143	Cmi05	Cpl11	LerSca	Loc10	GgaSca	Xtr04
N0.HOG0009144	Cmi05	Cpl11	LerSca	Loc10	Gga08	Xtr04
N0.HOG0009145	Cmi05	Cpl11	LerSca	Loc07	Gga08	Xtr04
N0.HOG0009146	Cmi05	Cpl11	Ler10	Loc10	Gga08	Xtr04
N0.HOG0009147	Cmi05	Cpl11	Ler10	Loc10	Gga08	Xtr04
N0.HOG0009148	Cmi05	Cpl11	Ler10	Loc10	Gga08	Xtr04
N0.HOG0009149	Cmi05	Cpl11	Ler10	Loc10	Gga08	Xtr04
N0.HOG0009150	Cmi05	Cpl11	Ler10	Loc10	Gga08	Xtr04
N0.HOG0009151	Cmi05	Cpl11	Ler10	Loc10	Gga08	Xtr04
N0.HOG0009152	Cmi05	Cpl11	Ler10	Loc10	Gga08	Xtr04
N0.HOG0009153	Cmi05	Cpl11	Ler10	Loc10	Gga08	Xtr04
N0.HOG0009154	Cmi05	Cpl11	Ler10	Loc10	Gga08	Xtr04
N0.HOG0009155	Cmi05	Cpl11	Ler10	Loc10	Gga08	Xtr04
N0.HOG0009156	Cmi05	Cpl11	LerSca	Loc10	Gga08	Xtr04
N0.HOG0009157	Cmi05	Cpl11	LerSca	Loc10	Gga08	Xtr04
N0.HOG0009158	Cmi05	Cpl11	LerSca	Loc10	Gga08	Xtr04
N0.HOG0009159	Cmi05	Cpl11		Loc10	Gga08	Xtr04
N0.HOG0009160	Cmi05	Cpl11	Ler10	Loc10	Gga08	Xtr04
N0.HOG0009161	Cmi05	Cpl11	Ler10	Loc10	Gga08	Xtr04
N0.HOG0009162	Cmi05	Cpl11	Ler10	Loc10	Gga08	Xtr04
N0.HOG0009163	Cmi05	Cpl11	Ler10	Loc10	Gga08	Xtr04
N0.HOG0009164	Cmi05	Cpl11	Ler10	Loc10	Gga08	Xtr04
N0.HOG0009165	Cmi05	Cpl11	Ler10	Loc10	Gga08	Xtr04
N0.HOG0009166	Cmi05	Cpl11	Ler10	Loc10	Gga08	Xtr04
N0.HOG0009167	Cmi05	Cpl11	Ler10	Loc10	Gga08	Xtr04
N0.HOG0009168	Cmi05	Cpl11	Ler10	Loc10	Gga08	Xtr04
N0.HOG0009169	Cmi05	Cpl11	Ler10	Loc10	Gga08	Xtr04
N0.HOG0009170	Cmi05	Cpl11	Ler10	Loc10	Gga08	Xtr04
N0.HOG0009171	Cmi05	Cpl11	Ler10	Loc10	Gga08	Xtr04
N0.HOG0009172	Cmi05	Cpl11	Ler10	Loc10	Gga08	Xtr04
N0.HOG0009173	Cmi05	Cpl11	Ler10	Loc10	Gga08	Xtr04
N0.HOG0009174	Cmi05	Cpl11	Ler10	Loc10	Gga08	Xtr04
N0.HOG0009175	Cmi05	Cpl11	Ler10	Loc10	Gga08	Xtr04
N0.HOG0009176	Cmi05	Cpl11	Ler10	Loc10	Gga08	Xtr04
N0.HOG0009177	Cmi05	Cpl11	Ler10	Loc10	Gga08	Xtr04
N0.HOG0009178	Cmi05	Cpl11	Ler10	Loc10	Gga08	Xtr07
N0.HOG0009179	Cmi05	Cpl11	Ler10	Loc10	Gga08	Xtr04
N0.HOG0009180	Cmi05	Cpl11	Ler10	Loc10	Gga08	Xtr04
N0.HOG0009181	Cmi05	Cpl11	Ler10	Loc10	Gga08	Xtr04
N0.HOG0009182	Cmi05	Cpl11	Ler10	Loc10	Gga08	Xtr04
N0.HOG0009183	Cmi05	Cpl11	Ler10	Loc10	Gga08	Xtr04
N0.HOG0009184	Cmi05	Cpl11	Ler10	Loc10	Gga08	Xtr04
N0.HOG0009185	Cmi05	Cpl11	Ler10	Loc10	Gga08	Xtr04
N0.HOG0009186	Cmi05	Cpl11	Ler10	Loc10	Gga08	Xtr04
N0.HOG0009187	Cmi05	Cpl11	Ler10	Loc10	Gga08	Xtr04
N0.HOG0009188	Cmi05	Cpl11	Ler10	Loc10	Gga08	Xtr04
N0.HOG0009189	Cmi05	Cpl11	Ler10	Loc10	Gga08	Xtr04
N0.HOG0009190	Cmi05	Cpl11	Ler10	Loc10	Gga08	Xtr04
N0.HOG0009191	Cmi05	Cpl11	Ler10	Loc10	Gga08	Xtr04
N0.HOG0009192	Cmi05	Cpl11	Ler10	Loc10	Gga08	Xtr04
N0.HOG0009193	Cmi05	CplSca	Ler10	Loc10	Gga08	Xtr04
N0.HOG0009194	Cmi05	Cpl11	Ler10	Loc10	Gga08	Xtr04
N0.HOG0009195	Cmi05	Cpl11	Ler10	Loc10	Gga08	Xtr04
N0.HOG0009196	Cmi05	Cpl11	Ler10	Loc10	Gga08	Xtr04
N0.HOG0009197	Cmi05	Cpl11	Ler10	Loc10	Gga08	Xtr04
N0.HOG0009198	Cmi05	Cpl11	Ler10	Loc10	Gga08	Xtr04
N0.HOG0009199	Cmi05	Cpl11	Ler10	Loc10	Gga08	Xtr04
N0.HOG0009200	Cmi05	Cpl11	Ler10	Loc10	Gga08	Xtr04
N0.HOG0009201	Cmi05	Cpl11	Ler10	Loc10	Gga08	Xtr04
N0.HOG0009202	Cmi05	Cpl11	Ler10	Loc10	Gga08	Xtr04
N0.HOG0009203	Cmi05	Cpl11	Ler10	Loc10	Gga08	Xtr04
N0.HOG0009204	Cmi05	Cpl11	Ler10	Loc10	Gga08	Xtr04
N0.HOG0009205	Cmi05	Cpl11	Ler10	Loc10	Gga08	Xtr04
N0.HOG0009206	Cmi05	Cpl11	Ler10	Loc03	Gga10	Xtr03
N0.HOG0009207	Cmi05	Cpl11	Ler10	Loc10	Gga08	Xtr04
N0.HOG0009208	Cmi05	Cpl11	Ler10	Loc10	Gga08	Xtr04
N0.HOG0009209	Cmi05	Cpl11	Ler10	Loc10	Gga08	Xtr04
N0.HOG0009210	Cmi05	Cpl11	Ler10	Loc10	Gga08	Xtr04
N0.HOG0009211	Cmi05	Cpl11	Ler10	Loc10	Gga08	Xtr04
N0.HOG0009212	Cmi05	Cpl11	Ler10	Loc10	Gga08	Xtr04
N0.HOG0009213	Cmi05	Cpl11	Ler10	Loc10	Gga08	Xtr04
N0.HOG0009214	Cmi05	Cpl11	Ler10	Loc10	Gga08	Xtr04
N0.HOG0009215	Cmi05	Cpl11	Ler10	Loc10	Gga08	Xtr04
N0.HOG0009216	Cmi05	Cpl11	Ler10	Loc10	Gga08	Xtr04
N0.HOG0009217	Cmi05	Cpl11	Ler10	Loc10	Gga08	Xtr04
N0.HOG0009218	Cmi05	Cpl11	Ler10	Loc10	Gga08	Xtr04
N0.HOG0009219	Cmi05	Cpl11	Ler10	Loc10	Gga08	Xtr04
N0.HOG0009220	Cmi05	Cpl11	Ler10	Loc10	Gga08	Xtr04
N0.HOG0009221	Cmi05	Cpl11	Ler10	Loc10	Gga08	Xtr04
N0.HOG0009222	Cmi05	Cpl11	Ler10	Loc10	Gga08	Xtr04
N0.HOG0009223	Cmi05	Cpl11	Ler10	Loc10	Gga08	Xtr04
N0.HOG0009224	Cmi05	Cpl11	Ler10	Loc10	Gga08	Xtr04
N0.HOG0009225	Cmi05	Cpl11	Ler10	Loc10	Gga08	Xtr04
N0.HOG0009226	Cmi05	Cpl11	Ler10	Loc10	Gga08	Xtr04
N0.HOG0009227	Cmi05	Cpl11	Ler10	Loc10	Gga08	Xtr04
N0.HOG0009228	Cmi05	Cpl11	Ler10	Loc10	Gga08	Xtr04
N0.HOG0009229	Cmi05	Cpl11	Ler10	Loc10	Gga08	Xtr04
N0.HOG0009230	Cmi05	Cpl11	Ler10	Loc10	Gga08	Xtr04
N0.HOG0009231	Cmi05	Cpl11	Ler10	Loc10	Gga08	Xtr04
N0.HOG0009232	Cmi05	Cpl11	Ler10	Loc10	Gga08	Xtr04
N0.HOG0009233	Cmi05	Cpl11	Ler10	Loc10	Gga08	Xtr04
N0.HOG0009234	Cmi05	Cpl11	Ler10	Loc10	Gga08	Xtr04
N0.HOG0009235	Cmi05	Cpl11	Ler10	Loc10		Xtr04
N0.HOG0009236	Cmi05	Cpl11	Ler10	Loc10	Gga08	Xtr04
N0.HOG0009237	Cmi05	CplSca	Ler10	Loc10	Gga08	Xtr04
N0.HOG0009238	Cmi05	Cpl11	Ler10	Loc10	Gga08	Xtr04
N0.HOG0009239	Cmi05	Cpl11	Ler10	Loc10	Gga08	Xtr04
N0.HOG0009240	Cmi05	Cpl11	Ler10	Loc10	Gga08	Xtr04
N0.HOG0009241	Cmi05	Cpl11	Ler10	Loc10	Gga08	Xtr04
N0.HOG0009242	Cmi05	Cpl11	Ler10	Loc10	Gga08	Xtr04
N0.HOG0009243	Cmi05	Cpl11	Ler10	Loc10	Gga08	Xtr04
N0.HOG0009244	Cmi05	Cpl11	Ler10	Loc10	Gga08	Xtr04
N0.HOG0009245	Cmi05	Cpl11	Ler10	Loc10	Gga08	Xtr04
N0.HOG0009246	Cmi05	Cpl11	Ler10	Loc10	Gga08	Xtr04
N0.HOG0009247	Cmi05	Cpl11	Ler10	Loc10	Gga08	Xtr04
N0.HOG0009248	Cmi05	Cpl11	Ler10	Loc10	Gga08	Xtr04
N0.HOG0009249	Cmi05	Cpl11	Ler10	Loc10	Gga08	Xtr04
N0.HOG0009250	Cmi05	Cpl11	Ler10	Loc10	Gga08	Xtr04
N0.HOG0009251	Cmi05	Cpl11	Ler10	Loc10	Gga08	Xtr04
N0.HOG0009252	Cmi05	Cpl11	Ler10	Loc10	Gga08	Xtr04
N0.HOG0009253	Cmi05	Cpl11	Ler10	LocSca	Gga08	Xtr04
N0.HOG0009254	Cmi05	Cpl11	Ler10	Loc10	Gga08	Xtr04
N0.HOG0009255	Cmi05	Cpl23	Ler22	Loc08	Gga01	Xtr03
N0.HOG0009256	Cmi05	Cpl23	Ler22	Loc08	Gga01	Xtr03
N0.HOG0009257	Cmi05	Cpl23	Ler22	Loc08	Gga01	Xtr03
N0.HOG0009258	Cmi05	Cpl27	Ler22	Loc08	Gga01	Xtr03
N0.HOG0009259	Cmi05	Cpl27	Ler22	Loc08	Gga01	Xtr03
N0.HOG0009260	Cmi05	Cpl23	Ler22	Loc08	Gga01	Xtr03
N0.HOG0009261	Cmi05	Cpl23	Ler22	Loc08	Gga01	Xtr03
N0.HOG0009262	Cmi05	Cpl23	Ler22	Loc08	Gga01	Xtr03
N0.HOG0009263	Cmi05	Cpl23	Ler22	Loc08	Gga01	Xtr03
N0.HOG0009264	Cmi05	Cpl23	Ler22	Loc08	Gga01	Xtr03
N0.HOG0009265	Cmi05	Cpl23	Ler22	Loc08	Gga01	Xtr03
N0.HOG0009266	Cmi05	Cpl23	Ler22	Loc08	Gga01	Xtr03
N0.HOG0009267	Cmi05	Cpl23	Ler22	Loc08	Gga01	Xtr03
N0.HOG0009268	Cmi05	Cpl23	Ler22	Loc08	Gga01	Xtr03
N0.HOG0009269	Cmi05	Cpl23	Ler22	Loc08	Gga01	Xtr03
N0.HOG0009270	Cmi05	Cpl23	Ler22	Loc08	Gga01	Xtr03
N0.HOG0009271	Cmi05	Cpl23	Ler22	Loc08	Gga01	Xtr03
N0.HOG0009272	Cmi05	Cpl23	Ler22	Loc08	Gga01	Xtr03
N0.HOG0009273	Cmi05	Cpl23	Ler22	Loc08	Gga01	Xtr03
N0.HOG0009274	Cmi05	Cpl23	Ler22	Loc08	Gga01	Xtr03
N0.HOG0009275	Cmi05, Cmi13	Cpl23	Ler22	Loc08		
N0.HOG0009276	Cmi05	Cpl23	Ler22	Loc08	Gga01	Xtr03
N0.HOG0009277	Cmi05	Cpl23	Ler22	Loc08	Gga01	Xtr03
N0.HOG0009278	Cmi05	Cpl23	Ler22	Loc08	Gga01	Xtr03
N0.HOG0009279	Cmi05	Cpl23	Ler22	Loc08	Gga01	Xtr03
N0.HOG0009280	Cmi05	Cpl23	Ler22	Loc08	Gga01	Xtr03
N0.HOG0009281	Cmi05	Cpl23	Ler22	Loc08	Gga01	Xtr03
N0.HOG0009282	Cmi05	Cpl23	Ler22	Loc08	Gga01	Xtr03
N0.HOG0009283	Cmi05	Cpl23	Ler22	Loc08	Gga01	Xtr03
N0.HOG0009284	Cmi05	Cpl23	Ler22	Loc08	Gga01	Xtr03
N0.HOG0009285	Cmi05	Cpl23	Ler22	Loc08	Gga01	Xtr03
N0.HOG0009286	Cmi05	Cpl23	Ler22	Loc08	Gga01	Xtr03
N0.HOG0009287	Cmi05	Cpl23	Ler22	Loc08	Gga01	Xtr03
N0.HOG0009288	Cmi05	Cpl23	Ler22	Loc08	Gga01	Xtr03
N0.HOG0009289	Cmi05	Cpl23	Ler22	Loc08	Gga01	Xtr03
N0.HOG0009290	Cmi05	Cpl23	Ler22	Loc08	Gga01	Xtr03
N0.HOG0009291	Cmi05	Cpl23	Ler22	LocSca	Gga01	Xtr03
N0.HOG0009292	Cmi05	Cpl23	Ler22	LocSca	Gga01	Xtr03
N0.HOG0009293	Cmi05	Cpl23	Ler22	Loc08	Gga06	Xtr01
N0.HOG0009294	Cmi05	Cpl23	Ler22	Loc08	Gga01	Xtr03
N0.HOG0009295	Cmi05	Cpl23	Ler22	Loc08	Gga01	Xtr03
N0.HOG0009296	Cmi05	Cpl23	Ler22	Loc08	Gga01	Xtr03
N0.HOG0009297	Cmi05	Cpl23	Ler22	Loc08	Gga01	Xtr03
N0.HOG0009298	Cmi05	Cpl23	Ler22	Loc08	Gga01	Xtr03
N0.HOG0009299	Cmi05	Cpl23	Ler22	Loc08	Gga01	Xtr03
N0.HOG0009300	Cmi05	Cpl23	Ler22	Loc08	Gga01	Xtr03
N0.HOG0009301	Cmi05	Cpl19	Ler19	Loc08	Gga01	Xtr03
N0.HOG0009302	Cmi05		Ler19	Loc08	Gga01	Xtr08, Xtr03
N0.HOG0009303	Cmi05	Cpl19	Ler19	Loc08	Gga01	Xtr03
N0.HOG0009304	Cmi05	Cpl19	Ler19	Loc08	Gga01	Xtr03
N0.HOG0009305	Cmi05	Cpl19	Ler19	Loc08	Gga01	Xtr03
N0.HOG0009306	CmiSca	Cpl16		Loc27		
N0.HOG0009307	Cmi05			Loc08		Xtr03
N0.HOG0009308	Cmi05	Cpl19	Ler19	Loc08	Gga01	Xtr03
N0.HOG0009309	Cmi05	Cpl19	Ler19	Loc08	Gga01	Xtr03
N0.HOG0009310	Cmi05	Cpl19	Ler19	Loc08	Gga01	Xtr03
N0.HOG0009311	Cmi05	Cpl19	Ler19	Loc03	Gga26	Xtr02
N0.HOG0009312	Cmi05	Cpl19	Ler19	Loc08	Gga01	Xtr03
N0.HOG0009313	Cmi05	Cpl19	Ler19	Loc08	Gga01	Xtr03
N0.HOG0009314	Cmi05	Cpl19	Ler19	Loc08	Gga01	Xtr03
N0.HOG0009315	Cmi05	Cpl19	Ler19	Loc08	Gga01	Xtr03
N0.HOG0009316	Cmi05	Cpl19	Ler19	Loc08	Gga01	Xtr03
N0.HOG0009317	Cmi05	Cpl19	Ler19	Loc08	Gga01	Xtr03
N0.HOG0009318	Cmi05	Cpl19	Ler19	Loc08	Gga01	Xtr03
N0.HOG0009319	Cmi05	Cpl19	Ler19	Loc08	Gga01	Xtr03
N0.HOG0009320	Cmi05	Cpl19	Ler19	Loc08	Gga01	Xtr03
N0.HOG0009321	Cmi05	Cpl19	Ler19	Loc08	Gga01	Xtr03
N0.HOG0009322	Cmi05	Cpl19	Ler19	Loc08	Gga01	Xtr03
N0.HOG0009323	Cmi05	Cpl19	Ler19	Loc08	Gga01	Xtr03
N0.HOG0009324	Cmi05	Cpl19	Ler19	Loc08	Gga01	Xtr03
N0.HOG0009325	Cmi05	Cpl19	Ler19	Loc08	Gga01	Xtr03
N0.HOG0009326	Cmi05	Cpl19	Ler19	Loc08	Gga01	Xtr03
N0.HOG0009327	Cmi05	Cpl19	Ler19	Loc08	Gga01	Xtr03
N0.HOG0009328	Cmi05	Cpl19	Ler19	Loc08	Gga01	Xtr03
N0.HOG0009329	Cmi05	Cpl19	Ler19	Loc08	Gga01	Xtr03
N0.HOG0009330	Cmi05	Cpl19	Ler19	Loc08	Gga01	Xtr03
N0.HOG0009331	Cmi05	Cpl19	Ler19	Loc08	Gga01	Xtr03
N0.HOG0009332	Cmi05	Cpl19	Ler19	Loc08	Gga01	Xtr03
N0.HOG0009333	Cmi05	Cpl19	Ler19	Loc08	Gga01	Xtr03
N0.HOG0009334	Cmi05	Cpl19	Ler19	Loc08	Gga01	Xtr03
N0.HOG0009335	Cmi05	Cpl19	Ler19	Loc08	Gga01	Xtr03
N0.HOG0009336	Cmi05	Cpl19	Ler19	Loc08	Gga01	Xtr03
N0.HOG0009337	Cmi05	Cpl19	Ler19	Loc08	Gga01	Xtr03
N0.HOG0009338	Cmi05	Cpl19	Ler19	Loc08	Gga01	Xtr03
N0.HOG0009339	Cmi05	Cpl19	Ler19	Loc08	Gga01	Xtr03
N0.HOG0009340	Cmi05	Cpl19	Ler19	Loc08	Gga01	Xtr03
N0.HOG0009341	Cmi05	Cpl19	Ler19	Loc08	Gga01	Xtr03
N0.HOG0009342	Cmi05	Cpl19	Ler19	Loc08	Gga01	Xtr03
N0.HOG0009343	Cmi05	Cpl19	Ler19	Loc08	Gga01	Xtr03
N0.HOG0009344	Cmi05	Cpl19	Ler19	Loc08	Gga01	Xtr03
N0.HOG0009345	Cmi05	Cpl19	Ler19	Loc08	Gga01	Xtr03
N0.HOG0009346	Cmi05	Cpl19	Ler19	Loc08	Gga01	Xtr03
N0.HOG0009347	Cmi05	Cpl19	Ler19	Loc08	Gga01	Xtr03
N0.HOG0009348	Cmi05	Cpl19	Ler19	Loc08	Gga01	Xtr03
N0.HOG0009349	Cmi05	Cpl19	Ler19	Loc08	Gga01	Xtr03
N0.HOG0009350	Cmi05	Cpl19	Ler19	Loc08	Gga01	Xtr03
N0.HOG0009351	Cmi05	Cpl19	Ler19	Loc08	Gga01	Xtr03
N0.HOG0009352	Cmi05	Cpl19	Ler19	Loc08	Gga01	Xtr03
N0.HOG0009353	Cmi05	Cpl19	Ler19	Loc08	Gga01	Xtr03
N0.HOG0009354	Cmi05	Cpl19	Ler19	Loc08	Gga01	Xtr03
N0.HOG0009355	Cmi05	Cpl19	Ler19	Loc08	Gga01	Xtr03
N0.HOG0009356	Cmi05	Cpl19	Ler19	Loc08	Gga01	Xtr03
N0.HOG0009357	Cmi05	Cpl19	Ler19	Loc08	Gga01	Xtr03
N0.HOG0009358	Cmi05	Cpl19	Ler19	Loc08	Gga01	Xtr03
N0.HOG0009359	Cmi05	Cpl19	Ler19	Loc08	Gga01	Xtr03
N0.HOG0009360	Cmi05	Cpl19	Ler19	Loc08	Gga01	Xtr03
N0.HOG0009361	Cmi05	Cpl19	Ler19	Loc08	Gga01	Xtr03
N0.HOG0009362	Cmi05	Cpl19	Ler19	Loc08	Gga01	Xtr03
N0.HOG0009363	Cmi05	Cpl19	Ler19	Loc08	Gga01	Xtr03
N0.HOG0009364	Cmi05	Cpl19	Ler19	Loc08	Gga01	Xtr03
N0.HOG0009365	Cmi05	Cpl19	Ler19	Loc08	Gga01	Xtr03
N0.HOG0009366	Cmi05	Cpl19	Ler19	Loc08	Gga01	Xtr03
N0.HOG0009367	Cmi05	Cpl19	Ler19	Loc08	Gga01	Xtr03
N0.HOG0009368	Cmi05	Cpl19	Ler19	Loc08	Gga01	Xtr03
N0.HOG0009369	Cmi05	Cpl19	Ler19	Loc08	Gga01	Xtr03
N0.HOG0009370	Cmi05	Cpl19	Ler19	Loc08	Gga01	Xtr03
N0.HOG0009371	Cmi05	Cpl19	Ler19	Loc08	Gga01	Xtr03
N0.HOG0009372	Cmi05	Cpl19	Ler19	Loc08	Gga01	Xtr03
N0.HOG0009373	Cmi05	Cpl19	Ler19	Loc08	Gga01	Xtr03
N0.HOG0009374	Cmi05	Cpl19	Ler19	Loc08	Gga01	Xtr03
N0.HOG0009375	Cmi05	Cpl19	Ler19	Loc08	Gga01	Xtr03
N0.HOG0009376	Cmi05	Cpl19	Ler19	Loc08	Gga01	Xtr03
N0.HOG0009377	Cmi05	Cpl19	Ler19	Loc08	Gga01	Xtr03
N0.HOG0009378	Cmi05	Cpl19	Ler19	Loc08	Gga01	Xtr03
N0.HOG0009379	Cmi05	Cpl19	Ler19	Loc08	Gga01	Xtr03
N0.HOG0009380	Cmi05	Cpl19	Ler19	Loc08	Gga01	Xtr03
N0.HOG0009381	Cmi05	Cpl19	Ler19	Loc08	Gga01	Xtr03
N0.HOG0009382	Cmi05	Cpl19	Ler19	Loc08	Gga01	Xtr03
N0.HOG0009383	Cmi05	Cpl19	Ler19	Loc08	Gga01	Xtr03
N0.HOG0009384	Cmi05	Cpl19	Ler19	Loc08	Gga01	Xtr03
N0.HOG0009385	Cmi05	Cpl19	Ler19	Loc08	Gga01	Xtr03
N0.HOG0009386	Cmi05	Cpl19	Ler19	Loc08	Gga01	Xtr03
N0.HOG0009387	Cmi05	Cpl19	Ler19	Loc08	Gga01	Xtr03
N0.HOG0009388	Cmi05	Cpl19	Ler19	Loc08	Gga01	Xtr03
N0.HOG0009389	Cmi05	Cpl19	Ler19	Loc08	Gga01	Xtr03
N0.HOG0009390	Cmi05	Cpl19	Ler19	Loc08	Gga01	Xtr03
N0.HOG0009391	Cmi05	Cpl19	Ler19	Loc08	Gga01	Xtr03
N0.HOG0009392	Cmi05	Cpl19	Ler19	Loc08	Gga01	Xtr03
N0.HOG0009393	Cmi05	Cpl19	Ler19	Loc08	Gga01	Xtr03
N0.HOG0009394	Cmi05	Cpl19	Ler19	Loc08	Gga01	Xtr03
N0.HOG0009395	Cmi05	Cpl19	Ler19	Loc08	Gga01	Xtr03
N0.HOG0009396	Cmi05	Cpl19	Ler19	Loc08	Gga01	Xtr03
N0.HOG0009397	Cmi05	Cpl19	Ler19	Loc08	Gga01	Xtr03
N0.HOG0009398	Cmi05	Cpl19	Ler19	Loc08	Gga01	Xtr03
N0.HOG0009399	Cmi05	Cpl19	Ler19	Loc08	Gga01	Xtr03
N0.HOG0009400	Cmi05	Cpl19	Ler19	LocSca	Gga01	Xtr03
N0.HOG0009401	Cmi05	Cpl19	Ler19	Loc08	Gga01	Xtr03
N0.HOG0009402	Cmi05	Cpl19	Ler19	Loc08	Gga01	Xtr03
N0.HOG0009403	Cmi05	Cpl19	Ler19	Loc08	Gga01	Xtr03
N0.HOG0009404	Cmi05	Cpl19	Ler19	Loc08	Gga01	Xtr03
N0.HOG0009405	Cmi05	Cpl19	Ler19	Loc08	Gga01	Xtr03
N0.HOG0009406	Cmi05	Cpl19	Ler19	Loc08	Gga01	Xtr03
N0.HOG0009407	Cmi05	Cpl19	Ler19	Loc08	Gga01	Xtr03
N0.HOG0009408	Cmi05	Cpl19	Ler19	Loc08	Gga01	Xtr03
N0.HOG0009409	Cmi05	Cpl19	Ler19	Loc08	Gga01	Xtr03
N0.HOG0009410	Cmi05	CplSca	Ler19	Loc08	Gga01	Xtr03
N0.HOG0009411	Cmi05	Cpl19	Ler19	Loc08	Gga01	Xtr03
N0.HOG0009412	Cmi05	Cpl19	Ler19	Loc08	Gga01	Xtr03
N0.HOG0009413	Cmi05	Cpl19	Ler19	Loc08	Gga01	Xtr03
N0.HOG0009414	Cmi05	Cpl19	Ler19	Loc08	Gga01	Xtr03
N0.HOG0009415	Cmi05	Cpl19	Ler19	Loc08	Gga01	Xtr03
N0.HOG0009416	Cmi05	Cpl19	Ler19	Loc08	Gga01	Xtr03
N0.HOG0009417	Cmi05	Cpl19	Ler19	Loc08	Gga01	Xtr03
N0.HOG0009418	Cmi05	Cpl19	Ler19	Loc08	Gga01	Xtr03
N0.HOG0009419	Cmi05	Cpl19	Ler19	Loc08	Gga01	Xtr03
N0.HOG0009420	Cmi05	Cpl19	Ler19	Loc08	Gga01	Xtr03
N0.HOG0009421	Cmi05	Cpl19	Ler19	Loc08	Gga01	Xtr03
N0.HOG0009422	Cmi05	Cpl19	Ler19	Loc08	Gga01	Xtr03
N0.HOG0009423	Cmi05	Cpl19	Ler19	Loc08	Gga01	Xtr03
N0.HOG0009424	Cmi05	Cpl26	Ler19	Loc02	Gga01	Xtr03
N0.HOG0009425	Cmi05	Cpl19	Ler19	Loc08	Gga01	Xtr03
N0.HOG0009426	Cmi05	Cpl19	Ler19	Loc08	Gga01	Xtr03
N0.HOG0009427	Cmi05	Cpl19	Ler19	Loc08	Gga01	Xtr03
N0.HOG0009428	Cmi05	Cpl19	Ler19	LocSca	Gga01	Xtr03
N0.HOG0009429	Cmi05	Cpl19	Ler19	LocSca	Gga01	Xtr03
N0.HOG0009430	Cmi05	Cpl19	Ler19	LocSca	Gga01	Xtr03
N0.HOG0009431	Cmi05	Cpl19	Ler19	LocSca	Gga01	Xtr03
N0.HOG0009432	Cmi05	Cpl19		Loc05	Gga01	Xtr03
N0.HOG0009433	Cmi05	Cpl19	Ler19	LocSca	Gga01	Xtr03
N0.HOG0009434	Cmi05	Cpl19	Ler19	Loc08	Gga01	Xtr03
N0.HOG0009435	Cmi05	Cpl19	Ler19	Loc08	Gga01	Xtr03
N0.HOG0009436	Cmi05	Cpl19	Ler19	Loc08	Gga01	Xtr03
N0.HOG0009437	Cmi05	Cpl19	Ler19	Loc08	Gga01	Xtr03
N0.HOG0009438	Cmi05	Cpl19	Ler19	Loc08	Gga01	Xtr03
N0.HOG0009439	Cmi05	Cpl19	Ler19	Loc08	Gga01	Xtr03
N0.HOG0009440	Cmi05	Cpl19	Ler19	Loc08	Gga01	Xtr03
N0.HOG0009441	Cmi05	Cpl19	Ler19	Loc08	Gga01	Xtr03
N0.HOG0009442	Cmi05	Cpl19	Ler19	Loc08	Gga01	Xtr03
N0.HOG0009443	Cmi05	Cpl19	Ler19	Loc08	Gga01	Xtr03
N0.HOG0009444	Cmi05	Cpl19	Ler19	Loc08	Gga01	Xtr03
N0.HOG0009445	Cmi05	Cpl19	Ler19	Loc08	Gga01	Xtr03
N0.HOG0009446	Cmi05	Cpl19	Ler19	Loc08	Gga01	Xtr03
N0.HOG0009447	Cmi05	Cpl19	Ler19	Loc08	Gga01	Xtr03
N0.HOG0009448	Cmi05	Cpl19	Ler19	Loc08	Gga01	Xtr03
N0.HOG0009449	Cmi05	Cpl19	Ler19	Loc08	Gga01	Xtr03
N0.HOG0009450	Cmi05	Cpl19		Loc08, Loc01	Gga01	Xtr03
N0.HOG0009451	Cmi05	Cpl19	Ler19	Loc08	Gga01	Xtr03
N0.HOG0009452	Cmi05	Cpl19	Ler19	Loc08	Gga01	Xtr03
N0.HOG0009453	Cmi05	Cpl19	Ler19	Loc08	Gga01	Xtr03
N0.HOG0009454	Cmi05	Cpl19	Ler19	Loc08	Gga01	Xtr03
N0.HOG0009455	Cmi05	Cpl19	Ler19	Loc08	Gga01	Xtr03
N0.HOG0009456	Cmi05	Cpl19	Ler19	Loc08	Gga01	Xtr03
N0.HOG0009457	Cmi05	Cpl19	Ler19	Loc08	Gga01	Xtr03
N0.HOG0009458	Cmi05	Cpl19	Ler19	Loc08	Gga01	Xtr03
N0.HOG0009459	Cmi05	Cpl19	Ler19	Loc08	Gga01	Xtr03
N0.HOG0009460	Cmi05	Cpl19	Ler19	Loc08	Gga01	Xtr03
N0.HOG0009461	Cmi05	Cpl19	Ler19	Loc08	Gga01	Xtr03
N0.HOG0009462	Cmi05	Cpl19	Ler19	Loc08	Gga01	Xtr03
N0.HOG0009463	Cmi05	Cpl19	Ler19	Loc08	Gga01	Xtr03
N0.HOG0009464	Cmi05	Cpl19	Ler19	Loc08	Gga01	Xtr03
N0.HOG0009465	Cmi05	Cpl19	Ler19	Loc08	Gga01	Xtr03
N0.HOG0009466	Cmi05	Cpl19	Ler19	Loc08	Gga01	Xtr03
N0.HOG0009467	Cmi05	Cpl19	Ler19	Loc08	Gga01	Xtr03
N0.HOG0009468	Cmi05	Cpl19	Ler19	Loc08	Gga01	Xtr03
N0.HOG0009469	Cmi05	Cpl19	Ler19	Loc08	Gga01	Xtr03
N0.HOG0009470	Cmi05	Cpl19	Ler19	Loc08	Gga01	Xtr03
N0.HOG0009471	Cmi05	Cpl19	Ler19	Loc08	Gga01	Xtr03
N0.HOG0009472	Cmi05	Cpl19	Ler19	Loc08	Gga01	Xtr03
N0.HOG0009473	Cmi05	Cpl19	Ler19	Loc08	Gga01	Xtr03
N0.HOG0009474	Cmi05	Cpl19	Ler19	Loc08	Gga01	Xtr03
N0.HOG0009475	Cmi05	Cpl19	Ler19	Loc08	Gga01	Xtr03
N0.HOG0009476	Cmi05	Cpl19	Ler19	Loc08	Gga01	Xtr03
N0.HOG0009477	Cmi05	Cpl19	Ler19	Loc08	Gga01	Xtr03
N0.HOG0009478	Cmi05	Cpl19	Ler19	Loc08	Gga01	Xtr03
N0.HOG0009479	Cmi05	Cpl19	Ler19	Loc08	Gga01	Xtr03
N0.HOG0009480	Cmi05	Cpl19	Ler19	Loc08	Gga01	Xtr03
N0.HOG0009481	Cmi05	Cpl19	Ler19	Loc08	Gga01	Xtr03
N0.HOG0009482	Cmi05	Cpl26	Ler19	Loc08	Gga01	Xtr03
N0.HOG0009483	Cmi05	Cpl26	Ler19	Loc08	Gga01	Xtr03
N0.HOG0009484	Cmi05	Cpl19	Ler19	Loc08	Gga01	Xtr03
N0.HOG0009485	Cmi05	Cpl19	Ler19	Loc08	Gga01	Xtr03
N0.HOG0009486	Cmi05	Cpl19	Ler19	Loc08	Gga01	Xtr03
N0.HOG0009487	Cmi05	Cpl19	Ler19	Loc08	Gga01	Xtr03
N0.HOG0009488	Cmi05	Cpl19	Ler19	Loc08	Gga01	Xtr03
N0.HOG0009489	Cmi05	Cpl19	Ler19	Loc08	Gga01	Xtr03
N0.HOG0009490	Cmi05	Cpl19	Ler19	Loc08	Gga01	Xtr03
N0.HOG0009491	Cmi05	Cpl19	Ler19	Loc08	Gga01	Xtr03
N0.HOG0009492	Cmi05	Cpl19	Ler19	Loc08	Gga01	Xtr03
N0.HOG0009493	Cmi05	Cpl19	Ler19	Loc08	Gga01	Xtr03
N0.HOG0009494	Cmi05	Cpl19	Ler19	Loc08	Gga01	Xtr03
N0.HOG0009495	Cmi05	Cpl19	Ler19	LocSca	Gga01	Xtr03
N0.HOG0009496	Cmi05	Cpl19		Loc02	Gga01	Xtr03
N0.HOG0009497	Cmi05	Cpl19	Ler19	LocSca	Gga01	Xtr03
N0.HOG0009498	Cmi05	Cpl19	Ler19	Loc08	Gga01	Xtr03
N0.HOG0009499	Cmi05	Cpl19	Ler19	Loc08	Gga01	Xtr03
N0.HOG0009500	Cmi05	Cpl19	Ler19	Loc08	Gga01	Xtr03
N0.HOG0009501	Cmi05	Cpl23	Ler22	Loc08	Gga01	Xtr03
N0.HOG0009502	Cmi05	Cpl23	Ler22	Loc08	Gga01	Xtr03
N0.HOG0009503	Cmi05	Cpl23	Ler22	Loc08	Gga01	Xtr03
N0.HOG0009504	Cmi05	Cpl23	Ler22	Loc08	Gga01	Xtr03
N0.HOG0009505	Cmi05	Cpl23	Ler22	Loc08	Gga01	Xtr03
N0.HOG0009506	Cmi05	Cpl23	Ler22	Loc08	Gga01	Xtr03
N0.HOG0009507	Cmi05	Cpl23	Ler22	Loc08	Gga01	Xtr03
N0.HOG0009508	Cmi05	Cpl23	Ler22	Loc08	Gga01	Xtr03
N0.HOG0009509	Cmi05	Cpl23	Ler22	Loc08	Gga01	Xtr03
N0.HOG0009510	Cmi05	Cpl23	Ler22	Loc08	Gga01	Xtr03
N0.HOG0009511	Cmi05	Cpl23	Ler22	Loc08	Gga01	Xtr03
N0.HOG0009512	Cmi05	Cpl23	Ler22	Loc08	Gga01	Xtr03
N0.HOG0009513	Cmi05	Cpl23	Ler22	Loc08	Gga01	Xtr03
N0.HOG0009514	Cmi05	Cpl23	Ler22	Loc08	Gga01	Xtr03
N0.HOG0009515	Cmi05	Cpl26, Cpl23	Ler24	Loc03		Xtr03
N0.HOG0009516	Cmi05	Cpl23	Ler22	Loc08	Gga01	Xtr03
N0.HOG0009517	Cmi05	Cpl23	Ler22	Loc08	Gga01	Xtr03
N0.HOG0009518	Cmi05	Cpl23	Ler22	Loc08	Gga01	Xtr03
N0.HOG0009519	Cmi05	Cpl23	Ler22	Loc08	Gga01	Xtr03
N0.HOG0009520	Cmi05	Cpl23	Ler22	Loc08	Gga01	Xtr03
N0.HOG0009521	Cmi05	Cpl23	Ler22	Loc08	Gga01	Xtr03
N0.HOG0009522	Cmi05	Cpl23	Ler22	Loc08	Gga01	Xtr03
N0.HOG0009523	Cmi05	Cpl23	Ler22	Loc08	Gga01	Xtr03
N0.HOG0009524	Cmi05	Cpl23	Ler22	Loc08	Gga01	Xtr03
N0.HOG0009525	Cmi05	Cpl23	Ler22	Loc08	Gga01	Xtr03
N0.HOG0009526	Cmi05	Cpl23	Ler22	Loc08	Gga01	Xtr03
N0.HOG0009527	Cmi05	Cpl23	Ler22	Loc08	Gga01	Xtr03
N0.HOG0009528	Cmi05	Cpl23	Ler22	Loc08	Gga01	Xtr03
N0.HOG0009529	Cmi05	Cpl23	Ler22	Loc08	Gga01	Xtr03
N0.HOG0009530	Cmi05	Cpl23	Ler22	Loc08	Gga01	Xtr03
N0.HOG0009531	Cmi05	Cpl23	Ler22	Loc08	Gga01	Xtr03
N0.HOG0009532	Cmi05	Cpl23	Ler22	Loc08	Gga01	Xtr03
N0.HOG0009533	Cmi05	Cpl23	Ler22	Loc08	Gga01	Xtr03
N0.HOG0009534	Cmi05	Cpl23	Ler22	Loc08	Gga01	Xtr03
N0.HOG0009535	Cmi05	Cpl23	Ler22	Loc08	Gga01	Xtr03
N0.HOG0009536	Cmi05	Cpl23	Ler22	Loc08	Gga01	Xtr03
N0.HOG0009537	Cmi05	Cpl23	Ler22	Loc08	Gga01	Xtr03
N0.HOG0009538	Cmi05	Cpl23	Ler22	Loc08	Gga01	Xtr03
N0.HOG0009539	Cmi05	Cpl23	Ler22	Loc08	Gga01	Xtr03
N0.HOG0009540	Cmi05	Cpl23	Ler22	Loc08	Gga01	Xtr03
N0.HOG0009541	Cmi05	Cpl23	Ler22	Loc08	Gga01	Xtr03
N0.HOG0009542	Cmi05	Cpl23	Ler22	Loc08	Gga01	Xtr03
N0.HOG0009543	Cmi05	Cpl23	Ler22	Loc08	Gga01	Xtr03
N0.HOG0009544	Cmi05	Cpl23	Ler22	Loc08	Gga01	Xtr03
N0.HOG0009545	Cmi05	Cpl23	Ler22	Loc08	Gga01	Xtr03
N0.HOG0009546	Cmi05	Cpl23	Ler22	Loc08	Gga01	Xtr03
N0.HOG0009547	Cmi05	Cpl23	Ler22	Loc08	Gga01	Xtr03
N0.HOG0009548	Cmi05	Cpl23	Ler22	Loc08	Gga01	Xtr03
N0.HOG0009549	Cmi05	Cpl23	Ler22	Loc08	Gga01	Xtr03
N0.HOG0009550	Cmi05	Cpl23	Ler22	Loc08	Gga01	Xtr03
N0.HOG0009551	Cmi05	Cpl23	Ler22	Loc08	Gga01	Xtr03
N0.HOG0009552	Cmi05	Cpl23	Ler22	Loc08	Gga01	Xtr03
N0.HOG0009553	Cmi05	Cpl23	Ler22	Loc08	Gga01	Xtr03
N0.HOG0009554	Cmi05	Cpl23	Ler22	Loc08	Gga01	Xtr03
N0.HOG0009555	Cmi05	Cpl23	Ler22	Loc08	Gga01	Xtr03
N0.HOG0009556	Cmi05	Cpl23	Ler22	Loc08	Gga01	Xtr03
N0.HOG0009557	Cmi05	Cpl23	Ler22	Loc08	Gga01	Xtr03
N0.HOG0009558	Cmi05	Cpl23	Ler22	Loc08	Gga01	Xtr03
N0.HOG0009559	Cmi05	Cpl23	Ler22	Loc08	Gga01	Xtr03
N0.HOG0009560	Cmi05	Cpl23	Ler22	Loc08	Gga01	Xtr03
N0.HOG0009561	Cmi05	Cpl23	Ler22	Loc08	Gga01	Xtr03
N0.HOG0009562	Cmi05	Cpl23	Ler22	Loc08	Gga01	Xtr03
N0.HOG0009563	Cmi05	Cpl23	Ler22	Loc08	Gga01	Xtr03
N0.HOG0009564	Cmi05	Cpl23	Ler22	Loc08	Gga01	Xtr03
N0.HOG0009565	Cmi05	Cpl23	Ler22	Loc08	Gga01	Xtr03
N0.HOG0009566	Cmi05	Cpl23	Ler22	Loc08	Gga01	Xtr03
N0.HOG0009567	Cmi05	Cpl23	Ler22	Loc08	Gga01	Xtr03
N0.HOG0009568	Cmi05	Cpl23	Ler22	Loc08	Gga01	Xtr03
N0.HOG0009569	Cmi05	Cpl23	Ler22	Loc08	Gga01	Xtr03
N0.HOG0009570	Cmi05	Cpl23	Ler33, Ler22		Gga01	Xtr03
N0.HOG0009571	Cmi05	Cpl23	Ler22	Loc08	Gga01	Xtr03
N0.HOG0009572	Cmi05	Cpl23	Ler22	Loc08	Gga01	Xtr03
N0.HOG0009573	Cmi05	Cpl23	Ler22	Loc08	Gga01	Xtr03
N0.HOG0009574	Cmi05	Cpl23	Ler22	Loc08	Gga01	Xtr03
N0.HOG0009575	Cmi05	Cpl23	Ler22	Loc08	Gga01	Xtr03
N0.HOG0009576	Cmi05	Cpl23	Ler22	Loc08	Gga01	Xtr03
N0.HOG0009577	Cmi05	Cpl23	Ler22	Loc08	Gga01	Xtr03
N0.HOG0009578	Cmi05	Cpl23	Ler22	Loc08	Gga01	Xtr03
N0.HOG0009579	Cmi05	Cpl23	Ler22	Loc08	Gga01	Xtr03
N0.HOG0009580	Cmi05	Cpl23	Ler22	Loc08	Gga01	Xtr03
N0.HOG0009581	Cmi05	Cpl23	Ler22	Loc08	Gga01	Xtr03
N0.HOG0009582	Cmi05	Cpl23	Ler22	Loc08	Gga01	Xtr03
N0.HOG0009583	Cmi05	Cpl23	Ler22	Loc08	Gga01	Xtr03
N0.HOG0009584	Cmi05	Cpl23	Ler22	Loc08	Gga01	Xtr03
N0.HOG0009585	Cmi05	Cpl23	Ler22	Loc08	Gga01	Xtr03
N0.HOG0009586	Cmi05	Cpl23	Ler22	Loc08	Gga01	Xtr03
N0.HOG0009587	Cmi05	Cpl23	Ler22	Loc08	Gga03	Xtr04
N0.HOG0009588	Cmi05	Cpl23	Ler22	Loc08		Xtr03
N0.HOG0009589	Cmi05	Cpl23	Ler22	Loc08	Gga01	Xtr03
N0.HOG0009590	Cmi05	Cpl23	Ler22	Loc08	Gga01	Xtr03
N0.HOG0009591	Cmi05	Cpl23	Ler22	Loc08	Gga01	Xtr03
N0.HOG0009592	Cmi05	Cpl23	Ler22	Loc08	Gga01	Xtr03
N0.HOG0009593	Cmi05	Cpl23	Ler22	Loc08	Gga01	Xtr03
N0.HOG0009594	Cmi05	Cpl23	Ler22	Loc08	Gga01	Xtr03
N0.HOG0009595	Cmi05	Cpl23	Ler22	Loc08	Gga01	Xtr03
N0.HOG0009596	Cmi06	CplSca	LerSca	Loc12	Gga07	Xtr09
N0.HOG0009597	Cmi06	Cpl07	LerSca	Loc12	Gga07	Xtr09
N0.HOG0009598	Cmi06	Cpl07	LerSca	Loc12	Gga07	Xtr09
N0.HOG0009599	Cmi06	Cpl07	LerSca	Loc12	Gga07	Xtr09
N0.HOG0009600	Cmi06	Cpl07	LerSca	Loc12	Gga07	Xtr09
N0.HOG0009601	Cmi06	Cpl07	LerSca	Loc12	Gga07	Xtr09
N0.HOG0009602	Cmi06	Cpl07	LerSca	Loc02	Gga07	Xtr09
N0.HOG0009603	Cmi06	Cpl07	LerSca	Loc12	Gga07	Xtr09
N0.HOG0009604	Cmi06	Cpl07	LerSca	Loc12	Gga07	Xtr09
N0.HOG0009605	Cmi06	Cpl07	LerSca	Loc12	Gga07	Xtr09
N0.HOG0009606	Cmi06	Cpl07	LerSca	Loc12	Gga07	Xtr09
N0.HOG0009607	Cmi06	Cpl07	LerSca	Loc12	Gga07	Xtr09
N0.HOG0009608	Cmi06	Cpl07	LerSca	Loc12	Gga07	Xtr09
N0.HOG0009609	Cmi06	Cpl07	LerSca	Loc12	Gga07	Xtr09
N0.HOG0009610	Cmi06	Cpl07	LerSca	Loc12	Gga07	Xtr09
N0.HOG0009611	Cmi06	Cpl07	LerSca	Loc12	Gga07	Xtr09
N0.HOG0009612	Cmi06	Cpl07	Ler07	Loc12	Gga07	Xtr09
N0.HOG0009613	Cmi06	Cpl07	Ler07	Loc12	Gga07	Xtr09
N0.HOG0009614	Cmi06	Cpl07	Ler07	Loc12	Gga07	Xtr09
N0.HOG0009615	Cmi06	Cpl07	Ler07	Loc12	Gga07	Xtr09
N0.HOG0009616	Cmi06	Cpl07	Ler07	Loc12	Gga07	Xtr09
N0.HOG0009617	Cmi06	Cpl07	Ler07	Loc12	Gga07	Xtr09
N0.HOG0009618	Cmi06	Cpl07	LerSca	Loc12	Gga07	Xtr09
N0.HOG0009619	Cmi06	Cpl07	LerSca	Loc12	Gga07	Xtr09
N0.HOG0009620	Cmi06	Cpl07	LerSca	Loc12	Gga07	Xtr09
N0.HOG0009621	Cmi06	Cpl07	LerSca	Loc12	Gga07	XtrSca
N0.HOG0009622	Cmi06	Cpl07	LerSca	Loc12	Gga07	Xtr09
N0.HOG0009623	Cmi06	Cpl07	Ler07	Loc12	Gga07	Xtr09
N0.HOG0009624	Cmi06	Cpl07	Ler07	Loc12	Gga07	Xtr09
N0.HOG0009625	Cmi06	Cpl07	Ler07	Loc12	Gga07	Xtr09
N0.HOG0009626	Cmi06	Cpl07	Ler07	Loc12	Gga07	Xtr09
N0.HOG0009627	Cmi06	Cpl07	Ler07	Loc12	Gga07	Xtr09
N0.HOG0009628	Cmi06	Cpl07	Ler07	Loc12	Gga07	
N0.HOG0009629	Cmi06	Cpl07	Ler07	Loc12	Gga07	Xtr09
N0.HOG0009630	Cmi06	Cpl07	Ler07	Loc12	Gga07	Xtr09
N0.HOG0009631	Cmi06	Cpl07	Ler07	Loc12	Gga07	Xtr09
N0.HOG0009632	Cmi06	Cpl07	Ler07	Loc12	Gga07	Xtr09
N0.HOG0009633	Cmi06	Cpl07	Ler07	Loc12	Gga07	Xtr09
N0.HOG0009634	Cmi06	Cpl07	Ler07	Loc12	Gga07	Xtr09
N0.HOG0009635	Cmi06	Cpl07	Ler07	Loc12	Gga07	Xtr09
N0.HOG0009636	Cmi06	Cpl07	Ler07	Loc12	Gga07	Xtr09
N0.HOG0009637	Cmi06	Cpl07	Ler07	Loc12	Gga07	Xtr09
N0.HOG0009638	Cmi06	Cpl07	Ler07	Loc12	Gga07	Xtr09
N0.HOG0009639	Cmi06	Cpl07	Ler07	Loc12	Gga07	Xtr09
N0.HOG0009640	Cmi06	Cpl07	Ler07	Loc12	Gga07	Xtr09
N0.HOG0009641	Cmi06	Cpl07	Ler07	Loc12	Gga07	Xtr09
N0.HOG0009642	Cmi06	Cpl07, Cpl02		Loc12	Gga07	Xtr09
N0.HOG0009643	Cmi06	Cpl07	Ler07	Loc12	Gga07	Xtr09
N0.HOG0009644	Cmi06	Cpl07	Ler07	Loc12	Gga07	Xtr09
N0.HOG0009645	Cmi06	Cpl07	Ler02, Ler07	Loc12		Xtr02
N0.HOG0009646	Cmi06	Cpl07	Ler07	Loc12	Gga07	Xtr09
N0.HOG0009647	Cmi06	Cpl07	Ler07	Loc12	Gga07	Xtr09
N0.HOG0009648	Cmi06	Cpl07	Ler07	Loc12	Gga07	Xtr09
N0.HOG0009649	Cmi06	Cpl07	Ler07	Loc12	Gga07	Xtr09
N0.HOG0009650	Cmi06	Cpl07	Ler07	Loc12	Gga07	Xtr09
N0.HOG0009651	Cmi06	Cpl07	Ler07	Loc12	Gga07	Xtr09
N0.HOG0009652	Cmi06	Cpl07	Ler07	Loc12	Gga07	Xtr09
N0.HOG0009653	Cmi06	Cpl07	Ler07	Loc12	Gga07	Xtr09
N0.HOG0009654	Cmi06	Cpl07	Ler07	Loc12	Gga07	Xtr09
N0.HOG0009655	Cmi06	Cpl07	Ler07	Loc12	Gga07	Xtr09
N0.HOG0009656	Cmi06	Cpl07	Ler07	Loc12	Gga07	Xtr09
N0.HOG0009657	Cmi06	Cpl07	Ler07	Loc12	Gga07	Xtr09
N0.HOG0009658	Cmi06	Cpl07	Ler07	Loc12	Gga07	Xtr09
N0.HOG0009659	Cmi06	Cpl07	Ler07	Loc12	Gga07	Xtr09
N0.HOG0009660	Cmi06	Cpl07	Ler07	Loc12	Gga07	Xtr09
N0.HOG0009661	Cmi06	Cpl07	Ler07	Loc12	Gga07	Xtr09
N0.HOG0009662	Cmi06	Cpl07	Ler07	Loc12	Gga07	Xtr09
N0.HOG0009663	Cmi06	Cpl07	Ler07	Loc12	Gga07	Xtr09
N0.HOG0009664	Cmi06	Cpl07	Ler07	Loc12	Gga07	Xtr09
N0.HOG0009665	Cmi06	Cpl07	Ler07	Loc12	Gga07	Xtr09
N0.HOG0009666	Cmi06	Cpl07		Loc12	Gga07	Xtr09
N0.HOG0009667	Cmi06	Cpl07	Ler07	Loc12	Gga07	Xtr09
N0.HOG0009668	Cmi06	Cpl07	Ler07	Loc12	Gga07	Xtr09
N0.HOG0009669	Cmi06	Cpl07	Ler07	Loc12	Gga07	Xtr09
N0.HOG0009670	Cmi06	Cpl07	Ler07	Loc12	Gga07	Xtr09
N0.HOG0009671	Cmi06	Cpl07	Ler07	Loc12	Gga07	Xtr09
N0.HOG0009672	Cmi06	Cpl07	Ler07	Loc12	Gga07	Xtr09
N0.HOG0009673	Cmi06	Cpl07	Ler07	Loc12	Gga07	Xtr09
N0.HOG0009674	Cmi06	Cpl07	Ler07	Loc12	Gga07	Xtr09
N0.HOG0009675	Cmi06	Cpl07	Ler07	Loc12	Gga07	Xtr09
N0.HOG0009676	Cmi06	Cpl07	Ler07		Gga07	Xtr09
N0.HOG0009677	Cmi06	Cpl07	Ler07	Loc12	Gga07	Xtr09
N0.HOG0009678	Cmi06	Cpl07	Ler07	Loc12	Gga09	Xtr09
N0.HOG0009679	Cmi06	Cpl07	Ler07	Loc12	Gga07	Xtr09
N0.HOG0009680	Cmi06	Cpl07	Ler07	Loc12	Gga07	Xtr09
N0.HOG0009681	Cmi06	Cpl07	Ler07	Loc12	Gga07	Xtr09
N0.HOG0009682	Cmi06	Cpl07	Ler07	Loc12	Gga07	Xtr09
N0.HOG0009683	Cmi06	Cpl07	Ler07	Loc12		Xtr09
N0.HOG0009684	Cmi06	Cpl07	Ler07	Loc12	Gga07	Xtr09
N0.HOG0009685	Cmi06	Cpl07	Ler07			
N0.HOG0009686	Cmi06	Cpl07	Ler07	Loc12	Gga07	Xtr09
N0.HOG0009687	Cmi06	Cpl07	Ler07	Loc12	Gga07	Xtr09
N0.HOG0009688	Cmi06	Cpl07	Ler07	Loc12	Gga07	Xtr09
N0.HOG0009689	Cmi06	Cpl07	Ler07	Loc12	Gga07	Xtr09
N0.HOG0009690	Cmi06	Cpl07	Ler07	Loc12	Gga07	Xtr09
N0.HOG0009691	Cmi06	Cpl07	Ler07	Loc12	Gga07	Xtr09
N0.HOG0009692	Cmi06	Cpl07	Ler07	Loc12	Gga07	Xtr09
N0.HOG0009693	Cmi06	Cpl07	Ler07	Loc12	Gga09	Xtr09
N0.HOG0009694	Cmi06	Cpl07	Ler07	Loc12	Gga09	Xtr09
N0.HOG0009695	Cmi06	Cpl07	Ler07	Loc12	Gga07	Xtr09
N0.HOG0009696	Cmi06	Cpl07	Ler07	Loc12		Xtr09
N0.HOG0009697	Cmi06	Cpl07	Ler07	Loc12	Gga07	Xtr09
N0.HOG0009698	Cmi06	Cpl07	Ler07	Loc12		Xtr09
N0.HOG0009699	Cmi06	Cpl07	Ler07	Loc12	Gga07	Xtr09
N0.HOG0009700	Cmi06	Cpl07	Ler07	Loc12	Gga07	Xtr09
N0.HOG0009701	Cmi06	Cpl07	Ler07	Loc12	Gga07	Xtr09
N0.HOG0009702	Cmi06	Cpl07	Ler07	Loc12	Gga07	Xtr09
N0.HOG0009703	Cmi06	Cpl07	Ler07	Loc12	Gga07	Xtr09
N0.HOG0009704	Cmi06	Cpl07	Ler07	Loc12	Gga07	Xtr09
N0.HOG0009705	Cmi06	Cpl07	Ler07	Loc12	Gga07	Xtr09
N0.HOG0009706	Cmi06	Cpl07	Ler07	Loc12	Gga07	Xtr09
N0.HOG0009707	Cmi06	Cpl07	Ler07	Loc12	Gga07	Xtr09
N0.HOG0009708	Cmi06	Cpl07	Ler07	Loc12	Gga07	Xtr09
N0.HOG0009709	Cmi06	Cpl19	Ler19	Loc07	Gga04	Xtr08
N0.HOG0009710	Cmi06	Cpl07	Ler07	Loc12	Gga07	Xtr09
N0.HOG0009711	Cmi06	Cpl07	Ler07	Loc12	Gga07	Xtr09
N0.HOG0009712	Cmi06	Cpl07	Ler07	Loc12	Gga07	Xtr09
N0.HOG0009713	Cmi06	Cpl07	Ler07	Loc12	Gga07	Xtr09
N0.HOG0009714	Cmi06	Cpl07	Ler07	Loc12	Gga07	Xtr09
N0.HOG0009715	Cmi06	Cpl07	Ler07	Loc12	Gga07	Xtr09
N0.HOG0009716	Cmi06	Cpl07	Ler07	Loc12	Gga07	Xtr09
N0.HOG0009717	Cmi06	Cpl07	Ler07	Loc12	Gga07	Xtr09
N0.HOG0009718	Cmi06	Cpl07	Ler07	Loc12	Gga07	Xtr09
N0.HOG0009719	Cmi06	Cpl07	Ler07	Loc12	Gga07	Xtr09
N0.HOG0009720	Cmi06	Cpl07	LerSca	Loc12	Gga07	Xtr09
N0.HOG0009721	Cmi06	Cpl07	LerSca	Loc12	Gga07	Xtr09
N0.HOG0009722	Cmi06	Cpl07	Ler46	Loc12	Gga07	Xtr09
N0.HOG0009723	Cmi06	Cpl07	Ler07	Loc12	Gga09	Xtr09
N0.HOG0009724	Cmi06	CplSca	Ler07	Loc12	Gga09	Xtr09
N0.HOG0009725	Cmi06	Cpl07	Ler07	Loc12	Gga04	Xtr02
N0.HOG0009726	Cmi06	Cpl07	Ler07	Loc12	Gga09	Xtr09
N0.HOG0009727	Cmi06	Cpl07	Ler07	Loc12	Gga09	Xtr09
N0.HOG0009728	Cmi06	Cpl07	Ler07	Loc12	Gga01	Xtr03
N0.HOG0009729	Cmi06	Cpl07	Ler07	Loc12	Gga07	Xtr09
N0.HOG0009730	Cmi06	Cpl07	Ler07	Loc12	Gga07	Xtr09
N0.HOG0009731	Cmi06	Cpl07	Ler07	Loc12	Gga07	Xtr09
N0.HOG0009732	Cmi06	Cpl07	Ler07	Loc12	Gga07	Xtr09
N0.HOG0009733	Cmi06	Cpl07	Ler07	Loc12	Gga07	Xtr09
N0.HOG0009734	Cmi06	Cpl07	Ler07	Loc12	Gga07	Xtr09
N0.HOG0009735	Cmi06	Cpl07	Ler07	Loc12	Gga07	Xtr09
N0.HOG0009736	Cmi06	Cpl07	Ler07	Loc12	Gga07	Xtr09
N0.HOG0009737	Cmi06	Cpl07	Ler07	Loc12	Gga07	Xtr09
N0.HOG0009738	Cmi06	Cpl07	Ler07	Loc12	Gga07	Xtr09
N0.HOG0009739	Cmi06	Cpl07	Ler07	Loc12	Gga07	Xtr09
N0.HOG0009740	Cmi06	Cpl07	Ler07	Loc12	Gga07	Xtr03
N0.HOG0009741	Cmi06	Cpl07	Ler07	Loc12	Gga07	
N0.HOG0009742	Cmi06	Cpl07	Ler07	Loc12	Gga07	Xtr09
N0.HOG0009743	Cmi06	Cpl07	Ler07	Loc12	Gga07	Xtr09
N0.HOG0009744	Cmi06	Cpl07	Ler07	Loc12	Gga07	Xtr09
N0.HOG0009745	Cmi06	Cpl07	Ler07	Loc12	Gga07	Xtr09
N0.HOG0009746	Cmi06	Cpl07	Ler07	Loc12	Gga07	Xtr09
N0.HOG0009747	Cmi06	Cpl07	Ler07	Loc12	Gga07	Xtr09
N0.HOG0009748	Cmi06	Cpl07	Ler07	Loc12	Gga07	Xtr09
N0.HOG0009749	Cmi06	Cpl07	Ler07	Loc12	Gga07	Xtr09
N0.HOG0009750	Cmi06	Cpl07	Ler07	Loc12	Gga07	Xtr09
N0.HOG0009751	Cmi06	Cpl07	Ler07	Loc12	Gga07	Xtr09
N0.HOG0009752	Cmi06	Cpl07	Ler07	Loc12	Gga07	Xtr09
N0.HOG0009753	Cmi06	Cpl07	Ler07	Loc12	Gga07	Xtr09
N0.HOG0009754	Cmi06	Cpl07	Ler07	Loc12	Gga07	Xtr09
N0.HOG0009755	Cmi06	Cpl07	Ler07	Loc12	Gga07	Xtr09
N0.HOG0009756	Cmi06	Cpl07	Ler07	Loc12	Gga07	Xtr09
N0.HOG0009757	Cmi06	Cpl07	Ler07	Loc11, Loc12		Xtr09
N0.HOG0009758	Cmi06	Cpl07	Ler07	Loc12	Gga07	Xtr09
N0.HOG0009759	Cmi06	Cpl07	Ler07	Loc12	Gga07	Xtr09
N0.HOG0009760	Cmi06	Cpl07	Ler07	Loc12	Gga07	Xtr09
N0.HOG0009761	Cmi06	Cpl07	Ler07	Loc12	Gga07	Xtr09
N0.HOG0009762	Cmi06	Cpl07	Ler07	Loc12	Gga07	Xtr09
N0.HOG0009763	Cmi06	Cpl07	Ler07	Loc12	Gga07	Xtr09
N0.HOG0009764	Cmi06	Cpl07	Ler07	Loc12	Gga07	Xtr09
N0.HOG0009765	Cmi06	Cpl07	Ler07	Loc12	Gga07	Xtr09
N0.HOG0009766	Cmi06	Cpl07	Ler07	Loc12	Gga07	Xtr09
N0.HOG0009767	Cmi06	Cpl07	Ler07	Loc12	Gga07	Xtr09
N0.HOG0009768	Cmi06	Cpl07	Ler07	Loc12	Gga07	Xtr09
N0.HOG0009769	Cmi06	Cpl07	Ler07	Loc12	Gga07	Xtr09
N0.HOG0009770	Cmi06	Cpl07	Ler07	Loc12	Gga07	Xtr09
N0.HOG0009771	Cmi06	Cpl07	Ler07	Loc12	Gga07	Xtr09
N0.HOG0009772	Cmi06	Cpl07	Ler07	Loc12	Gga07	Xtr09
N0.HOG0009773	Cmi06	Cpl07	Ler07	Loc12	Gga07	Xtr09
N0.HOG0009774	Cmi06	Cpl07	Ler07	Loc12	Gga07	Xtr09
N0.HOG0009775	Cmi06	Cpl07	Ler07	Loc12	Gga07	Xtr09
N0.HOG0009776	Cmi06	Cpl07	Ler07	Loc12	Gga07	Xtr09
N0.HOG0009777	Cmi06	Cpl07	Ler07	Loc12	Gga07	Xtr09
N0.HOG0009778	Cmi06	Cpl07	Ler07	Loc12	Gga07	Xtr09
N0.HOG0009779	Cmi06	Cpl07	Ler07	Loc12	Gga07	Xtr09
N0.HOG0009780	Cmi06	Cpl07	Ler07	Loc12	Gga07	Xtr09
N0.HOG0009781	Cmi06	Cpl07	Ler07	Loc12	Gga07	Xtr09
N0.HOG0009782	Cmi06	Cpl07	Ler07	Loc12	Gga07	Xtr09
N0.HOG0009783	Cmi06	Cpl07	Ler07	Loc12	Gga07	Xtr09
N0.HOG0009784	Cmi06	Cpl07	Ler07	Loc12	Gga07	Xtr09
N0.HOG0009785	Cmi06	Cpl07	Ler07	Loc12	Gga07	Xtr09
N0.HOG0009786	Cmi06	Cpl07	Ler07	Loc12	Gga07	Xtr09
N0.HOG0009787	Cmi06	Cpl07	Ler07	Loc12	Gga07	Xtr09
N0.HOG0009788	Cmi06	Cpl07	Ler07	Loc12	Gga07	Xtr09
N0.HOG0009789	Cmi06	Cpl07	Ler07	Loc12	Gga07	Xtr09
N0.HOG0009790	Cmi06	Cpl07	Ler07	Loc12	Gga07	Xtr09
N0.HOG0009791	Cmi06	Cpl07	Ler07	Loc12	Gga07	Xtr09
N0.HOG0009792	Cmi06	Cpl07	Ler07	Loc12	Gga07	Xtr09
N0.HOG0009793	Cmi06	Cpl07		Loc12	Gga07	Xtr09
N0.HOG0009794	Cmi06	Cpl07	Ler07	Loc12	Gga07	Xtr09
N0.HOG0009795	Cmi06	Cpl07	Ler07	Loc12	Gga07	Xtr09
N0.HOG0009796	Cmi06	Cpl07	Ler07	Loc12	Gga07	Xtr09
N0.HOG0009797	Cmi06	Cpl07	Ler07	Loc12	Gga07	Xtr09
N0.HOG0009798	Cmi06	Cpl07	Ler07	Loc12	Gga07	Xtr09
N0.HOG0009799	Cmi06	Cpl07	Ler07	Loc12	Gga07	Xtr09
N0.HOG0009800	Cmi06	Cpl07	Ler07	Loc12	Gga07	Xtr09
N0.HOG0009801	Cmi06	Cpl07	Ler07	Loc12	Gga07	Xtr09
N0.HOG0009802	Cmi06	Cpl07	Ler07	Loc12	Gga07	Xtr09
N0.HOG0009803	Cmi06	Cpl07	Ler07	Loc12	Gga07	Xtr09
N0.HOG0009804	Cmi06	Cpl07	Ler07	Loc12	Gga07	Xtr09
N0.HOG0009805	Cmi06	Cpl07	Ler07	Loc12	Gga07	Xtr09
N0.HOG0009806	Cmi06	Cpl07	Ler07	Loc12	Gga07	Xtr09
N0.HOG0009807	Cmi06	Cpl07	Ler07	Loc12	Gga07	Xtr09
N0.HOG0009808	Cmi06	Cpl07	Ler07	Loc12	Gga07	Xtr09
N0.HOG0009809	Cmi06	Cpl07	Ler07	Loc12	Gga07	Xtr09
N0.HOG0009810	Cmi06	Cpl07	Ler07	Loc12	Gga07	Xtr09
N0.HOG0009811	Cmi06	Cpl07	Ler07	Loc12	Gga07	Xtr09
N0.HOG0009812	Cmi06	Cpl07	Ler07	Loc12	Gga07	Xtr09
N0.HOG0009813	Cmi06	Cpl07	Ler07	Loc12	Gga07	Xtr09
N0.HOG0009814	Cmi06	Cpl07	Ler07	Loc12	Gga01	Xtr02
N0.HOG0009815	Cmi06	Cpl07	Ler07	Loc12	Gga07	Xtr08
N0.HOG0009816	Cmi06	Cpl07	Ler07	Loc12		Xtr09
N0.HOG0009817	Cmi06	Cpl07	Ler07	Loc12	Gga07	Xtr09
N0.HOG0009818	Cmi06	Cpl07	Ler07	Loc12	Gga07	Xtr09
N0.HOG0009819	Cmi06	Cpl07	Ler07	Loc12	Gga07	Xtr09
N0.HOG0009820	Cmi06	Cpl07	Ler07	Loc12	Gga07	Xtr09
N0.HOG0009821	Cmi06	Cpl07	Ler07	Loc12	Gga07	Xtr09
N0.HOG0009822	Cmi06	Cpl07	Ler07	Loc12	Gga07	Xtr09
N0.HOG0009823	Cmi06	Cpl07		Loc12	Gga07, Gga34	Xtr09
N0.HOG0009824	Cmi06	Cpl07	Ler07	Loc12	Gga07	Xtr09
N0.HOG0009825	Cmi06	Cpl07	Ler07	Loc12	Gga07	Xtr09
N0.HOG0009826	Cmi06	Cpl07	Ler07	Loc12	Gga07	Xtr09
N0.HOG0009827	Cmi06	Cpl07	Ler07	Loc12	Gga07	Xtr09
N0.HOG0009828	Cmi06	Cpl07	Ler07	Loc12	Gga07	Xtr09
N0.HOG0009829	Cmi07	Cpl22	Ler15	Loc05	Gga06	Xtr07
N0.HOG0009830	Cmi07	Cpl22	Ler15	Loc05	Gga06	Xtr07
N0.HOG0009831	Cmi07	Cpl22	Ler15	Loc05	Gga06	Xtr07
N0.HOG0009832	Cmi07	Cpl22	Ler15	LocSca	Gga06	Xtr07
N0.HOG0009833	Cmi07	Cpl22	Ler15	Loc05	Gga06	Xtr07
N0.HOG0009834	Cmi07	Cpl22	Ler15	Loc05	Gga06	Xtr07
N0.HOG0009835	Cmi07	Cpl22	Ler15	Loc05	Gga06	Xtr07
N0.HOG0009836	Cmi07	Cpl22	Ler15	Loc05	Gga06	Xtr07
N0.HOG0009837	Cmi07	Cpl22	Ler15	Loc05	Gga06	Xtr07
N0.HOG0009838	Cmi07	Cpl22	Ler15	Loc05	Gga06	Xtr07
N0.HOG0009839	Cmi07	Cpl22	Ler15	Loc05	Gga06	Xtr07
N0.HOG0009840	Cmi07	Cpl22	Ler15	Loc05	Gga06	Xtr07
N0.HOG0009841	Cmi07	Cpl22	Ler15	Loc05	Gga06	Xtr07
N0.HOG0009842	Cmi07	Cpl22	Ler15	Loc05	Gga06	Xtr07
N0.HOG0009843	Cmi07	Cpl22	Ler15	Loc05	Gga06	Xtr07
N0.HOG0009844	Cmi07	Cpl22	Ler15	Loc05	Gga06	Xtr07
N0.HOG0009845	Cmi07	Cpl22	Ler15	Loc05	Gga06	Xtr07
N0.HOG0009846	Cmi07	Cpl22	Ler15	Loc05	Gga06	Xtr07
N0.HOG0009847	Cmi07	Cpl22	Ler15	Loc05	Gga06	Xtr07
N0.HOG0009848	Cmi07	Cpl22	Ler15	Loc05	Gga06	Xtr07
N0.HOG0009849	Cmi07	Cpl22	Ler15	Loc05	Gga06	Xtr07
N0.HOG0009850	Cmi07	Cpl22	Ler15	Loc05	Gga06	Xtr07
N0.HOG0009851	Cmi07	Cpl22	Ler15	Loc05	Gga06	Xtr07
N0.HOG0009852	Cmi07	Cpl22	Ler15	Loc05	Gga06	Xtr07
N0.HOG0009853	Cmi07	Cpl22	Ler15	Loc05	Gga06	Xtr07
N0.HOG0009854	Cmi07	Cpl22	Ler15	Loc05	Gga06	Xtr07
N0.HOG0009855	Cmi07	Cpl22	Ler15	Loc05	Gga06	Xtr07
N0.HOG0009856	Cmi07, Cmi12	Cpl18	Ler16	Loc05		Xtr04
N0.HOG0009857	Cmi07	Cpl22	Ler15	Loc05	Gga06	Xtr07
N0.HOG0009858	Cmi07	Cpl22	Ler15	Loc05	Gga06	Xtr07
N0.HOG0009859	Cmi07	Cpl22	Ler15	Loc05	Gga06	Xtr07
N0.HOG0009860	Cmi07	Cpl22	Ler15	Loc05	Gga06	Xtr07
N0.HOG0009861	Cmi07	Cpl22	Ler15	Loc05	Gga06	Xtr07
N0.HOG0009862	Cmi07	Cpl22	Ler15	Loc05	Gga06	Xtr07
N0.HOG0009863	Cmi07	Cpl22	Ler15	Loc05	Gga06	Xtr07
N0.HOG0009864	Cmi07	Cpl22	Ler15	Loc05	Gga06	Xtr07
N0.HOG0009865	Cmi07	Cpl22	Ler15	Loc05	Gga06	Xtr07
N0.HOG0009866	Cmi07	Cpl38	Ler34	Loc05	Gga06	Xtr07
N0.HOG0009867	Cmi07	Cpl46	Ler15	Loc05	Gga06	Xtr07
N0.HOG0009868	Cmi07	Cpl46	Ler15	Loc05	Gga06	Xtr07
N0.HOG0009869	Cmi07	Cpl46	Ler15	Loc05	Gga06	Xtr07
N0.HOG0009870	Cmi07	Cpl46	Ler15	Loc05	Gga06	Xtr07
N0.HOG0009871	Cmi07	Cpl46	Ler15	Loc05	Gga06	Xtr07
N0.HOG0009872	Cmi07	Cpl38	Ler34	Loc05	Gga06	Xtr07
N0.HOG0009873	Cmi07	Cpl38	Ler34	Loc05	Gga06	Xtr07
N0.HOG0009874	Cmi07	Cpl38	Ler34	Loc05	Gga06	Xtr07
N0.HOG0009875	Cmi07	Cpl22	LerSca		Gga06	Xtr07
N0.HOG0009876	Cmi07	Cpl22	Ler39	Loc05	Gga06	Xtr07
N0.HOG0009877	Cmi07	Cpl38	Ler34	Loc05	Gga06	Xtr07
N0.HOG0009878	Cmi07	Cpl38	Ler34	Loc05	Gga06	Xtr07
N0.HOG0009879	Cmi07	Cpl38	Ler34	Loc05	Gga06	Xtr07
N0.HOG0009880	Cmi07	Cpl38	Ler34	Loc05	Gga06	Xtr07
N0.HOG0009881	Cmi07	Cpl38	Ler34	Loc05	Gga06	Xtr07
N0.HOG0009882	Cmi07	Cpl38	Ler34	Loc05	Gga06	Xtr07
N0.HOG0009883	Cmi07	Cpl38	Ler34	Loc05	Gga06	Xtr07
N0.HOG0009884	Cmi07	Cpl38	Ler34	Loc05	Gga06	Xtr07
N0.HOG0009885	Cmi07	Cpl38	Ler34	Loc05	Gga06	Xtr07
N0.HOG0009886	Cmi07	Cpl38	Ler34	Loc05	Gga06	Xtr07
N0.HOG0009887	Cmi07	Cpl38	Ler34	Loc05	Gga06	Xtr07
N0.HOG0009888	Cmi07	Cpl38	Ler34	Loc05	Gga06	Xtr07
N0.HOG0009889	Cmi07	Cpl38	Ler34	Loc05	Gga06	Xtr07
N0.HOG0009890	Cmi07	Cpl38	Ler34	Loc05	Gga06	Xtr07
N0.HOG0009891	Cmi07	Cpl38	Ler34	Loc05	Gga06	Xtr07
N0.HOG0009892	Cmi07	Cpl38	Ler34	Loc05	Gga06	Xtr07
N0.HOG0009893	Cmi07	Cpl38	Ler34	Loc05	Gga06	Xtr07
N0.HOG0009894	Cmi07	Cpl38	Ler34	Loc05	Gga06	Xtr07
N0.HOG0009895	Cmi07	Cpl38	Ler34	Loc05	Gga06	Xtr07
N0.HOG0009896	Cmi07	Cpl38	Ler34	Loc05	Gga06	Xtr07
N0.HOG0009897	Cmi07	Cpl38	Ler34	Loc05	Gga06	Xtr07
N0.HOG0009898	Cmi07	Cpl38	Ler34	Loc05	Gga06	Xtr07
N0.HOG0009899	Cmi07	Cpl38		Loc05	Gga06	Xtr07
N0.HOG0009900	Cmi07	Cpl38	Ler34	Loc05	Gga06	Xtr07
N0.HOG0009901	Cmi07	Cpl38	Ler34	Loc05	Gga06	Xtr07
N0.HOG0009902	Cmi07	Cpl38	Ler34	Loc05	Gga06	Xtr07
N0.HOG0009903	Cmi07	Cpl38	Ler34	Loc05	Gga06	Xtr07
N0.HOG0009904	Cmi07	Cpl38	Ler34	Loc05	Gga06	Xtr07
N0.HOG0009905	Cmi07	Cpl38	Ler34	Loc05	Gga06	Xtr04
N0.HOG0009906	Cmi07	Cpl38	Ler34	Loc05	Gga06	Xtr07
N0.HOG0009907	Cmi07	Cpl38	Ler34	Loc05	Gga06	Xtr07
N0.HOG0009908	Cmi07	Cpl38	Ler34	Loc05	Gga06	Xtr07
N0.HOG0009909	Cmi07	Cpl38	Ler34	Loc05	Gga06	Xtr07
N0.HOG0009910	Cmi07	Cpl38	Ler34	Loc05	Gga06	Xtr07
N0.HOG0009911	Cmi07	Cpl38	Ler34	Loc05	Gga06	Xtr07
N0.HOG0009912	Cmi07	Cpl38	Ler34	Loc05	Gga06	Xtr07
N0.HOG0009913	Cmi07	Cpl22	Ler15	Loc05	Gga06	Xtr07
N0.HOG0009914	Cmi07	Cpl38	Ler34	Loc05	Gga06	Xtr07
N0.HOG0009915	Cmi07	Cpl38	Ler34	Loc05		Xtr07
N0.HOG0009916	Cmi07	Cpl38	Ler34	Loc05	Gga06	Xtr07
N0.HOG0009917	Cmi07	Cpl38	Ler34	Loc05	Gga06	Xtr07
N0.HOG0009918	Cmi07	Cpl38	Ler34	Loc05	Gga06	Xtr07
N0.HOG0009919	Cmi07	Cpl38	Ler34	Loc05	Gga06	Xtr07
N0.HOG0009920	Cmi07	Cpl38	Ler34	Loc05	Gga06	Xtr07
N0.HOG0009921	Cmi07	Cpl38	Ler34	Loc05	Gga06	Xtr07
N0.HOG0009922	Cmi07	Cpl38	Ler34	Loc05	Gga06	Xtr07
N0.HOG0009923	Cmi07	Cpl38	Ler34	Loc05	Gga06	Xtr07
N0.HOG0009924	Cmi07	Cpl38	Ler34	Loc05	Gga06	Xtr07
N0.HOG0009925	Cmi07	Cpl38	Ler34	Loc05	Gga06	Xtr07
N0.HOG0009926	Cmi07	Cpl38	Ler34	Loc05	Gga06	Xtr07
N0.HOG0009927	Cmi07	Cpl38	Ler34	Loc05	Gga06	Xtr07
N0.HOG0009928	Cmi07	Cpl38	Ler34	Loc05	Gga06	Xtr07
N0.HOG0009929	Cmi07	Cpl38	Ler34	Loc05	Gga06	Xtr07
N0.HOG0009930	Cmi07	Cpl38	Ler34	Loc05	Gga06	Xtr07
N0.HOG0009931	Cmi07	Cpl38	Ler34	Loc05	Gga06	Xtr07
N0.HOG0009932	Cmi07	Cpl38	Ler34	Loc05	Gga06	Xtr07
N0.HOG0009933	Cmi07	Cpl38	Ler34	Loc05	Gga06	Xtr07
N0.HOG0009934	Cmi07	Cpl38	Ler34	Loc05	Gga06	Xtr07
N0.HOG0009935	Cmi07		Ler34	Loc07	Gga06	Xtr01
N0.HOG0009936	Cmi07	Cpl38	Ler34	Loc05	Gga06	Xtr07
N0.HOG0009937	Cmi07	Cpl38	Ler34	Loc05	Gga06	Xtr07
N0.HOG0009938	Cmi07	Cpl38	Ler34	Loc05	Gga06	Xtr07
N0.HOG0009939	Cmi07	Cpl38	Ler34	Loc05	Gga06	Xtr07
N0.HOG0009940	Cmi07	Cpl38	Ler34	Loc05	Gga06	Xtr07
N0.HOG0009941	Cmi07	Cpl38	Ler34	Loc05	Gga06	Xtr07
N0.HOG0009942	Cmi07	Cpl38	Ler34	Loc05	Gga06	Xtr07
N0.HOG0009943	Cmi07	Cpl38	Ler34	Loc05	Gga06	Xtr07
N0.HOG0009944	Cmi07	Cpl38	Ler34	Loc05	Gga06	Xtr07
N0.HOG0009945	Cmi07	Cpl38	Ler34	Loc05	Gga06	Xtr07
N0.HOG0009946	Cmi07	Cpl38	Ler34	Loc05	Gga06	Xtr07
N0.HOG0009947	Cmi07	Cpl38	Ler34	Loc05	Gga06	Xtr07
N0.HOG0009948	Cmi07	Cpl38	Ler34	Loc05	Gga06	Xtr07
N0.HOG0009949	Cmi07	Cpl38	Ler34	Loc05	Gga06	Xtr07
N0.HOG0009950	Cmi07	Cpl38	Ler34	Loc05	Gga06	Xtr07
N0.HOG0009951	Cmi07	Cpl38	Ler34	Loc05	Gga06	Xtr07
N0.HOG0009952	Cmi07	Cpl38	Ler34	Loc05	Gga06	Xtr07
N0.HOG0009953	Cmi07	Cpl38	Ler34	Loc05	Gga06	Xtr07
N0.HOG0009954	Cmi07	Cpl38	Ler34	Loc05	Gga06	Xtr07
N0.HOG0009955	Cmi07	Cpl38	Ler34	Loc05	Gga06	Xtr07
N0.HOG0009956	Cmi07	Cpl38	Ler34	Loc05	Gga06	Xtr07
N0.HOG0009957	Cmi07	Cpl38	Ler34	Loc05	Gga06	Xtr07
N0.HOG0009958	Cmi07	Cpl38	Ler34	Loc05	Gga06	Xtr07
N0.HOG0009959	Cmi07	Cpl38	Ler34	Loc05	Gga06	Xtr07
N0.HOG0009960	Cmi07	Cpl22	Ler15	Loc05	Gga06	Xtr07
N0.HOG0009961	Cmi07	Cpl22	Ler15	Loc05	Gga06	Xtr07
N0.HOG0009962	Cmi07	Cpl22	Ler15	Loc05	Gga06	Xtr07
N0.HOG0009963	Cmi07	Cpl22	Ler15	Loc05	Gga06	Xtr07
N0.HOG0009964	Cmi07	Cpl22	Ler15	Loc05	Gga06	Xtr07
N0.HOG0009965	Cmi07	Cpl22	Ler15	Loc05	Gga06	Xtr07
N0.HOG0009966	Cmi07	Cpl22	Ler15	Loc05	Gga06	Xtr07
N0.HOG0009967	Cmi07	Cpl22	Ler15	Loc05	Gga06	Xtr07
N0.HOG0009968	Cmi07	Cpl22	Ler15	Loc05	Gga06	Xtr07
N0.HOG0009969	Cmi07	Cpl22	Ler15	Loc05	Gga06	Xtr07
N0.HOG0009970	Cmi07	Cpl22	Ler15	Loc05	Gga06	Xtr07
N0.HOG0009971	Cmi07	Cpl22	Ler15	Loc05	Gga06	Xtr07
N0.HOG0009972	Cmi07	Cpl22	Ler15	Loc05	Gga06	Xtr07
N0.HOG0009973	Cmi07	Cpl22	Ler15	Loc05	Gga06	Xtr07
N0.HOG0009974	Cmi07	Cpl22	Ler15	Loc05	Gga06	Xtr07
N0.HOG0009975	Cmi07	Cpl22	Ler15	Loc05	Gga06	Xtr07
N0.HOG0009976	Cmi07	Cpl22	Ler15	Loc05	Gga06	Xtr07
N0.HOG0009977	Cmi07	Cpl22	Ler15	Loc05	Gga06	Xtr07
N0.HOG0009978	Cmi07	Cpl22	Ler15	Loc05	Gga06	Xtr07
N0.HOG0009979	Cmi07	Cpl22	Ler15	Loc05	Gga06	Xtr07
N0.HOG0009980	Cmi07	Cpl22	Ler15	Loc05	Gga06	Xtr07
N0.HOG0009981	Cmi07	Cpl22	Ler15	Loc05	Gga06	Xtr07
N0.HOG0009982	Cmi07	Cpl22	Ler15	Loc05	Gga06	Xtr07
N0.HOG0009983	Cmi07	Cpl22	Ler15	Loc05	Gga06	Xtr07
N0.HOG0009984	Cmi07	Cpl22	Ler15	Loc05	Gga06	Xtr07
N0.HOG0009985	Cmi07	Cpl22	Ler15	Loc05	Gga06	Xtr07
N0.HOG0009986	Cmi07	Cpl22	Ler15	Loc05	Gga06	Xtr07
N0.HOG0009987	Cmi07	Cpl22	Ler15	Loc05	Gga06	Xtr07
N0.HOG0009988	Cmi07	Cpl22	Ler15	Loc05	Gga06	Xtr07
N0.HOG0009989	Cmi07	Cpl22	Ler15	Loc05	Gga06	Xtr07
N0.HOG0009990	Cmi07	Cpl22	Ler15	Loc05	Gga06	Xtr07
N0.HOG0009991	Cmi07	Cpl22	Ler15	LocSca	Gga06	Xtr07
N0.HOG0009992	Cmi07	Cpl22	Ler15	LocSca	Gga06	Xtr07
N0.HOG0009993	Cmi07	Cpl22	Ler15	LocSca	Gga06	Xtr07
N0.HOG0009994	Cmi07	Cpl22	Ler15	Loc05	Gga06	Xtr07
N0.HOG0009995	Cmi07	Cpl22	Ler15	Loc05	Gga06	Xtr07
N0.HOG0009996	Cmi07	Cpl22	Ler15	Loc05	Gga06	Xtr07
N0.HOG0009997	Cmi07	Cpl22	Ler15	Loc05		Xtr07
N0.HOG0009998	Cmi07	Cpl22	Ler15	Loc05	Gga06	Xtr07
N0.HOG0009999	Cmi07	Cpl22	Ler15	Loc05	Gga06	Xtr07
N0.HOG0010000	Cmi07	Cpl22	Ler15	Loc05	Gga06	Xtr07
N0.HOG0010001	Cmi07	Cpl22	Ler15	Loc05	Gga06	Xtr07
N0.HOG0010002	Cmi07	Cpl22	Ler15	Loc05	Gga06	Xtr07
N0.HOG0010003	Cmi07	Cpl22	Ler15	Loc05	Gga06	Xtr07
N0.HOG0010004	Cmi07	Cpl22	Ler15	Loc05	Gga06	Xtr07
N0.HOG0010005	Cmi07	Cpl22	Ler15	Loc05	Gga06	Xtr07
N0.HOG0010006	Cmi07	CplSca	Ler15	Loc05	Gga06	Xtr07
N0.HOG0010007	Cmi07	Cpl22	Ler15		Gga06	Xtr07
N0.HOG0010008	Cmi07	Cpl22	Ler15	Loc05	Gga06	Xtr07
N0.HOG0010009	Cmi07	Cpl22	Ler15	Loc05	Gga06	Xtr07
N0.HOG0010010	Cmi07	Cpl22	Ler15	Loc05	Gga06	Xtr07
N0.HOG0010011	Cmi07	Cpl22	Ler15	Loc05	Gga06	Xtr07
N0.HOG0010012	Cmi07	Cpl22	Ler15	Loc05	Gga06	Xtr07
N0.HOG0010013	Cmi07	Cpl22	Ler15	Loc05	Gga06	Xtr07
N0.HOG0010014	Cmi07	Cpl22	Ler15	Loc05	Gga06	Xtr07
N0.HOG0010015	Cmi07	CplSca	Ler15	Loc05	Gga06	Xtr07
N0.HOG0010016	Cmi07	Cpl22	Ler15	Loc05	Gga06	Xtr07
N0.HOG0010017	Cmi07	Cpl22	Ler15	Loc05	Gga06	Xtr07
N0.HOG0010018	Cmi07	Cpl22	Ler15	Loc05	Gga06	Xtr07
N0.HOG0010019	Cmi07	Cpl22	Ler15	Loc05	Gga06	Xtr07
N0.HOG0010020	Cmi07	Cpl22	Ler15	Loc05	Gga06	Xtr07
N0.HOG0010021	Cmi07	Cpl22	Ler15	Loc05	Gga06	Xtr07
N0.HOG0010022	Cmi07	Cpl22	Ler15	Loc05	Gga06	Xtr07
N0.HOG0010023	Cmi07	CplSca	Ler15	Loc05	Gga08	Xtr04
N0.HOG0010024	Cmi07	Cpl22	Ler15	Loc05	Gga06	Xtr07
N0.HOG0010025	Cmi07	Cpl22	Ler15	Loc05	Gga06	Xtr07
N0.HOG0010026	Cmi07	Cpl22	Ler15	Loc05	Gga06	Xtr07
N0.HOG0010027	Cmi07	Cpl22	Ler15	Loc05	Gga06	Xtr07
N0.HOG0010028	Cmi07	Cpl22	Ler15	Loc05	Gga06	Xtr07
N0.HOG0010029	Cmi07	Cpl22	Ler15	Loc05	Gga06	Xtr07
N0.HOG0010030	Cmi07	Cpl22	Ler15	Loc05	Gga06	Xtr07
N0.HOG0010031	Cmi07	Cpl22	Ler15	Loc05	Gga06	Xtr07
N0.HOG0010032	Cmi07	Cpl22	Ler15	Loc05	Gga06	Xtr07
N0.HOG0010033	Cmi07	Cpl22	Ler15	Loc05	Gga06	Xtr07
N0.HOG0010034	Cmi07	Cpl22	Ler15	Loc05	Gga06	Xtr07
N0.HOG0010035	Cmi07	Cpl22	Ler15	Loc05	Gga06	Xtr07
N0.HOG0010036	Cmi07	Cpl22	Ler15	Loc05	Gga06	Xtr07
N0.HOG0010037	Cmi07	Cpl22	Ler15	Loc05	Gga06	Xtr07
N0.HOG0010038	Cmi07	Cpl22	Ler15	Loc05	Gga06	Xtr07
N0.HOG0010039	Cmi07	Cpl22	Ler15	Loc05	Gga06	Xtr07
N0.HOG0010040	Cmi07	Cpl22	Ler15	Loc05	Gga06	Xtr07
N0.HOG0010041	Cmi07	Cpl22	Ler15	Loc05	Gga06	Xtr07
N0.HOG0010042	Cmi07	Cpl22	Ler15	Loc05	Gga06	Xtr07
N0.HOG0010043	Cmi07	Cpl22	Ler15	Loc05	Gga06	Xtr07
N0.HOG0010044	Cmi07	Cpl22	Ler15	Loc05	Gga06	Xtr07
N0.HOG0010045	Cmi07	Cpl22	Ler15	Loc05	Gga06	Xtr07
N0.HOG0010046	Cmi07	Cpl22	Ler15	Loc05	Gga06	Xtr07
N0.HOG0010047	Cmi07	Cpl22	Ler15	Loc05	Gga06	Xtr07
N0.HOG0010048	Cmi07	Cpl22	Ler15	Loc05	Gga06	Xtr07
N0.HOG0010049	Cmi07	Cpl22	Ler15	Loc05	Gga06	Xtr07
N0.HOG0010050	Cmi07	Cpl22	Ler15	Loc05	Gga06	Xtr07
N0.HOG0010051	Cmi07	Cpl22	Ler15	Loc05	Gga06	Xtr07
N0.HOG0010052	Cmi07	Cpl22	Ler15	Loc05	Gga06	Xtr07
N0.HOG0010053	Cmi07	Cpl22	Ler15	Loc05	Gga06	Xtr07
N0.HOG0010054	Cmi07	Cpl22	Ler15	Loc05	Gga06	Xtr07
N0.HOG0010055	Cmi07	Cpl22	Ler15	Loc05	Gga06	Xtr07
N0.HOG0010056	Cmi07	Cpl22	Ler15	Loc05	Gga06	Xtr07
N0.HOG0010057	Cmi07	Cpl22	Ler15	Loc05	Gga06	Xtr07
N0.HOG0010058	Cmi07	Cpl22	Ler15	Loc05	Gga06	Xtr07
N0.HOG0010059	Cmi07	Cpl22	Ler15	Loc05	Gga06	Xtr07
N0.HOG0010060	Cmi07	Cpl22	Ler15	Loc05	Gga06	Xtr07
N0.HOG0010061	Cmi07	Cpl22	Ler15	Loc05	Gga06	Xtr07
N0.HOG0010062	Cmi07	Cpl22	Ler15	Loc05	Gga06	Xtr07
N0.HOG0010063	Cmi07	Cpl22	Ler15	Loc05	Gga06	Xtr03
N0.HOG0010064	Cmi07	Cpl22	Ler15	Loc05	Gga06	Xtr07
N0.HOG0010065	Cmi07	Cpl22	Ler15	Loc05	Gga06	Xtr07
N0.HOG0010066	Cmi07	Cpl22	Ler15	Loc05	Gga06	Xtr07
N0.HOG0010067	Cmi07	Cpl22	Ler15	Loc05	Gga06	Xtr07
N0.HOG0010068	Cmi07	Cpl22	Ler15	Loc05	Gga06	Xtr07
N0.HOG0010069	Cmi07	Cpl22	Ler15	Loc05	Gga06	Xtr07
N0.HOG0010070	Cmi07	Cpl22	Ler15	Loc05	Gga06	Xtr07
N0.HOG0010071	Cmi07	Cpl22	Ler15	Loc05	Gga06	Xtr07
N0.HOG0010072	Cmi08	Cpl25	Ler25	Loc20	Gga15	Xtr01
N0.HOG0010073	Cmi08	Cpl25	Ler25	Loc20	Gga15	Xtr01
N0.HOG0010074	Cmi08	Cpl25	Ler25	Loc20	Gga15	Xtr01
N0.HOG0010075	Cmi08	Cpl25	Ler25	Loc20	Gga15	Xtr01
N0.HOG0010076	Cmi08	Cpl08	Ler39	Loc06	Gga30	
N0.HOG0010077	Cmi08	Cpl25	Ler25	Loc20	Gga15	Xtr01
N0.HOG0010078	Cmi08	Cpl25	Ler25	Loc20	Gga15	Xtr01
N0.HOG0010079	Cmi08	Cpl25	Ler25	Loc20	Gga15	Xtr01
N0.HOG0010080	Cmi08	Cpl25	Ler25	Loc20	Gga15	Xtr01
N0.HOG0010081	Cmi08	Cpl25	Ler25	Loc20	Gga15	Xtr01
N0.HOG0010082	Cmi08	Cpl25	Ler25	Loc20	Gga15	Xtr01
N0.HOG0010083	Cmi08	Cpl25	Ler25	Loc20		Xtr01
N0.HOG0010084	Cmi08	Cpl25	Ler25	Loc20	Gga15	Xtr01
N0.HOG0010085	Cmi08	Cpl25	Ler25	Loc20		Xtr01
N0.HOG0010086	Cmi08	Cpl25	Ler25	Loc20	Gga15	Xtr01
N0.HOG0010087	Cmi08	Cpl25	Ler25	Loc20	Gga15	Xtr01
N0.HOG0010088	Cmi08	Cpl25	Ler25	Loc20	Gga15	Xtr01
N0.HOG0010089	Cmi08	Cpl25	Ler25	Loc20	Gga15	Xtr01
N0.HOG0010090	Cmi08	Cpl25	Ler25	Loc20	Gga15	Xtr01
N0.HOG0010091	Cmi08	Cpl25	Ler25	Loc20	Gga15	Xtr01
N0.HOG0010092	Cmi08	Cpl25	Ler25	Loc20	Gga15	Xtr01
N0.HOG0010093	Cmi08	Cpl25	Ler25	Loc20	Gga15	Xtr01
N0.HOG0010094	Cmi08	Cpl25	Ler25	Loc20	Gga15	Xtr01
N0.HOG0010095	Cmi08	Cpl25	Ler25	Loc20	Gga15	Xtr01
N0.HOG0010096	Cmi08	Cpl25	Ler25	Loc20	Gga15	Xtr01
N0.HOG0010097	Cmi08	Cpl25	Ler25	Loc20	Gga15	Xtr01
N0.HOG0010098	Cmi08	Cpl25	Ler25	Loc20	Gga15	Xtr01
N0.HOG0010099	Cmi08	Cpl25	Ler25	Loc20	Gga15	Xtr01
N0.HOG0010100	Cmi08	Cpl25	Ler25	Loc20	Gga26	Xtr01
N0.HOG0010101	Cmi08	Cpl25	Ler25	Loc20	Gga15	Xtr01
N0.HOG0010102	Cmi08	Cpl25	Ler25	Loc20	Gga10	Xtr01
N0.HOG0010103	Cmi08	Cpl25	Ler25	Loc20	Gga15	Xtr01
N0.HOG0010104	Cmi08	Cpl25	Ler25	Loc20	Gga15	Xtr01
N0.HOG0010105	Cmi08	Cpl25	Ler25	Loc20	Gga15	Xtr01
N0.HOG0010106	Cmi08	Cpl25	Ler25	Loc20	Gga15	Xtr01
N0.HOG0010107	Cmi08	Cpl25	Ler25	Loc20	Gga15	Xtr01
N0.HOG0010108	Cmi08	Cpl25	Ler25	Loc20	Gga15	Xtr01
N0.HOG0010109	Cmi08	Cpl25	Ler25	Loc20	Gga15	Xtr01
N0.HOG0010110	Cmi08	Cpl25	Ler25, Ler21	Loc20		Xtr01
N0.HOG0010111	Cmi08	Cpl25	Ler25	Loc20	Gga15	Xtr01
N0.HOG0010112	Cmi08	Cpl25	Ler25	Loc20	Gga15	Xtr01
N0.HOG0010113	Cmi08	Cpl25	Ler25	Loc20	Gga15	Xtr01
N0.HOG0010114	Cmi08	Cpl25	Ler25	Loc20	Gga15	Xtr01
N0.HOG0010115	Cmi08	Cpl25	Ler25	Loc20	Gga15	Xtr01
N0.HOG0010116	Cmi08	Cpl25	Ler25	Loc20	Gga15	Xtr01
N0.HOG0010117	Cmi08	Cpl25	Ler25	Loc20	Gga15	Xtr01
N0.HOG0010118	Cmi08	Cpl25	Ler25	Loc20	Gga15	Xtr01
N0.HOG0010119	Cmi08	Cpl25	Ler25	Loc20	Gga15	Xtr01
N0.HOG0010120	Cmi08	Cpl25	Ler25	Loc20	Gga15	Xtr01
N0.HOG0010121	Cmi08	Cpl25	Ler25	Loc20	Gga15	Xtr01
N0.HOG0010122	Cmi08	Cpl25	Ler25	Loc20	Gga15	Xtr01
N0.HOG0010123	Cmi08	Cpl25	Ler25	Loc20	Gga15	Xtr01
N0.HOG0010124	Cmi08	Cpl25	Ler25	Loc20	Gga15	Xtr01
N0.HOG0010125	Cmi08	Cpl25	Ler25	Loc20	Gga15	Xtr01
N0.HOG0010126	Cmi08	Cpl25	Ler25	Loc20	Gga15	Xtr01
N0.HOG0010127	Cmi08	Cpl25	Ler25	Loc20	Gga15	Xtr01
N0.HOG0010128	Cmi08	Cpl25	Ler25	Loc20	Gga15	Xtr01
N0.HOG0010129	Cmi08	Cpl25	Ler25	Loc20	Gga15	Xtr01
N0.HOG0010130	Cmi08	Cpl25	Ler25	Loc20	Gga15	Xtr01
N0.HOG0010131	Cmi08	Cpl25	Ler25	Loc20	Gga15	Xtr01
N0.HOG0010132	Cmi08	Cpl25	Ler25	Loc20	Gga15	Xtr01
N0.HOG0010133	Cmi08	Cpl25	Ler25	Loc20	Gga15	Xtr01
N0.HOG0010134	Cmi08	Cpl25	Ler25	Loc20	Gga15	Xtr01
N0.HOG0010135	Cmi08	Cpl25	Ler25	Loc20	Gga15	Xtr01
N0.HOG0010136	Cmi08	Cpl25	Ler25	Loc20	Gga15	Xtr01
N0.HOG0010137	Cmi08	Cpl25	Ler25	Loc20	Gga15	Xtr01
N0.HOG0010138	Cmi08	Cpl25	Ler25	Loc20	Gga15	Xtr01
N0.HOG0010139	Cmi08	Cpl25	Ler25	Loc20	Gga18	Xtr01
N0.HOG0010140	Cmi08	Cpl25	Ler25	Loc20	Gga15	Xtr01
N0.HOG0010141	Cmi08	Cpl25	Ler03	Loc20	Gga15	Xtr01
N0.HOG0010142	Cmi08	Cpl25	Ler25	Loc20	Gga15	Xtr01
N0.HOG0010143	Cmi08	Cpl25	Ler25	Loc20	Gga15	Xtr01
N0.HOG0010144	Cmi08	Cpl25	Ler25	Loc20	Gga15	Xtr01
N0.HOG0010145	Cmi08	Cpl25	Ler25	Loc20	Gga15	Xtr01
N0.HOG0010146	Cmi08	Cpl25	Ler25	Loc20	Gga15	Xtr01
N0.HOG0010147	Cmi08	Cpl25	Ler25	Loc20	Gga15	Xtr01
N0.HOG0010148	Cmi08	Cpl25	Ler25	Loc20	Gga15	Xtr01
N0.HOG0010149	Cmi08	Cpl25	Ler25	Loc20	Gga15	Xtr01
N0.HOG0010150	Cmi08	Cpl25	Ler25	Loc20	Gga15	Xtr01
N0.HOG0010151	Cmi08	Cpl25	Ler25	Loc20	Gga15	Xtr01
N0.HOG0010152	Cmi08	Cpl25	Ler25	Loc20	Gga15	Xtr01
N0.HOG0010153	Cmi08	Cpl25	Ler25	Loc20	Gga15	Xtr01
N0.HOG0010154	Cmi08	Cpl25	Ler25	Loc20	Gga15	Xtr01
N0.HOG0010155	Cmi08	Cpl25	Ler25	Loc20	Gga15	Xtr01
N0.HOG0010156	Cmi08	Cpl25	Ler25	Loc20	Gga15	Xtr01
N0.HOG0010157	Cmi08	Cpl25	Ler25	Loc20	Gga15	Xtr01
N0.HOG0010158	Cmi08	Cpl25	Ler25	Loc20	Gga15	Xtr01
N0.HOG0010159	Cmi08		Ler25	Loc20, Loc09	Gga15	Xtr01
N0.HOG0010160	Cmi08	Cpl25	Ler25	Loc20	Gga15	Xtr01
N0.HOG0010161	Cmi08	Cpl25	Ler25	Loc20	Gga15	Xtr01
N0.HOG0010162	Cmi08	Cpl25	Ler25	Loc20	Gga15	Xtr01
N0.HOG0010163	Cmi08	Cpl25	Ler25	Loc20	Gga15	Xtr01
N0.HOG0010164	Cmi08	Cpl25	Ler25	Loc20	Gga15	Xtr01
N0.HOG0010165	Cmi08	Cpl25	Ler25	Loc20	Gga15	Xtr01
N0.HOG0010166	Cmi08	Cpl25	Ler25	Loc20	Gga15	Xtr01
N0.HOG0010167	Cmi08	Cpl25	Ler25	Loc20	Gga15	Xtr01
N0.HOG0010168	Cmi08	Cpl25	Ler25	Loc20	Gga15	Xtr01
N0.HOG0010169	Cmi08	Cpl25	Ler25	Loc20	Gga15	Xtr01
N0.HOG0010170	Cmi08	Cpl25	Ler25	Loc20	Gga15	Xtr01
N0.HOG0010171	Cmi08	Cpl25	Ler25	Loc03	Gga15	Xtr01
N0.HOG0010172	Cmi08	Cpl25	Ler25	Loc20	Gga15	Xtr01
N0.HOG0010173	Cmi08	Cpl25	Ler25	Loc20	Gga15	Xtr01
N0.HOG0010174	Cmi08	Cpl25	Ler25	Loc20	Gga15	Xtr01
N0.HOG0010175	Cmi08	Cpl25	Ler25	Loc20	Gga15	Xtr01
N0.HOG0010176	Cmi08	Cpl25	Ler25	Loc20	Gga15	Xtr01
N0.HOG0010177	Cmi08	Cpl25	Ler25	Loc20	Gga15	Xtr01
N0.HOG0010178	Cmi08	Cpl25	Ler25	Loc20	Gga15	Xtr01
N0.HOG0010179	Cmi08	Cpl25	Ler25	Loc20	Gga15	Xtr01
N0.HOG0010180	Cmi08	Cpl25	Ler25	Loc20	Gga15	Xtr01
N0.HOG0010181	Cmi08	Cpl25	Ler25	Loc20	Gga15	Xtr01
N0.HOG0010182	Cmi08	Cpl25	Ler25	Loc20	Gga15	Xtr01
N0.HOG0010183	Cmi08	Cpl25	Ler25	Loc20	Gga15	Xtr01
N0.HOG0010184	Cmi08	Cpl25	Ler25	Loc20	Gga15	Xtr01
N0.HOG0010185	Cmi08	Cpl25	Ler25	Loc20	Gga15	Xtr01
N0.HOG0010186	Cmi08		Ler25	Loc20	Gga15	Xtr01
N0.HOG0010187	Cmi08	Cpl06	Ler25	Loc20	Gga15	Xtr01
N0.HOG0010188	Cmi08	Cpl06	Ler25	Loc20	Gga15	Xtr01
N0.HOG0010189	Cmi08	Cpl06	Ler25	Loc20	Gga15	Xtr01
N0.HOG0010190	Cmi08	Cpl06	Ler25	Loc20	Gga15	Xtr01
N0.HOG0010191	Cmi08	Cpl06	Ler25	Loc20	Gga15	Xtr01
N0.HOG0010192	Cmi08	Cpl06	Ler25	Loc20	Gga15	Xtr01
N0.HOG0010193	Cmi08	Cpl06	Ler25	Loc20	Gga15	Xtr01
N0.HOG0010194	Cmi08	Cpl06	Ler25	Loc20	Gga15	Xtr01
N0.HOG0010195	Cmi08	Cpl06	Ler25	Loc20	Gga15	Xtr01
N0.HOG0010196	Cmi08	Cpl06	Ler25	Loc20		Xtr01
N0.HOG0010197	Cmi08	Cpl06	Ler25	Loc20	Gga15	Xtr01
N0.HOG0010198	Cmi08	Cpl06	Ler25	Loc20	Gga15	Xtr01
N0.HOG0010199	Cmi08	Cpl25	Ler25	Loc20	Gga15	Xtr01
N0.HOG0010200	Cmi08	Cpl25	Ler25	Loc20	Gga15	Xtr01
N0.HOG0010201	Cmi08	Cpl25	Ler25	Loc20	Gga15	Xtr01
N0.HOG0010202	Cmi08	Cpl25	Ler25	Loc20	Gga15	Xtr01
N0.HOG0010203	Cmi08	Cpl25	Ler25	Loc20	Gga15	Xtr01
N0.HOG0010204	Cmi08	Cpl25	Ler25	Loc20	Gga15	Xtr01
N0.HOG0010205	Cmi08	Cpl25	Ler25	Loc20	Gga15	Xtr04
N0.HOG0010206	Cmi08	Cpl25	Ler25	Loc20	Gga15	Xtr01
N0.HOG0010207	Cmi08	Cpl25	Ler25	Loc20	Gga15	Xtr01
N0.HOG0010208	Cmi08	Cpl25	Ler25	Loc20	Gga15	Xtr01
N0.HOG0010209	Cmi08	Cpl25	Ler25	Loc20	Gga15	Xtr01
N0.HOG0010210	Cmi08	Cpl25	Ler25	Loc20	Gga15	Xtr01
N0.HOG0010211	Cmi08	Cpl25	Ler25	Loc20	Gga15	Xtr01
N0.HOG0010212	Cmi08	Cpl25	Ler25	Loc20	Gga15	Xtr01
N0.HOG0010213	Cmi08	Cpl25	Ler25	Loc20	Gga15	Xtr01
N0.HOG0010214	Cmi08	Cpl25	Ler25	Loc20	Gga15	Xtr01
N0.HOG0010215	Cmi08	Cpl25	Ler25	Loc20	Gga15	Xtr01
N0.HOG0010216	Cmi08	Cpl25	Ler25	Loc20		Xtr01
N0.HOG0010217	Cmi08	Cpl25	Ler25	Loc20	Gga15	Xtr01
N0.HOG0010218	Cmi08	Cpl25	Ler25	Loc20	Gga15	Xtr01
N0.HOG0010219	Cmi08	Cpl25	Ler25	Loc20	Gga15	Xtr01
N0.HOG0010220	Cmi08	Cpl25	Ler25	Loc20	Gga15	Xtr01
N0.HOG0010221	Cmi08	Cpl25	Ler25	Loc20	Gga15	Xtr01
N0.HOG0010222	Cmi08	Cpl25	Ler25	Loc20	Gga15	Xtr01
N0.HOG0010223	Cmi08	Cpl25	Ler25	Loc20	Gga15	Xtr01
N0.HOG0010224	Cmi08	Cpl25	Ler25	Loc20	Gga15	Xtr01
N0.HOG0010225	Cmi08	Cpl25	Ler25	Loc20	Gga15	Xtr01
N0.HOG0010226	Cmi08	Cpl25	Ler25	Loc20	Gga15	Xtr01
N0.HOG0010227	Cmi08	Cpl25	Ler25	Loc20	Gga15	Xtr01
N0.HOG0010228	Cmi08	CplSca	Ler25	Loc20	Gga15	Xtr01
N0.HOG0010229	Cmi08	Cpl25	Ler25	Loc20	Gga15	Xtr01
N0.HOG0010230	Cmi08	Cpl25	Ler25	Loc20	Gga15	Xtr01
N0.HOG0010231	Cmi08	Cpl25	Ler25	Loc20	Gga15	Xtr01
N0.HOG0010232	Cmi08	Cpl25	Ler25	Loc20	Gga15	Xtr01
N0.HOG0010233	Cmi08	Cpl25	Ler25	Loc20	Gga15	Xtr01
N0.HOG0010234	Cmi08	Cpl25	Ler25	Loc20	Gga15	Xtr01
N0.HOG0010235	Cmi08	Cpl25	Ler25	Loc20	Gga15	Xtr01
N0.HOG0010236	Cmi08	Cpl25	Ler25	Loc20	Gga15	Xtr01
N0.HOG0010237	Cmi08	Cpl25	Ler25	Loc20	Gga15	Xtr01
N0.HOG0010238	Cmi08	Cpl25	Ler25	Loc20	Gga15	Xtr01
N0.HOG0010239	Cmi08	Cpl25	Ler25	Loc20	Gga15	Xtr01
N0.HOG0010240	Cmi08	Cpl25	Ler25	Loc20	Gga15	Xtr01
N0.HOG0010241	Cmi08	Cpl25	Ler25	Loc20	Gga15	Xtr01
N0.HOG0010242	Cmi08	Cpl25	Ler25	Loc20	Gga15	Xtr01
N0.HOG0010243	Cmi08	Cpl25	Ler25	Loc20	Gga15	Xtr01
N0.HOG0010244	Cmi08	Cpl25	Ler25	Loc20	Gga15	Xtr01
N0.HOG0010245	Cmi08	Cpl25	Ler25	Loc20	Gga15	Xtr01
N0.HOG0010246	Cmi08	Cpl25	Ler25	Loc20	Gga15	Xtr01
N0.HOG0010247	Cmi08	Cpl25	Ler25	Loc20	Gga15	Xtr01
N0.HOG0010248	Cmi08	Cpl25	Ler25	Loc20	Gga15	Xtr01
N0.HOG0010249	Cmi08	Cpl25	Ler25	Loc20	Gga15	Xtr01
N0.HOG0010250	Cmi08	Cpl25	Ler25	Loc20	Gga15	Xtr01
N0.HOG0010251	Cmi08	Cpl25	Ler25	Loc20	Gga15	Xtr01
N0.HOG0010252	Cmi08	Cpl25	Ler25	Loc20	Gga15	Xtr01
N0.HOG0010253	Cmi08	Cpl25	Ler25	Loc20	Gga15	Xtr01
N0.HOG0010254	Cmi08	Cpl25	Ler25	Loc20	Gga15	Xtr01
N0.HOG0010255	Cmi08	Cpl25	Ler25	Loc20	Gga15	Xtr01
N0.HOG0010256	Cmi08	Cpl25	Ler25	Loc20	Gga15	Xtr01
N0.HOG0010257	Cmi08	Cpl25	Ler25	Loc20	Gga15	Xtr01
N0.HOG0010258	Cmi08	Cpl25	Ler25	Loc20	Gga15	Xtr01
N0.HOG0010259	Cmi08	Cpl25	Ler25	Loc20	Gga15	Xtr01
N0.HOG0010260	Cmi08	Cpl25	Ler25	Loc20	Gga15	Xtr01
N0.HOG0010261	Cmi08	Cpl25	Ler25	Loc20	Gga15	Xtr01
N0.HOG0010262	Cmi08	Cpl25	Ler25	Loc20	Gga15	Xtr01
N0.HOG0010263	Cmi08	Cpl25	Ler25	Loc20	Gga15	Xtr01
N0.HOG0010264	Cmi08	Cpl25	Ler25	Loc20	Gga15	Xtr01
N0.HOG0010265	Cmi08	Cpl25	Ler25	Loc20	Gga15	Xtr01
N0.HOG0010266	Cmi08	Cpl25	Ler25	Loc20	Gga15	Xtr01
N0.HOG0010267	Cmi08	Cpl25	Ler25	Loc20	Gga15	Xtr01
N0.HOG0010268	Cmi08	Cpl25	Ler25	Loc20	Gga15	Xtr01
N0.HOG0010269	Cmi08	Cpl25	Ler25	Loc20	Gga15	Xtr01
N0.HOG0010270	Cmi08	Cpl25	Ler25	Loc20	Gga15	Xtr01
N0.HOG0010271	Cmi08	Cpl30	Ler31	Loc21	Gga17	Xtr08
N0.HOG0010272	Cmi08	Cpl30	Ler31	Loc21	Gga17	Xtr08
N0.HOG0010273	Cmi08	Cpl30	Ler31	Loc21	Gga17	Xtr08
N0.HOG0010274	Cmi08	Cpl30	Ler31	Loc21	Gga17	Xtr08
N0.HOG0010275	Cmi08	Cpl30	Ler31	Loc21	Gga17	Xtr08
N0.HOG0010276	Cmi08	Cpl30	Ler31	Loc21	Gga17	Xtr08
N0.HOG0010277	Cmi08	Cpl30	Ler31	Loc21	Gga17	Xtr08
N0.HOG0010278	Cmi08	Cpl30	Ler31	Loc21	Gga17	Xtr08
N0.HOG0010279	Cmi08	Cpl30	Ler31	Loc21	Gga17	Xtr08
N0.HOG0010280	Cmi08	Cpl30	Ler31	Loc21	Gga17	Xtr08
N0.HOG0010281	Cmi08	Cpl30	Ler31	Loc21	Gga17	Xtr08
N0.HOG0010282	Cmi08	Cpl30	Ler31	Loc21	Gga17	Xtr08
N0.HOG0010283	Cmi08	Cpl30	Ler31	Loc21	Gga17	Xtr08
N0.HOG0010284	Cmi08	Cpl30	Ler31	LocSca	Gga17	Xtr08
N0.HOG0010285	Cmi08	Cpl30	Ler31	Loc21	Gga17	Xtr08
N0.HOG0010286	Cmi08	Cpl30	Ler31	Loc21	Gga17	Xtr08
N0.HOG0010287	Cmi08	Cpl30	Ler31	Loc21	Gga17	Xtr08
N0.HOG0010288	Cmi08	Cpl30	Ler31	Loc21	Gga17	Xtr08
N0.HOG0010289	Cmi08	Cpl30	Ler31	Loc21	Gga17	Xtr08
N0.HOG0010290	Cmi08	Cpl30	Ler31	Loc21	Gga17	Xtr08
N0.HOG0010291	Cmi08	Cpl30	Ler31	Loc21	Gga17	Xtr08
N0.HOG0010292	Cmi08	Cpl30	Ler31	Loc21	Gga17	Xtr08
N0.HOG0010293	Cmi08	Cpl30	Ler31	Loc21	Gga17	Xtr08
N0.HOG0010294	Cmi08	Cpl30	Ler31	Loc21	Gga17	Xtr08
N0.HOG0010295	Cmi08	Cpl30	Ler31	Loc21	Gga17	Xtr08
N0.HOG0010296	Cmi08	Cpl30	Ler31	Loc21	Gga17	
N0.HOG0010297	Cmi08	Cpl30	Ler31	Loc21	Gga17	Xtr08
N0.HOG0010298	Cmi08	Cpl30	Ler31	Loc21	Gga17	Xtr08
N0.HOG0010299	Cmi08	Cpl30	Ler31	Loc21	Gga17	Xtr08
N0.HOG0010300	Cmi08	Cpl30	Ler31	Loc21	Gga17	Xtr08
N0.HOG0010301	Cmi08	Cpl30	Ler31	Loc21	Gga17	Xtr08
N0.HOG0010302	Cmi08	Cpl30	Ler31	Loc21	Gga17	Xtr08
N0.HOG0010303	Cmi08	Cpl30	Ler31	Loc21	Gga17	Xtr08
N0.HOG0010304	Cmi08	Cpl30	Ler31	Loc21	Gga17	Xtr08
N0.HOG0010305	Cmi08	Cpl30	Ler31	Loc21	Gga17	Xtr08
N0.HOG0010306	Cmi08	Cpl30	Ler31	Loc21	Gga17	Xtr08
N0.HOG0010307	Cmi08	Cpl30	Ler31	Loc21	Gga17	Xtr08
N0.HOG0010308	Cmi08	Cpl30	Ler31	Loc21	Gga17	Xtr08
N0.HOG0010309	Cmi08	Cpl30	Ler31	Loc21	Gga17	Xtr08
N0.HOG0010310	Cmi08	Cpl30	Ler31	Loc21	Gga17	Xtr08
N0.HOG0010311	Cmi08	Cpl30	Ler31	Loc21	Gga17	Xtr08
N0.HOG0010312	Cmi08	Cpl30	Ler31	Loc21	Gga17	Xtr08
N0.HOG0010313	Cmi08	Cpl30	Ler31	Loc21	Gga17	Xtr08
N0.HOG0010314	Cmi08	Cpl30	Ler31	Loc21	Gga17	Xtr08
N0.HOG0010315	Cmi08	Cpl30	Ler31	Loc21	Gga17	Xtr08
N0.HOG0010316	Cmi08	Cpl30	Ler31	Loc21	Gga17	Xtr08
N0.HOG0010317	Cmi08	Cpl30	Ler31	Loc21	Gga17	Xtr08
N0.HOG0010318	Cmi08	Cpl30	Ler31	Loc21	Gga17	Xtr08
N0.HOG0010319	Cmi08	Cpl30	Ler31	Loc21	Gga17	Xtr08
N0.HOG0010320	Cmi08	Cpl30	Ler31	Loc21	Gga17	Xtr08
N0.HOG0010321	Cmi08	Cpl30	Ler31	Loc21	Gga17	Xtr08
N0.HOG0010322	Cmi08	Cpl30	Ler31	Loc03	Gga17	Xtr08
N0.HOG0010323	Cmi08	Cpl30	Ler31	Loc21	Gga17	Xtr08
N0.HOG0010324	Cmi08	Cpl30	Ler31	Loc21	Gga17	Xtr08
N0.HOG0010325	Cmi08	Cpl30	Ler31	Loc21	Gga02	Xtr08
N0.HOG0010326	Cmi08	Cpl30	Ler31	Loc21	Gga17	Xtr08
N0.HOG0010327	Cmi08	Cpl30	Ler31	Loc21	Gga17	Xtr08
N0.HOG0010328	Cmi08	Cpl30	Ler31	Loc21	Gga17	Xtr08
N0.HOG0010329	Cmi08	Cpl30	Ler31	Loc21	Gga17	Xtr08
N0.HOG0010330	Cmi08	Cpl30	Ler31	Loc21	Gga17	Xtr08
N0.HOG0010331	Cmi08	Cpl37, Cpl30	Ler42	Loc21		Xtr08
N0.HOG0010332	Cmi08	Cpl30	Ler31	Loc21		XtrSca
N0.HOG0010333	Cmi08	Cpl30	Ler31	Loc21	Gga17	XtrSca
N0.HOG0010334	Cmi08	Cpl30	Ler31	Loc21	Gga17	XtrSca
N0.HOG0010335	Cmi08	Cpl30	Ler31	Loc21	Gga17	Xtr08
N0.HOG0010336	Cmi08	Cpl30	Ler31	Loc21	Gga17	Xtr08
N0.HOG0010337	Cmi08	Cpl30	Ler31	Loc21	Gga17	Xtr08
N0.HOG0010338	Cmi08	Cpl30	Ler31	Loc21	Gga17	Xtr08
N0.HOG0010339	Cmi08	Cpl30	Ler31	Loc21	Gga17	Xtr08
N0.HOG0010340	Cmi08	Cpl03	Ler31	Loc21	Gga17	Xtr08
N0.HOG0010341	Cmi08	Cpl03	Ler31	Loc21	Gga17	Xtr08
N0.HOG0010342	Cmi08	Cpl30	Ler31	LocSca	Gga17	Xtr08
N0.HOG0010343	Cmi08	Cpl01	Ler31	Loc21	Gga17	Xtr08
N0.HOG0010344	Cmi08	Cpl30	Ler31	LocSca	Gga17	Xtr08
N0.HOG0010345	Cmi08	Cpl30	Ler31	Loc21	Gga17	Xtr08
N0.HOG0010346	Cmi08	Cpl30	Ler31	Loc21	Gga17	Xtr08
N0.HOG0010347	Cmi08	Cpl30	Ler31	Loc21	Gga17	Xtr08
N0.HOG0010348	Cmi08	Cpl30	Ler31	Loc21	Gga17	Xtr08
N0.HOG0010349	Cmi08	Cpl30	Ler31	Loc21	Gga17	Xtr08
N0.HOG0010350	Cmi08	Cpl30	Ler31	Loc21	Gga17	Xtr08
N0.HOG0010351	Cmi08	Cpl30	Ler31	Loc21	Gga17	Xtr08
N0.HOG0010352	Cmi08	Cpl30	Ler31	Loc21	Gga17	Xtr08
N0.HOG0010353	Cmi08	Cpl30	Ler31	Loc21	Gga17	Xtr08
N0.HOG0010354	Cmi08	Cpl30	Ler31	Loc21	Gga17	Xtr08
N0.HOG0010355	Cmi08	CplSca	Ler31	Loc21	Gga17	Xtr08
N0.HOG0010356	Cmi08	CplSca	Ler31	Loc21	Gga17	Xtr08
N0.HOG0010357	Cmi08	Cpl30	Ler31	Loc21	Gga17	Xtr08
N0.HOG0010358	Cmi08	Cpl30	Ler31	Loc21	Gga17	Xtr08
N0.HOG0010359	Cmi08	Cpl30	Ler31	Loc21	Gga17	Xtr08
N0.HOG0010360	Cmi08	Cpl30	Ler31	Loc21	Gga17	Xtr08
N0.HOG0010361	Cmi08	Cpl30	Ler31	Loc21	Gga17	Xtr08
N0.HOG0010362	Cmi08	Cpl30	Ler31	Loc21	Gga17	Xtr08
N0.HOG0010363	Cmi08	Cpl30	Ler31	Loc21	Gga17	Xtr08
N0.HOG0010364	Cmi08	Cpl30	Ler31	Loc21	Gga17	Xtr08
N0.HOG0010365	Cmi08	Cpl30	Ler31	Loc21	Gga17	Xtr08
N0.HOG0010366	Cmi08	Cpl30	Ler31	Loc21	Gga17	Xtr08
N0.HOG0010367	Cmi08	Cpl30	Ler31	Loc21	Gga17	Xtr08
N0.HOG0010368	Cmi08	Cpl30	Ler31	Loc21	Gga17	Xtr08
N0.HOG0010369	Cmi08	Cpl30	Ler31	Loc21	Gga17	Xtr08
N0.HOG0010370	Cmi08	Cpl30	Ler31	Loc21	Gga17	Xtr08
N0.HOG0010371	Cmi08	Cpl30	Ler31	Loc21	Gga17	Xtr08
N0.HOG0010372	Cmi08	Cpl30	Ler31	Loc21	Gga17	Xtr08
N0.HOG0010373	Cmi08	Cpl30	Ler31	Loc17		
N0.HOG0010374	Cmi08	Cpl30	Ler31	Loc21	Gga17	Xtr08
N0.HOG0010375	Cmi08	Cpl30	Ler31	Loc21	Gga17	Xtr08
N0.HOG0010376	Cmi08	Cpl30	Ler31	Loc21	Gga17	Xtr08
N0.HOG0010377	Cmi08	Cpl30	Ler31	Loc21	Gga17	Xtr08
N0.HOG0010378	Cmi08	Cpl30	Ler31	Loc21	Gga17	Xtr08
N0.HOG0010379	Cmi08	Cpl30	Ler31	Loc21	Gga17	Xtr08
N0.HOG0010380	Cmi08	Cpl30	Ler31	Loc21	Gga17	Xtr08
N0.HOG0010381	Cmi08	Cpl30	LerSca	Loc21	Gga17	Xtr08
N0.HOG0010382	Cmi08	Cpl30	Ler31	Loc21	Gga07	Xtr09
N0.HOG0010383	Cmi08	Cpl30	Ler31	Loc21	Gga17	Xtr03
N0.HOG0010384	Cmi08	Cpl30	Ler31	Loc21	Gga17	Xtr08
N0.HOG0010385	Cmi08	Cpl30	Ler31	Loc21	Gga17	Xtr08
N0.HOG0010386	Cmi08	Cpl30	Ler31	Loc21	Gga17	Xtr08
N0.HOG0010387	Cmi08	Cpl30	Ler31	Loc21	Gga17	Xtr07
N0.HOG0010388	Cmi08	Cpl30	Ler31	Loc21	Gga17	Xtr08
N0.HOG0010389	Cmi08	Cpl30	Ler31	Loc21	Gga17	Xtr08
N0.HOG0010390	Cmi08	Cpl30	Ler31	Loc21	Gga17	Xtr08
N0.HOG0010391	Cmi08	Cpl30	Ler31	Loc21	Gga17	Xtr08
N0.HOG0010392	Cmi08	Cpl30	Ler31	Loc21	Gga17	Xtr08
N0.HOG0010393	Cmi08	Cpl30	Ler31	Loc21	Gga17	Xtr08
N0.HOG0010394	Cmi08	Cpl30	Ler31	Loc21	Gga17	Xtr08
N0.HOG0010395	Cmi08	Cpl30	Ler31	Loc21	Gga17	Xtr08
N0.HOG0010396	Cmi08	Cpl30	Ler31	Loc21	Gga17	Xtr08
N0.HOG0010397	Cmi08	Cpl30	Ler31	Loc21	Gga17	Xtr08
N0.HOG0010398	Cmi08	Cpl30	Ler31	Loc21	Gga17	Xtr05
N0.HOG0010399	Cmi08	Cpl30	Ler31	Loc21	Gga17	Xtr08
N0.HOG0010400	Cmi08	Cpl30	Ler31	Loc21	Gga17	Xtr08
N0.HOG0010401	Cmi08	Cpl30	Ler31	Loc21	Gga17	Xtr08
N0.HOG0010402	Cmi08	Cpl30	Ler31	Loc21	Gga17	Xtr08
N0.HOG0010403	Cmi08	Cpl30	Ler31	Loc21	Gga17	Xtr08
N0.HOG0010404	Cmi08	Cpl30	Ler31	Loc21	Gga17	Xtr08
N0.HOG0010405	Cmi08	Cpl30	Ler31	Loc10	Gga08	Xtr04
N0.HOG0010406	Cmi08	Cpl30	Ler31	Loc21	Gga17	Xtr08
N0.HOG0010407	Cmi08	Cpl30	Ler31	Loc21	Gga17	Xtr08
N0.HOG0010408	Cmi08	Cpl30	Ler31	Loc21	Gga17	Xtr08
N0.HOG0010409	Cmi08	Cpl30	Ler31	Loc21	Gga17	Xtr08
N0.HOG0010410	Cmi08	Cpl30	Ler31	Loc21	Gga17	Xtr08
N0.HOG0010411	Cmi08	Cpl30	Ler31	Loc21	Gga17	Xtr08
N0.HOG0010412	Cmi08	Cpl30	Ler31	Loc21	Gga17	Xtr08
N0.HOG0010413	Cmi08	Cpl30	Ler31	Loc21	Gga17	Xtr08
N0.HOG0010414	Cmi08	Cpl30	Ler31	Loc21	Gga17	Xtr08
N0.HOG0010415	Cmi08	Cpl30	Ler31	Loc21	Gga17	Xtr08
N0.HOG0010416	Cmi08	Cpl30	Ler31	Loc21	Gga17	Xtr08
N0.HOG0010417	Cmi09	Cpl10	Ler09	Loc07	Gga05	Xtr08
N0.HOG0010418	Cmi09	Cpl10	Ler09	Loc07	Gga05	Xtr08
N0.HOG0010419	Cmi09	Cpl10	Ler09	Loc07	Gga05	Xtr08
N0.HOG0010420	Cmi09	Cpl10	Ler09	Loc07	Gga05	Xtr08
N0.HOG0010421	Cmi09	Cpl10	Ler09	Loc07	Gga05	Xtr08
N0.HOG0010422	Cmi09	Cpl10	Ler09	Loc07		
N0.HOG0010423	Cmi09	Cpl10	Ler09	Loc07	Gga05	Xtr08
N0.HOG0010424	Cmi09	Cpl10	Ler09	Loc07	Gga05	Xtr08
N0.HOG0010425	Cmi09	Cpl10	Ler09	Loc07	Gga05	Xtr08
N0.HOG0010426	Cmi09	Cpl10	Ler09	Loc07	Gga05	Xtr08
N0.HOG0010427	Cmi09	Cpl10	Ler09	Loc07	Gga05	Xtr08
N0.HOG0010428	Cmi09	Cpl10	Ler09	Loc07	Gga05	Xtr08
N0.HOG0010429	Cmi09	Cpl10	Ler09	Loc07	Gga05	Xtr08
N0.HOG0010430	Cmi09	Cpl10	Ler09	Loc07	Gga05	Xtr08
N0.HOG0010431	Cmi09	Cpl10	Ler09	Loc07	Gga05	Xtr08
N0.HOG0010432	Cmi09	Cpl10	Ler09	Loc07	Gga05	Xtr08
N0.HOG0010433	Cmi09	Cpl10	Ler09	Loc07	Gga05	Xtr08
N0.HOG0010434	Cmi09	Cpl10	Ler09	Loc07	Gga05	Xtr08
N0.HOG0010435	Cmi09	Cpl10	Ler09	Loc07	Gga05	Xtr08
N0.HOG0010436	Cmi09	Cpl10	Ler09	Loc07	Gga05	Xtr08
N0.HOG0010437	Cmi09	Cpl10	Ler09	Loc07	Gga05	Xtr08
N0.HOG0010438	Cmi09	Cpl10	Ler09	Loc07	Gga05	Xtr08
N0.HOG0010439	Cmi09	Cpl10	Ler09	Loc07	Gga05	Xtr08
N0.HOG0010440	Cmi09	Cpl10	Ler09	Loc07	Gga05	Xtr08
N0.HOG0010441	Cmi09	Cpl10	Ler09	Loc07	Gga05	Xtr08
N0.HOG0010442	Cmi09	Cpl10	Ler09	Loc07	Gga05	Xtr08
N0.HOG0010443	Cmi09	Cpl10	Ler09	Loc07	Gga05	Xtr08
N0.HOG0010444	Cmi09	Cpl10	Ler09	Loc07	Gga05	Xtr08
N0.HOG0010445	Cmi09	Cpl10	Ler09	Loc07	Gga05	Xtr08
N0.HOG0010446	Cmi09	Cpl10	Ler09	Loc07	Gga05	Xtr08
N0.HOG0010447	Cmi09	Cpl10	Ler09	Loc07	Gga05	Xtr08
N0.HOG0010448	Cmi09	Cpl10	Ler09	Loc07	Gga05	Xtr08
N0.HOG0010449	Cmi09	Cpl10	Ler09	Loc07	Gga05	Xtr08
N0.HOG0010450	Cmi09	Cpl10	Ler09	Loc07	Gga05	Xtr08
N0.HOG0010451	Cmi09			Loc28, Loc02, Loc07	Gga05	Xtr08
N0.HOG0010452	Cmi09	Cpl10	Ler09	Loc07	Gga05	Xtr08
N0.HOG0010453	Cmi09	Cpl10	Ler09	Loc07	Gga05	Xtr08
N0.HOG0010454	Cmi09	Cpl10	Ler09	Loc07	Gga05	Xtr08
N0.HOG0010455	Cmi09	CplSca	Ler09	Loc07	Gga05	Xtr08
N0.HOG0010456	Cmi09	Cpl10	Ler09	Loc07	Gga05	Xtr08
N0.HOG0010457	Cmi09	Cpl10	Ler09	Loc07	Gga05	Xtr08
N0.HOG0010458	Cmi09	Cpl10	Ler09	Loc07	Gga05	Xtr08
N0.HOG0010459	Cmi09	Cpl10	Ler09	Loc07	Gga05	Xtr08
N0.HOG0010460	Cmi09	Cpl10	Ler09	Loc07	Gga05	Xtr08
N0.HOG0010461	Cmi09	Cpl10	Ler09	Loc07	Gga05	Xtr08
N0.HOG0010462	Cmi09	Cpl10	Ler09	Loc07	Gga01	Xtr02
N0.HOG0010463	Cmi09	Cpl10	Ler09	Loc07	Gga05	Xtr08
N0.HOG0010464	Cmi09	Cpl10	Ler09	Loc07	Gga05	Xtr08
N0.HOG0010465	Cmi09	Cpl10	Ler09	Loc07	Gga05	Xtr08
N0.HOG0010466	Cmi09	Cpl10	Ler09	Loc07	Gga05	Xtr08
N0.HOG0010467	Cmi09	Cpl10	Ler09	Loc07	Gga05	Xtr08
N0.HOG0010468	Cmi09	Cpl10	Ler09	Loc07	Gga05	Xtr08
N0.HOG0010469	Cmi09	Cpl10	Ler09	Loc07	Gga05	Xtr08
N0.HOG0010470	Cmi09	Cpl10	Ler09	Loc07	Gga05	Xtr08
N0.HOG0010471	Cmi09	Cpl10	Ler09	Loc07	Gga05	Xtr08
N0.HOG0010472	Cmi09	Cpl10	Ler09	Loc07	Gga05	Xtr08
N0.HOG0010473	Cmi09	Cpl10	Ler09	Loc07	Gga05	Xtr08
N0.HOG0010474	Cmi09	Cpl10	Ler09	Loc07	Gga05	Xtr08
N0.HOG0010475	Cmi09	Cpl10	Ler09	Loc07	Gga05	Xtr08
N0.HOG0010476	Cmi09	Cpl10	Ler09	Loc07	Gga05	Xtr08
N0.HOG0010477	Cmi09	Cpl10	Ler09	Loc07	Gga05	Xtr08
N0.HOG0010478	Cmi09	Cpl10	Ler09	Loc07	Gga05	Xtr08
N0.HOG0010479	Cmi09	Cpl10	Ler09	Loc07	Gga05	Xtr08
N0.HOG0010480	Cmi09	Cpl10	Ler09	Loc07	Gga05	Xtr08
N0.HOG0010481	Cmi09	Cpl10	Ler09	Loc07	Gga05	Xtr08
N0.HOG0010482	Cmi09	Cpl10	Ler09	Loc07	Gga05	Xtr08
N0.HOG0010483	Cmi09	Cpl10	Ler09	Loc07	Gga05	Xtr08
N0.HOG0010484	Cmi09	Cpl10	Ler09		Gga05	Xtr08
N0.HOG0010485	Cmi09	Cpl10	Ler09	Loc07	Gga05	Xtr08
N0.HOG0010486	Cmi09	Cpl10	Ler09	Loc07	Gga05	Xtr08
N0.HOG0010487	Cmi09	Cpl10	Ler09	Loc07	Gga05	Xtr08
N0.HOG0010488	Cmi09	Cpl10	Ler09	Loc07	Gga05	Xtr08
N0.HOG0010489	Cmi09	Cpl10	Ler09	Loc07	Gga05	Xtr08
N0.HOG0010490	Cmi09	Cpl10	Ler09	Loc07	Gga05	Xtr08
N0.HOG0010491	Cmi09	Cpl10	Ler09	Loc07	Gga05	Xtr08
N0.HOG0010492	Cmi09	Cpl10	Ler09	Loc07	Gga05	Xtr08
N0.HOG0010493	Cmi09	Cpl10	Ler09	Loc07	Gga05	Xtr08
N0.HOG0010494	Cmi09	Cpl10	Ler09	Loc07	Gga05	Xtr08
N0.HOG0010495	Cmi09	Cpl10	Ler09	Loc07	Gga05	Xtr08
N0.HOG0010496	Cmi09	Cpl10	Ler09	Loc07	Gga05	Xtr08
N0.HOG0010497	Cmi09	Cpl10	Ler09	Loc07	Gga05	Xtr08
N0.HOG0010498	Cmi09	Cpl10	Ler09	Loc07	Gga05	Xtr08
N0.HOG0010499	Cmi09	Cpl10	Ler09	Loc07	Gga05	Xtr08
N0.HOG0010500	Cmi09	Cpl10	Ler09	Loc07	Gga05	Xtr08
N0.HOG0010501	Cmi09	Cpl10	Ler09	Loc07	Gga05	Xtr08
N0.HOG0010502	Cmi09	Cpl10	Ler09	Loc07	Gga05	Xtr08
N0.HOG0010503	Cmi09	Cpl10	Ler09	Loc07	Gga05	Xtr08
N0.HOG0010504	Cmi09	Cpl10	Ler09	Loc07	Gga05	Xtr08
N0.HOG0010505	Cmi09	Cpl10	Ler09	Loc07	Gga05	Xtr08
N0.HOG0010506	Cmi09	Cpl10	Ler09	Loc07	Gga05	Xtr08
N0.HOG0010507	Cmi09	Cpl10	Ler09	Loc07	Gga05	Xtr08
N0.HOG0010508	Cmi09	Cpl10	Ler09	Loc07	Gga05	Xtr08
N0.HOG0010509	Cmi09	Cpl10	Ler09	Loc07	Gga05	Xtr08
N0.HOG0010510	Cmi09	Cpl10	Ler09	Loc07	Gga05	Xtr08
N0.HOG0010511	Cmi09	Cpl10	Ler09	Loc07	Gga05	Xtr08
N0.HOG0010512	Cmi09	Cpl10	Ler09	Loc07	Gga05	Xtr08
N0.HOG0010513	Cmi09	Cpl10	Ler09	Loc07	Gga05	Xtr08
N0.HOG0010514	Cmi09	CplSca	Ler09		Gga05	Xtr08
N0.HOG0010515	Cmi09	Cpl10	Ler09	Loc01		Xtr08
N0.HOG0010516	Cmi09	Cpl10	Ler09	Loc07	Gga05	Xtr08
N0.HOG0010517	Cmi09	Cpl10	Ler09	Loc07	Gga05	Xtr08
N0.HOG0010518	Cmi09	Cpl10	Ler09	Loc07	Gga05	Xtr08
N0.HOG0010519	Cmi09	Cpl10	Ler09	Loc07	Gga05	Xtr08
N0.HOG0010520	Cmi09	Cpl10	Ler09	Loc07	Gga05	Xtr08
N0.HOG0010521	Cmi09	Cpl10	Ler09	Loc07	Gga05	Xtr08
N0.HOG0010522	Cmi09	Cpl10	Ler09	Loc07	Gga05	Xtr08
N0.HOG0010523	Cmi09	Cpl10	Ler09	Loc07	Gga05	Xtr08
N0.HOG0010524	Cmi09	Cpl10	Ler09	Loc07	Gga05	Xtr08
N0.HOG0010525	Cmi09	Cpl10	Ler09	Loc07	Gga05	Xtr08
N0.HOG0010526	Cmi09	Cpl10	Ler09	Loc07	Gga05	Xtr08
N0.HOG0010527	Cmi09	Cpl10	Ler09	Loc07	Gga05	Xtr02
N0.HOG0010528	Cmi09	Cpl10	Ler09	Loc07	Gga05	Xtr02
N0.HOG0010529	Cmi09	Cpl10	Ler09	Loc07	Gga05	Xtr08
N0.HOG0010530	Cmi09	Cpl10	Ler09	Loc07	Gga05	Xtr08
N0.HOG0010531	Cmi09	CplSca	Ler09	Loc07	Gga05	Xtr08
N0.HOG0010532	Cmi09	Cpl10	Ler09	Loc07	Gga05	Xtr08
N0.HOG0010533	Cmi09	Cpl10	Ler09	Loc07	Gga05	Xtr08
N0.HOG0010534	Cmi09	Cpl10	Ler09	Loc07	Gga05	Xtr08
N0.HOG0010535	Cmi09	Cpl10	Ler09	Loc07	Gga05	Xtr08
N0.HOG0010536	Cmi09	Cpl10	Ler09	Loc07	Gga05	Xtr08
N0.HOG0010537	Cmi09	Cpl10	Ler09	Loc07	Gga05	Xtr08
N0.HOG0010538	Cmi09	Cpl10	Ler09	Loc07	Gga05	Xtr08
N0.HOG0010539	Cmi09	Cpl10	Ler09	Loc07	Gga05	Xtr08
N0.HOG0010540	Cmi09	Cpl10	Ler09	Loc07	Gga05	Xtr08
N0.HOG0010541	Cmi09	Cpl10	Ler09	Loc07	Gga05	Xtr08
N0.HOG0010542	Cmi09	Cpl10	Ler09	Loc07	Gga05	Xtr08
N0.HOG0010543	Cmi09	Cpl10	Ler09	Loc07	Gga05	Xtr08
N0.HOG0010544	Cmi09	Cpl10	Ler09	Loc07	Gga05	Xtr08
N0.HOG0010545	Cmi09	Cpl10	Ler09	Loc07	Gga05	Xtr08
N0.HOG0010546	Cmi09	Cpl10	Ler09	Loc07	Gga05	Xtr08
N0.HOG0010547	Cmi09	Cpl10	Ler09	Loc07	Gga05	Xtr08
N0.HOG0010548	Cmi09	Cpl10	Ler09	Loc07	Gga05	Xtr08
N0.HOG0010549	Cmi09	Cpl10	Ler09	Loc07	Gga05	Xtr08
N0.HOG0010550	Cmi09	Cpl10	Ler09	Loc07	Gga05	Xtr08
N0.HOG0010551	Cmi09	Cpl10	Ler09	Loc07	Gga05	Xtr08
N0.HOG0010552	Cmi09	Cpl10	Ler09	Loc07	Gga05	Xtr08
N0.HOG0010553	Cmi09	Cpl10	Ler09	Loc07	Gga05	Xtr08
N0.HOG0010554	Cmi09	Cpl10	Ler09	Loc07	Gga05	Xtr08
N0.HOG0010555	Cmi09	Cpl10	Ler09	Loc07	Gga05	Xtr08
N0.HOG0010556	Cmi09	Cpl10	Ler09	Loc07	Gga05	Xtr08
N0.HOG0010557	Cmi09	Cpl10	Ler09	Loc07	Gga05	Xtr08
N0.HOG0010558	Cmi09	Cpl10	Ler09	Loc07	Gga05	Xtr08
N0.HOG0010559	Cmi09	Cpl10	Ler09	Loc07	Gga05	Xtr08
N0.HOG0010560	Cmi09	Cpl10	Ler09	Loc07	Gga05	Xtr08
N0.HOG0010561	Cmi09	Cpl10	Ler09	Loc07	Gga05	Xtr08
N0.HOG0010562	Cmi09	Cpl10	Ler09	Loc07	Gga05	Xtr08
N0.HOG0010563	Cmi09	Cpl10	Ler09	Loc07	Gga05	Xtr08
N0.HOG0010564	Cmi09	Cpl10	Ler09	Loc07	Gga05	Xtr08
N0.HOG0010565	Cmi09	Cpl10	Ler09	Loc07	Gga05	Xtr08
N0.HOG0010566	Cmi09	Cpl10	Ler09	Loc07	Gga05	Xtr08
N0.HOG0010567	Cmi09	Cpl10	Ler09	Loc07	Gga05	Xtr08
N0.HOG0010568	Cmi09	Cpl10	Ler09	Loc07	Gga05	Xtr08
N0.HOG0010569	Cmi09	Cpl10	Ler09	Loc07	Gga05	Xtr08
N0.HOG0010570	Cmi09	Cpl10	Ler09	Loc07	Gga05	Xtr08
N0.HOG0010571	Cmi09	Cpl10	Ler09	Loc07	Gga05	Xtr08
N0.HOG0010572	Cmi09	Cpl10	Ler09	Loc07	Gga05	Xtr08
N0.HOG0010573	Cmi09	Cpl10	Ler09	Loc07	Gga05	Xtr08
N0.HOG0010574	Cmi09	Cpl10	Ler09	Loc07	Gga05	Xtr08
N0.HOG0010575	Cmi09	Cpl10	Ler09	Loc07	Gga05	Xtr08
N0.HOG0010576	Cmi09	Cpl10	Ler09	Loc07	Gga05	Xtr08
N0.HOG0010577	Cmi09	Cpl10	Ler09	Loc07	Gga05	Xtr08
N0.HOG0010578	Cmi09	Cpl10	Ler09	Loc07	Gga05	Xtr08
N0.HOG0010579	Cmi09	Cpl10	Ler09	Loc07	Gga05	Xtr08
N0.HOG0010580	Cmi09	Cpl10	Ler09	Loc07	Gga05	Xtr08
N0.HOG0010581	Cmi09	Cpl10	Ler09	Loc07	Gga05	Xtr08
N0.HOG0010582	Cmi09	Cpl10	Ler09	Loc07	Gga05	Xtr08
N0.HOG0010583	Cmi09	Cpl10	Ler09	Loc07	Gga05	Xtr08
N0.HOG0010584	Cmi09	Cpl10	Ler09	Loc07	Gga05	Xtr08
N0.HOG0010585	Cmi09	Cpl10	Ler09	Loc07	Gga05	Xtr08
N0.HOG0010586	Cmi09	Cpl10	Ler09	Loc07	Gga05	Xtr08
N0.HOG0010587	Cmi09	Cpl10	Ler09	Loc07	Gga05	Xtr08
N0.HOG0010588	Cmi09	Cpl10	Ler09	Loc07	Gga05	Xtr08
N0.HOG0010589	Cmi09	Cpl10	Ler09	Loc07	Gga05	Xtr08
N0.HOG0010590	Cmi09	Cpl10	Ler09	Loc07	Gga05	Xtr08
N0.HOG0010591	Cmi09	Cpl10	Ler09	Loc07	Gga05	Xtr08
N0.HOG0010592	Cmi09	Cpl10	Ler09	Loc07	Gga05	Xtr08
N0.HOG0010593	Cmi09	Cpl10	Ler09	Loc07	Gga05	Xtr08
N0.HOG0010594	Cmi09	Cpl10	Ler09	Loc07	Gga05	Xtr08
N0.HOG0010595	Cmi09	Cpl10	Ler09	Loc07	Gga05	Xtr08
N0.HOG0010596	Cmi09	Cpl10	Ler09	Loc07	Gga05	Xtr08
N0.HOG0010597	Cmi09	Cpl10	Ler09	Loc07	Gga05	Xtr08
N0.HOG0010598	Cmi09	Cpl41	Ler38	Loc07	Gga05	Xtr08
N0.HOG0010599	Cmi09	Cpl10	Ler09	Loc07	Gga05	Xtr08
N0.HOG0010600	Cmi09	Cpl10	Ler09	Loc07	Gga08	Xtr08
N0.HOG0010601	Cmi09	Cpl10	Ler09	Loc07	Gga08	Xtr08
N0.HOG0010602	Cmi09	Cpl10	Ler09	Loc07	Gga05	Xtr08
N0.HOG0010603	Cmi09	Cpl10	Ler09	Loc07	Gga05	Xtr08
N0.HOG0010604		Cpl41		Loc02		
N0.HOG0010605	Cmi09			Loc07		
N0.HOG0010606	Cmi09	Cpl10	Ler09	Loc07	Gga05	Xtr08
N0.HOG0010607	Cmi09	Cpl10	Ler09	Loc07	Gga05	Xtr08
N0.HOG0010608	Cmi09	Cpl10	Ler09	Loc07	Gga05	Xtr08
N0.HOG0010609	Cmi09	Cpl10	Ler09	Loc07	Gga05	Xtr08
N0.HOG0010610	Cmi09	Cpl10	Ler09	Loc07	Gga08	Xtr08
N0.HOG0010611	Cmi09	Cpl10	Ler09	Loc07	Gga05	Xtr08
N0.HOG0010612	Cmi09	Cpl10	Ler09	Loc07	Gga05	Xtr08
N0.HOG0010613	Cmi09	Cpl10	Ler09	LocSca	Gga05	Xtr08
N0.HOG0010614	Cmi09	Cpl10	Ler09	LocSca	Gga05	Xtr08
N0.HOG0010615	Cmi09	Cpl10	Ler09	LocSca	Gga05	Xtr08
N0.HOG0010616	Cmi09	Cpl10	Ler09	LocSca	Gga05	Xtr08
N0.HOG0010617	Cmi09	Cpl10	Ler09	Loc07	Gga05	Xtr08
N0.HOG0010618	Cmi09	Cpl10	Ler09	Loc07	Gga05	Xtr05
N0.HOG0010619	Cmi09	Cpl10	Ler09	Loc07	Gga05	Xtr08
N0.HOG0010620	Cmi09	Cpl10	Ler09	Loc07	Gga08	Xtr08
N0.HOG0010621	Cmi09	Cpl10	Ler09	Loc23	Gga11	Xtr04
N0.HOG0010622	Cmi09	Cpl10	Ler09	Loc07	Gga05	Xtr08
N0.HOG0010623	Cmi09	Cpl10	Ler09	Loc07	Gga05	Xtr08
N0.HOG0010624	Cmi09	Cpl10	Ler09	Loc07	Gga05	Xtr08
N0.HOG0010625	Cmi09	Cpl10	Ler09	Loc07	Gga05	Xtr08
N0.HOG0010626	Cmi09	Cpl21	Ler20	Loc07	Gga08	Xtr08
N0.HOG0010627	Cmi09	Cpl10	Ler09	Loc07	Gga05	Xtr08
N0.HOG0010628	Cmi09	Cpl10	Ler09	Loc07	Gga05	Xtr08
N0.HOG0010629	Cmi09	Cpl10	Ler09	Loc07	Gga05	Xtr08
N0.HOG0010630	Cmi09	Cpl10	Ler09	Loc07	Gga05	Xtr08
N0.HOG0010631	Cmi09	Cpl10	Ler09	LocSca	Gga05	Xtr08
N0.HOG0010632	Cmi09	Cpl10	Ler09	Loc07	Gga05	Xtr08
N0.HOG0010633	Cmi09	Cpl10	Ler09	Loc07	Gga05	Xtr08
N0.HOG0010634	Cmi09	Cpl10	Ler09	Loc07	Gga05	Xtr08
N0.HOG0010635	Cmi09	Cpl10	Ler09	Loc07	Gga05	Xtr08
N0.HOG0010636	Cmi09	Cpl10	Ler09	Loc07	Gga05	Xtr08
N0.HOG0010637	Cmi09	Cpl10	Ler09	Loc07	Gga05	Xtr08
N0.HOG0010638	Cmi09	Cpl10	Ler09	Loc07		Xtr08
N0.HOG0010639	Cmi09	Cpl10	Ler09	Loc07	Gga05	Xtr08
N0.HOG0010640	Cmi09	Cpl10	Ler09	Loc07	Gga05	Xtr08
N0.HOG0010641	Cmi09	Cpl10	Ler09	Loc07	Gga05	Xtr08
N0.HOG0010642	Cmi09	Cpl10	Ler09	Loc07	Gga05	Xtr08
N0.HOG0010643	Cmi09	Cpl10	Ler09	Loc07	Gga05	Xtr08
N0.HOG0010644	Cmi09	Cpl10	Ler09	Loc07	Gga05	Xtr08
N0.HOG0010645	Cmi09	Cpl10	Ler09	Loc07	Gga05	Xtr08
N0.HOG0010646	Cmi09	Cpl10	Ler09	Loc07	Gga05	Xtr08
N0.HOG0010647	Cmi09	Cpl10	Ler09	Loc07	Gga05	Xtr08
N0.HOG0010648	Cmi09	Cpl10	Ler09	Loc07	Gga05	Xtr08
N0.HOG0010649	Cmi09	Cpl10	Ler09	Loc07	Gga05	Xtr08
N0.HOG0010650	Cmi09	Cpl10	Ler09	Loc07	Gga05	Xtr08
N0.HOG0010651	Cmi09	Cpl10	Ler09	Loc07	Gga05	Xtr08
N0.HOG0010652	Cmi09	Cpl10	Ler09	Loc07	Gga05	Xtr08
N0.HOG0010653	Cmi09	Cpl10	Ler09	Loc07	Gga05	Xtr08
N0.HOG0010654	Cmi09	Cpl10	Ler09	Loc07	Gga05	Xtr08
N0.HOG0010655	Cmi09	Cpl10	Ler09	Loc07	Gga05	Xtr08
N0.HOG0010656	Cmi09	Cpl10	Ler09	Loc07	Gga05	Xtr08
N0.HOG0010657	Cmi09	Cpl06	Ler09	Loc07	Gga05	Xtr08
N0.HOG0010658	Cmi09	Cpl10	Ler09	Loc07	Gga05	Xtr08
N0.HOG0010659	Cmi09	Cpl10	Ler09	Loc07	Gga05	Xtr08
N0.HOG0010660	Cmi09	Cpl10	Ler09	Loc07	Gga05	Xtr08
N0.HOG0010661	Cmi09	Cpl10	Ler09	Loc07	Gga05	Xtr08
N0.HOG0010662	Cmi09	Cpl10	Ler09	Loc07	Gga05	Xtr08
N0.HOG0010663	Cmi09	Cpl10	Ler09	Loc07	Gga05	Xtr08
N0.HOG0010664	Cmi09	Cpl10	Ler09	Loc07	Gga05	Xtr08
N0.HOG0010665	Cmi09	Cpl10	Ler09	Loc07	Gga05	Xtr08
N0.HOG0010666	Cmi09	Cpl10	Ler09	Loc07	Gga05	Xtr08
N0.HOG0010667	Cmi09	Cpl10	Ler09	Loc07	Gga05	Xtr08
N0.HOG0010668	Cmi09	Cpl10	Ler09	Loc07	Gga05	Xtr08
N0.HOG0010669	Cmi09	Cpl12	Ler09	Loc07	Gga05	Xtr08
N0.HOG0010670	Cmi09	Cpl12	Ler09	Loc07	Gga05	Xtr08
N0.HOG0010671	Cmi09	Cpl10	Ler09	Loc07	Gga05	Xtr08
N0.HOG0010672	Cmi09	Cpl10	Ler09	Loc07	Gga05	Xtr08
N0.HOG0010673	Cmi09	Cpl10	Ler09	Loc07	Gga05	Xtr08
N0.HOG0010674	Cmi09	Cpl10	Ler09	Loc07	Gga05	Xtr08
N0.HOG0010675	Cmi09	Cpl10	Ler09	Loc07	Gga05	Xtr08
N0.HOG0010676	Cmi09	Cpl10	Ler09	Loc07	Gga05	Xtr08
N0.HOG0010677	Cmi09	Cpl10	Ler09	Loc07	Gga05	Xtr08
N0.HOG0010678	Cmi09	Cpl10	Ler09	Loc07	Gga05	Xtr08
N0.HOG0010679	Cmi09	Cpl41	Ler38	Loc02	Gga38	Xtr08
N0.HOG0010680	Cmi10	Cpl28	Ler28	Loc22	Gga19	Xtr02
N0.HOG0010681	Cmi10	Cpl28	Ler28	Loc22	Gga19	Xtr02
N0.HOG0010682	Cmi10	Cpl28	Ler28	Loc22	Gga19	Xtr02
N0.HOG0010683	Cmi10	Cpl28	Ler28	Loc22	Gga19	Xtr02
N0.HOG0010684	Cmi10	Cpl28	Ler28	Loc22	Gga19	Xtr02
N0.HOG0010685	Cmi10	Cpl28	Ler28	Loc22	Gga19	Xtr02
N0.HOG0010686	Cmi10	Cpl28	Ler28	Loc22	Gga19	Xtr02
N0.HOG0010687	Cmi10	Cpl28	Ler28	Loc22	Gga19	Xtr02
N0.HOG0010688	Cmi10	Cpl28	Ler28	Loc22	Gga19	Xtr02
N0.HOG0010689	Cmi10	Cpl28	Ler28	Loc22	Gga19	Xtr02
N0.HOG0010690	Cmi10	Cpl28	Ler28	Loc22	Gga19	Xtr02
N0.HOG0010691	Cmi10	Cpl28	Ler28	Loc22	Gga19	Xtr02
N0.HOG0010692	Cmi10	Cpl28	Ler28	Loc22	Gga19	Xtr02
N0.HOG0010693	Cmi10	Cpl28	Ler28	Loc22	Gga19	Xtr02
N0.HOG0010694	Cmi10	Cpl28	Ler28	Loc22	Gga19	Xtr02
N0.HOG0010695	Cmi10	Cpl28	Ler28	Loc22	Gga19	Xtr02
N0.HOG0010696	Cmi10	Cpl28	Ler28	Loc22	Gga19	Xtr02
N0.HOG0010697	Cmi10	Cpl28	Ler28	Loc22	Gga19	Xtr02
N0.HOG0010698	Cmi10	Cpl28	Ler28	Loc22	Gga19	Xtr02
N0.HOG0010699	Cmi10	Cpl28	Ler28	Loc22	Gga19	Xtr02
N0.HOG0010700	Cmi10	Cpl28	Ler28	Loc22	Gga19	Xtr02
N0.HOG0010701	Cmi10	Cpl28	Ler28	Loc22	Gga19	Xtr02
N0.HOG0010702	Cmi10	Cpl28	Ler28	Loc22	Gga19	Xtr02
N0.HOG0010703	Cmi10	Cpl28	Ler28	Loc22	Gga19	Xtr02
N0.HOG0010704	Cmi10	Cpl28	Ler28	Loc22	Gga19	Xtr02
N0.HOG0010705	Cmi10	Cpl28	Ler28	Loc22	Gga19	Xtr02
N0.HOG0010706	Cmi10	Cpl28	Ler28	Loc22	Gga19	Xtr02
N0.HOG0010707	Cmi10	Cpl28	Ler28	Loc22	Gga19	Xtr02
N0.HOG0010708	Cmi10	Cpl28	Ler28	Loc22	Gga19	Xtr02
N0.HOG0010709	Cmi10	Cpl28	Ler28	Loc22	Gga19	Xtr02
N0.HOG0010710	Cmi10	Cpl28	Ler28	Loc22	Gga19	Xtr02
N0.HOG0010711	Cmi10	Cpl28	Ler28	Loc22	Gga19	Xtr02
N0.HOG0010712	Cmi10	Cpl28	Ler28, Ler02	Loc22		Xtr02
N0.HOG0010713	Cmi10	Cpl28	Ler28	Loc22	Gga19	Xtr02
N0.HOG0010714	Cmi10	Cpl28	Ler28	Loc22	Gga19	Xtr02
N0.HOG0010715	Cmi10	Cpl28	Ler28	Loc22	Gga19	Xtr02
N0.HOG0010716	Cmi10	Cpl28	Ler28	Loc22	Gga19	Xtr02
N0.HOG0010717	Cmi10	Cpl28	Ler28	Loc22	Gga19	Xtr02
N0.HOG0010718	Cmi10	Cpl28	Ler28	Loc22	Gga19	Xtr02
N0.HOG0010719	Cmi10	Cpl28	Ler28	Loc22	Gga19	Xtr02
N0.HOG0010720	Cmi10	Cpl28	Ler28	Loc22	Gga19	Xtr02
N0.HOG0010721	Cmi10	Cpl28	Ler28	Loc22	Gga19	Xtr09
N0.HOG0010722	Cmi10	Cpl28	Ler28	Loc22	Gga19	Xtr02
N0.HOG0010723	Cmi10	Cpl28	Ler28	Loc22	Gga19	Xtr02
N0.HOG0010724	Cmi10	Cpl28	Ler28	Loc22	Gga19	Xtr02
N0.HOG0010725	Cmi10	Cpl28	Ler28	Loc22	Gga19	Xtr02
N0.HOG0010726	Cmi10	Cpl28	Ler28	Loc22	Gga01	Xtr02
N0.HOG0010727	Cmi10	Cpl28	Ler28	Loc22	Gga19	Xtr02
N0.HOG0010728	Cmi10	Cpl28	Ler28	Loc22	Gga19	Xtr02
N0.HOG0010729	Cmi10	Cpl28	Ler28	Loc22	Gga19	Xtr02
N0.HOG0010730	Cmi10	Cpl28	Ler28	Loc22	Gga19	Xtr02
N0.HOG0010731	Cmi10	Cpl28	Ler28	Loc22	Gga19	Xtr02
N0.HOG0010732	Cmi10	Cpl28	Ler28	Loc22	Gga19	Xtr02
N0.HOG0010733	Cmi10	Cpl28	Ler28	Loc22	Gga19	Xtr02
N0.HOG0010734	Cmi10	Cpl28	Ler28	Loc22	Gga19	Xtr02
N0.HOG0010735	Cmi10	Cpl28	Ler28	Loc22	Gga19	Xtr02
N0.HOG0010736	Cmi10	Cpl28	Ler28	Loc22	Gga19	Xtr02
N0.HOG0010737	Cmi10	Cpl28	Ler28	Loc22	Gga19	Xtr02
N0.HOG0010738	Cmi10	Cpl28	Ler28	Loc22	Gga19	Xtr02
N0.HOG0010739	Cmi10	Cpl28	Ler28	Loc22	Gga19	Xtr02
N0.HOG0010740	Cmi10	Cpl28	Ler28	Loc22	Gga19	Xtr02
N0.HOG0010741	Cmi10	Cpl28	Ler28	Loc22	Gga19	Xtr02
N0.HOG0010742	Cmi10	Cpl28	Ler28	Loc22	Gga19	Xtr02
N0.HOG0010743	Cmi10	Cpl28	Ler28	Loc22	Gga19	Xtr02
N0.HOG0010744	Cmi10	Cpl28	Ler28	Loc22	Gga19	Xtr02
N0.HOG0010745	Cmi10	Cpl28	Ler28	Loc22	Gga19	Xtr02
N0.HOG0010746	Cmi10	Cpl28	Ler28	Loc22	Gga19	Xtr02
N0.HOG0010747	Cmi10	Cpl28	Ler28	Loc22		Xtr02
N0.HOG0010748	Cmi10	Cpl28	Ler28		Gga05, Gga19	Xtr02
N0.HOG0010749	Cmi10	Cpl28	Ler28	Loc22	Gga19	Xtr02
N0.HOG0010750	Cmi10	Cpl28	Ler28	Loc22	Gga19	Xtr02
N0.HOG0010751	Cmi10	Cpl28	Ler28	Loc22	Gga19	Xtr02
N0.HOG0010752	Cmi10	Cpl28	Ler28	Loc22	Gga19	Xtr02
N0.HOG0010753	Cmi10	Cpl28	Ler28	Loc22	Gga19	Xtr02
N0.HOG0010754	Cmi10	Cpl28	Ler28	Loc22	Gga19	Xtr02
N0.HOG0010755	Cmi10	Cpl28	Ler28	Loc22	Gga19	Xtr02
N0.HOG0010756	Cmi10	Cpl28	Ler28	Loc22	Gga19	Xtr02
N0.HOG0010757	Cmi10	Cpl28	Ler28	Loc22	Gga19	Xtr02
N0.HOG0010758	Cmi10	Cpl28	Ler28	Loc22	Gga19	Xtr02
N0.HOG0010759	Cmi10	Cpl28	Ler28	Loc22	Gga19	Xtr02
N0.HOG0010760	Cmi10	Cpl28	Ler28	Loc22	Gga19	Xtr02
N0.HOG0010761	Cmi10	Cpl28	Ler28	Loc22	Gga19	Xtr02
N0.HOG0010762	Cmi10	Cpl28	Ler28	Loc22	Gga19	Xtr02
N0.HOG0010763	Cmi10	Cpl28	Ler28	Loc22	Gga19	Xtr02
N0.HOG0010764	Cmi10	Cpl28	Ler28	Loc22	Gga19	Xtr02
N0.HOG0010765	Cmi10	Cpl28	Ler28	Loc22	Gga19	Xtr02
N0.HOG0010766	Cmi10	Cpl28	Ler28	Loc22	Gga19	Xtr02
N0.HOG0010767	Cmi10	Cpl28	Ler28	Loc22	Gga19	Xtr02
N0.HOG0010768	Cmi10	Cpl28	Ler28	Loc22	Gga19	Xtr02
N0.HOG0010769	Cmi10	Cpl28	Ler28	Loc22	Gga19	Xtr02
N0.HOG0010770	Cmi10	Cpl28	Ler28	Loc22	Gga19	Xtr02
N0.HOG0010771	Cmi10	Cpl28	Ler28	Loc22	Gga19	Xtr02
N0.HOG0010772	Cmi10	Cpl28	Ler28	Loc22	Gga19	Xtr02
N0.HOG0010773	Cmi10	Cpl28	Ler28	Loc22	Gga19	Xtr02
N0.HOG0010774	Cmi10	Cpl28	Ler28	Loc22	Gga19	Xtr02
N0.HOG0010775	Cmi10	Cpl28	Ler28	Loc22	Gga19	Xtr02
N0.HOG0010776	Cmi10	Cpl28	Ler28	Loc22	Gga19	Xtr02
N0.HOG0010777	Cmi10	Cpl28	Ler28	Loc22	Gga19	Xtr02
N0.HOG0010778	Cmi10	Cpl28	Ler28	Loc22	Gga19	Xtr02
N0.HOG0010779	Cmi10	Cpl28	Ler28	Loc22	Gga19	Xtr02
N0.HOG0010780	Cmi10	Cpl28	Ler28	Loc22	Gga19	Xtr02
N0.HOG0010781	Cmi10	Cpl28	Ler28	Loc22	Gga19	Xtr02
N0.HOG0010782	Cmi10	Cpl28	Ler28	Loc22	Gga19	Xtr02
N0.HOG0010783	Cmi10	Cpl28	Ler28	Loc22	Gga19	Xtr02
N0.HOG0010784	Cmi10	Cpl28	Ler28	Loc22	Gga19	Xtr02
N0.HOG0010785	Cmi10	Cpl28	Ler28	Loc22	Gga19	Xtr02
N0.HOG0010786	Cmi10	Cpl28	Ler28	Loc22	Gga19	Xtr02
N0.HOG0010787	Cmi10	Cpl28	Ler28	Loc22	Gga19	Xtr02
N0.HOG0010788	Cmi10	CplSca	Ler28		Gga19	Xtr02
N0.HOG0010789	Cmi10	Cpl28	Ler28	Loc22	Gga19	Xtr02
N0.HOG0010790	Cmi10	Cpl28	Ler28	Loc22	Gga19	Xtr02
N0.HOG0010791	Cmi10	Cpl37	Ler28	Loc22	Gga19	Xtr02
N0.HOG0010792	Cmi10	Cpl28	Ler28	Loc22	Gga19	Xtr02
N0.HOG0010793	Cmi10	Cpl28	Ler28	Loc22	Gga19	Xtr02
N0.HOG0010794	Cmi10	Cpl28	Ler28	Loc22	Gga19	Xtr02
N0.HOG0010795	Cmi10	Cpl28	Ler28	Loc22	Gga19	Xtr02
N0.HOG0010796	Cmi10	Cpl28	Ler28	Loc22	Gga19	Xtr02
N0.HOG0010797	Cmi10	Cpl28	Ler28	Loc22	Gga19	Xtr02
N0.HOG0010798	Cmi10	Cpl28	Ler28	Loc22	Gga19	Xtr02
N0.HOG0010799	Cmi10	Cpl28	Ler28	Loc22	Gga19	Xtr02
N0.HOG0010800	Cmi10	Cpl28	Ler28	Loc22	Gga19	Xtr02
N0.HOG0010801	Cmi10	Cpl28	Ler28	Loc22	Gga19	Xtr02
N0.HOG0010802	Cmi10	Cpl28	Ler28	Loc22	Gga19	Xtr02
N0.HOG0010803	Cmi10	Cpl28	Ler28	Loc22	Gga19	Xtr02
N0.HOG0010804	Cmi10	Cpl23	Ler28	Loc22	Gga19	Xtr02
N0.HOG0010805	Cmi10	Cpl23	Ler28	Loc22		Xtr02
N0.HOG0010806	Cmi10	Cpl28	Ler28	Loc22	Gga19	Xtr02
N0.HOG0010807	Cmi10	Cpl28	Ler28	Loc05		Xtr09
N0.HOG0010808	Cmi10	Cpl28	Ler28	Loc22, Loc05		Xtr09
N0.HOG0010809	Cmi10	Cpl28	Ler28	Loc22	Gga19	Xtr02
N0.HOG0010810	Cmi10	Cpl28	Ler28	Loc22	Gga19	Xtr02
N0.HOG0010811	Cmi10	Cpl28	Ler28	Loc22	Gga19	Xtr02
N0.HOG0010812	Cmi10	Cpl28	Ler28	Loc22	Gga19	Xtr02
N0.HOG0010813	Cmi10	CplSca	Ler28	Loc22	Gga19	Xtr02
N0.HOG0010814	Cmi10	Cpl28	Ler28	Loc22	Gga19	Xtr02
N0.HOG0010815	Cmi10	Cpl28	Ler28	Loc22	Gga19	Xtr10
N0.HOG0010816	Cmi10	Cpl28	Ler28	Loc22	Gga19	Xtr02
N0.HOG0010817	Cmi10	Cpl28	Ler28	Loc22	Gga19	Xtr02
N0.HOG0010818	Cmi10	Cpl28	Ler28	Loc22	Gga19	Xtr02
N0.HOG0010819	Cmi10	Cpl28	Ler28	Loc22	Gga19	Xtr02
N0.HOG0010820	Cmi10	Cpl28	Ler28	Loc22	Gga19	Xtr02
N0.HOG0010821	Cmi10	Cpl28	Ler28	Loc22	Gga19	Xtr02
N0.HOG0010822	Cmi10	Cpl28	Ler28	Loc22	Gga19	Xtr02
N0.HOG0010823	Cmi10	Cpl28	Ler28	Loc22	Gga19	Xtr02
N0.HOG0010824	Cmi10	Cpl28	Ler28	Loc22	Gga19	Xtr02
N0.HOG0010825	Cmi10	Cpl28	Ler28	Loc26	Gga24	
N0.HOG0010826	Cmi10	Cpl28	Ler28	Loc22	Gga19	Xtr02
N0.HOG0010827	Cmi10	Cpl27	Ler26	Loc06	Gga23	Xtr02
N0.HOG0010828	Cmi10	Cpl27	Ler26	Loc06	Gga23	Xtr02
N0.HOG0010829	Cmi10	Cpl27	Ler26		Gga20	Xtr10
N0.HOG0010830	Cmi10	Cpl27		Loc06	Gga23	Xtr02
N0.HOG0010831	Cmi10	Cpl27	Ler26	Loc06	Gga23	Xtr02
N0.HOG0010832	Cmi10	Cpl27	Ler26	Loc06	Gga23	Xtr02
N0.HOG0010833	Cmi10	Cpl27	Ler26	Loc06	Gga23	Xtr02
N0.HOG0010834	Cmi10	Cpl27	Ler26	Loc06	Gga23	Xtr02
N0.HOG0010835	Cmi10	Cpl29	Ler26	Loc06	Gga23	Xtr02
N0.HOG0010836	Cmi10	Cpl29	Ler26	Loc06	Gga23	Xtr02
N0.HOG0010837	Cmi10	Cpl29	Ler26	Loc06	Gga23	Xtr02
N0.HOG0010838	Cmi10	Cpl27	Ler26	Loc06	Gga23	Xtr02
N0.HOG0010839	Cmi10	Cpl27	Ler26	Loc06	Gga23	Xtr02
N0.HOG0010840	Cmi10	Cpl27	Ler26	Loc01	Gga03	Xtr05
N0.HOG0010841	Cmi10	Cpl27	Ler26	Loc06	Gga23	Xtr02
N0.HOG0010842	Cmi10	Cpl27	Ler26	Loc06	Gga23	Xtr02
N0.HOG0010843	Cmi10	Cpl27	Ler26	Loc06	Gga23	Xtr02
N0.HOG0010844	Cmi10	Cpl27	Ler26	Loc06	Gga23	Xtr02
N0.HOG0010845	Cmi10	Cpl27	Ler26	Loc06	Gga23	Xtr02
N0.HOG0010846	Cmi10	Cpl27	Ler26	Loc03	Gga26	Xtr02
N0.HOG0010847	Cmi10	Cpl27	Ler26	Loc06	Gga23	Xtr06
N0.HOG0010848	Cmi10	Cpl27	Ler26	Loc06	Gga23	Xtr02
N0.HOG0010849	Cmi10	Cpl27	Ler26	Loc06	Gga23	Xtr02
N0.HOG0010850	Cmi10	Cpl27	Ler26	Loc06	Gga23	Xtr02
N0.HOG0010851	Cmi10	Cpl27	Ler26	Loc06	Gga23	Xtr02
N0.HOG0010852	Cmi10	Cpl27	Ler26	Loc06	Gga23	Xtr02
N0.HOG0010853	Cmi10	Cpl27	Ler26	Loc06	Gga23	Xtr02
N0.HOG0010854	Cmi10	Cpl27	Ler26	Loc06	Gga23	Xtr02
N0.HOG0010855	Cmi10	Cpl27	Ler26	Loc06	Gga23	Xtr02
N0.HOG0010856	Cmi10	Cpl27	Ler26	Loc06	Gga23	Xtr02
N0.HOG0010857	Cmi10	Cpl27	Ler26	Loc06	Gga23	Xtr02
N0.HOG0010858	Cmi10	Cpl27	Ler26	Loc06	Gga23	Xtr02
N0.HOG0010859	Cmi10	Cpl27	Ler26	LocSca	Gga23	Xtr02
N0.HOG0010860	Cmi10	Cpl27	Ler26	Loc06	Gga23	Xtr02
N0.HOG0010861	Cmi10	Cpl27	Ler26	Loc06	Gga23	Xtr02
N0.HOG0010862	Cmi10	Cpl27	Ler26	Loc06	Gga23	Xtr02
N0.HOG0010863	Cmi10	Cpl27	Ler26	Loc06	Gga23	Xtr02
N0.HOG0010864	Cmi10	Cpl27	Ler26	Loc06	Gga23	Xtr02
N0.HOG0010865	Cmi10	Cpl27	Ler26	Loc06	Gga23	Xtr02
N0.HOG0010866	Cmi10	Cpl27	Ler26	Loc06		Xtr10
N0.HOG0010867	Cmi10	Cpl27	Ler26	Loc06	Gga23	Xtr02
N0.HOG0010868	Cmi10	Cpl27	Ler26	Loc06	Gga23	Xtr02
N0.HOG0010869	Cmi10	Cpl27	Ler26	Loc06	Gga23	Xtr02
N0.HOG0010870	Cmi10	Cpl27	Ler26	Loc06	Gga23	Xtr02
N0.HOG0010871	Cmi10	Cpl27	Ler26	Loc06	Gga23	Xtr02
N0.HOG0010872	Cmi10	Cpl27	Ler26	Loc06	Gga23	Xtr02
N0.HOG0010873	Cmi10	Cpl27	Ler26	Loc06	Gga23	Xtr02
N0.HOG0010874	Cmi10	Cpl27, Cpl14		Loc06	Gga23	Xtr02
N0.HOG0010875	Cmi10	Cpl27	Ler26	Loc06	Gga23	Xtr02
N0.HOG0010876	Cmi10	Cpl27	Ler26	Loc06	Gga23	Xtr02
N0.HOG0010877	Cmi10	Cpl27	Ler26	Loc06	Gga23	Xtr02
N0.HOG0010878	Cmi10	Cpl27	Ler26	Loc06	Gga23	Xtr02
N0.HOG0010879	Cmi10	Cpl27	Ler26	Loc06	Gga23	Xtr02
N0.HOG0010880	Cmi10	Cpl27	Ler26	Loc06	Gga23	Xtr02
N0.HOG0010881	Cmi10	Cpl27	Ler26	Loc06	Gga23	Xtr02
N0.HOG0010882	Cmi10	Cpl27	Ler26	Loc06	Gga23	Xtr02
N0.HOG0010883	Cmi10	Cpl27	Ler26	Loc06	Gga23	Xtr02
N0.HOG0010884	Cmi10	Cpl27	Ler26	Loc06	Gga23	Xtr02
N0.HOG0010885	Cmi10	Cpl27	Ler26	Loc06	Gga23	Xtr02
N0.HOG0010886	Cmi10	Cpl27	Ler26	LocSca	Gga23	Xtr02
N0.HOG0010887	Cmi10	Cpl27	Ler26	Loc06	Gga23	Xtr02
N0.HOG0010888	Cmi10	Cpl27	Ler26	Loc06	Gga23	Xtr02
N0.HOG0010889	Cmi10	Cpl27	Ler26	Loc06	Gga23	Xtr02
N0.HOG0010890	Cmi10	Cpl27	Ler26	Loc06	Gga23	Xtr02
N0.HOG0010891	Cmi10	Cpl27	Ler26	Loc06	Gga23	Xtr02
N0.HOG0010892	Cmi10	Cpl27	Ler26	Loc06	Gga23	Xtr02
N0.HOG0010893	Cmi10	Cpl27	Ler26	Loc06	Gga23	Xtr02
N0.HOG0010894	Cmi10	Cpl27	Ler26	Loc06	Gga23	Xtr02
N0.HOG0010895	Cmi10	Cpl27	Ler26	Loc06	Gga23	Xtr02
N0.HOG0010896	Cmi10	Cpl27	Ler26	Loc06	Gga23	
N0.HOG0010897	Cmi10	Cpl27	Ler26	Loc06	Gga23	Xtr02
N0.HOG0010898	Cmi10	Cpl27	Ler26	Loc06	Gga23	Xtr02
N0.HOG0010899	Cmi10	Cpl27	Ler26	Loc06	Gga23	Xtr02
N0.HOG0010900	Cmi10	Cpl27	Ler26	Loc06	Gga23	Xtr02
N0.HOG0010901	Cmi10	Cpl27	Ler26	Loc06	Gga23	Xtr02
N0.HOG0010902	Cmi10	Cpl27	Ler26	Loc06	Gga23	Xtr02
N0.HOG0010903	Cmi10	Cpl27	Ler26	Loc06	Gga23	Xtr02
N0.HOG0010904	Cmi10	Cpl27	Ler26	Loc06	Gga23	Xtr02
N0.HOG0010905	Cmi10	Cpl27	Ler26	Loc06	Gga23	Xtr02
N0.HOG0010906	Cmi10	Cpl27	Ler26	Loc06	Gga23	Xtr02
N0.HOG0010907	Cmi10	Cpl27	Ler26	Loc06	Gga23	Xtr02
N0.HOG0010908	Cmi10	Cpl27	Ler26	Loc06	Gga23	Xtr02
N0.HOG0010909	Cmi10	Cpl27	Ler26	Loc06	Gga23	Xtr02
N0.HOG0010910	Cmi10	Cpl27	Ler26	Loc06	Gga23	Xtr02
N0.HOG0010911	Cmi10	Cpl27	Ler26	Loc06	Gga23	Xtr02
N0.HOG0010912	Cmi10	Cpl27	Ler26	Loc06	Gga23	Xtr02
N0.HOG0010913	Cmi10	Cpl27	Ler26	Loc06	Gga23	Xtr02
N0.HOG0010914	Cmi10	Cpl27	Ler26	Loc06	Gga23	Xtr02
N0.HOG0010915	Cmi10	Cpl27	Ler26	Loc06	Gga23	Xtr02
N0.HOG0010916	Cmi11	Cpl13	Ler14	Loc14	Gga09	Xtr05
N0.HOG0010917	Cmi11	Cpl13	Ler14	Loc14	Gga09	Xtr05
N0.HOG0010918	Cmi11	CplSca	Ler14	Loc14	Gga09	Xtr05
N0.HOG0010919	Cmi11	Cpl13	Ler14	Loc14	Gga09	Xtr05
N0.HOG0010920	Cmi11	Cpl13	Ler14	LocSca	Gga09	Xtr05
N0.HOG0010921	Cmi11	Cpl13	Ler14	Loc14	Gga09	Xtr05
N0.HOG0010922	Cmi11	Cpl13	Ler14	Loc14	Gga09	Xtr05
N0.HOG0010923	Cmi11	Cpl13	Ler14	Loc14	Gga09	Xtr05
N0.HOG0010924	Cmi11	Cpl13	Ler14	Loc14	Gga09	Xtr05
N0.HOG0010925	Cmi11	Cpl13	Ler14	Loc14	Gga09	Xtr05
N0.HOG0010926	Cmi11	Cpl13	Ler14	Loc14	Gga09	Xtr05
N0.HOG0010927	Cmi11	Cpl13	Ler14	Loc14	Gga09	Xtr05
N0.HOG0010928	Cmi11	Cpl13	Ler14	Loc14	Gga09	Xtr05
N0.HOG0010929	Cmi11	Cpl13	Ler14	Loc14	Gga09	Xtr05
N0.HOG0010930	Cmi11	Cpl13		Loc14		Xtr05
N0.HOG0010931	Cmi11	Cpl13	Ler14	Loc14	Gga09	Xtr05
N0.HOG0010932	Cmi11	Cpl13	Ler14	Loc14	Gga09	Xtr05
N0.HOG0010933	Cmi11	Cpl13	Ler14	Loc14	Gga09	Xtr05
N0.HOG0010934	Cmi11	Cpl13	Ler14	Loc14	Gga09	Xtr06
N0.HOG0010935	Cmi11	Cpl13	Ler14	Loc14	Gga09	Xtr05
N0.HOG0010936	Cmi11	Cpl13	Ler14	Loc14	Gga09	Xtr05
N0.HOG0010937	Cmi11	Cpl13	Ler14	Loc14	Gga09	Xtr05
N0.HOG0010938	Cmi11	Cpl13	Ler14	Loc14	Gga09	Xtr05
N0.HOG0010939	Cmi11	Cpl13	Ler14	Loc14	Gga09	Xtr05
N0.HOG0010940	Cmi11	Cpl13	Ler14	Loc14	Gga09	Xtr05
N0.HOG0010941	Cmi11	Cpl13	Ler14	Loc14	Gga09	Xtr05
N0.HOG0010942	Cmi11	Cpl13	Ler14	Loc14	Gga09	Xtr05
N0.HOG0010943	Cmi11	Cpl13	Ler14	Loc14	Gga09	Xtr05
N0.HOG0010944	Cmi11	Cpl13	Ler14	Loc14	Gga09	Xtr05
N0.HOG0010945	Cmi11	Cpl13	Ler14	Loc14	Gga09	Xtr05
N0.HOG0010946	Cmi11	Cpl13	Ler14	Loc14	Gga09	Xtr05
N0.HOG0010947	Cmi11	Cpl13	Ler14	Loc14	Gga09	Xtr05
N0.HOG0010948	Cmi11	Cpl13	Ler14	Loc14	Gga09	Xtr05
N0.HOG0010949	Cmi11	Cpl13	Ler14	Loc14	Gga09	Xtr05
N0.HOG0010950	Cmi11	Cpl13	Ler14	Loc14	Gga09	Xtr05
N0.HOG0010951	Cmi11	Cpl13	Ler14	Loc14	Gga09	Xtr05
N0.HOG0010952	Cmi11	Cpl13	Ler14	Loc14	Gga09	Xtr05
N0.HOG0010953	Cmi11	Cpl13	Ler14	Loc14	Gga09	Xtr05
N0.HOG0010954	Cmi11	Cpl13	Ler14	Loc14	Gga09	Xtr05
N0.HOG0010955	Cmi11	Cpl13	Ler14	Loc14	Gga09	Xtr05
N0.HOG0010956	Cmi11	Cpl13	Ler14	Loc14	Gga09	Xtr05
N0.HOG0010957	Cmi11	Cpl13	Ler14	Loc14	Gga09	Xtr05
N0.HOG0010958	Cmi11	Cpl13	Ler14	Loc14	Gga09	Xtr05
N0.HOG0010959	Cmi11	Cpl13	Ler14	Loc14	Gga09	Xtr05
N0.HOG0010960	Cmi11	Cpl13	Ler14	Loc14	Gga09	Xtr05
N0.HOG0010961	Cmi11	Cpl13	Ler14	Loc14	Gga09	Xtr05
N0.HOG0010962	Cmi11	Cpl13	Ler14	Loc14	Gga09	Xtr05
N0.HOG0010963	Cmi11	Cpl13	Ler14	Loc14	Gga09	Xtr05
N0.HOG0010964	Cmi11	Cpl13	Ler14	Loc14	Gga09	Xtr05
N0.HOG0010965	Cmi11	Cpl13	Ler14	Loc14	Gga09	Xtr05
N0.HOG0010966	Cmi11	Cpl13	Ler14	Loc14	Gga09	Xtr05
N0.HOG0010967	Cmi11	Cpl13	Ler14	Loc14	Gga09	Xtr05
N0.HOG0010968	Cmi11	Cpl13	Ler14	Loc14		Xtr02, Xtr05
N0.HOG0010969	Cmi11	Cpl13	Ler14	Loc14	Gga09	Xtr05
N0.HOG0010970	Cmi11	Cpl13	Ler14	Loc14	Gga09	Xtr05
N0.HOG0010971	Cmi11	Cpl13	Ler14	Loc14	Gga09	Xtr05
N0.HOG0010972	Cmi11	Cpl13	Ler14	Loc14	Gga09	Xtr05
N0.HOG0010973	Cmi11	Cpl13	Ler14	Loc14	Gga09	Xtr05
N0.HOG0010974	Cmi11	Cpl13	Ler14	Loc14	Gga09	Xtr05
N0.HOG0010975	Cmi11	Cpl13	Ler14	Loc14	Gga09	Xtr05
N0.HOG0010976	Cmi11	Cpl13	Ler14	Loc14	Gga09	Xtr05
N0.HOG0010977	Cmi11	Cpl13	Ler14	Loc14	Gga09	Xtr05
N0.HOG0010978	Cmi11	Cpl13	Ler14	Loc14	Gga09	Xtr05
N0.HOG0010979	Cmi11	Cpl13	Ler14	Loc14	Gga09	Xtr05
N0.HOG0010980	Cmi11	Cpl13	Ler14	Loc14	Gga09	Xtr05
N0.HOG0010981	Cmi11	Cpl13	Ler14	Loc14	Gga09	Xtr05
N0.HOG0010982	Cmi11	Cpl13	Ler14	Loc14	Gga09	Xtr05
N0.HOG0010983	Cmi11	Cpl13	Ler14	Loc14	Gga09	Xtr05
N0.HOG0010984	Cmi11	Cpl13	Ler14	Loc14	Gga09	Xtr05
N0.HOG0010985	Cmi11	Cpl13		Loc14	Gga09	Xtr05
N0.HOG0010986	Cmi11	Cpl13	Ler14	Loc14	Gga09	Xtr05
N0.HOG0010987	Cmi11	Cpl13	Ler14	Loc14	Gga09	Xtr05
N0.HOG0010988	Cmi11	Cpl13	Ler14	Loc14	Gga09	Xtr05
N0.HOG0010989	Cmi11	Cpl13	Ler14	Loc14	Gga09	Xtr02
N0.HOG0010990	Cmi11	Cpl13	Ler14	Loc14	Gga09	Xtr05
N0.HOG0010991	Cmi11	Cpl13	Ler14	Loc14	Gga09	Xtr05
N0.HOG0010992	Cmi11	Cpl13	Ler14	Loc14	Gga09	Xtr05
N0.HOG0010993	Cmi11	Cpl13	Ler14	Loc14	Gga09	Xtr05
N0.HOG0010994	Cmi11	Cpl13	Ler14	Loc14	Gga09	Xtr05
N0.HOG0010995	Cmi11	Cpl13	Ler14	Loc14	Gga09	Xtr05
N0.HOG0010996	Cmi11	Cpl13		Loc12		Xtr05
N0.HOG0010997	Cmi11	Cpl13	Ler14	Loc14	Gga09	Xtr05
N0.HOG0010998	Cmi11	Cpl13	Ler14	Loc14	Gga09	Xtr05
N0.HOG0010999	Cmi11	Cpl13	Ler14	Loc04	Gga04	Xtr01
N0.HOG0011000	Cmi11	Cpl13	Ler14	Loc14	Gga09	Xtr05
N0.HOG0011001	Cmi11	Cpl13		Loc14	Gga09	Xtr05
N0.HOG0011002	Cmi11	Cpl13	Ler14	Loc14	Gga09	Xtr05
N0.HOG0011003	Cmi11	Cpl13	Ler14	Loc14	Gga14	Xtr05
N0.HOG0011004	Cmi11	Cpl13	Ler14	Loc14	Gga09	Xtr05
N0.HOG0011005	Cmi11	Cpl13	Ler14	Loc14	Gga09	Xtr05
N0.HOG0011006	Cmi11	Cpl13	Ler14	Loc14	Gga09	Xtr05
N0.HOG0011007	Cmi11	Cpl48	LerSca	Loc02		Xtr03
N0.HOG0011008	Cmi11	Cpl13	Ler14	Loc14	Gga09	Xtr05
N0.HOG0011009	Cmi11	Cpl13	Ler14	Loc14	Gga09	Xtr05
N0.HOG0011010	Cmi11	Cpl13	Ler14	Loc14	Gga09	Xtr05
N0.HOG0011011	Cmi11	Cpl13	Ler14	Loc14	Gga09	Xtr05
N0.HOG0011012	Cmi11	Cpl13	Ler14	Loc14	Gga09	Xtr05
N0.HOG0011013	Cmi11	Cpl13	Ler14	Loc14	Gga09	Xtr05
N0.HOG0011014	Cmi11	Cpl13	Ler14	Loc14	Gga09	Xtr05
N0.HOG0011015	Cmi11	Cpl13	Ler14	Loc14	Gga09	Xtr05
N0.HOG0011016	Cmi11	Cpl13	Ler14	Loc14	Gga09	Xtr05
N0.HOG0011017	Cmi11	Cpl13	Ler14	Loc14	Gga09	Xtr05
N0.HOG0011018	Cmi11	Cpl13	Ler14	Loc14	Gga09	Xtr05
N0.HOG0011019	Cmi11	Cpl13	Ler14	Loc14	Gga09	Xtr05
N0.HOG0011020	Cmi11	Cpl13	Ler14	Loc14	Gga09	Xtr05
N0.HOG0011021	Cmi11	Cpl13	Ler14	Loc14	Gga09	Xtr05
N0.HOG0011022	Cmi11	Cpl13	Ler14	Loc14	Gga09	Xtr05
N0.HOG0011023	Cmi11	Cpl13	Ler14	Loc14	Gga09	Xtr05
N0.HOG0011024	Cmi11	Cpl13	Ler14	Loc14	Gga09	Xtr05
N0.HOG0011025	Cmi11	Cpl13	Ler14	Loc14	Gga09	Xtr05
N0.HOG0011026	Cmi11	Cpl13	Ler14	Loc14	Gga09	Xtr05
N0.HOG0011027	Cmi11	Cpl13	Ler14	Loc14	Gga09	Xtr05
N0.HOG0011028	Cmi11	Cpl13	Ler14	Loc14	Gga09	Xtr05
N0.HOG0011029	Cmi11	Cpl13	Ler14	Loc14	Gga09	Xtr05
N0.HOG0011030	Cmi11	Cpl13	Ler14	Loc14	Gga09	Xtr05
N0.HOG0011031	Cmi11	Cpl13	Ler14	Loc14	Gga09	Xtr05
N0.HOG0011032	Cmi11	Cpl13	Ler14	Loc14	Gga09	Xtr05
N0.HOG0011033	Cmi11	Cpl13	Ler14	Loc14	Gga09	Xtr05
N0.HOG0011034	Cmi11	Cpl13	Ler14	Loc14	Gga09	Xtr05
N0.HOG0011035	Cmi11	Cpl13	Ler14	Loc14	Gga09	Xtr05
N0.HOG0011036	Cmi11	Cpl13	Ler14	Loc14	Gga09	Xtr05
N0.HOG0011037	Cmi11	Cpl13	Ler14	Loc14	Gga09	Xtr05
N0.HOG0011038	Cmi11	Cpl13	Ler14	Loc14	Gga09	Xtr05
N0.HOG0011039	Cmi11	Cpl13	Ler14	Loc14	Gga09	Xtr05
N0.HOG0011040	Cmi11	Cpl13	Ler14	Loc14	Gga09	Xtr05
N0.HOG0011041	Cmi11	Cpl13	Ler14	Loc14	Gga09	Xtr05
N0.HOG0011042	Cmi11	Cpl13	Ler14	Loc14	Gga09	Xtr05
N0.HOG0011043	Cmi11	Cpl13	Ler14	Loc14	Gga09	Xtr05
N0.HOG0011044	Cmi11	Cpl13	Ler14	Loc14	Gga09	Xtr05
N0.HOG0011045	Cmi11	Cpl13	Ler14	Loc14	Gga09	Xtr05
N0.HOG0011046	Cmi11	Cpl13	Ler14	Loc14	Gga09	Xtr05
N0.HOG0011047	Cmi11	Cpl13	Ler14	Loc14	Gga09	Xtr05
N0.HOG0011048	Cmi11	Cpl13	Ler14	Loc14	Gga09	Xtr05
N0.HOG0011049	Cmi11	Cpl13	Ler14	Loc14	Gga09	Xtr05
N0.HOG0011050	Cmi11	Cpl13	Ler14	Loc14	Gga09	Xtr05
N0.HOG0011051	Cmi11	Cpl13	Ler14	Loc14	Gga09	Xtr05
N0.HOG0011052	Cmi11	Cpl13	Ler14	Loc14	Gga09	Xtr05
N0.HOG0011053	Cmi11	Cpl13	Ler14	Loc14	Gga09	Xtr05
N0.HOG0011054	Cmi11	Cpl13	Ler14	Loc14	Gga09	Xtr05
N0.HOG0011055	Cmi11	Cpl13	Ler14	Loc14	Gga09	Xtr05
N0.HOG0011056	Cmi11	Cpl13	Ler14	Loc14	Gga09	Xtr05
N0.HOG0011057	Cmi11	Cpl13	Ler14	Loc14	Gga09	Xtr05
N0.HOG0011058	Cmi11	Cpl13	Ler14	Loc14	Gga09	Xtr05
N0.HOG0011059	Cmi11	Cpl13	Ler14	Loc14	Gga09	Xtr05
N0.HOG0011060	Cmi11	Cpl13	Ler14	Loc14	Gga09	Xtr05
N0.HOG0011061	Cmi11	Cpl13	Ler14	Loc14	Gga09	Xtr05
N0.HOG0011062	Cmi11	Cpl13	Ler14	Loc14	Gga09	Xtr05
N0.HOG0011063	Cmi11	Cpl13	Ler14	Loc14	Gga09	Xtr05
N0.HOG0011064	Cmi11	Cpl13	Ler14	Loc14	Gga09	Xtr05
N0.HOG0011065	Cmi11	Cpl13	Ler14		Gga09	Xtr05
N0.HOG0011066	Cmi11	Cpl13	Ler14	Loc14	Gga09	Xtr05
N0.HOG0011067	Cmi11	Cpl13	Ler14	Loc14	Gga09	Xtr05
N0.HOG0011068	Cmi11	Cpl13	Ler14	Loc14	Gga09	Xtr05
N0.HOG0011069	Cmi11	Cpl13	Ler14	Loc14	Gga09	Xtr05
N0.HOG0011070	Cmi11	Cpl13	Ler14	Loc14	Gga09	Xtr05
N0.HOG0011071	Cmi11	CplSca	Ler14	Loc14	Gga09	Xtr05
N0.HOG0011072	Cmi11	Cpl13	Ler14	Loc14	Gga09	Xtr05
N0.HOG0011073	Cmi11	Cpl13	Ler14	Loc14	Gga09	Xtr05
N0.HOG0011074	Cmi11	Cpl13	Ler14	Loc14	Gga09	Xtr05
N0.HOG0011075	Cmi11	Cpl13	Ler14	Loc14	Gga09	Xtr05
N0.HOG0011076	Cmi11	Cpl13	Ler14	Loc14	Gga09	Xtr05
N0.HOG0011077	Cmi11	Cpl13	Ler14	Loc14	Gga09	Xtr05
N0.HOG0011078	Cmi11	Cpl13	Ler14	Loc14	Gga09	Xtr05
N0.HOG0011079	Cmi11	Cpl13	Ler14	Loc14	Gga09	Xtr05
N0.HOG0011080	Cmi11	Cpl13	Ler14	Loc14	Gga09	Xtr05
N0.HOG0011081	Cmi11	Cpl13	Ler14	Loc14	Gga09	Xtr05
N0.HOG0011082	Cmi11	Cpl13	Ler14	Loc14	Gga09	Xtr05
N0.HOG0011083	Cmi12	Cpl18	Ler16	Loc05	Gga12	Xtr04
N0.HOG0011084	Cmi12	Cpl18	Ler16	Loc05	Gga12	Xtr04
N0.HOG0011085	Cmi12	Cpl18	Ler16	Loc05	Gga12	Xtr04
N0.HOG0011086	Cmi12	Cpl18	Ler16	Loc05	Gga12	Xtr04
N0.HOG0011087	Cmi12	Cpl18	Ler16	Loc05	Gga12	Xtr04
N0.HOG0011088	Cmi12	Cpl18	Ler16	Loc05	Gga12	Xtr04
N0.HOG0011089	Cmi12	Cpl18	Ler16	Loc05	Gga12	Xtr04
N0.HOG0011090	Cmi12	CplSca	Ler16	Loc05	Gga12	Xtr04
N0.HOG0011091	Cmi12	Cpl18	Ler16	Loc05	Gga12	Xtr04
N0.HOG0011092	Cmi12	Cpl18	Ler16	Loc05	Gga12	Xtr04
N0.HOG0011093	Cmi12	Cpl18	Ler16	Loc05	Gga12	Xtr04
N0.HOG0011094	Cmi12	Cpl18	Ler16	Loc05	Gga12	Xtr04
N0.HOG0011095	Cmi12	Cpl18	Ler16	Loc05	Gga12	Xtr04
N0.HOG0011096	Cmi12			Loc05, Loc01	Gga12	Xtr08, Xtr04
N0.HOG0011097	Cmi12	Cpl18	Ler16	Loc05	Gga12	Xtr04
N0.HOG0011098	Cmi12	Cpl18	Ler16	Loc05	Gga12	Xtr04
N0.HOG0011099	Cmi12	Cpl18	Ler16	Loc05	Gga12	Xtr04
N0.HOG0011100	Cmi12	Cpl18	Ler16	Loc05	Gga12	Xtr04
N0.HOG0011101	Cmi12	Cpl18	Ler16	Loc05	Gga12	Xtr04
N0.HOG0011102	Cmi12	Cpl18	Ler16	Loc05	Gga12	Xtr04
N0.HOG0011103	Cmi12	Cpl18	Ler16	Loc05	Gga12	Xtr04
N0.HOG0011104	Cmi12	Cpl18	Ler16	Loc05	Gga12	Xtr04
N0.HOG0011105	Cmi12	Cpl18	Ler16	Loc05	Gga12	Xtr04
N0.HOG0011106	Cmi12	Cpl18	Ler16	Loc05	Gga12	Xtr04
N0.HOG0011107	Cmi12	Cpl18	Ler16	Loc05	Gga12	Xtr04
N0.HOG0011108	Cmi12	Cpl18		Loc03, Loc05	Gga12	Xtr04
N0.HOG0011109	Cmi12	Cpl18	Ler16	Loc05	Gga12	Xtr04
N0.HOG0011110	Cmi12	Cpl18	Ler16	Loc05	Gga12	Xtr04
N0.HOG0011111	Cmi12	Cpl18	Ler16	Loc05	Gga12	Xtr04
N0.HOG0011112	Cmi12	Cpl18	Ler16	Loc05	Gga12	Xtr04
N0.HOG0011113	Cmi12	Cpl18	Ler16	Loc05	Gga12	Xtr04
N0.HOG0011114	Cmi12	Cpl18	Ler16	Loc05	Gga12	Xtr04
N0.HOG0011115	Cmi12	CplSca	Ler16	Loc05	Gga12	Xtr04
N0.HOG0011116	Cmi12	Cpl18	Ler16	Loc05	Gga12	Xtr04
N0.HOG0011117	Cmi12	Cpl18	Ler16	Loc05	Gga12	Xtr04
N0.HOG0011118	Cmi12	Cpl18	Ler16	Loc05	Gga12	Xtr04
N0.HOG0011119	Cmi12	Cpl18	Ler16	Loc05	Gga12	Xtr04
N0.HOG0011120	Cmi12	Cpl18	Ler16	Loc05	Gga12	Xtr04
N0.HOG0011121	Cmi12	Cpl18	Ler16	Loc05	Gga12	Xtr04
N0.HOG0011122	Cmi12	Cpl18	Ler16	Loc05	Gga12	Xtr04
N0.HOG0011123	Cmi12	Cpl18	Ler16	Loc05	Gga12	Xtr04
N0.HOG0011124	Cmi12	Cpl18	Ler16	Loc05	Gga12	Xtr04
N0.HOG0011125	Cmi12	Cpl18	Ler16	Loc05	Gga12	Xtr04
N0.HOG0011126	Cmi12	Cpl18	Ler16	Loc05	Gga12	Xtr04
N0.HOG0011127	Cmi12	Cpl18	Ler16	Loc05	Gga12	Xtr04
N0.HOG0011128	Cmi12	Cpl18	Ler16	Loc05	Gga12	Xtr04
N0.HOG0011129	Cmi12	Cpl18	Ler16	Loc05	Gga12	Xtr04
N0.HOG0011130	Cmi12	Cpl18	Ler16	Loc05	Gga12	Xtr04
N0.HOG0011131	Cmi12	Cpl18	Ler16	Loc05	Gga12	Xtr04
N0.HOG0011132	Cmi12	Cpl18	Ler16	Loc05	Gga12	Xtr04
N0.HOG0011133	Cmi12	Cpl18	Ler16	Loc05	Gga12	Xtr04
N0.HOG0011134	Cmi12	Cpl18	Ler16	Loc05	Gga12	Xtr04
N0.HOG0011135	Cmi12	Cpl18	Ler16	Loc05	Gga12	Xtr04
N0.HOG0011136	Cmi12	Cpl18	Ler16	Loc05	Gga12	Xtr04
N0.HOG0011137	Cmi12	Cpl18	Ler16	Loc05	Gga12	Xtr04
N0.HOG0011138	Cmi12	Cpl18	Ler16	Loc05	Gga12	Xtr04
N0.HOG0011139	Cmi12	Cpl18	Ler16	Loc05	Gga12	Xtr04
N0.HOG0011140	Cmi12	Cpl18	Ler16	Loc05	Gga12	Xtr04
N0.HOG0011141	Cmi12	Cpl18	Ler16	Loc05	Gga12	Xtr04
N0.HOG0011142	Cmi12	Cpl18	Ler16	Loc05	Gga12	Xtr04
N0.HOG0011143	Cmi12	Cpl18	Ler16	Loc05	Gga12	Xtr04
N0.HOG0011144	Cmi12	Cpl18	Ler16	Loc05	Gga12	Xtr04
N0.HOG0011145	Cmi12	Cpl18	Ler16	Loc05	Gga12	Xtr04
N0.HOG0011146	Cmi12	Cpl18	Ler16	Loc05		
N0.HOG0011147	Cmi12	Cpl18	Ler16	Loc05	Gga12	Xtr04
N0.HOG0011148	Cmi12	Cpl18	Ler16	Loc05	Gga12	Xtr04
N0.HOG0011149	Cmi12	Cpl18	Ler16	Loc05	Gga12	Xtr04
N0.HOG0011150	Cmi12	Cpl18	Ler16	Loc05	Gga12	Xtr04
N0.HOG0011151	Cmi12	Cpl18	Ler16	Loc05	Gga12	Xtr04
N0.HOG0011152	Cmi12	Cpl18	Ler16	Loc05	Gga12	Xtr04
N0.HOG0011153	Cmi12	Cpl18	Ler16	Loc05	Gga12	Xtr04
N0.HOG0011154	Cmi12	Cpl18	Ler16	Loc05	Gga12	Xtr04
N0.HOG0011155	Cmi12	Cpl18	Ler16	Loc05	Gga12	Xtr04
N0.HOG0011156	Cmi12	Cpl18	Ler16	Loc05	Gga12	Xtr04
N0.HOG0011157	Cmi12	Cpl18	Ler16	Loc05	Gga12	Xtr04
N0.HOG0011158	Cmi12	Cpl18	Ler16	Loc05	Gga12	Xtr04
N0.HOG0011159	Cmi12	Cpl18	Ler16	Loc05	Gga12	Xtr04
N0.HOG0011160	Cmi12	Cpl22	Ler16	Loc05	Gga12	Xtr04
N0.HOG0011161	Cmi12	Cpl22	Ler16	Loc05	Gga12	Xtr04
N0.HOG0011162	Cmi12	Cpl18	Ler16	LocSca	Gga12	Xtr04
N0.HOG0011163	Cmi12	Cpl18	Ler16	Loc05	Gga12	Xtr04
N0.HOG0011164	Cmi12	Cpl18	Ler16	Loc05	Gga12	Xtr04
N0.HOG0011165	Cmi12	Cpl18	Ler16	Loc06	Gga13	Xtr03
N0.HOG0011166	Cmi12	Cpl18	Ler16		Gga12	Xtr04
N0.HOG0011167	Cmi12	Cpl18	Ler16	Loc05	Gga12	Xtr04
N0.HOG0011168	Cmi12	Cpl18	Ler16	Loc05	Gga12	Xtr04
N0.HOG0011169	Cmi12	Cpl18	Ler16	Loc05	Gga12	Xtr04
N0.HOG0011170	Cmi12	Cpl18	Ler16	Loc05	Gga12	Xtr04
N0.HOG0011171	Cmi12	Cpl18	Ler16	Loc05	Gga12	Xtr04
N0.HOG0011172	Cmi12	Cpl18	Ler16		Gga12	Xtr04
N0.HOG0011173	Cmi12	Cpl18	Ler16	Loc05	Gga12	Xtr04
N0.HOG0011174	Cmi12	Cpl18	Ler16	Loc05	Gga12	Xtr04
N0.HOG0011175	Cmi12	Cpl18	Ler16	Loc05	Gga12	Xtr04
N0.HOG0011176	Cmi12	Cpl18	Ler16	Loc05	Gga12	Xtr04
N0.HOG0011177	Cmi12	Cpl18	Ler16	Loc05	Gga12	Xtr04
N0.HOG0011178	Cmi12	Cpl18	Ler16	Loc05	Gga12	Xtr04
N0.HOG0011179	Cmi12	Cpl18	Ler16	Loc05	Gga12	Xtr04
N0.HOG0011180	Cmi12	Cpl18	Ler16	Loc05	Gga12	Xtr04
N0.HOG0011181	Cmi12	Cpl18	Ler16	Loc05	Gga12	Xtr04
N0.HOG0011182	Cmi12	Cpl18	Ler16	Loc05		Xtr04
N0.HOG0011183	Cmi12	Cpl18	Ler16	Loc05	Gga12	Xtr04
N0.HOG0011184	Cmi12		Ler16	Loc05, Loc01	Gga12	Xtr04
N0.HOG0011185	Cmi12	Cpl18	Ler16	Loc05	Gga12	Xtr04
N0.HOG0011186	Cmi12	Cpl18	Ler16	Loc05	Gga12	Xtr04
N0.HOG0011187	Cmi12	Cpl18	Ler16	Loc05	Gga12	Xtr04
N0.HOG0011188	Cmi12	Cpl18	Ler16	Loc05	Gga12	Xtr04
N0.HOG0011189	Cmi12	Cpl18	Ler16	Loc05	Gga12	Xtr04
N0.HOG0011190	Cmi12	Cpl18	Ler16	Loc05	Gga12	Xtr04
N0.HOG0011191	Cmi12	Cpl18	Ler16	Loc05	Gga12	Xtr04
N0.HOG0011192	Cmi12	Cpl18	Ler16	Loc05	Gga12	Xtr04
N0.HOG0011193	Cmi12	Cpl18	Ler16	Loc05	Gga12	Xtr04
N0.HOG0011194	Cmi12	Cpl18	Ler16	Loc05	Gga12	Xtr04
N0.HOG0011195	Cmi12	Cpl18	Ler16	Loc05	Gga12	Xtr04
N0.HOG0011196	Cmi12	Cpl18	Ler16	Loc05	Gga12	Xtr04
N0.HOG0011197	Cmi12	Cpl18	Ler16	Loc05	Gga12	Xtr04
N0.HOG0011198	Cmi12	Cpl18	Ler16	Loc05	Gga12	Xtr04
N0.HOG0011199	Cmi12	Cpl18	Ler16	Loc05	Gga12	Xtr04
N0.HOG0011200	Cmi12	Cpl18	Ler16	Loc05	Gga12	Xtr04
N0.HOG0011201	Cmi12	Cpl18	Ler16	Loc05	Gga12	Xtr04
N0.HOG0011202	Cmi12	Cpl18	Ler16	Loc05	Gga12	Xtr04
N0.HOG0011203	Cmi12	Cpl18	Ler16	Loc05	Gga12	Xtr04
N0.HOG0011204	Cmi12	Cpl18	Ler16	Loc05	Gga12	Xtr04
N0.HOG0011205	Cmi12	Cpl18	Ler16	Loc05	Gga12	Xtr04
N0.HOG0011206	Cmi12	Cpl18	Ler16	Loc05	Gga12	Xtr04
N0.HOG0011207	Cmi12	Cpl18	Ler16	Loc05	Gga12	Xtr04
N0.HOG0011208	Cmi12	Cpl18	Ler16	Loc05	Gga12	Xtr04
N0.HOG0011209	Cmi12	Cpl18	Ler16	Loc05	Gga12	Xtr04
N0.HOG0011210	Cmi12	Cpl18	Ler16	Loc05	Gga12	Xtr04
N0.HOG0011211	Cmi12	Cpl18	Ler16	Loc05	Gga12	Xtr04
N0.HOG0011212	Cmi12	Cpl22	Ler16	Loc05	Gga12	Xtr04
N0.HOG0011213	Cmi12	Cpl18	Ler16	Loc05	Gga12	Xtr04
N0.HOG0011214	Cmi12	Cpl18	Ler16	Loc05	Gga12	Xtr04
N0.HOG0011215	Cmi12	Cpl18	Ler16	Loc05	Gga12	Xtr04
N0.HOG0011216	Cmi12	Cpl18	Ler16	Loc05	Gga12	Xtr04
N0.HOG0011217	Cmi12	Cpl18	Ler16	Loc05	Gga12	Xtr04
N0.HOG0011218	Cmi12	Cpl18	Ler16	Loc05	Gga12	Xtr04
N0.HOG0011219	Cmi12	Cpl18	Ler16	Loc05	Gga12	Xtr04
N0.HOG0011220	Cmi12	Cpl18	Ler16	Loc05	Gga12	Xtr04
N0.HOG0011221	Cmi12	Cpl18	Ler16	Loc05	Gga12	Xtr04
N0.HOG0011222	Cmi12	CplSca		Loc23, Loc05	Gga12	Xtr04
N0.HOG0011223	Cmi12	Cpl18	Ler16	Loc05	Gga03	Xtr04
N0.HOG0011224	Cmi12	Cpl18	Ler16	Loc05	Gga12	Xtr04
N0.HOG0011225	Cmi12	Cpl18	Ler16	Loc05	Gga12	Xtr04
N0.HOG0011226	Cmi12	Cpl18	Ler16	Loc05	Gga12	Xtr04
N0.HOG0011227	Cmi12	Cpl18	Ler16	Loc05	Gga12	Xtr04
N0.HOG0011228	Cmi12	Cpl18	Ler16	Loc05	Gga12	Xtr04
N0.HOG0011229	Cmi12	Cpl18	Ler16	Loc05	Gga12	Xtr04
N0.HOG0011230	Cmi12	Cpl18	Ler16	Loc05	Gga12	Xtr04
N0.HOG0011231	Cmi12	Cpl18	Ler04	Loc05	Gga12	Xtr04
N0.HOG0011232	Cmi12	Cpl18	Ler16	Loc05	Gga12	Xtr04
N0.HOG0011233	Cmi12	Cpl18	Ler16	Loc05	Gga12	Xtr04
N0.HOG0011234	Cmi12	Cpl18	Ler16	Loc05	Gga12	Xtr04
N0.HOG0011235	Cmi12	Cpl18	Ler16	Loc05	Gga12	Xtr04
N0.HOG0011236	Cmi12	Cpl18	Ler16	Loc05	Gga12	Xtr04
N0.HOG0011237	Cmi12	Cpl18	Ler16	Loc05	Gga12	Xtr04
N0.HOG0011238	Cmi12	Cpl18	Ler16	Loc05	Gga12	Xtr04
N0.HOG0011239	Cmi12	Cpl18	Ler16	Loc05	Gga12	Xtr04
N0.HOG0011240	Cmi12	Cpl18	Ler16	Loc05	Gga12	Xtr04
N0.HOG0011241	Cmi12	Cpl18	Ler16	Loc05	Gga12	Xtr04
N0.HOG0011242	Cmi12	Cpl18	Ler16	Loc05	Gga12	Xtr04
N0.HOG0011243	Cmi12	Cpl18	Ler16	Loc05	Gga12	Xtr04
N0.HOG0011244	Cmi12	Cpl18	Ler16	Loc05	Gga12	Xtr04
N0.HOG0011245	Cmi12	Cpl18	Ler16	Loc05	Gga12	Xtr04
N0.HOG0011246	Cmi12	Cpl18	Ler16	Loc05	Gga12	Xtr04
N0.HOG0011247	Cmi12	Cpl18	Ler16	Loc05	Gga12	Xtr04
N0.HOG0011248	Cmi12	Cpl18	Ler16	Loc05	Gga12	Xtr04
N0.HOG0011249	Cmi12	Cpl18	Ler16	Loc05	Gga12	Xtr04
N0.HOG0011250	Cmi12	Cpl18	Ler16	Loc05	Gga12	Xtr04
N0.HOG0011251	Cmi12	Cpl18	Ler16	Loc05	Gga12	Xtr04
N0.HOG0011252	Cmi12	Cpl18	Ler16	Loc05	Gga12	Xtr04
N0.HOG0011253	Cmi12	Cpl18	Ler16	Loc05	Gga12	Xtr04
N0.HOG0011254	Cmi13	Cpl14	Ler11	Loc06	Gga13	Xtr03
N0.HOG0011255	Cmi13	Cpl14	Ler11	Loc06	Gga13	Xtr03
N0.HOG0011256	Cmi13	Cpl14	Ler11			
N0.HOG0011257	Cmi13	Cpl14	Ler11	Loc06	Gga13	Xtr03
N0.HOG0011258	Cmi13	Cpl14	Ler11	Loc06	Gga13	Xtr03
N0.HOG0011259	Cmi13	Cpl14	Ler11	Loc06	Gga13	Xtr03
N0.HOG0011260	Cmi13	Cpl14	Ler11	Loc06	Gga13	Xtr03
N0.HOG0011261	Cmi13	Cpl14	Ler11	Loc06	Gga13	Xtr03
N0.HOG0011262	Cmi13	Cpl14	Ler11	Loc06	Gga13	Xtr03
N0.HOG0011263	Cmi13	Cpl14	Ler11	Loc06	Gga13	Xtr03
N0.HOG0011264	Cmi13	Cpl14	Ler11	Loc06	Gga13	Xtr03
N0.HOG0011265	Cmi13	Cpl14	Ler11	Loc06	Gga13	Xtr03
N0.HOG0011266	Cmi13	Cpl14	Ler11	Loc06	Gga13	Xtr03
N0.HOG0011267	Cmi13	Cpl14	Ler11	Loc06	Gga13	Xtr03
N0.HOG0011268	Cmi13	Cpl14	Ler11	Loc06	Gga13	Xtr03
N0.HOG0011269	Cmi13	Cpl14	Ler11	Loc06	Gga13	Xtr03
N0.HOG0011270	Cmi13	Cpl14	Ler11	Loc06	Gga13	Xtr03
N0.HOG0011271	Cmi13	Cpl14	Ler11	Loc06	Gga13	Xtr03
N0.HOG0011272	Cmi13	Cpl14	Ler11	Loc06	Gga13	Xtr03
N0.HOG0011273	Cmi13	Cpl14	Ler11	Loc04	Gga04	Xtr01
N0.HOG0011274	Cmi13	Cpl14	Ler11	Loc06	Gga13	Xtr03
N0.HOG0011275	Cmi13	CplSca	Ler11	Loc06	Gga13	Xtr03
N0.HOG0011276	Cmi13	Cpl14	Ler11	Loc06	Gga13	Xtr03
N0.HOG0011277	Cmi13	Cpl14	Ler11	Loc06	Gga13	Xtr03
N0.HOG0011278	Cmi13	Cpl14	Ler11	Loc06	Gga13	Xtr03
N0.HOG0011279	Cmi13	Cpl14	Ler11	Loc06	Gga13	Xtr03
N0.HOG0011280	Cmi13	Cpl14	Ler11	Loc06	Gga13	Xtr03
N0.HOG0011281	Cmi13	Cpl14	Ler11	Loc06	Gga13	Xtr03
N0.HOG0011282	Cmi13	Cpl14	Ler11	Loc06	Gga13	Xtr03
N0.HOG0011283	Cmi13	Cpl14	Ler11	Loc06	Gga13	Xtr03
N0.HOG0011284	Cmi13	Cpl14	Ler11	Loc06	Gga13	Xtr03
N0.HOG0011285	Cmi13	Cpl14	Ler11	Loc06	Gga13	Xtr03
N0.HOG0011286	Cmi13	Cpl14	Ler11	Loc06	Gga13	Xtr03
N0.HOG0011287	Cmi13	Cpl14	Ler11	Loc06	Gga13	Xtr03
N0.HOG0011288	Cmi13	Cpl14	Ler11	Loc06	Gga13	Xtr03
N0.HOG0011289	Cmi13	Cpl14	Ler11	Loc06	Gga13	Xtr03
N0.HOG0011290	Cmi13	Cpl14	Ler11	Loc06	Gga13	Xtr03
N0.HOG0011291	Cmi13	Cpl14	Ler11	Loc06	Gga13	Xtr03
N0.HOG0011292	Cmi13	Cpl14	Ler11	Loc06	Gga13	Xtr03
N0.HOG0011293	Cmi13	Cpl14	Ler11	Loc06	Gga13	Xtr03
N0.HOG0011294	Cmi13	Cpl14	Ler11	Loc06	Gga13	Xtr03
N0.HOG0011295	Cmi13	Cpl14	Ler11	Loc06	Gga13	Xtr03
N0.HOG0011296	Cmi13	Cpl14	Ler11	Loc06	Gga13	Xtr03
N0.HOG0011297	Cmi13	Cpl14	Ler11	Loc06	Gga13	Xtr03
N0.HOG0011298	Cmi13	Cpl14	Ler11	Loc06	Gga13	Xtr03
N0.HOG0011299	Cmi13	Cpl14	Ler11	Loc06	Gga13	Xtr03
N0.HOG0011300	Cmi13	Cpl14	Ler11	Loc06	Gga13	Xtr03
N0.HOG0011301	Cmi13	Cpl14	Ler11	Loc06	Gga13	
N0.HOG0011302	Cmi13	Cpl14	Ler11	Loc06	Gga13	Xtr03
N0.HOG0011303	Cmi13	Cpl14	Ler11	Loc06	Gga13	Xtr03
N0.HOG0011304	Cmi13	Cpl14	Ler11	Loc06	Gga13	Xtr03
N0.HOG0011305	Cmi13	CplSca	Ler11	Loc06	Gga13	Xtr03
N0.HOG0011306	Cmi13	Cpl14	Ler11	Loc06	Gga13	Xtr03
N0.HOG0011307	Cmi13	Cpl14	Ler11	Loc06	Gga13	Xtr04
N0.HOG0011308	Cmi13	Cpl14	Ler11	Loc06	Gga13	Xtr03
N0.HOG0011309	Cmi13	Cpl14	Ler11	Loc06	Gga13	Xtr03
N0.HOG0011310	Cmi13	Cpl14	Ler11	Loc06	Gga13	Xtr03
N0.HOG0011311	Cmi13	Cpl14	Ler11	Loc06	Gga13	Xtr03
N0.HOG0011312	Cmi13	Cpl14	Ler11	Loc06	Gga13	Xtr03
N0.HOG0011313	Cmi13	Cpl14	Ler11	Loc06	Gga13	Xtr03
N0.HOG0011314	Cmi13	Cpl14	Ler11	Loc06	Gga13	Xtr03
N0.HOG0011315	Cmi13	Cpl14	Ler11	Loc06	Gga13	Xtr03
N0.HOG0011316	Cmi13	Cpl14	Ler11	Loc06	Gga13	Xtr03
N0.HOG0011317	Cmi13	Cpl14	Ler11	Loc06	Gga13	Xtr03
N0.HOG0011318	Cmi13	Cpl14	Ler11	Loc06	Gga13	Xtr03
N0.HOG0011319	Cmi13	Cpl14	Ler11	Loc06	Gga13	Xtr03
N0.HOG0011320	Cmi13	Cpl14	Ler11	Loc06	Gga13	Xtr08
N0.HOG0011321	Cmi13	Cpl14	Ler11	Loc06	Gga13	Xtr03
N0.HOG0011322	Cmi13	Cpl14	Ler11	Loc06	Gga13	Xtr03
N0.HOG0011323	Cmi13	Cpl14	Ler11	Loc06	Gga13	Xtr03
N0.HOG0011324	Cmi13	Cpl14	Ler11	Loc06	Gga13	Xtr03
N0.HOG0011325	Cmi13	Cpl14	Ler11	Loc06	Gga13	Xtr03
N0.HOG0011326	Cmi13	Cpl14	Ler11	Loc06	Gga13	Xtr03
N0.HOG0011327	Cmi13	Cpl14	Ler11	Loc06	Gga13	Xtr03
N0.HOG0011328	Cmi13	Cpl14	Ler11	Loc06	Gga13	Xtr03
N0.HOG0011329	Cmi13	Cpl14	Ler11	Loc06	Gga13	Xtr03
N0.HOG0011330	Cmi13	Cpl14	Ler11	Loc06	Gga13	Xtr03
N0.HOG0011331	CmiSca			Loc24		
N0.HOG0011332	Cmi13	Cpl14		Loc06		
N0.HOG0011333	Cmi13	Cpl14	Ler11	Loc06	Gga13	Xtr03
N0.HOG0011334	Cmi13	Cpl14	Ler11	Loc06	Gga13	Xtr03
N0.HOG0011335	Cmi13	Cpl14	Ler11	Loc06	Gga13	Xtr03
N0.HOG0011336	Cmi13	Cpl14	Ler11	Loc06	Gga13	Xtr03
N0.HOG0011337	Cmi13	Cpl14	Ler11	Loc06	Gga13	Xtr03
N0.HOG0011338	Cmi13	Cpl14	Ler11	Loc06	Gga13	Xtr03
N0.HOG0011339	Cmi13	Cpl14	Ler11	Loc06	Gga13	Xtr03
N0.HOG0011340	Cmi13	Cpl14	Ler11	Loc06	Gga13	Xtr03
N0.HOG0011341	Cmi13	Cpl14	Ler11	Loc06	Gga13	Xtr03
N0.HOG0011342	Cmi13	Cpl14	Ler11	Loc06	Gga13	Xtr03
N0.HOG0011343	Cmi13	Cpl14	Ler11	Loc06	Gga13	Xtr03
N0.HOG0011344	Cmi13	Cpl14	Ler11	Loc06	Gga13	Xtr03
N0.HOG0011345	Cmi13	Cpl14	Ler11	Loc06	Gga13	Xtr03
N0.HOG0011346	Cmi13	Cpl14	Ler11	Loc06	Gga13	Xtr03
N0.HOG0011347	Cmi13	Cpl14	Ler11	Loc06	Gga13	Xtr03
N0.HOG0011348	Cmi13	Cpl14	Ler11	Loc06	Gga13	Xtr03
N0.HOG0011349	Cmi13	Cpl20	Ler11	Loc06	Gga13	Xtr03
N0.HOG0011350	Cmi13	Cpl14	Ler11	Loc06	Gga13	Xtr03
N0.HOG0011351	Cmi13	Cpl14	Ler11	Loc06	Gga13	Xtr03
N0.HOG0011352	Cmi13	Cpl14	Ler11	Loc06	Gga13	Xtr03
N0.HOG0011353	Cmi13	Cpl14	Ler11	Loc06	Gga13	Xtr03
N0.HOG0011354	Cmi13	Cpl14	Ler11	Loc06	Gga13	Xtr03
N0.HOG0011355	Cmi13	Cpl14	Ler11	Loc06	Gga13	Xtr03
N0.HOG0011356	Cmi13	Cpl14	Ler11	Loc06	Gga13	Xtr03
N0.HOG0011357	Cmi13	Cpl14	Ler11	Loc06	Gga13	Xtr03
N0.HOG0011358	Cmi13	Cpl14	Ler11	Loc06	Gga13	Xtr03
N0.HOG0011359	Cmi13	Cpl14	Ler11	Loc06	Gga13	Xtr03
N0.HOG0011360	Cmi13	Cpl14	Ler11	Loc06	Gga13	Xtr03
N0.HOG0011361	Cmi13	Cpl14	Ler11	Loc06	Gga13	Xtr03
N0.HOG0011362	Cmi13	Cpl14	Ler11	Loc06	Gga13	Xtr03
N0.HOG0011363	Cmi13	Cpl14	Ler11	Loc06	Gga13	Xtr03
N0.HOG0011364	Cmi13	Cpl14	Ler11	Loc06	Gga13	Xtr03
N0.HOG0011365	Cmi13	Cpl14	Ler11	Loc06	Gga13	Xtr03
N0.HOG0011366	Cmi13	Cpl14	Ler11	Loc06	Gga13	Xtr03
N0.HOG0011367	Cmi13	Cpl14	Ler11	Loc06	Gga13	Xtr03
N0.HOG0011368	Cmi13	Cpl14	Ler11	Loc06	Gga13	Xtr03
N0.HOG0011369	Cmi13	Cpl14	Ler11	Loc06	Gga13	Xtr03
N0.HOG0011370	Cmi13	Cpl14	Ler11	Loc06	Gga13	Xtr03
N0.HOG0011371	Cmi13	Cpl14	Ler11	Loc06	Gga13	Xtr03
N0.HOG0011372	Cmi13	Cpl14	Ler11	Loc06	Gga13	Xtr03
N0.HOG0011373	Cmi13	Cpl14	Ler11	Loc06	Gga13	Xtr03
N0.HOG0011374	Cmi13	Cpl14	Ler11	Loc06	Gga13	Xtr03
N0.HOG0011375	Cmi14	Cpl17	Ler50	Loc02	GgaZ	Xtr01
N0.HOG0011376	Cmi14	Cpl17	Ler50	Loc23	Gga11	Xtr04
N0.HOG0011377	Cmi14	Cpl17	Ler50	Loc23	Gga11	Xtr04
N0.HOG0011378	Cmi14	Cpl17	Ler50	Loc23	Gga11	Xtr04
N0.HOG0011379	Cmi14	Cpl17	Ler50	Loc23	Gga11	Xtr04
N0.HOG0011380	Cmi14	Cpl17	Ler50	Loc23	Gga11	Xtr04
N0.HOG0011381	Cmi14	Cpl17	Ler50	Loc23	Gga11	Xtr04
N0.HOG0011382	Cmi14	Cpl17	Ler50	Loc23	Gga11	Xtr04
N0.HOG0011383	Cmi14		Ler50	Loc23	Gga35	Xtr04
N0.HOG0011384	Cmi14	Cpl17	Ler50	Loc23	Gga11	Xtr04
N0.HOG0011385	Cmi14	Cpl17	Ler50	Loc23	Gga11	Xtr04
N0.HOG0011386	Cmi14	CplSca	Ler17	Loc23	Gga11	Xtr04
N0.HOG0011387	Cmi14	Cpl04	Ler17	Loc23	Gga11	Xtr04
N0.HOG0011388	Cmi14	Cpl17	Ler17	Loc23	Gga11	Xtr04
N0.HOG0011389	Cmi14	Cpl17	Ler17	Loc23	Gga11	Xtr04
N0.HOG0011390	Cmi14	Cpl17	Ler17	Loc23	Gga11	Xtr04
N0.HOG0011391	Cmi14	Cpl17	Ler17	Loc23	Gga11	Xtr04
N0.HOG0011392	Cmi14	Cpl17	Ler17	Loc23	Gga11	Xtr04
N0.HOG0011393	Cmi14	Cpl17	Ler17	Loc23	Gga11	Xtr05
N0.HOG0011394	Cmi14	Cpl17	Ler17	Loc23	Gga11	Xtr04
N0.HOG0011395	Cmi14	Cpl17	Ler17	Loc23	Gga11	Xtr04
N0.HOG0011396	Cmi14	Cpl17	Ler17	Loc23	Gga11	Xtr04
N0.HOG0011397	Cmi14	Cpl17	Ler17	Loc23	Gga11	Xtr04
N0.HOG0011398	Cmi14	Cpl17	Ler17	Loc23	Gga11	Xtr04
N0.HOG0011399	Cmi14	Cpl17	Ler17	Loc23	Gga11	Xtr04
N0.HOG0011400	Cmi14	Cpl17	Ler17	Loc23	Gga11	Xtr04
N0.HOG0011401	Cmi14	Cpl17	Ler17	Loc23	Gga11	Xtr04
N0.HOG0011402	Cmi14	Cpl17	Ler17	Loc23	Gga11	Xtr04
N0.HOG0011403	Cmi14	Cpl17	Ler17	Loc23	Gga11	Xtr04
N0.HOG0011404	Cmi14	Cpl17	Ler17	Loc09	Gga02	Xtr06
N0.HOG0011405	Cmi14	Cpl17	Ler17	Loc23	Gga11	Xtr04
N0.HOG0011406	Cmi14	Cpl17	Ler17	Loc23	Gga11	Xtr04
N0.HOG0011407	Cmi14	Cpl17	Ler17	Loc23	Gga11	Xtr04
N0.HOG0011408	Cmi14	Cpl17	Ler17	Loc23	Gga11	Xtr04
N0.HOG0011409	Cmi14	Cpl17	Ler17	Loc23	Gga11	Xtr04
N0.HOG0011410	Cmi14	Cpl17	Ler17	Loc23	Gga11	Xtr04
N0.HOG0011411	Cmi14	Cpl17	Ler17	Loc23	Gga11	Xtr04
N0.HOG0011412	Cmi14	Cpl17	Ler17	Loc23	Gga11	Xtr04
N0.HOG0011413	Cmi14	Cpl17	Ler17	Loc23	Gga11	Xtr04
N0.HOG0011414	Cmi14	Cpl17	Ler17	Loc23	Gga11	Xtr04
N0.HOG0011415	Cmi14	Cpl17	Ler17	Loc23	Gga11	Xtr04
N0.HOG0011416	Cmi14	Cpl17	Ler17	Loc23	Gga11	Xtr04
N0.HOG0011417	Cmi14	Cpl17	Ler17	Loc23	Gga11	Xtr04
N0.HOG0011418	Cmi14	Cpl17	Ler17	Loc23	Gga11	Xtr04
N0.HOG0011419	Cmi14	Cpl17	Ler17	Loc23	Gga11	Xtr04
N0.HOG0011420	Cmi14	Cpl17	Ler17	Loc23		Xtr04
N0.HOG0011421	Cmi14	Cpl17	Ler17	Loc23	Gga11	Xtr04
N0.HOG0011422	Cmi14	Cpl17	Ler17	Loc23	Gga11	Xtr04
N0.HOG0011423	Cmi14	Cpl17	Ler17	Loc23	Gga11	Xtr04
N0.HOG0011424	Cmi14	Cpl17	Ler17	Loc23	Gga11	Xtr04
N0.HOG0011425	Cmi14	Cpl17	Ler17	Loc23	Gga11	Xtr04
N0.HOG0011426	Cmi14	Cpl17	Ler17	Loc23	Gga11	Xtr04
N0.HOG0011427	Cmi14	Cpl17	Ler17	Loc23	Gga11	Xtr04
N0.HOG0011428	Cmi14	Cpl17	Ler17	Loc23	Gga11	Xtr04
N0.HOG0011429	Cmi14	Cpl17	Ler17	Loc23	Gga11	Xtr04
N0.HOG0011430	Cmi14	Cpl17	Ler17	Loc23	Gga11	Xtr04
N0.HOG0011431	Cmi14	Cpl17	Ler17	Loc23	Gga11	Xtr04
N0.HOG0011432	Cmi14	Cpl17	Ler17	Loc23	Gga11	Xtr04
N0.HOG0011433	Cmi14	Cpl17	Ler17	Loc23	Gga11	Xtr04
N0.HOG0011434	Cmi14	Cpl17	Ler17	Loc23	Gga11	Xtr04
N0.HOG0011435	Cmi14	Cpl17	Ler17	Loc23	Gga11	Xtr04
N0.HOG0011436	Cmi14	Cpl17	Ler17	Loc23	Gga11	Xtr04
N0.HOG0011437	Cmi14	Cpl17	Ler17	Loc23	Gga11	Xtr04
N0.HOG0011438	Cmi14	Cpl17	Ler17	Loc23	Gga11	Xtr04
N0.HOG0011439	Cmi14	Cpl17	Ler17	Loc23	Gga11	Xtr04
N0.HOG0011440	Cmi14	Cpl17	Ler17	Loc23	Gga11	Xtr04
N0.HOG0011441	Cmi14	Cpl17	Ler17	Loc23	Gga11	Xtr04
N0.HOG0011442	Cmi14	Cpl17	Ler17	Loc23	Gga11	Xtr04
N0.HOG0011443	Cmi14	Cpl17	Ler17	Loc23	Gga11	Xtr04
N0.HOG0011444	Cmi14	Cpl17	Ler17	Loc23	Gga11	Xtr04
N0.HOG0011445	Cmi14	Cpl17	Ler17	Loc23	Gga11	Xtr04
N0.HOG0011446	Cmi14	Cpl17		Loc23, Loc18	Gga11	Xtr04
N0.HOG0011447	Cmi14	Cpl17	Ler17	Loc23	Gga11	Xtr04
N0.HOG0011448	Cmi14	Cpl17	Ler17	Loc23	Gga11	Xtr04
N0.HOG0011449	Cmi14	Cpl17	Ler17	Loc23	Gga11	Xtr04
N0.HOG0011450	Cmi14	Cpl17	Ler17	Loc23	Gga11	Xtr04
N0.HOG0011451	Cmi14	Cpl17	Ler17	Loc23	Gga11	Xtr04
N0.HOG0011452	Cmi14	Cpl17	Ler17	Loc23	Gga11	Xtr04
N0.HOG0011453	Cmi14	Cpl17	Ler17	Loc23	Gga11	Xtr04
N0.HOG0011454	Cmi14	Cpl17	Ler17	Loc23	Gga11	Xtr04
N0.HOG0011455	Cmi14	Cpl17	Ler17	Loc23	Gga11	Xtr04
N0.HOG0011456	Cmi14	Cpl17	Ler17	Loc23	Gga11	Xtr04
N0.HOG0011457	Cmi14	Cpl17	Ler17	Loc23	Gga11	Xtr04
N0.HOG0011458	Cmi14	Cpl17	Ler17	Loc23	Gga11	Xtr04
N0.HOG0011459	Cmi14	Cpl17	Ler17	Loc23	Gga11	Xtr04
N0.HOG0011460	Cmi14	Cpl17	Ler17	Loc23	Gga11	Xtr04
N0.HOG0011461	Cmi14	Cpl17	Ler17	Loc23	Gga11	Xtr04
N0.HOG0011462	Cmi14	Cpl17	Ler17	Loc23	Gga11	Xtr04
N0.HOG0011463	Cmi14	Cpl17	Ler17	Loc23	Gga11	Xtr04
N0.HOG0011464	Cmi14	Cpl17	Ler17	Loc23	Gga11	Xtr04
N0.HOG0011465	Cmi14	Cpl17	Ler17	Loc23	Gga11	Xtr04
N0.HOG0011466	Cmi14	Cpl17	Ler17	Loc23	Gga11	Xtr04
N0.HOG0011467	Cmi14	Cpl17	Ler17	Loc23	Gga11	Xtr04
N0.HOG0011468	Cmi14	Cpl17	Ler17	Loc23	Gga11	Xtr04
N0.HOG0011469	Cmi14	Cpl17	Ler17	Loc23	Gga11	Xtr04
N0.HOG0011470	Cmi14	Cpl17	Ler17	Loc23	Gga11	Xtr04
N0.HOG0011471	Cmi14	Cpl17	Ler17	Loc23	Gga11	Xtr04
N0.HOG0011472	Cmi14	Cpl17	Ler17	Loc23	Gga11	Xtr04
N0.HOG0011473	Cmi14	Cpl17	Ler17	Loc23	Gga11	Xtr04
N0.HOG0011474	Cmi14	Cpl17	Ler17	Loc23	Gga11	Xtr04
N0.HOG0011475	Cmi14	Cpl17	Ler17	Loc23	Gga11	Xtr04
N0.HOG0011476	Cmi14	Cpl17	Ler17	Loc23	Gga11	Xtr04
N0.HOG0011477	Cmi14	Cpl17	Ler17	Loc23	Gga11	Xtr04
N0.HOG0011478	Cmi14	Cpl17	Ler17	Loc23	Gga11	Xtr04
N0.HOG0011479	Cmi14	Cpl17	Ler17	Loc23	Gga11	Xtr04
N0.HOG0011480	Cmi14	Cpl17	Ler17	Loc23	Gga11	Xtr04
N0.HOG0011481	Cmi14	Cpl17	Ler17	Loc23	Gga11	Xtr04
N0.HOG0011482	Cmi14	Cpl17	Ler17	Loc23	Gga11	Xtr04
N0.HOG0011483	Cmi14	Cpl17	Ler17	Loc23	Gga11	Xtr04
N0.HOG0011484	Cmi14	Cpl17	Ler17	Loc23	Gga11	Xtr04
N0.HOG0011485	Cmi14	Cpl17	Ler17	Loc23	Gga11	Xtr04
N0.HOG0011486	Cmi14	Cpl17	Ler17	Loc23	Gga11	Xtr04
N0.HOG0011487	Cmi14	Cpl17	Ler17	Loc23	Gga11	Xtr04
N0.HOG0011488	Cmi14	Cpl17	Ler17	Loc23	Gga11	Xtr04
N0.HOG0011489	Cmi14	Cpl17	Ler17	Loc23	Gga11	Xtr04
N0.HOG0011490	Cmi14	Cpl17	Ler17	Loc23	Gga11	Xtr04
N0.HOG0011491	Cmi14	Cpl17	Ler17	Loc23	Gga11	Xtr04
N0.HOG0011492	Cmi14	Cpl17	Ler17	Loc23	Gga11	Xtr04
N0.HOG0011493	Cmi14	Cpl17	Ler17	Loc23	Gga11	Xtr04
N0.HOG0011494	Cmi14	Cpl17	Ler17	Loc23	Gga11	Xtr04
N0.HOG0011495	Cmi14	Cpl17	Ler17	Loc23	Gga11	Xtr04
N0.HOG0011496	Cmi14	Cpl17	Ler17	Loc23	Gga11	Xtr04
N0.HOG0011497	Cmi14	Cpl17	Ler17	Loc23	Gga11	Xtr04
N0.HOG0011498	Cmi14	Cpl17	Ler17	Loc23	Gga11	Xtr04
N0.HOG0011499	Cmi14	Cpl17	Ler17	Loc23	Gga11	Xtr04
N0.HOG0011500	Cmi14	Cpl17	Ler17	Loc23	Gga11	Xtr04
N0.HOG0011501	Cmi14	Cpl17	Ler17	Loc23	Gga11	Xtr04
N0.HOG0011502	Cmi14	Cpl17	Ler17	Loc23	Gga11	Xtr04
N0.HOG0011503	Cmi14	Cpl17	Ler17	Loc23	Gga11	Xtr04
N0.HOG0011504	Cmi14	Cpl17	Ler17	Loc23	Gga11	Xtr04
N0.HOG0011505	Cmi14	Cpl17	Ler17	Loc23	Gga11	Xtr04
N0.HOG0011506	Cmi14	Cpl17	Ler17	Loc23	Gga11	Xtr04
N0.HOG0011507	Cmi14	Cpl17	Ler17	Loc23	Gga11	Xtr04
N0.HOG0011508	Cmi14	Cpl17	Ler17	Loc23	Gga11	Xtr04
N0.HOG0011509	Cmi14	Cpl17	Ler17	Loc23	Gga11	Xtr04
N0.HOG0011510	Cmi14	Cpl17	Ler17	Loc23	Gga11	Xtr04
N0.HOG0011511	Cmi14	Cpl17	Ler17	Loc23	Gga11	Xtr04
N0.HOG0011512	Cmi14	Cpl17	Ler17	Loc23	Gga11	Xtr04
N0.HOG0011513	Cmi14	Cpl17	Ler17	Loc23	Gga11	Xtr04
N0.HOG0011514	Cmi14	Cpl17	Ler17	Loc23	Gga14	Xtr04
N0.HOG0011515	Cmi14	Cpl17	Ler17	Loc23	Gga11	Xtr04
N0.HOG0011516	Cmi14	Cpl17	Ler17	Loc23	Gga11	Xtr04
N0.HOG0011517	Cmi14	Cpl17	Ler17	Loc23	Gga11	Xtr04
N0.HOG0011518	Cmi14	Cpl17	Ler17	Loc23	Gga11	Xtr07
N0.HOG0011519	Cmi14	Cpl17	Ler17	Loc23	Gga11	Xtr04
N0.HOG0011520	Cmi14	Cpl17		Loc23, Loc09	Gga11	Xtr04
N0.HOG0011521	Cmi14	Cpl17	Ler17	Loc23	Gga11	Xtr04
N0.HOG0011522	Cmi14	Cpl17	Ler17	Loc23	Gga11	Xtr04
N0.HOG0011523	Cmi14	Cpl17	Ler17	Loc23	Gga11	Xtr04
N0.HOG0011524	Cmi14	Cpl17	Ler17	Loc23	Gga11	Xtr04
N0.HOG0011525	Cmi14	Cpl17	Ler17	Loc23	Gga11	Xtr04
N0.HOG0011526	Cmi14	Cpl17	Ler17	Loc23	Gga11	Xtr04
N0.HOG0011527	Cmi14	Cpl17	Ler17	Loc23	Gga11	Xtr04
N0.HOG0011528	Cmi14	Cpl17	Ler17	Loc23	Gga11	Xtr04
N0.HOG0011529	Cmi14	Cpl17	Ler17	Loc23	Gga11	Xtr04
N0.HOG0011530	Cmi14	Cpl17	Ler17	Loc23	Gga11	Xtr04
N0.HOG0011531	Cmi14	Cpl17	Ler17	LocSca	Gga11	Xtr04
N0.HOG0011532	Cmi14	Cpl17	Ler17	Loc23	Gga11	Xtr04
N0.HOG0011533	Cmi14	Cpl17	Ler17	Loc23	Gga11	Xtr04
N0.HOG0011534	Cmi14	Cpl17	Ler17	Loc23	Gga11	Xtr04
N0.HOG0011535	Cmi14	Cpl17	Ler17	Loc23	Gga11	Xtr04
N0.HOG0011536	Cmi14	Cpl17	Ler17	Loc23	Gga11	Xtr04
N0.HOG0011537	Cmi14	Cpl17	Ler17	Loc23	Gga11	Xtr04
N0.HOG0011538	Cmi14	Cpl17	Ler17	Loc23	Gga11	Xtr04
N0.HOG0011539	Cmi14	Cpl17	Ler17	Loc23	Gga11	Xtr04
N0.HOG0011540	Cmi14	Cpl17	Ler17	Loc23	Gga11	Xtr04
N0.HOG0011541	Cmi14	Cpl17	Ler17	Loc23	Gga11	Xtr04
N0.HOG0011542	Cmi14	Cpl17	Ler17	Loc23	Gga11	Xtr04
N0.HOG0011543	Cmi14	Cpl17	Ler17	Loc23	Gga11	Xtr04
N0.HOG0011544	Cmi14	Cpl17	Ler17	Loc23	Gga11	Xtr04
N0.HOG0011545	Cmi14	Cpl17	Ler17	Loc23	Gga11	Xtr04
N0.HOG0011546	Cmi14	Cpl17	Ler17	Loc23	Gga11	Xtr04
N0.HOG0011547	Cmi14	Cpl17	Ler17	Loc23	Gga11	Xtr04
N0.HOG0011548	Cmi14	Cpl17	Ler17	Loc23		
N0.HOG0011549	Cmi14	Cpl17	Ler17	Loc23	Gga11	Xtr04
N0.HOG0011550	Cmi14	Cpl17	Ler17	Loc23	Gga11	Xtr04
N0.HOG0011551	Cmi14	Cpl17	Ler17	Loc23	Gga11	Xtr04
N0.HOG0011552	Cmi14	Cpl17	Ler17	Loc23	Gga11	Xtr04
N0.HOG0011553	Cmi14	Cpl17	Ler17	Loc23	Gga11	Xtr04
N0.HOG0011554	Cmi14	Cpl17	Ler17	Loc23	Gga11	Xtr04
N0.HOG0011555	Cmi14	Cpl17	Ler17	Loc11		
N0.HOG0011556	Cmi14	Cpl17	Ler17	Loc23	Gga11	Xtr04
N0.HOG0011557	Cmi14	Cpl17	Ler17	Loc23	Gga11	Xtr04
N0.HOG0011558	Cmi14	Cpl17	Ler17	Loc11	Gga02	Xtr06
N0.HOG0011559	Cmi14	Cpl17	Ler17	Loc23	Gga11	Xtr04
N0.HOG0011560	Cmi14	Cpl17	Ler17	Loc23	Gga11	Xtr04
N0.HOG0011561	Cmi14	Cpl17	Ler17	Loc23	Gga11	Xtr04
N0.HOG0011562	Cmi14	Cpl17	Ler17	Loc23	Gga11	Xtr04
N0.HOG0011563	Cmi14	Cpl17	Ler17	Loc23	Gga11	Xtr04
N0.HOG0011564	Cmi14	Cpl17	Ler17	Loc18	Gga11	Xtr04
N0.HOG0011565	Cmi14	Cpl17	Ler17	Loc23	Gga11	Xtr04
N0.HOG0011566	Cmi14	Cpl17	Ler17	Loc23	Gga11	Xtr04
N0.HOG0011567	Cmi14	Cpl17	Ler17	Loc23	Gga11	Xtr04
N0.HOG0011568	Cmi14	Cpl17	Ler17	Loc23	Gga11	Xtr04
N0.HOG0011569	Cmi14	Cpl17	Ler17	Loc23	Gga11	Xtr04
N0.HOG0011570	Cmi14	Cpl17	Ler17	Loc23	Gga11	Xtr04
N0.HOG0011571	Cmi14	Cpl17	Ler17	Loc23	Gga11	Xtr04
N0.HOG0011572	Cmi14	Cpl17	Ler17	Loc23	Gga11	Xtr04
N0.HOG0011573	Cmi15	Cpl15	Ler12	Loc07	Gga04	Xtr08
N0.HOG0011574	Cmi15	Cpl15	Ler12	Loc07	Gga04	Xtr08
N0.HOG0011575	Cmi15	Cpl15	Ler12	Loc07	Gga04	Xtr08
N0.HOG0011576	Cmi15	Cpl15	Ler12	Loc07	Gga04	Xtr08
N0.HOG0011577	Cmi15	Cpl15	Ler12	Loc07	Gga04	Xtr08
N0.HOG0011578	Cmi15	Cpl15	Ler12	Loc07	Gga04	Xtr08
N0.HOG0011579	Cmi15	Cpl15	Ler12	Loc07	Gga04	Xtr08
N0.HOG0011580	Cmi15	Cpl15	Ler12	Loc07	Gga04	Xtr08
N0.HOG0011581	Cmi15	Cpl15	Ler12		Gga04	Xtr08
N0.HOG0011582	Cmi15	Cpl15	Ler12	Loc10	Gga18	Xtr06
N0.HOG0011583	Cmi15	Cpl15	Ler12	Loc07	Gga04	Xtr08
N0.HOG0011584	Cmi15	Cpl15	Ler12	Loc07	Gga04	Xtr08
N0.HOG0011585	Cmi15	Cpl15	Ler12	Loc07	Gga04	Xtr08
N0.HOG0011586	Cmi15	Cpl15	Ler12	Loc07	Gga04	Xtr08
N0.HOG0011587	Cmi15	Cpl15	Ler12	Loc07	Gga04	Xtr08
N0.HOG0011588	Cmi15	Cpl15	Ler12	Loc07	Gga04	Xtr08
N0.HOG0011589	Cmi15	Cpl15	Ler12	Loc07	Gga04	Xtr08
N0.HOG0011590	Cmi15	Cpl15	Ler12	Loc07	Gga04	Xtr08
N0.HOG0011591	Cmi15	Cpl15	Ler12	Loc07	Gga04	Xtr08
N0.HOG0011592	Cmi15	Cpl15	Ler12	Loc07	Gga04	Xtr08
N0.HOG0011593	Cmi15	Cpl15	Ler12	Loc07	Gga04	Xtr08
N0.HOG0011594	Cmi15	Cpl15	Ler12	Loc07	Gga04	Xtr08
N0.HOG0011595	Cmi15	Cpl15	Ler12	Loc07	Gga04	Xtr08
N0.HOG0011596	Cmi15	Cpl15	Ler12	Loc07	Gga04	Xtr04
N0.HOG0011597	Cmi15	Cpl15	Ler12	Loc07	Gga04	Xtr08
N0.HOG0011598	Cmi15	Cpl15	Ler12	Loc07	Gga04	Xtr08
N0.HOG0011599	Cmi15	Cpl15	Ler12	Loc07	Gga04	Xtr09
N0.HOG0011600	Cmi15	Cpl15	Ler12	Loc07	Gga04	Xtr08
N0.HOG0011601	Cmi15	Cpl15	Ler12	Loc07	Gga04	Xtr08
N0.HOG0011602	Cmi15	Cpl15	Ler12	Loc07	Gga04	Xtr08
N0.HOG0011603	Cmi15	Cpl15	Ler12	Loc07	Gga04	Xtr08
N0.HOG0011604	Cmi15	Cpl15	Ler12	Loc07	Gga04	Xtr08
N0.HOG0011605	Cmi15	Cpl15	Ler12	Loc07	Gga04	Xtr08
N0.HOG0011606	Cmi15	Cpl15	Ler12	Loc07	Gga04	Xtr08
N0.HOG0011607	Cmi15	Cpl15	Ler12	Loc07	Gga04	Xtr08
N0.HOG0011608	Cmi15	Cpl15	Ler12	Loc07	Gga04	Xtr08
N0.HOG0011609	Cmi15	Cpl15	Ler12	Loc07	Gga04	Xtr08
N0.HOG0011610	Cmi15	Cpl15	Ler12	Loc07	Gga04	Xtr08
N0.HOG0011611	Cmi15	Cpl15	Ler12	Loc07	Gga04	Xtr08
N0.HOG0011612	Cmi15	Cpl15	Ler12	Loc07	Gga04	Xtr08
N0.HOG0011613	Cmi15	Cpl15	Ler12	Loc07	Gga04	Xtr08
N0.HOG0011614	Cmi15	Cpl15	Ler12	Loc04	Gga04	Xtr08
N0.HOG0011615	Cmi15	Cpl15	Ler12	Loc07	Gga04	Xtr08
N0.HOG0011616	Cmi15	Cpl15	Ler12	Loc07	Gga04	Xtr08
N0.HOG0011617	Cmi15	Cpl15	Ler12	Loc07	Gga04	Xtr08
N0.HOG0011618	Cmi15	Cpl15	Ler12	Loc07	Gga04	Xtr08
N0.HOG0011619	Cmi15	Cpl15	Ler12	Loc07	Gga04	Xtr08
N0.HOG0011620	Cmi15	Cpl15	Ler12	Loc07	Gga04	Xtr08
N0.HOG0011621	Cmi15	Cpl15	Ler12	Loc07	Gga04	Xtr08
N0.HOG0011622	Cmi15	Cpl15	Ler12	Loc07	Gga04	Xtr08
N0.HOG0011623	Cmi15	Cpl15	Ler12	Loc07	Gga04	Xtr08
N0.HOG0011624	Cmi15	Cpl15	Ler12	Loc07	Gga04	Xtr08
N0.HOG0011625	Cmi15	CplSca	Ler12	Loc07	Gga04	Xtr08
N0.HOG0011626	Cmi15	Cpl15	Ler12	Loc07	Gga04	Xtr08
N0.HOG0011627	Cmi15	Cpl15	Ler12	Loc07	Gga04	Xtr08
N0.HOG0011628	Cmi15	Cpl15	Ler12	Loc07	Gga04	Xtr08
N0.HOG0011629	Cmi15	Cpl15	Ler12	Loc07	Gga04	Xtr08
N0.HOG0011630	Cmi15	Cpl15	Ler12	Loc07	Gga04	Xtr08
N0.HOG0011631	Cmi15	Cpl15	Ler12	Loc07	Gga04	Xtr08
N0.HOG0011632	Cmi15	Cpl15	Ler12	Loc07	Gga04	Xtr08
N0.HOG0011633	Cmi15	Cpl15	Ler12	Loc07	Gga04	Xtr08
N0.HOG0011634	Cmi15	Cpl15	Ler12	Loc07	Gga04	Xtr08
N0.HOG0011635	Cmi15	Cpl24	Ler12	Loc07	Gga04	Xtr08
N0.HOG0011636	Cmi15	Cpl24	Ler12	Loc07	Gga04	Xtr08
N0.HOG0011637	Cmi15	Cpl24	Ler12	Loc07	Gga04	Xtr08
N0.HOG0011638	Cmi15	Cpl15	Ler12	Loc07	Gga04	Xtr08
N0.HOG0011639	Cmi15	Cpl15	Ler12	Loc07	Gga04	Xtr08
N0.HOG0011640	Cmi15	Cpl15	Ler12	Loc07	Gga04	Xtr08
N0.HOG0011641	Cmi15	Cpl15	Ler12	Loc07	Gga04	Xtr08
N0.HOG0011642	Cmi15	Cpl15	Ler12	Loc07	Gga04	Xtr08
N0.HOG0011643	Cmi15	Cpl15	Ler12	Loc07	Gga04	Xtr08
N0.HOG0011644	Cmi15	Cpl15	Ler12	Loc07	Gga04	Xtr08
N0.HOG0011645	Cmi15	Cpl15	Ler12	Loc07	Gga04	Xtr08
N0.HOG0011646	Cmi15	Cpl15	Ler12	Loc07	Gga04	Xtr08
N0.HOG0011647	Cmi15	Cpl15	Ler12	Loc07	Gga04	Xtr08
N0.HOG0011648	Cmi15	Cpl15	Ler12	Loc07	Gga04	Xtr08
N0.HOG0011649	Cmi15	Cpl15	Ler12	Loc07	Gga04	Xtr08
N0.HOG0011650	Cmi15	Cpl15	Ler12	Loc07	Gga04	Xtr08
N0.HOG0011651	Cmi15	Cpl15	Ler12	Loc07	Gga04	Xtr08
N0.HOG0011652	Cmi15	Cpl15	Ler12	Loc07	Gga04	Xtr08
N0.HOG0011653	Cmi15	Cpl15	Ler12	Loc07	Gga04	Xtr08
N0.HOG0011654	Cmi15	Cpl15	Ler12	Loc07	Gga04	Xtr08
N0.HOG0011655	Cmi15	Cpl15	Ler12	Loc07	Gga04	Xtr08
N0.HOG0011656	Cmi15	Cpl15	Ler12	Loc07	Gga04	Xtr08
N0.HOG0011657	Cmi15	Cpl15	Ler12	Loc07	Gga04	Xtr08
N0.HOG0011658	Cmi15	Cpl15	Ler12	Loc07	Gga04	Xtr08
N0.HOG0011659	Cmi15	Cpl15	Ler12	Loc07	Gga01, Gga08	
N0.HOG0011660	Cmi15	Cpl15	Ler12	Loc07	Gga04	Xtr08
N0.HOG0011661	Cmi15	Cpl15	Ler12	Loc07	Gga02	Xtr06
N0.HOG0011662	Cmi15	Cpl15	Ler12	Loc07	Gga04	Xtr08
N0.HOG0011663	Cmi15	Cpl15	Ler12	Loc07		Xtr08
N0.HOG0011664	Cmi15	Cpl15	Ler12	Loc07	Gga04	Xtr08
N0.HOG0011665	Cmi15	Cpl15	Ler12	Loc07	Gga04	Xtr08
N0.HOG0011666	Cmi15	Cpl15	Ler12	Loc07	Gga04	Xtr08
N0.HOG0011667	Cmi15	Cpl15	Ler12	Loc07	Gga04	Xtr08
N0.HOG0011668	Cmi15	Cpl15	Ler12	Loc07	Gga04	Xtr08
N0.HOG0011669	Cmi15	Cpl15	Ler12	Loc07	Gga04	Xtr08
N0.HOG0011670	Cmi15	Cpl15	Ler12	Loc17	Gga01	Xtr02
N0.HOG0011671	Cmi15	Cpl15	Ler12	Loc07	Gga04	Xtr08
N0.HOG0011672	Cmi15	Cpl15	Ler12	Loc07	Gga04	Xtr08
N0.HOG0011673	Cmi15	Cpl15	Ler12	Loc07	Gga04	Xtr08
N0.HOG0011674	Cmi15	Cpl15	Ler12	Loc07		Xtr08
N0.HOG0011675	Cmi15	Cpl15	Ler12	Loc07	Gga04	Xtr08
N0.HOG0011676	Cmi15	Cpl15	Ler12	Loc07	Gga04	Xtr08
N0.HOG0011677	Cmi15	Cpl15	Ler12	Loc07	Gga04	Xtr08
N0.HOG0011678	Cmi15	Cpl15	Ler12	Loc07	Gga04	Xtr08
N0.HOG0011679	Cmi15	Cpl15	Ler12	Loc07	Gga04	Xtr08
N0.HOG0011680	Cmi15	Cpl15	Ler12	Loc07	Gga04	Xtr08
N0.HOG0011681	Cmi15	Cpl15	Ler12	Loc07	Gga04	Xtr08
N0.HOG0011682	Cmi15	Cpl15	Ler12	Loc07	Gga04	Xtr08
N0.HOG0011683	Cmi15	Cpl15	Ler12	Loc07	Gga04	Xtr08
N0.HOG0011684	Cmi15	Cpl15	Ler12	Loc07	Gga04	Xtr08
N0.HOG0011685	Cmi15	Cpl15	Ler12	Loc07	Gga04	Xtr08
N0.HOG0011686	Cmi15	Cpl15	Ler12	Loc07	Gga04	Xtr08
N0.HOG0011687	Cmi15	Cpl15	Ler12	Loc07	Gga04	Xtr08
N0.HOG0011688	Cmi15	Cpl15	Ler12	Loc07	Gga04	Xtr08
N0.HOG0011689	Cmi15	Cpl15	Ler12	Loc07	Gga04	Xtr08
N0.HOG0011690	Cmi15	Cpl15	Ler12	Loc07	Gga04	Xtr08
N0.HOG0011691	Cmi15	Cpl15	Ler12	Loc07	Gga04	Xtr08
N0.HOG0011692	Cmi15	Cpl15	Ler12	Loc07	Gga04	Xtr08
N0.HOG0011693	Cmi15	Cpl15	Ler12	Loc07	Gga04	Xtr08
N0.HOG0011694	Cmi15	Cpl15	Ler12	Loc07	Gga04	Xtr08
N0.HOG0011695	Cmi15	Cpl15	Ler12	Loc07	Gga04	Xtr08
N0.HOG0011696	Cmi15	Cpl15	Ler12	Loc07	Gga04	Xtr08
N0.HOG0011697	Cmi15	Cpl15	Ler12	Loc07	Gga03	Xtr05
N0.HOG0011698	Cmi15	Cpl15	Ler12	Loc07	Gga04	Xtr08
N0.HOG0011699	Cmi15	Cpl15	Ler12	Loc07	Gga04	Xtr08
N0.HOG0011700	Cmi15	Cpl15	Ler12	Loc07	Gga04	Xtr08
N0.HOG0011701	Cmi15	Cpl15	Ler12	Loc07	Gga04	Xtr08
N0.HOG0011702	Cmi15	Cpl15	Ler12	Loc07	Gga04	Xtr08
N0.HOG0011703	Cmi15	Cpl15	Ler12	Loc07	Gga04	Xtr08
N0.HOG0011704	Cmi15	Cpl15	Ler12	Loc20	Gga15	Xtr01
N0.HOG0011705	Cmi15	Cpl15	Ler12	Loc07	Gga04	Xtr08
N0.HOG0011706	Cmi15	Cpl15	Ler12	Loc07	Gga04	Xtr08
N0.HOG0011707	Cmi15	Cpl15	Ler12	Loc07	Gga04	Xtr08
N0.HOG0011708	Cmi15	Cpl15	Ler12	Loc07	Gga04	Xtr08
N0.HOG0011709	Cmi15	Cpl15	Ler12	Loc07	Gga04	Xtr08
N0.HOG0011710	Cmi15	Cpl15	Ler12	Loc07	Gga04	Xtr08
N0.HOG0011711	Cmi15	Cpl15	Ler12	Loc07	Gga04	Xtr08
N0.HOG0011712	Cmi15	Cpl41	Ler38	Loc02	Gga38	Xtr08
N0.HOG0011713	Cmi16	Cpl21	Ler20	Loc13	Gga14	Xtr09
N0.HOG0011714	Cmi16	Cpl21	Ler20	Loc13	Gga14	Xtr09
N0.HOG0011715	Cmi16	Cpl21	Ler20	Loc13	Gga14	Xtr09
N0.HOG0011716	Cmi16	Cpl21	Ler20	Loc13	Gga14	Xtr09
N0.HOG0011717	Cmi16	Cpl21	Ler20	Loc13	Gga14	Xtr09
N0.HOG0011718	Cmi16	Cpl21	Ler20	Loc13	Gga14	Xtr09
N0.HOG0011719	Cmi16	Cpl21	Ler20	Loc13	Gga14	Xtr09
N0.HOG0011720	Cmi16	Cpl21	Ler20	Loc13	Gga14	Xtr09
N0.HOG0011721	Cmi16	Cpl21	Ler20	Loc13	Gga14	Xtr09
N0.HOG0011722	Cmi16	Cpl21	Ler20	Loc13	Gga14	Xtr09
N0.HOG0011723	Cmi16	Cpl21	Ler20	Loc13	Gga14	Xtr09
N0.HOG0011724	Cmi16	Cpl21	Ler20	Loc13	Gga14	Xtr09
N0.HOG0011725	Cmi16	Cpl21	Ler20	Loc13	Gga14	Xtr09
N0.HOG0011726	Cmi16	Cpl21	Ler20	Loc13	Gga14	Xtr09
N0.HOG0011727	Cmi16	Cpl21	Ler20	Loc13	Gga14	Xtr09
N0.HOG0011728	Cmi16	Cpl21	Ler20	Loc13	Gga14	Xtr09
N0.HOG0011729	Cmi16	Cpl21	Ler20	Loc13	Gga14	Xtr09
N0.HOG0011730	Cmi16	Cpl21	Ler20	Loc13	Gga14	Xtr09
N0.HOG0011731	Cmi16	Cpl21	Ler20	Loc13	Gga14	Xtr09
N0.HOG0011732	Cmi16	Cpl21	Ler20	Loc13	Gga14	Xtr09
N0.HOG0011733	Cmi16	Cpl21	Ler20	Loc13	Gga14	Xtr09
N0.HOG0011734	Cmi16	Cpl21	Ler20	Loc13	Gga14	Xtr09
N0.HOG0011735	Cmi16	Cpl21	Ler20	Loc13	Gga14	Xtr09
N0.HOG0011736	Cmi16	Cpl21	Ler20	Loc13	Gga14	Xtr09
N0.HOG0011737	Cmi16	Cpl21	Ler20	Loc13	Gga14	Xtr09
N0.HOG0011738	Cmi16	Cpl21	Ler20	Loc13	Gga14	Xtr09
N0.HOG0011739	Cmi16	Cpl21	Ler20	Loc13	Gga14	Xtr09
N0.HOG0011740	Cmi16	Cpl21	Ler20	Loc13	Gga14	Xtr09
N0.HOG0011741	Cmi16	CplSca	Ler20	Loc13	Gga14	Xtr09
N0.HOG0011742	Cmi16	Cpl21	Ler20	Loc13	Gga14	Xtr09
N0.HOG0011743	Cmi16	Cpl21	Ler20	Loc13	Gga14	Xtr09
N0.HOG0011744	Cmi16	Cpl21	Ler20	Loc13	Gga14	Xtr09
N0.HOG0011745	Cmi16	Cpl21	Ler20	Loc13	Gga14	Xtr09
N0.HOG0011746	Cmi16	Cpl21	Ler20	Loc13	Gga14	Xtr09
N0.HOG0011747	Cmi16	Cpl21	Ler20	Loc13	Gga14	Xtr09
N0.HOG0011748	Cmi16	Cpl21	Ler20	Loc13	Gga14	Xtr09
N0.HOG0011749	Cmi16	Cpl21	Ler20	Loc13	Gga14	Xtr09
N0.HOG0011750	Cmi16	Cpl21	Ler20	Loc10	Gga08	Xtr04
N0.HOG0011751	Cmi16	Cpl21	Ler20	Loc06	Gga13	Xtr03
N0.HOG0011752	Cmi16	Cpl21	Ler20	Loc13	Gga14	Xtr09
N0.HOG0011753	Cmi16	Cpl21	Ler20	Loc13	Gga14	Xtr08
N0.HOG0011754	Cmi16	Cpl21	Ler20	Loc13	Gga14	Xtr09
N0.HOG0011755	Cmi16	Cpl21, Cpl39	Ler20	Loc13	Gga14	
N0.HOG0011756	Cmi16	Cpl21	Ler20	Loc13	Gga14	Xtr09
N0.HOG0011757	Cmi16	Cpl21	Ler20	Loc13	Gga14	Xtr09
N0.HOG0011758	Cmi16	Cpl21	Ler20	Loc13	Gga14	Xtr09
N0.HOG0011759	Cmi16	Cpl21	Ler20	Loc13	Gga14	Xtr09
N0.HOG0011760	Cmi16	Cpl21	Ler20	Loc13	Gga14	Xtr09
N0.HOG0011761	Cmi16	Cpl21	Ler20	Loc13	Gga14	Xtr09
N0.HOG0011762	Cmi16	Cpl21	Ler20	Loc13	Gga14	Xtr09
N0.HOG0011763	Cmi16	Cpl21	Ler20	Loc13	Gga14	Xtr09
N0.HOG0011764	Cmi16	Cpl21	Ler20	Loc13	Gga14	Xtr09
N0.HOG0011765	Cmi16	Cpl21	Ler20	Loc13	Gga14	Xtr09
N0.HOG0011766	Cmi16	Cpl21	Ler20	Loc13	Gga14	Xtr09
N0.HOG0011767	Cmi16	Cpl21	Ler20	Loc09	Gga02	Xtr06
N0.HOG0011768	Cmi16	Cpl21	Ler20	Loc13	Gga14	Xtr09
N0.HOG0011769	Cmi16	Cpl21	Ler20	Loc13	Gga14	Xtr09
N0.HOG0011770	Cmi16	Cpl21	Ler20	Loc13	Gga14	Xtr09
N0.HOG0011771	Cmi16	Cpl21	Ler20	Loc13	Gga14	Xtr09
N0.HOG0011772	Cmi16	Cpl21	Ler20	Loc13	Gga14	Xtr09
N0.HOG0011773	Cmi16	Cpl21	Ler20	Loc13	Gga14	Xtr09
N0.HOG0011774	Cmi16	Cpl21	Ler20	Loc13	Gga14	Xtr09
N0.HOG0011775	Cmi16	Cpl21	Ler20	Loc13	Gga14	Xtr09
N0.HOG0011776	Cmi16	Cpl21	Ler20	Loc13	Gga14	Xtr09
N0.HOG0011777	Cmi16	Cpl21	Ler20	Loc13	Gga14	Xtr09
N0.HOG0011778	Cmi16	Cpl21	Ler20	Loc13	Gga14	Xtr09
N0.HOG0011779	Cmi16	Cpl21	Ler20	Loc13	Gga14	Xtr09
N0.HOG0011780	Cmi16	Cpl21	Ler20	Loc13	Gga14	Xtr09
N0.HOG0011781	Cmi16	Cpl21	Ler20	Loc13	Gga14	Xtr09
N0.HOG0011782	Cmi16	Cpl21	Ler20	Loc13	Gga14	Xtr09
N0.HOG0011783	Cmi16	Cpl21	Ler20	Loc13	Gga14	Xtr09
N0.HOG0011784	Cmi16	Cpl21	Ler20	Loc13	Gga14	Xtr09
N0.HOG0011785	Cmi16	Cpl21	Ler20	Loc13	Gga14	Xtr09
N0.HOG0011786	Cmi16	Cpl21	Ler20	Loc13	Gga14	Xtr09
N0.HOG0011787	Cmi16	Cpl21	Ler20	Loc13	Gga14	
N0.HOG0011788	Cmi16	Cpl21	Ler20	Loc13	Gga14	Xtr09
N0.HOG0011789	Cmi16	Cpl21	Ler20	Loc13	Gga14	Xtr09
N0.HOG0011790	Cmi16	Cpl21	Ler20	Loc13	Gga14	Xtr09
N0.HOG0011791	Cmi16	Cpl21	Ler20	Loc13	Gga14	Xtr09
N0.HOG0011792	Cmi16	Cpl21	Ler20	Loc13	Gga14	Xtr09
N0.HOG0011793	Cmi16	Cpl21	Ler20	Loc13	Gga14	Xtr09
N0.HOG0011794	Cmi16	Cpl21	Ler20	Loc13	Gga14	Xtr09
N0.HOG0011795	Cmi16	Cpl21	Ler20	Loc13	Gga14	Xtr09
N0.HOG0011796	Cmi16	Cpl21	Ler20	Loc13	Gga14	Xtr09
N0.HOG0011797	Cmi16	Cpl21	Ler20	Loc13	Gga14	Xtr09
N0.HOG0011798	Cmi16	Cpl21	Ler20	Loc13	Gga14	Xtr09
N0.HOG0011799	Cmi16	Cpl21	Ler20	Loc13	Gga14	Xtr09
N0.HOG0011800	Cmi16	Cpl21	Ler20	Loc06	Gga14	Xtr09
N0.HOG0011801	Cmi16	Cpl21	Ler20	Loc13	Gga14	Xtr09
N0.HOG0011802	Cmi16	Cpl21	Ler20	Loc13	Gga14	Xtr09
N0.HOG0011803	Cmi16	Cpl21	Ler20	Loc13	Gga14	Xtr09
N0.HOG0011804	Cmi16	Cpl21	Ler20	Loc13	Gga14	Xtr09
N0.HOG0011805	Cmi16	Cpl21	Ler20	Loc13	Gga14	Xtr09
N0.HOG0011806	Cmi16	Cpl21	Ler20	Loc13	Gga14	Xtr09
N0.HOG0011807	Cmi16	Cpl21	Ler20	Loc13	Gga14	Xtr09
N0.HOG0011808	Cmi16	Cpl21	Ler20	Loc13	Gga14	Xtr09
N0.HOG0011809	Cmi16	Cpl21	Ler20	Loc13	Gga14	Xtr09
N0.HOG0011810	Cmi16	Cpl21	Ler20	Loc13	Gga14	Xtr09
N0.HOG0011811	Cmi16	Cpl21	Ler20	Loc13	Gga14	Xtr09
N0.HOG0011812	Cmi16	Cpl21	Ler20	Loc13	Gga14	Xtr09
N0.HOG0011813	Cmi16	Cpl21	Ler20	Loc13	Gga14	Xtr09
N0.HOG0011814	Cmi16	Cpl21	Ler20	Loc13	Gga14	Xtr09
N0.HOG0011815	Cmi16	Cpl21	Ler20	Loc13	Gga14	Xtr09
N0.HOG0011816	Cmi16	Cpl21	Ler20	Loc13	Gga14	Xtr09
N0.HOG0011817	Cmi16	Cpl21	Ler20	Loc13	Gga14	Xtr09
N0.HOG0011818	Cmi16	Cpl21		Loc13	Gga14	Xtr09
N0.HOG0011819	Cmi16	Cpl21	Ler20	Loc13	Gga14	Xtr09
N0.HOG0011820	Cmi16	Cpl21	Ler20	Loc13	Gga14	Xtr09
N0.HOG0011821	Cmi16	Cpl21	Ler20	Loc13	Gga14	Xtr09
N0.HOG0011822	Cmi16	Cpl21	Ler20	Loc13	Gga14	Xtr09
N0.HOG0011823	Cmi16	Cpl21	Ler20	Loc13	Gga14	Xtr09
N0.HOG0011824	Cmi16	Cpl21	Ler20	Loc13	Gga14	Xtr09
N0.HOG0011825	Cmi16	Cpl21	Ler20	Loc13	Gga14	Xtr09
N0.HOG0011826	Cmi16	Cpl21	Ler20	Loc13	Gga14	Xtr09
N0.HOG0011827	Cmi16	Cpl21	Ler20	Loc13	Gga14	Xtr09
N0.HOG0011828	Cmi16	Cpl21	Ler20	Loc13	Gga14	Xtr09
N0.HOG0011829	Cmi16	Cpl21	Ler20	Loc13	Gga14	Xtr09
N0.HOG0011830	Cmi16	Cpl21	Ler20	Loc13	Gga14	Xtr09
N0.HOG0011831	Cmi16	Cpl21	Ler20	Loc13	Gga14	Xtr09
N0.HOG0011832	Cmi16	Cpl21	Ler20	Loc13	Gga14	Xtr09
N0.HOG0011833	Cmi16	Cpl21	Ler20	Loc13	Gga14	Xtr09
N0.HOG0011834	Cmi16	Cpl21	Ler20	Loc13	Gga14	Xtr09
N0.HOG0011835	Cmi16	Cpl21	Ler20	Loc13	Gga14	Xtr09
N0.HOG0011836	Cmi16	Cpl21	Ler20	Loc13	Gga14	Xtr09
N0.HOG0011837	Cmi16	Cpl21	Ler20	Loc13	Gga14	Xtr09
N0.HOG0011838	Cmi16	Cpl21	Ler20	Loc13	Gga14	Xtr09
N0.HOG0011839	Cmi16	Cpl21	Ler20	Loc13	Gga14	Xtr09
N0.HOG0011840	Cmi16	Cpl21	Ler20	Loc13	Gga14	Xtr09
N0.HOG0011841	Cmi16	Cpl21	Ler20	Loc13	Gga14	Xtr09
N0.HOG0011842	Cmi16	Cpl21	Ler20	Loc13	Gga14	Xtr09
N0.HOG0011843	Cmi16	Cpl21	Ler20	Loc13	Gga14	Xtr09
N0.HOG0011844	Cmi16	Cpl21	Ler20	Loc13	Gga14	Xtr09
N0.HOG0011845	Cmi16	Cpl21	Ler20	Loc13	Gga14	Xtr09
N0.HOG0011846	Cmi16	Cpl21	Ler20	Loc13	Gga14	Xtr09
N0.HOG0011847	Cmi16	Cpl21	Ler20	Loc13	Gga14	Xtr09
N0.HOG0011848	Cmi16	Cpl21	Ler20	Loc13	Gga14	Xtr09
N0.HOG0011849	Cmi16	Cpl21	Ler20	Loc13	Gga14	Xtr09
N0.HOG0011850	Cmi16	Cpl21	Ler20	Loc13	Gga14	Xtr09
N0.HOG0011851	Cmi16	Cpl21	Ler20	Loc13	Gga14	Xtr09
N0.HOG0011852	Cmi16	Cpl21	Ler20	Loc13	Gga14	Xtr09
N0.HOG0011853	Cmi16	Cpl21	Ler20	Loc13	Gga14	Xtr09
N0.HOG0011854	Cmi16	Cpl21	Ler20	Loc13	Gga14	Xtr09
N0.HOG0011855	Cmi16	Cpl21	Ler20	Loc13	Gga14	Xtr04
N0.HOG0011856	Cmi16	Cpl21	Ler20	Loc13	Gga14	Xtr09
N0.HOG0011857	Cmi16	Cpl21	Ler20	Loc13	Gga14	Xtr09
N0.HOG0011858	Cmi16	Cpl21	Ler20	Loc13		Xtr07
N0.HOG0011859	Cmi16	Cpl21	Ler20	Loc13	Gga14	Xtr09
N0.HOG0011860	Cmi16	Cpl21	Ler20	Loc13	Gga14	Xtr09
N0.HOG0011861	Cmi16	Cpl21	Ler20	Loc13	Gga14	Xtr09
N0.HOG0011862	Cmi16	Cpl21	Ler20	Loc13	Gga14	Xtr09
N0.HOG0011863	Cmi16	Cpl21	Ler20	Loc13	Gga14	Xtr09
N0.HOG0011864	Cmi16	Cpl21	Ler20	Loc13	Gga14	Xtr09
N0.HOG0011865	Cmi16	Cpl21	Ler20	Loc13	Gga14	Xtr09
N0.HOG0011866	Cmi16	Cpl21	Ler20	Loc13	Gga14	Xtr09
N0.HOG0011867	Cmi16	Cpl21	Ler20	Loc13	Gga14	Xtr09
N0.HOG0011868	Cmi16	Cpl21	Ler20	Loc13	Gga14	Xtr09
N0.HOG0011869	Cmi16	Cpl21	Ler20	Loc13	Gga14	Xtr09
N0.HOG0011870	Cmi16	Cpl21	Ler20	Loc13	Gga14	Xtr09
N0.HOG0011871	Cmi16	Cpl21	Ler20	Loc13	Gga14	Xtr09
N0.HOG0011872	Cmi16	Cpl21	Ler20	Loc13	Gga14	Xtr09
N0.HOG0011873	Cmi16	Cpl21	Ler20	Loc13	Gga14	Xtr09
N0.HOG0011874	Cmi16	Cpl21	Ler20	Loc13	Gga14	Xtr09
N0.HOG0011875	Cmi16	Cpl21	Ler20	Loc13	Gga14	Xtr09
N0.HOG0011876	Cmi16	Cpl21		Loc13	Gga14	Xtr09
N0.HOG0011877	Cmi16	Cpl21	Ler20	Loc13	Gga14	Xtr09
N0.HOG0011878	Cmi16	Cpl21, Cpl02	Ler20	Loc13		Xtr09
N0.HOG0011879	Cmi16	Cpl21	Ler20	Loc13	Gga14	Xtr09
N0.HOG0011880	Cmi16	Cpl21	Ler20	Loc13	Gga14	Xtr09
N0.HOG0011881	Cmi16	Cpl21	Ler20	Loc13	Gga14	Xtr09
N0.HOG0011882	Cmi16	Cpl21	Ler20	Loc13	Gga14	Xtr09
N0.HOG0011883	Cmi16	Cpl21	Ler20	Loc13	Gga14	Xtr09
N0.HOG0011884	Cmi16	Cpl21	Ler20	Loc13	Gga14	
N0.HOG0011885	Cmi16	Cpl21	Ler20	Loc13	Gga07	Xtr06
N0.HOG0011886	Cmi16	Cpl21	Ler20	Loc13	Gga14	Xtr09
N0.HOG0011887	Cmi16	Cpl21	Ler20	Loc13	Gga14	Xtr09
N0.HOG0011888	Cmi16	Cpl21	Ler20	Loc13	Gga14	Xtr09
N0.HOG0011889	Cmi16	Cpl21	Ler20	Loc13	Gga14	Xtr09
N0.HOG0011890	Cmi16	Cpl21	Ler20	Loc13	Gga14	Xtr09
N0.HOG0011891	Cmi16	Cpl21	Ler20	Loc13	Gga14	Xtr09
N0.HOG0011892	Cmi16	Cpl21	Ler20	Loc13	Gga14	Xtr09
N0.HOG0011893	Cmi16	Cpl21	Ler20	Loc13	Gga14	Xtr09
N0.HOG0011894	Cmi16	Cpl21	Ler20	Loc13	Gga14	Xtr09
N0.HOG0011895	Cmi16	Cpl21	Ler20	Loc13	Gga14	Xtr09
N0.HOG0011896	Cmi16	Cpl21	Ler20	Loc13	Gga14	Xtr09
N0.HOG0011897	Cmi16	Cpl21	Ler20	Loc13	Gga14	Xtr09
N0.HOG0011898	Cmi16	Cpl21	Ler20	Loc13	Gga14	Xtr09
N0.HOG0011899	Cmi16	Cpl21	Ler20	Loc13	Gga14	Xtr09
N0.HOG0011900	Cmi16	Cpl21	Ler20	Loc13	Gga14	Xtr09
N0.HOG0011901	Cmi16	Cpl21	Ler20	Loc13	Gga14	Xtr09
N0.HOG0011902	Cmi16	Cpl21	Ler20	Loc13	Gga14	Xtr06
N0.HOG0011903	Cmi16	Cpl21	Ler20	Loc13	Gga14	Xtr09
N0.HOG0011904	Cmi16	Cpl21	Ler20	Loc13	Gga14	Xtr09
N0.HOG0011905	Cmi16	Cpl21	Ler20	Loc13	Gga14	Xtr09
N0.HOG0011906	Cmi16	Cpl21	Ler20	Loc13	Gga14	Xtr09
N0.HOG0011907	Cmi16	Cpl21	Ler20	Loc13	Gga14	Xtr09
N0.HOG0011908	Cmi16	Cpl21	Ler20	Loc13	Gga14	Xtr09
N0.HOG0011909	Cmi16	Cpl28	Ler28	Loc22	Gga19	Xtr02
N0.HOG0011910	Cmi16	Cpl21	Ler20	Loc13	Gga14	Xtr09
N0.HOG0011911	Cmi16	Cpl21	Ler20	Loc13	Gga14	Xtr09
N0.HOG0011912	Cmi16	CplSca	Ler20	Loc13	Gga14	Xtr09
N0.HOG0011913	Cmi16	Cpl21	Ler20	Loc13	Gga14	Xtr09
N0.HOG0011914	Cmi16	Cpl21	Ler20	Loc13	Gga14	Xtr09
N0.HOG0011915	Cmi16	Cpl21	Ler20	Loc13	Gga14	Xtr09
N0.HOG0011916	Cmi16	Cpl21	Ler20	Loc13	Gga14	Xtr09
N0.HOG0011917	Cmi17	Cpl16	Ler18	Loc27	Gga05	Xtr04
N0.HOG0011918	Cmi17	Cpl16	Ler18	Loc27	Gga05	Xtr04
N0.HOG0011919	Cmi17	Cpl16	Ler18	Loc27	Gga05	Xtr04
N0.HOG0011920	Cmi17	Cpl16	Ler18	Loc27	Gga05	Xtr04
N0.HOG0011921	Cmi17	Cpl16	Ler18	Loc27		
N0.HOG0011922	Cmi17	Cpl16	Ler18	Loc27	Gga05	Xtr04
N0.HOG0011923	Cmi17	Cpl16	Ler18	Loc27	Gga05	Xtr04
N0.HOG0011924	Cmi17	Cpl16	Ler18	Loc27	Gga05	Xtr04
N0.HOG0011925	Cmi17	Cpl16	Ler18	Loc27	Gga05	Xtr04
N0.HOG0011926	Cmi17	Cpl16	Ler18	Loc27	Gga05	Xtr04
N0.HOG0011927	Cmi17	Cpl16	Ler18	Loc27	Gga05	Xtr04
N0.HOG0011928	Cmi17	Cpl16	Ler18	Loc27	Gga05	Xtr04
N0.HOG0011929	Cmi17	Cpl16	Ler18	Loc27	Gga05	Xtr04
N0.HOG0011930	Cmi17	Cpl16	Ler18	Loc27	Gga05	Xtr04
N0.HOG0011931	Cmi17	Cpl16	Ler18	Loc27	Gga05	Xtr04
N0.HOG0011932	Cmi17	CplSca	Ler18	Loc27	Gga05	Xtr04
N0.HOG0011933	Cmi17	Cpl16	Ler18	Loc27	Gga05	Xtr04
N0.HOG0011934	Cmi17	Cpl16	Ler18	Loc27	Gga05	Xtr04
N0.HOG0011935	Cmi17	Cpl16	Ler18	Loc27	Gga05	Xtr04
N0.HOG0011936	Cmi17	Cpl16	Ler18	Loc27	Gga05	Xtr04
N0.HOG0011937	Cmi17	Cpl16	Ler18	Loc27	Gga05	Xtr04
N0.HOG0011938	Cmi17	Cpl16	Ler18	Loc27	Gga05	Xtr04
N0.HOG0011939	Cmi17	Cpl16	Ler18	Loc27	Gga05	Xtr04
N0.HOG0011940	Cmi17	Cpl16	Ler18	Loc27	Gga05	Xtr04
N0.HOG0011941	Cmi17	Cpl16	Ler18	Loc27	Gga05	Xtr04
N0.HOG0011942	Cmi17	Cpl16	Ler18	Loc27	Gga05	Xtr04
N0.HOG0011943	Cmi17	Cpl16	Ler18	Loc27	Gga05	Xtr04
N0.HOG0011944	Cmi17	Cpl16	Ler18	Loc27	Gga05	Xtr04
N0.HOG0011945	Cmi17	CplSca	Ler18	Loc27	Gga05	Xtr04
N0.HOG0011946	Cmi17		Ler18	Loc27	Gga05	Xtr04
N0.HOG0011947	Cmi17	Cpl16	Ler18	Loc27	Gga05	Xtr01
N0.HOG0011948	Cmi17	Cpl16	Ler18	Loc27	Gga05	Xtr04
N0.HOG0011949	Cmi17	Cpl16	Ler18	Loc27	Gga05	Xtr04
N0.HOG0011950	Cmi17	Cpl16	Ler18	Loc10	Gga18	Xtr10
N0.HOG0011951	Cmi17	Cpl16	Ler18	LocSca	Gga05	Xtr02
N0.HOG0011952	Cmi17	Cpl16	Ler18		Gga05	Xtr04
N0.HOG0011953	Cmi17	Cpl16		Loc27	Gga05	Xtr04
N0.HOG0011954	Cmi17	Cpl16	Ler18		Gga05	Xtr04
N0.HOG0011955	Cmi17	Cpl16	Ler18	Loc27	Gga05	Xtr04
N0.HOG0011956	Cmi17	Cpl16	Ler18	Loc27	Gga05	Xtr04
N0.HOG0011957	Cmi17	Cpl16	Ler18	LocSca	Gga05	Xtr04
N0.HOG0011958	Cmi17	Cpl16	Ler18	LocSca	Gga05	Xtr04
N0.HOG0011959	Cmi17	Cpl16	Ler18	Loc27		Xtr04
N0.HOG0011960	Cmi17	Cpl16	Ler18	LocSca	Gga05	Xtr04
N0.HOG0011961	Cmi17	Cpl16	Ler18	Loc27	Gga05	Xtr04
N0.HOG0011962	Cmi17	Cpl16	Ler18	Loc27	Gga05	Xtr04
N0.HOG0011963	Cmi17	Cpl16	Ler18	Loc27	Gga05	
N0.HOG0011964	Cmi17	Cpl16	Ler18	Loc27	Gga05	Xtr04
N0.HOG0011965	Cmi17	Cpl16	Ler18	Loc27	Gga05	Xtr04
N0.HOG0011966	Cmi17	Cpl16	Ler18	Loc27	Gga05	Xtr04
N0.HOG0011967	Cmi17	Cpl16	Ler18	Loc27	Gga05	Xtr04
N0.HOG0011968	Cmi17	Cpl16	Ler18	Loc27	Gga05	Xtr04
N0.HOG0011969	Cmi17	Cpl16	Ler18	Loc27	Gga05	Xtr04
N0.HOG0011970	Cmi17	Cpl16	Ler18	Loc27	Gga05	Xtr04
N0.HOG0011971	Cmi17	Cpl16	Ler18	Loc27	Gga05	Xtr04
N0.HOG0011972	Cmi17	Cpl16	Ler18	Loc27	Gga05	Xtr04
N0.HOG0011973	Cmi17	Cpl16	Ler18	Loc27	Gga05	Xtr04
N0.HOG0011974	Cmi17	Cpl16	Ler18	Loc27	Gga05	Xtr04
N0.HOG0011975	Cmi17	CplSca	Ler18	Loc27	Gga05	Xtr04
N0.HOG0011976	Cmi17	Cpl16	Ler18	Loc27	Gga05	Xtr04
N0.HOG0011977	Cmi17	Cpl16	Ler18	Loc27	Gga05	Xtr04
N0.HOG0011978	Cmi17	Cpl16	Ler18	Loc27	Gga05	Xtr04
N0.HOG0011979	Cmi17	CplSca	Ler18	Loc27	Gga05	Xtr07
N0.HOG0011980	Cmi17	Cpl16	Ler18	Loc27	Gga05	Xtr04
N0.HOG0011981	Cmi17	Cpl16	Ler18	Loc27	Gga05	Xtr04
N0.HOG0011982	Cmi17	Cpl16	Ler18	Loc27	Gga05	Xtr04
N0.HOG0011983	Cmi17	Cpl16	Ler18	Loc27	Gga05	Xtr04
N0.HOG0011984	Cmi17	CplSca	Ler18	Loc27	Gga05	Xtr04
N0.HOG0011985	Cmi17	Cpl16	Ler18	Loc27	Gga05	Xtr04
N0.HOG0011986	Cmi17	Cpl16	Ler18	Loc27	Gga05	Xtr04
N0.HOG0011987	Cmi17	Cpl16	Ler18	Loc27	Gga05	Xtr04
N0.HOG0011988	Cmi17	Cpl16	Ler18	Loc27	Gga05	Xtr04
N0.HOG0011989	Cmi17	Cpl16	Ler18	Loc27	Gga05	Xtr04
N0.HOG0011990	Cmi17	Cpl16	Ler18	Loc27	Gga05	Xtr04
N0.HOG0011991	Cmi17	Cpl16	Ler18	Loc27	Gga05	Xtr04
N0.HOG0011992	Cmi17	Cpl16	Ler18	Loc27	Gga05	Xtr04
N0.HOG0011993	Cmi17	Cpl16	Ler18	Loc27	Gga05	Xtr04
N0.HOG0011994	Cmi17	Cpl16	Ler18	Loc27	Gga05	Xtr04
N0.HOG0011995	Cmi17	Cpl16	Ler18	Loc27	Gga05	Xtr04
N0.HOG0011996	Cmi17	Cpl16	Ler18	Loc27	Gga05	Xtr04
N0.HOG0011997	Cmi17	Cpl16	Ler18	Loc27	Gga05	Xtr04
N0.HOG0011998	Cmi17	Cpl16	Ler18	Loc27	Gga05	Xtr04
N0.HOG0011999	Cmi17	Cpl16	Ler18	Loc27	Gga05	Xtr04
N0.HOG0012000	Cmi17	Cpl16	Ler18	Loc27	Gga05	Xtr04
N0.HOG0012001	Cmi17	Cpl16	Ler18	Loc27	Gga05	Xtr04
N0.HOG0012002	Cmi17	Cpl16	Ler18	Loc27	Gga05	Xtr04
N0.HOG0012003	Cmi17	Cpl16	Ler18	Loc27	Gga05	Xtr04
N0.HOG0012004	Cmi17	Cpl16	Ler18	Loc27	Gga05	Xtr04
N0.HOG0012005	Cmi17	Cpl16	Ler18	Loc27	Gga05	Xtr04
N0.HOG0012006	Cmi17	Cpl16	Ler18	Loc27	Gga05	Xtr04
N0.HOG0012007	Cmi17	Cpl16	Ler18	LocSca	Gga05	Xtr04
N0.HOG0012008	Cmi17	Cpl16	Ler18	LocSca	Gga05	Xtr04
N0.HOG0012009	Cmi17	Cpl16	Ler18	LocSca	Gga05	Xtr04
N0.HOG0012010	Cmi17	Cpl16	Ler18	Loc27	Gga05	Xtr04
N0.HOG0012011	Cmi17	Cpl16	Ler18	Loc27	Gga05	Xtr04
N0.HOG0012012	Cmi17	Cpl16	Ler18	Loc27	Gga05	Xtr04
N0.HOG0012013	Cmi17	Cpl16	Ler18	Loc27	Gga05	Xtr04
N0.HOG0012014	Cmi17	Cpl16	Ler18	Loc27	Gga05	Xtr04
N0.HOG0012015	Cmi17	Cpl16	Ler18	Loc27	Gga05	Xtr04
N0.HOG0012016	Cmi17	Cpl16	Ler18	Loc27	Gga05	Xtr04
N0.HOG0012017	Cmi17	Cpl16	Ler18	Loc27	Gga05	Xtr04
N0.HOG0012018	Cmi17	Cpl16	Ler18	Loc27	Gga05	Xtr04
N0.HOG0012019	Cmi17	Cpl16	Ler18	Loc27	Gga05	Xtr04
N0.HOG0012020	Cmi17	Cpl16	Ler18	Loc27	Gga08	Xtr04
N0.HOG0012021	Cmi17	Cpl16	Ler18	Loc27	Gga05	Xtr04
N0.HOG0012022	Cmi17	Cpl16	Ler18	Loc27	Gga05	Xtr04
N0.HOG0012023	Cmi17	Cpl16	Ler18	Loc27	Gga05	Xtr04
N0.HOG0012024	Cmi17	Cpl16	Ler18	Loc27	Gga05	Xtr04
N0.HOG0012025	Cmi17	Cpl16	Ler18	Loc27	Gga05	Xtr04
N0.HOG0012026	Cmi17	Cpl16	Ler18	Loc27	Gga05	Xtr04
N0.HOG0012027	Cmi17	Cpl16	Ler18	Loc27	Gga05	Xtr04
N0.HOG0012028	Cmi17	Cpl16	Ler18	Loc27	Gga05	Xtr04
N0.HOG0012029	Cmi17	Cpl16	Ler18	Loc27	Gga05	Xtr04
N0.HOG0012030	Cmi17	Cpl16	Ler18	LocSca	Gga05	Xtr04
N0.HOG0012031	Cmi17	Cpl16	Ler18	Loc27	Gga05	Xtr04
N0.HOG0012032	Cmi17	Cpl16	Ler18	Loc27	Gga05	Xtr04
N0.HOG0012033	Cmi17	Cpl16	Ler18	Loc27	Gga05	Xtr04
N0.HOG0012034	Cmi17	Cpl16	Ler18	Loc27	Gga05	Xtr04
N0.HOG0012035	Cmi17	Cpl16	Ler18	Loc27	Gga05	Xtr04
N0.HOG0012036	Cmi17	Cpl16	Ler18	Loc27	Gga05	Xtr04
N0.HOG0012037	Cmi17	Cpl16	Ler18	Loc27	Gga05	Xtr04
N0.HOG0012038	Cmi17	Cpl16	Ler18	Loc27	Gga05	Xtr04
N0.HOG0012039	Cmi17	Cpl16	Ler18	LocSca	Gga05	Xtr04
N0.HOG0012040	Cmi17	Cpl16	Ler18	Loc27	Gga05	Xtr04
N0.HOG0012041	Cmi17	Cpl16	Ler18	Loc27	Gga05	Xtr04
N0.HOG0012042	Cmi17	Cpl16	Ler18	Loc27	Gga05	Xtr04
N0.HOG0012043	Cmi17	Cpl16	Ler18	Loc27	Gga05	Xtr04
N0.HOG0012044	Cmi17	Cpl16	Ler18	Loc27	Gga05	Xtr04
N0.HOG0012045	Cmi17	Cpl16	Ler18	Loc27	Gga05	Xtr04
N0.HOG0012046	Cmi17	Cpl16	Ler18	Loc27	Gga04	Xtr01
N0.HOG0012047	Cmi17	Cpl16	Ler18	Loc27	Gga05	Xtr04
N0.HOG0012048	Cmi18	Cpl20	Ler21	Loc18	Gga20	Xtr10
N0.HOG0012049	Cmi18	Cpl20	Ler21	Loc18	Gga20	Xtr10
N0.HOG0012050	Cmi18	Cpl20	Ler21	Loc18	Gga20	Xtr10
N0.HOG0012051	Cmi18	Cpl20	Ler21	Loc17	Gga01	Xtr02
N0.HOG0012052	Cmi18	Cpl20	Ler21	Loc18	Gga20	Xtr10
N0.HOG0012053	Cmi18	Cpl20	Ler21	Loc18	Gga20	Xtr10
N0.HOG0012054	Cmi18	Cpl20	Ler21	Loc18	Gga20	Xtr10
N0.HOG0012055	Cmi18	Cpl20	Ler21	Loc18	Gga20	Xtr10
N0.HOG0012056	Cmi18	Cpl20	Ler21	Loc18	Gga20	Xtr10
N0.HOG0012057	Cmi18	Cpl20	Ler21	Loc18	Gga20	Xtr10
N0.HOG0012058	Cmi18	Cpl20	Ler21	Loc18	Gga20	Xtr10
N0.HOG0012059	Cmi18	Cpl20	Ler21	Loc18	Gga20	Xtr10
N0.HOG0012060	Cmi18	Cpl20	Ler21	Loc18	Gga20	Xtr10
N0.HOG0012061	Cmi18	Cpl20	Ler21	Loc18	Gga20	Xtr10
N0.HOG0012062	Cmi18	Cpl20	Ler21	Loc18	Gga20	Xtr10
N0.HOG0012063	Cmi18	Cpl20	Ler21	Loc18	Gga20	Xtr10
N0.HOG0012064	Cmi18	Cpl20	Ler21	Loc22	Gga19	Xtr02
N0.HOG0012065	Cmi18	Cpl20	Ler21	Loc18	Gga20	Xtr10
N0.HOG0012066	Cmi18	Cpl20	Ler21	Loc18	Gga20	Xtr10
N0.HOG0012067	Cmi18	Cpl20	Ler21	Loc18	Gga20	Xtr10
N0.HOG0012068	Cmi18	Cpl20	Ler21	Loc18	Gga20	Xtr10
N0.HOG0012069	Cmi18	Cpl20	Ler21	Loc18	Gga20	Xtr10
N0.HOG0012070	Cmi18	Cpl20	Ler21	Loc18	Gga20	Xtr10
N0.HOG0012071	Cmi18	Cpl20	Ler21	Loc18	Gga20	Xtr10
N0.HOG0012072	Cmi18	Cpl20	Ler21	Loc18	Gga20	Xtr10
N0.HOG0012073	Cmi18	Cpl20	Ler21	Loc18	Gga20	Xtr10
N0.HOG0012074	Cmi18	CplSca	Ler21	Loc18	Gga20	Xtr10
N0.HOG0012075	Cmi18	Cpl20	Ler21	Loc18	Gga20	Xtr10
N0.HOG0012076	Cmi18	Cpl20	Ler21	Loc18	Gga20	Xtr10
N0.HOG0012077	Cmi18	Cpl20	Ler21	Loc18	Gga20	Xtr10
N0.HOG0012078	Cmi18	Cpl20	Ler21	Loc18	Gga20	Xtr10
N0.HOG0012079	Cmi18	Cpl20	Ler21	Loc18	Gga20	Xtr10
N0.HOG0012080	Cmi18	Cpl20	Ler21	Loc18	Gga20	Xtr10
N0.HOG0012081	Cmi18	Cpl20	Ler21	Loc18	Gga20	Xtr10
N0.HOG0012082	Cmi18	Cpl20	Ler21	Loc18	Gga20	Xtr10
N0.HOG0012083	Cmi18	Cpl20	Ler21	Loc18	Gga20	Xtr10
N0.HOG0012084	Cmi18	Cpl20	Ler21	Loc18	Gga20	Xtr10
N0.HOG0012085	Cmi18	Cpl20	Ler21	Loc18	Gga20	Xtr10
N0.HOG0012086	Cmi18	Cpl20	Ler21	Loc18	Gga20	Xtr10
N0.HOG0012087	Cmi18	Cpl20	Ler21	Loc18	Gga20	Xtr10
N0.HOG0012088	Cmi18	Cpl20	Ler21	Loc18	Gga20	Xtr10
N0.HOG0012089	Cmi18	Cpl20	Ler21	Loc18	Gga20	Xtr10
N0.HOG0012090	Cmi18	Cpl20	Ler21	Loc18	Gga20	Xtr10
N0.HOG0012091	Cmi18	Cpl20	Ler21	Loc18	Gga20	Xtr10
N0.HOG0012092	Cmi18	Cpl20	Ler21	Loc18	Gga20	Xtr01
N0.HOG0012093	Cmi18	Cpl20	Ler21	Loc18		
N0.HOG0012094		Cpl06		Loc18		
N0.HOG0012095	Cmi18	Cpl20	Ler21	Loc18	Gga20	Xtr10
N0.HOG0012096	Cmi18	Cpl20	Ler21	Loc18	Gga20	Xtr10
N0.HOG0012097	Cmi18	Cpl20	Ler21	Loc18	Gga20	Xtr10
N0.HOG0012098	Cmi18	Cpl20	Ler21	Loc18	Gga20	Xtr10
N0.HOG0012099	Cmi18	Cpl20	Ler21	Loc18	Gga20	Xtr10
N0.HOG0012100	Cmi18	Cpl20	Ler21	Loc18	Gga20	Xtr10
N0.HOG0012101	Cmi18	Cpl20	Ler21	Loc18	Gga20	Xtr10
N0.HOG0012102	Cmi18	Cpl20	Ler21	Loc18	Gga20	Xtr10
N0.HOG0012103	Cmi18	Cpl20	Ler21	Loc18	Gga20	Xtr05
N0.HOG0012104	Cmi18	Cpl20	Ler21	Loc18	Gga20	Xtr10
N0.HOG0012105	Cmi18	Cpl20	Ler21	Loc18	Gga20	Xtr10
N0.HOG0012106	Cmi18	Cpl20	Ler21	Loc18	Gga20	Xtr10
N0.HOG0012107	Cmi18	Cpl20	Ler21	Loc18	Gga20	Xtr10
N0.HOG0012108	Cmi18	Cpl20	Ler21	Loc18	Gga20	Xtr10
N0.HOG0012109	Cmi18	Cpl20	Ler21	Loc18	Gga20	Xtr10
N0.HOG0012110	Cmi18	Cpl20	Ler21	Loc18	Gga20	Xtr10
N0.HOG0012111	Cmi18	Cpl20	Ler21	Loc18	Gga20	Xtr10
N0.HOG0012112	Cmi18	Cpl20	Ler21	Loc07	Gga05	Xtr08
N0.HOG0012113	Cmi18	Cpl20	Ler21	Loc18	Gga20	Xtr10
N0.HOG0012114	Cmi18	Cpl20	Ler21	Loc18	Gga20	Xtr10
N0.HOG0012115	Cmi18	Cpl35	Ler21	Loc18	Gga20	Xtr10
N0.HOG0012116	Cmi18	Cpl35	Ler21	Loc18	Gga20	Xtr10
N0.HOG0012117	Cmi18	Cpl20	Ler21	Loc18	Gga20	Xtr10
N0.HOG0012118	Cmi18	Cpl20	Ler21	Loc18	Gga20	Xtr05
N0.HOG0012119	Cmi18	Cpl20	Ler21	Loc18	Gga20	Xtr05
N0.HOG0012120	Cmi18	Cpl20	Ler21	Loc18	Gga20	Xtr10
N0.HOG0012121	Cmi18	Cpl20	Ler21	Loc18	Gga20	Xtr10
N0.HOG0012122	Cmi18	Cpl20	Ler21	Loc18	Gga20	Xtr10
N0.HOG0012123	Cmi18	Cpl35	Ler21	Loc18	Gga20	Xtr10
N0.HOG0012124	Cmi18	Cpl20	Ler21	Loc18	Gga20	Xtr10
N0.HOG0012125	Cmi18	Cpl20	Ler21	Loc18	Gga20	Xtr10
N0.HOG0012126	Cmi18	Cpl20	Ler21	Loc18	Gga20	Xtr03
N0.HOG0012127	Cmi18	Cpl20	Ler21	Loc18	Gga20	Xtr03
N0.HOG0012128	Cmi18	Cpl20	Ler21	Loc18	Gga20	Xtr10
N0.HOG0012129	Cmi18	Cpl20		Loc23	Gga11	Xtr04
N0.HOG0012130	Cmi18	Cpl20	Ler21	Loc18	Gga20	Xtr10
N0.HOG0012131	Cmi18	Cpl20	Ler21	Loc18	Gga20	Xtr10
N0.HOG0012132	Cmi18	Cpl20	Ler21	Loc18	Gga20	Xtr10
N0.HOG0012133	Cmi18	Cpl20	Ler21	Loc18	Gga20	Xtr10
N0.HOG0012134	Cmi18	Cpl20	Ler21	Loc18	Gga20	Xtr10
N0.HOG0012135	Cmi18	Cpl20	Ler21	Loc18	Gga20	Xtr10
N0.HOG0012136	Cmi18	Cpl20	Ler21	Loc18	Gga20	Xtr10
N0.HOG0012137	Cmi18	Cpl20	Ler21	Loc18	Gga20	Xtr10
N0.HOG0012138	Cmi18	Cpl20	Ler21	Loc18	Gga20	Xtr10
N0.HOG0012139	Cmi18	Cpl20	Ler21	Loc18	Gga20	Xtr10
N0.HOG0012140	Cmi18	Cpl20	Ler21	Loc18	Gga20	Xtr10
N0.HOG0012141	Cmi18	Cpl20	Ler21	Loc18	Gga20	Xtr10
N0.HOG0012142	Cmi18	Cpl20	Ler21	Loc18	Gga20	Xtr10
N0.HOG0012143	Cmi18	Cpl20	Ler21	Loc18	Gga20	Xtr10
N0.HOG0012144	Cmi18	Cpl20	Ler21	Loc18	Gga20	Xtr10
N0.HOG0012145	Cmi18	Cpl20	Ler21	Loc18	Gga20	Xtr10
N0.HOG0012146	Cmi18	Cpl20	Ler21	Loc18	Gga20	Xtr10
N0.HOG0012147	Cmi18	Cpl20	Ler21	Loc18	Gga20	Xtr10
N0.HOG0012148	Cmi18	Cpl20	Ler21	Loc18	Gga20	Xtr10
N0.HOG0012149	Cmi18	Cpl20	Ler21	Loc18	Gga20	Xtr10
N0.HOG0012150	Cmi18	Cpl20	Ler21	Loc18	Gga20	Xtr10
N0.HOG0012151	Cmi18	Cpl20	Ler21	Loc18	Gga20	Xtr10
N0.HOG0012152	Cmi18	Cpl20	Ler21	Loc18	Gga20	Xtr10
N0.HOG0012153	Cmi18	Cpl20	Ler21	Loc18	Gga20	Xtr10
N0.HOG0012154	Cmi18	Cpl20	Ler21	Loc18	Gga20	Xtr10
N0.HOG0012155	Cmi18	Cpl20	Ler21	Loc18	Gga20	Xtr10
N0.HOG0012156	Cmi18	Cpl20	Ler21	Loc18	Gga20	Xtr10
N0.HOG0012157	Cmi18	CplSca	Ler21	Loc18	Gga20	Xtr10
N0.HOG0012158	Cmi18	Cpl20	Ler21	Loc18	Gga20	Xtr10
N0.HOG0012159	Cmi18	Cpl20	Ler21	Loc18	Gga20	Xtr10
N0.HOG0012160	Cmi18	Cpl20	Ler21	Loc18	Gga20	Xtr10
N0.HOG0012161	Cmi18	Cpl20	Ler21	Loc18	Gga20	Xtr10
N0.HOG0012162	Cmi18	Cpl20	Ler21	Loc18	Gga20	Xtr10
N0.HOG0012163	Cmi18	Cpl20	Ler21	Loc18	Gga20	Xtr10
N0.HOG0012164	Cmi18	Cpl20	Ler21	Loc18	Gga20	Xtr10
N0.HOG0012165	Cmi18	Cpl20	Ler21	Loc18	Gga20	Xtr10
N0.HOG0012166	Cmi18	Cpl20	Ler21	Loc18	Gga20	Xtr10
N0.HOG0012167	Cmi18	Cpl20	Ler21	Loc18	Gga20	Xtr10
N0.HOG0012168	Cmi18	Cpl20	Ler21	Loc18	Gga20	Xtr10
N0.HOG0012169	Cmi18	Cpl20	Ler21	Loc18	Gga20	Xtr10
N0.HOG0012170	Cmi18	Cpl20	Ler21	Loc18	Gga20	Xtr10
N0.HOG0012171	Cmi18	Cpl20	Ler21	Loc18	Gga20	Xtr10
N0.HOG0012172	Cmi18	Cpl20	Ler21	Loc18	Gga20	Xtr10
N0.HOG0012173	Cmi18	Cpl20	Ler21	Loc18	Gga20	Xtr10
N0.HOG0012174	Cmi18	Cpl20	Ler21	Loc18	Gga20	Xtr10
N0.HOG0012175	Cmi18	Cpl20	Ler21	Loc18	Gga20	Xtr10
N0.HOG0012176	Cmi18	Cpl20	Ler21	Loc18	Gga20	Xtr10
N0.HOG0012177	Cmi18	Cpl20	Ler21	Loc18	Gga20	Xtr10
N0.HOG0012178	Cmi18	Cpl20	Ler21	Loc18	Gga20	Xtr10
N0.HOG0012179	Cmi18	Cpl20	Ler21	Loc18	Gga20	Xtr10
N0.HOG0012180	Cmi18	Cpl20	Ler21	Loc18	Gga20	Xtr10
N0.HOG0012181	Cmi18	CplSca	Ler21	Loc18	Gga20	Xtr10
N0.HOG0012182	Cmi18	Cpl20	Ler21	Loc18	Gga20	Xtr10
N0.HOG0012183	Cmi18	Cpl20	Ler21	Loc18	Gga20	Xtr10
N0.HOG0012184	Cmi18	Cpl20	Ler21	Loc18	Gga20	Xtr10
N0.HOG0012185	Cmi18	Cpl20	Ler21	Loc18	Gga20	Xtr10
N0.HOG0012186	Cmi18	Cpl20	Ler21	Loc18	Gga20	Xtr10
N0.HOG0012187	Cmi18	Cpl20	Ler21	Loc18	Gga20	Xtr10
N0.HOG0012188	Cmi18	Cpl20	Ler21	Loc18	Gga20	Xtr10
N0.HOG0012189	Cmi18	Cpl20		Loc18	Gga20	Xtr10
N0.HOG0012190	Cmi18	Cpl20	Ler21	Loc18	Gga20	Xtr10
N0.HOG0012191	Cmi18	Cpl20	Ler21	Loc18	Gga20	Xtr10
N0.HOG0012192	Cmi18	Cpl20	Ler21	Loc18	Gga20	Xtr10
N0.HOG0012193	Cmi18	Cpl20	Ler21	Loc18	Gga20	Xtr10
N0.HOG0012194	Cmi18	Cpl20	Ler21	Loc18	Gga20	Xtr10
N0.HOG0012195	Cmi18	Cpl20	Ler21	Loc18	Gga20	Xtr10
N0.HOG0012196	Cmi18	Cpl20	Ler21	Loc18	Gga20	Xtr10
N0.HOG0012197	Cmi18	Cpl20	Ler21	Loc18	Gga20	Xtr10
N0.HOG0012198	Cmi18	Cpl20	Ler21	Loc18	Gga20	Xtr10
N0.HOG0012199	Cmi18	Cpl20	Ler21	Loc18	Gga20	Xtr10
N0.HOG0012200	Cmi18	Cpl20	Ler21	Loc18	Gga20	Xtr10
N0.HOG0012201	Cmi18	Cpl20	Ler21	Loc18	Gga20	Xtr10
N0.HOG0012202	Cmi18	Cpl20	Ler21	Loc18	Gga20	Xtr10
N0.HOG0012203	Cmi18	Cpl20	Ler21	Loc18	Gga20	Xtr10
N0.HOG0012204	Cmi19	Cpl26	Ler24	Loc03	Gga26	Xtr02
N0.HOG0012205	Cmi19	Cpl26	Ler24	Loc03	Gga26	Xtr02
N0.HOG0012206	Cmi19	Cpl26	Ler24	Loc03	Gga26	Xtr02
N0.HOG0012207	Cmi19	Cpl26	Ler24	Loc03	Gga26	Xtr02
N0.HOG0012208	Cmi19	Cpl26	Ler24	Loc03	Gga26	Xtr02
N0.HOG0012209	Cmi19	Cpl28	Ler24	Loc03	Gga26	Xtr02
N0.HOG0012210	Cmi19	Cpl28	Ler24	Loc03	Gga26	Xtr02
N0.HOG0012211	Cmi19	Cpl26	Ler24	Loc03	Gga26	Xtr02
N0.HOG0012212	Cmi19	Cpl26	Ler24	Loc03	Gga26	Xtr02
N0.HOG0012213	Cmi19	Cpl26	Ler24	Loc03	Gga26	Xtr02
N0.HOG0012214	Cmi19	Cpl26	Ler24	Loc03	Gga26	Xtr02
N0.HOG0012215	Cmi19	Cpl26	Ler24	Loc03	Gga26	Xtr02
N0.HOG0012216	Cmi19	Cpl26	Ler24	Loc03	Gga26	Xtr02
N0.HOG0012217	Cmi19	Cpl26	Ler24	Loc03	Gga26	Xtr02
N0.HOG0012218	Cmi19	Cpl26	Ler24	Loc03	Gga26	Xtr02
N0.HOG0012219	Cmi19	Cpl26	Ler24	Loc03	Gga26	Xtr02
N0.HOG0012220	Cmi19	Cpl26	Ler24	Loc03	Gga26	Xtr02
N0.HOG0012221	Cmi19	Cpl26	Ler24	Loc03	Gga26	Xtr02
N0.HOG0012222	Cmi19	Cpl26	Ler24	Loc03	Gga26	Xtr02
N0.HOG0012223	Cmi19	Cpl26	Ler24	Loc03	Gga26	Xtr02
N0.HOG0012224	Cmi19	Cpl26	Ler24	Loc03	Gga26	Xtr02
N0.HOG0012225	Cmi19	Cpl26	Ler24	Loc03	Gga26	Xtr02
N0.HOG0012226	Cmi19	Cpl26	Ler24	Loc03	Gga26	Xtr02
N0.HOG0012227	Cmi19	Cpl26	Ler24	Loc03		
N0.HOG0012228	Cmi19	Cpl26	Ler24		Gga26	Xtr02
N0.HOG0012229	Cmi19	Cpl26	Ler24	Loc03	Gga26	Xtr02
N0.HOG0012230	Cmi19	Cpl26		Loc03	Gga26	Xtr02
N0.HOG0012231	Cmi19	Cpl26	Ler24	Loc03	Gga26	Xtr02
N0.HOG0012232	Cmi19	Cpl26	Ler24	Loc03	Gga26	Xtr02
N0.HOG0012233	Cmi19	Cpl26	Ler24	Loc03	Gga26	Xtr02
N0.HOG0012234	Cmi19	Cpl26	Ler24	Loc03	Gga26	Xtr02
N0.HOG0012235	Cmi19	Cpl26	Ler24	Loc03	Gga26	Xtr02
N0.HOG0012236	Cmi19	Cpl26	Ler24	Loc03		Xtr02
N0.HOG0012237	Cmi19	Cpl26	Ler24	Loc03	Gga26	Xtr02
N0.HOG0012238	Cmi19	Cpl26	Ler24	Loc03	Gga26	Xtr02
N0.HOG0012239	Cmi19	Cpl26	Ler24	Loc03	Gga26	Xtr02
N0.HOG0012240	Cmi19	Cpl26	Ler24	Loc03	Gga26	Xtr02
N0.HOG0012241	Cmi19	Cpl26	Ler24	Loc03	Gga26	Xtr02
N0.HOG0012242	Cmi19	Cpl26	Ler24	Loc03	Gga26	Xtr02
N0.HOG0012243	Cmi19	Cpl26	Ler24	Loc03	Gga26	Xtr02
N0.HOG0012244	Cmi19	Cpl26	Ler24	Loc03	Gga26	Xtr02
N0.HOG0012245	Cmi19	Cpl26, Cpl12				
N0.HOG0012246	Cmi19	Cpl26	Ler24	Loc03	Gga26	Xtr02
N0.HOG0012247	Cmi19	Cpl26	Ler24	Loc03	Gga26	Xtr02
N0.HOG0012248	Cmi19	Cpl26	Ler24	Loc03	Gga26	Xtr02
N0.HOG0012249	Cmi19	Cpl26	Ler24	Loc03	Gga34	Xtr02
N0.HOG0012250	Cmi19	Cpl26	Ler24	Loc03	Gga26	Xtr02
N0.HOG0012251	Cmi19	Cpl26	Ler24	Loc03	Gga26	Xtr02
N0.HOG0012252	Cmi19	Cpl26	Ler24	Loc03	Gga26	Xtr02
N0.HOG0012253	Cmi19	Cpl26	Ler24	Loc03	Gga26	Xtr02
N0.HOG0012254	Cmi19	Cpl26	Ler24	Loc03	Gga26	Xtr02
N0.HOG0012255	Cmi19	Cpl26	Ler24	Loc03	Gga26	Xtr02
N0.HOG0012256	Cmi19	Cpl26	Ler24	Loc03	Gga26	Xtr02
N0.HOG0012257	Cmi19	Cpl26	Ler24	Loc03	Gga26	Xtr02
N0.HOG0012258	Cmi19	Cpl26	Ler24	Loc03	Gga26	Xtr02
N0.HOG0012259	Cmi19	Cpl26	Ler24	Loc03	Gga26	Xtr02
N0.HOG0012260	Cmi19	Cpl17	Ler17	Loc23	Gga11	Xtr04
N0.HOG0012261	Cmi19	Cpl26	Ler24	Loc03	Gga26	Xtr02
N0.HOG0012262	Cmi19	Cpl26	Ler24	Loc03	Gga26	Xtr05
N0.HOG0012263	Cmi19	Cpl26	Ler24	Loc03	Gga26	Xtr02
N0.HOG0012264	Cmi19	Cpl26	Ler24	Loc03	Gga26	Xtr02
N0.HOG0012265	Cmi19	Cpl26	Ler24	Loc03	Gga26	Xtr02
N0.HOG0012266	Cmi19	Cpl26	Ler24	Loc03	Gga26	Xtr02
N0.HOG0012267	Cmi19	Cpl26	Ler24	Loc03	Gga26	Xtr02
N0.HOG0012268	Cmi19	Cpl26	Ler24	Loc03	Gga26	Xtr02
N0.HOG0012269	Cmi19	Cpl26	Ler24	Loc03	Gga26	Xtr02
N0.HOG0012270	Cmi19	Cpl26	Ler24	Loc03	Gga26	Xtr02
N0.HOG0012271	Cmi19	Cpl26	Ler24	Loc03	Gga26	Xtr02
N0.HOG0012272	Cmi19	Cpl26	Ler24	Loc03	Gga26	Xtr02
N0.HOG0012273	Cmi19	Cpl26	Ler24	LocSca	Gga26	Xtr02
N0.HOG0012274	Cmi19	Cpl26	Ler24	Loc03	Gga26	Xtr02
N0.HOG0012275	Cmi19	Cpl26	Ler24	Loc03	Gga26	Xtr02
N0.HOG0012276	Cmi19	Cpl26	Ler24	Loc03	Gga10	Xtr03
N0.HOG0012277	Cmi19	Cpl26	Ler24	Loc03	Gga26	Xtr02
N0.HOG0012278	Cmi19	Cpl07	Ler24	Loc05	Gga25	Xtr08
N0.HOG0012279	Cmi19	Cpl46	Ler24	Loc09		Xtr09
N0.HOG0012280	Cmi19	Cpl26	Ler24	Loc03	Gga26	Xtr06
N0.HOG0012281	Cmi19	Cpl26	Ler24	Loc03	Gga26	Xtr02
N0.HOG0012282	Cmi19	Cpl26	Ler24	Loc03	Gga26	
N0.HOG0012283	Cmi19	Cpl26	Ler24	Loc03	Gga26	Xtr02
N0.HOG0012284	Cmi19	Cpl26	Ler24	Loc03	Gga26	Xtr02
N0.HOG0012285	Cmi19	Cpl26	Ler24	Loc03	Gga26	Xtr02
N0.HOG0012286	Cmi19	Cpl26	Ler24	Loc03	Gga26	Xtr02
N0.HOG0012287	Cmi19	Cpl26	Ler24	Loc03	Gga26	Xtr02
N0.HOG0012288	Cmi19	CplSca	Ler24	Loc14	Gga05	Xtr07
N0.HOG0012289	Cmi19	Cpl26	Ler24	Loc03	Gga26	Xtr02
N0.HOG0012290	Cmi19	Cpl26	Ler24	Loc03	Gga26	Xtr02
N0.HOG0012291	Cmi19	Cpl26	Ler24	Loc03	Gga26	Xtr02
N0.HOG0012292	Cmi19	Cpl26	Ler24	Loc03	Gga26	Xtr02
N0.HOG0012293	Cmi19	Cpl26	Ler24	Loc03	Gga26	Xtr02
N0.HOG0012294	Cmi19	Cpl26	Ler24	Loc03	Gga01	Xtr04
N0.HOG0012295	Cmi19	Cpl26	Ler24	Loc03	Gga26	Xtr02
N0.HOG0012296	Cmi19	Cpl26	Ler24	Loc03	Gga26	Xtr02
N0.HOG0012297	Cmi19	Cpl26	Ler24	Loc03	Gga26	Xtr02
N0.HOG0012298	Cmi19	Cpl26	Ler24	Loc03	Gga26	Xtr02
N0.HOG0012299	Cmi19	Cpl26	Ler24	Loc03	Gga26	Xtr02
N0.HOG0012300	Cmi19	Cpl26	Ler24	Loc03	Gga26	Xtr02
N0.HOG0012301	Cmi20	Cpl24	Ler23	Loc10	Gga18	Xtr10
N0.HOG0012302	Cmi20	Cpl24	Ler23	Loc10	Gga18	Xtr10
N0.HOG0012303	Cmi20		Ler23, Ler20	Loc13	Gga18	Xtr10
N0.HOG0012304	Cmi20	Cpl24	Ler23	Loc10	Gga18	Xtr10
N0.HOG0012305	Cmi20	Cpl24	Ler23	Loc10	Gga18	Xtr10
N0.HOG0012306	Cmi20	Cpl24	Ler23	Loc10	Gga18	Xtr10
N0.HOG0012307	Cmi20	Cpl24	Ler23	Loc10	Gga24	Xtr04
N0.HOG0012308	Cmi20	Cpl24	Ler23	Loc10	Gga18	Xtr10
N0.HOG0012309	Cmi20	Cpl24	Ler23	Loc10	Gga18	Xtr10
N0.HOG0012310	Cmi20	Cpl24	Ler23	Loc10	Gga18	Xtr10
N0.HOG0012311	Cmi20	Cpl24	Ler23	Loc10	Gga18	Xtr10
N0.HOG0012312	Cmi20	Cpl24	Ler23	Loc10	Gga18	Xtr10
N0.HOG0012313	Cmi20	Cpl24	Ler23	Loc10	Gga18	Xtr03
N0.HOG0012314	Cmi20	Cpl24	Ler23	Loc08	Gga01	Xtr03
N0.HOG0012315	Cmi20	Cpl24	Ler23	Loc10	Gga18	Xtr10
N0.HOG0012316	Cmi20	Cpl24	Ler23	Loc10	Gga18	Xtr10
N0.HOG0012317	Cmi20	Cpl24	Ler23	Loc10	Gga18	Xtr10
N0.HOG0012318	Cmi20	Cpl24	Ler23	Loc10	Gga18	Xtr10
N0.HOG0012319	Cmi20	Cpl24	Ler23	Loc10	Gga18	Xtr10
N0.HOG0012320	Cmi20	Cpl24	Ler23	Loc10	Gga18	Xtr10
N0.HOG0012321	Cmi20	Cpl24	Ler23	Loc10	Gga18	Xtr10
N0.HOG0012322	Cmi20	Cpl24	Ler23	Loc10	Gga18	Xtr10
N0.HOG0012323	Cmi20	Cpl24	Ler23	Loc10	Gga18	Xtr10
N0.HOG0012324	Cmi20	Cpl24	Ler23	Loc10	Gga18	Xtr10
N0.HOG0012325	Cmi20	Cpl24	Ler23	Loc10	Gga18	Xtr10
N0.HOG0012326	Cmi20	Cpl24	Ler23	Loc10	Gga18	Xtr10
N0.HOG0012327	Cmi20	Cpl24	Ler23	Loc10	Gga18	Xtr10
N0.HOG0012328	Cmi20	Cpl24	Ler23	Loc10	Gga18	Xtr10
N0.HOG0012329	Cmi20	Cpl24	Ler23	Loc18	Gga20	Xtr10
N0.HOG0012330	Cmi20	Cpl24		Loc10		Xtr02, Xtr10
N0.HOG0012331	Cmi20	Cpl24	Ler23	Loc10	Gga18	Xtr10
N0.HOG0012332	Cmi20	Cpl24	Ler23	Loc10	Gga18	Xtr10
N0.HOG0012333	Cmi20	Cpl24	Ler23	Loc10	Gga18	Xtr10
N0.HOG0012334	Cmi20		Ler23	Loc10	Gga18	Xtr10, Xtr07
N0.HOG0012335	Cmi20	Cpl24	Ler23	Loc10	Gga18	Xtr10
N0.HOG0012336	Cmi20	Cpl24	Ler23	Loc10	Gga18	Xtr10
N0.HOG0012337	Cmi20	Cpl24	Ler23	Loc10	Gga18	Xtr10
N0.HOG0012338	Cmi20	Cpl24	Ler23	Loc10	Gga18	Xtr10
N0.HOG0012339	Cmi20	Cpl24	Ler23	Loc10	Gga18	Xtr10
N0.HOG0012340	Cmi20	Cpl24	Ler23	Loc10	Gga18	Xtr10
N0.HOG0012341	Cmi20	Cpl24	Ler23	Loc10	Gga18	Xtr10
N0.HOG0012342	Cmi20	Cpl24	Ler23	Loc10	Gga18	Xtr10
N0.HOG0012343	Cmi20	Cpl24	Ler23	Loc10	Gga18	Xtr10
N0.HOG0012344	Cmi20	Cpl24	Ler23	Loc10	Gga18	Xtr10
N0.HOG0012345	Cmi20	Cpl24	Ler23	Loc10	Gga18	Xtr10
N0.HOG0012346	Cmi20	Cpl24	Ler23	Loc10	Gga18	Xtr10
N0.HOG0012347	Cmi20	Cpl24	Ler23	Loc10	Gga18	Xtr10
N0.HOG0012348	Cmi20	Cpl24	Ler23	Loc10	Gga18	Xtr10
N0.HOG0012349	Cmi20	Cpl24	Ler23	Loc10	Gga18	Xtr10
N0.HOG0012350	Cmi20	Cpl24	Ler23	Loc10	Gga18	Xtr10
N0.HOG0012351	Cmi20	Cpl24	Ler23	Loc10	Gga18	Xtr10
N0.HOG0012352	Cmi20	Cpl24	Ler23	Loc10	Gga18	Xtr10
N0.HOG0012353	Cmi20	Cpl24	Ler23	Loc10	Gga18	Xtr10
N0.HOG0012354	Cmi20	Cpl24	Ler23	Loc10	Gga18	Xtr10
N0.HOG0012355	Cmi20	Cpl24	Ler23	Loc10	Gga18	Xtr10
N0.HOG0012356	Cmi20	Cpl24	Ler23	Loc10	Gga18	Xtr10
N0.HOG0012357	Cmi20	Cpl24	Ler23	Loc10	Gga18	Xtr10
N0.HOG0012358	Cmi20	Cpl24	Ler23	Loc10	Gga18	Xtr10
N0.HOG0012359	Cmi20	Cpl24	Ler23	Loc10	Gga18	Xtr10
N0.HOG0012360	Cmi20	Cpl24	Ler23	Loc10	Gga18	Xtr10
N0.HOG0012361	Cmi20	Cpl24	Ler23	Loc10	Gga18	Xtr10
N0.HOG0012362	Cmi20	Cpl24	Ler23	Loc10	Gga18	Xtr10
N0.HOG0012363	Cmi20	Cpl24	Ler23	Loc10	Gga18	Xtr10
N0.HOG0012364	Cmi20	Cpl24	Ler23	Loc10	Gga18	Xtr10
N0.HOG0012365	Cmi20	Cpl24	Ler23	Loc10	Gga18	Xtr10
N0.HOG0012366	Cmi20	Cpl24	Ler23	Loc10	Gga18	Xtr10
N0.HOG0012367	Cmi20	Cpl24	Ler23	Loc10	Gga18	Xtr10
N0.HOG0012368	Cmi20	Cpl24	Ler23	Loc10	Gga18	Xtr10
N0.HOG0012369	Cmi20	Cpl24	Ler23	Loc10	Gga18	Xtr10
N0.HOG0012370	Cmi20	Cpl24	Ler23	Loc10	Gga18	Xtr10
N0.HOG0012371	Cmi20	Cpl24	Ler23	Loc10	Gga18	Xtr10
N0.HOG0012372	Cmi20	Cpl24	Ler23	Loc10	Gga18	Xtr10
N0.HOG0012373	Cmi20	Cpl24	Ler23	Loc10	Gga18	Xtr10
N0.HOG0012374	Cmi20	Cpl24	Ler23	Loc10	Gga18	Xtr10
N0.HOG0012375	Cmi20	Cpl24	Ler23	Loc10	Gga18	Xtr10
N0.HOG0012376	Cmi20	Cpl24	Ler23	Loc10	Gga18	Xtr10
N0.HOG0012377	Cmi20	Cpl24	Ler23	Loc10	Gga18	Xtr10
N0.HOG0012378	Cmi20	Cpl24	Ler23	Loc10	Gga18	Xtr10
N0.HOG0012379	Cmi20	Cpl24	Ler23	Loc10	Gga18	Xtr10
N0.HOG0012380	Cmi20	Cpl24	Ler23	Loc10	Gga18	Xtr10
N0.HOG0012381	Cmi20	Cpl24	Ler23	Loc10	Gga18	Xtr10
N0.HOG0012382	Cmi20	Cpl24	Ler23	Loc10	Gga18	Xtr10
N0.HOG0012383	Cmi20	Cpl24	Ler23	Loc10	Gga18	Xtr10
N0.HOG0012384	Cmi20	Cpl24	Ler23	Loc10	Gga18	Xtr10
N0.HOG0012385	Cmi20	Cpl24	Ler23	Loc10		Xtr10
N0.HOG0012386	Cmi20	Cpl24	Ler23	Loc10	Gga18	Xtr10
N0.HOG0012387	Cmi20	Cpl24	Ler23	Loc10	Gga18	Xtr10
N0.HOG0012388	Cmi20	CplSca	Ler23	Loc10	Gga18	Xtr10
N0.HOG0012389	Cmi20	Cpl24	Ler23	Loc10	Gga18	Xtr10
N0.HOG0012390	Cmi20	Cpl24	Ler23	Loc10	Gga18	Xtr10
N0.HOG0012391	Cmi20	Cpl24	Ler23	Loc10	Gga18	Xtr10
N0.HOG0012392	Cmi20	Cpl24	Ler23	Loc10	Gga18	Xtr10
N0.HOG0012393	Cmi20	Cpl24	Ler23	Loc10	Gga18	Xtr10
N0.HOG0012394	Cmi20	Cpl24	Ler23	Loc10	Gga18	Xtr10
N0.HOG0012395	Cmi20	Cpl24	Ler23	Loc10	Gga18	Xtr10
N0.HOG0012396	Cmi20	Cpl24	Ler23	Loc10	Gga18	Xtr10
N0.HOG0012397	Cmi20	Cpl24	Ler23	Loc10	Gga18	Xtr10
N0.HOG0012398	Cmi20	Cpl24	Ler23	Loc10	Gga18	Xtr10
N0.HOG0012399	Cmi20	Cpl24	Ler23	Loc10	Gga18	Xtr10
N0.HOG0012400	Cmi20	Cpl24	Ler23	Loc10	Gga18	Xtr10
N0.HOG0012401	Cmi20	Cpl24	Ler23	Loc10	Gga18	Xtr10
N0.HOG0012402	Cmi20	Cpl24	Ler23	Loc10	Gga18	Xtr10
N0.HOG0012403	Cmi20	Cpl24	Ler23	Loc10	Gga18	Xtr10
N0.HOG0012404	Cmi20	Cpl24	Ler23	Loc10	Gga18	Xtr10
N0.HOG0012405	Cmi20	Cpl24	Ler23	Loc10	Gga18	Xtr10
N0.HOG0012406	Cmi20	Cpl24	Ler23	Loc10	Gga18	Xtr10
N0.HOG0012407	Cmi20	Cpl24	Ler23	Loc10	Gga18	Xtr10
N0.HOG0012408	Cmi20	Cpl24	Ler23	Loc10	Gga18	Xtr10
N0.HOG0012409	Cmi20	Cpl24	Ler23	Loc10	Gga18	Xtr10
N0.HOG0012410	Cmi20	Cpl24	Ler23	Loc10	Gga18	Xtr10
N0.HOG0012411	Cmi20	Cpl24	Ler23	Loc10	Gga18	Xtr10
N0.HOG0012412	Cmi20	Cpl24	Ler23	Loc10	Gga18	Xtr10
N0.HOG0012413	Cmi20	Cpl24	Ler23	Loc10	Gga18	Xtr10
N0.HOG0012414	Cmi20	Cpl24	Ler23	Loc10	Gga18	Xtr10
N0.HOG0012415	Cmi20	Cpl24	Ler23	Loc10	Gga18	Xtr10
N0.HOG0012416	Cmi20	Cpl24	Ler23	Loc10	Gga18	Xtr10
N0.HOG0012417	Cmi20	Cpl24	Ler23	Loc10	Gga18	Xtr10
N0.HOG0012418	Cmi20	Cpl24	Ler23	Loc10	Gga18	Xtr10
N0.HOG0012419	Cmi20	Cpl24	Ler23	Loc10	Gga18	Xtr10
N0.HOG0012420	Cmi20		Ler23	Loc10	Gga18	Xtr10
N0.HOG0012421	Cmi20	Cpl24	Ler23	Loc10	Gga18	Xtr10
N0.HOG0012422	Cmi20	Cpl24	Ler23	Loc06	Gga13	Xtr03
N0.HOG0012423	Cmi20	Cpl24	Ler23	Loc07	Gga04	Xtr08
N0.HOG0012424	Cmi20	Cpl24	Ler23	Loc10	Gga18	Xtr10
N0.HOG0012425	Cmi20	Cpl24	Ler23	Loc07	Gga05	Xtr08
N0.HOG0012426	Cmi20	Cpl24	Ler23	Loc10	Gga18	Xtr10
N0.HOG0012427	Cmi20	Cpl24	Ler23	Loc10	Gga18	Xtr10
N0.HOG0012428	Cmi20	Cpl24	Ler23	Loc10	Gga18	Xtr10
N0.HOG0012429	Cmi20	Cpl24	Ler23	Loc10	Gga18	Xtr10
N0.HOG0012430	Cmi20	Cpl24	Ler23	Loc10	Gga18	Xtr10
N0.HOG0012431	Cmi20	Cpl24	Ler23	Loc10	Gga18	Xtr10
N0.HOG0012432	Cmi20	Cpl24	Ler23	Loc10	Gga18	Xtr10
N0.HOG0012433	Cmi20	Cpl24	Ler23	Loc10	Gga18	Xtr10
N0.HOG0012434	Cmi20	Cpl24	Ler23	Loc10	Gga18	Xtr10
N0.HOG0012435	Cmi20	Cpl24	Ler23	Loc10	Gga18	Xtr10
N0.HOG0012436	Cmi20	Cpl24	Ler23	Loc10	Gga18	Xtr10
N0.HOG0012437	Cmi20	Cpl24	Ler23	Loc10	Gga18	Xtr10
N0.HOG0012438	Cmi20	Cpl24	Ler23	Loc10		Xtr10
N0.HOG0012439	Cmi20	Cpl24	Ler23	Loc10	Gga18	Xtr10
N0.HOG0012440	Cmi20	Cpl24	Ler23	Loc10	Gga18	Xtr10
N0.HOG0012441	Cmi20	Cpl24	Ler23	Loc10	Gga18	Xtr10
N0.HOG0012442	Cmi20	Cpl24	Ler23	Loc10	Gga18	Xtr10
N0.HOG0012443	Cmi20	Cpl24	Ler23	Loc10	Gga18	Xtr10
N0.HOG0012444	Cmi20	Cpl24	Ler23	Loc10	Gga18	Xtr10
N0.HOG0012445	Cmi20	Cpl24	Ler23	Loc10	Gga18	Xtr10
N0.HOG0012446	Cmi20	Cpl24	Ler23	Loc10	Gga18	Xtr10
N0.HOG0012447	Cmi20	Cpl24	Ler23	Loc10	Gga18	Xtr10
N0.HOG0012448	Cmi20	Cpl24	Ler23	Loc10		Xtr10
N0.HOG0012449	Cmi20	Cpl24	Ler23	Loc10	Gga18	Xtr10
N0.HOG0012450	Cmi20	Cpl24	Ler23	Loc10	Gga18	Xtr10
N0.HOG0012451	Cmi20	Cpl24	Ler23	Loc10	Gga18	Xtr10
N0.HOG0012452	Cmi20	Cpl24	Ler23	Loc10	Gga18	Xtr10
N0.HOG0012453	Cmi20	Cpl24	Ler23	Loc10	Gga18	Xtr10
N0.HOG0012454	Cmi20	Cpl24	Ler23	Loc10	Gga18	Xtr10
N0.HOG0012455	Cmi20	Cpl24	Ler23	Loc10	Gga18	Xtr10
N0.HOG0012456	Cmi20		LerSca	Loc10	Gga18	Xtr10, Xtr07
N0.HOG0012457	Cmi20	Cpl24	Ler23	Loc10	Gga18	Xtr10
N0.HOG0012458	Cmi20	Cpl24	Ler23	Loc10	Gga18	Xtr10
N0.HOG0012459	Cmi20	Cpl24	Ler23	Loc10	Gga18	Xtr10
N0.HOG0012460	Cmi20	Cpl24	Ler23	Loc10	Gga18	Xtr10
N0.HOG0012461	Cmi20	Cpl24	Ler23	Loc10	Gga18	Xtr10
N0.HOG0012462	Cmi20	Cpl24	Ler23	Loc10	Gga18	Xtr10
N0.HOG0012463	Cmi20	Cpl24	Ler23	Loc10	Gga18	Xtr10
N0.HOG0012464	Cmi20	CplSca	Ler23	Loc10	Gga18	Xtr10
N0.HOG0012465	Cmi20	CplSca	Ler23	Loc10	Gga18	Xtr10
N0.HOG0012466	Cmi20	Cpl24	Ler23	Loc10	Gga18	Xtr10
N0.HOG0012467	Cmi21	Cpl31	Ler29	Loc19	Gga28	Xtr01
N0.HOG0012468	Cmi21	Cpl31	Ler29	Loc19	Gga28	Xtr01
N0.HOG0012469	Cmi21	Cpl31	Ler29	Loc19	Gga28	Xtr01
N0.HOG0012470	Cmi21	Cpl31	Ler29	Loc19	Gga28	Xtr03
N0.HOG0012471	Cmi21	Cpl31	Ler29	Loc19	Gga28	Xtr01
N0.HOG0012472	Cmi21	Cpl31	Ler29	Loc19	Gga28	Xtr01
N0.HOG0012473	Cmi21	Cpl31	Ler29	Loc19	Gga28	Xtr01
N0.HOG0012474	Cmi21	Cpl31	Ler29	Loc19	Gga28	Xtr01
N0.HOG0012475	Cmi21	Cpl31	Ler29	Loc19	Gga28	Xtr01
N0.HOG0012476	Cmi21	Cpl31	Ler29	Loc19	Gga28	Xtr01
N0.HOG0012477	Cmi21	Cpl31	Ler29	Loc19	Gga28	Xtr01
N0.HOG0012478	Cmi21	Cpl31	Ler29	Loc19	Gga28	Xtr01
N0.HOG0012479	Cmi21	Cpl31	Ler29	Loc19	Gga28	Xtr01
N0.HOG0012480	Cmi21	Cpl31	Ler29	Loc02	Gga28	Xtr01
N0.HOG0012481	Cmi21	Cpl31	Ler29	Loc19	Gga28	Xtr01
N0.HOG0012482	Cmi21	Cpl31	Ler29	Loc19	Gga28	Xtr01
N0.HOG0012483	Cmi21	Cpl31	Ler29	Loc19	Gga28	Xtr01
N0.HOG0012484	Cmi21	Cpl31	Ler29	Loc19	Gga28	Xtr01
N0.HOG0012485	Cmi21	Cpl31	Ler29	Loc19	Gga28	Xtr01
N0.HOG0012486	Cmi21	Cpl31	Ler29	Loc19	Gga28	Xtr01
N0.HOG0012487	Cmi21	Cpl31	Ler29	Loc19	Gga28	Xtr01
N0.HOG0012488	Cmi21	Cpl31	Ler29	Loc19	Gga28	Xtr01
N0.HOG0012489	Cmi21	Cpl31	Ler29	Loc19	Gga28	Xtr01
N0.HOG0012490	Cmi21	Cpl31	Ler29	Loc19	Gga28	Xtr01
N0.HOG0012491	Cmi21	Cpl31	Ler29	Loc19	Gga28	Xtr01
N0.HOG0012492	Cmi21	Cpl31	Ler29	Loc19	Gga28	Xtr01
N0.HOG0012493	Cmi21	Cpl31	Ler29	Loc19	Gga28	Xtr01
N0.HOG0012494	Cmi21	Cpl31	Ler29	Loc19	Gga28	Xtr01
N0.HOG0012495	Cmi21	Cpl31	Ler29	Loc19	Gga28	Xtr01
N0.HOG0012496	Cmi21	Cpl31	Ler29	Loc19	Gga28	Xtr01
N0.HOG0012497	Cmi21	Cpl31	Ler29	Loc19	Gga28	Xtr01
N0.HOG0012498	Cmi21	Cpl31	Ler29	Loc19	Gga28	Xtr01
N0.HOG0012499	Cmi21	Cpl31	Ler29	Loc02	GgaZ	Xtr01
N0.HOG0012500	Cmi21	Cpl31	Ler29	Loc19	Gga28	Xtr01
N0.HOG0012501	Cmi21	Cpl31	Ler29	Loc19	Gga28	Xtr01
N0.HOG0012502	Cmi21	Cpl31	Ler29	Loc19	Gga28	Xtr01
N0.HOG0012503	Cmi21	Cpl31	Ler29	Loc19	Gga28	Xtr01
N0.HOG0012504	Cmi21	Cpl48	Ler29	Loc19	Gga28	Xtr01
N0.HOG0012505	Cmi21	Cpl31	Ler29	Loc19	Gga28	Xtr01
N0.HOG0012506	Cmi21	Cpl31	Ler29	Loc19	Gga28	Xtr01
N0.HOG0012507	Cmi21	Cpl31	Ler29	Loc19	Gga28	Xtr01
N0.HOG0012508	Cmi21	Cpl31	Ler29	Loc19	Gga28	Xtr01
N0.HOG0012509	Cmi21	Cpl31	Ler29	Loc19	Gga28	Xtr01
N0.HOG0012510	Cmi21	Cpl31	Ler29	Loc19	Gga28	Xtr01
N0.HOG0012511	Cmi21	Cpl31	Ler29	Loc19	Gga28	Xtr01
N0.HOG0012512	Cmi21	Cpl31	Ler29	Loc19	Gga28	Xtr01
N0.HOG0012513	Cmi21	Cpl31	Ler29	Loc19	Gga28	Xtr01
N0.HOG0012514	Cmi21	Cpl31	Ler29	Loc19	Gga19	Xtr02
N0.HOG0012515	Cmi21	Cpl31	Ler29	Loc19	Gga28	Xtr01
N0.HOG0012516	Cmi21	Cpl31	Ler29	Loc19	Gga28	Xtr01
N0.HOG0012517	Cmi21	Cpl31	Ler29	Loc19	Gga28	Xtr01
N0.HOG0012518	Cmi21	Cpl31	Ler29	Loc19	Gga28	Xtr01
N0.HOG0012519	Cmi21	Cpl31	Ler29			
N0.HOG0012520	Cmi21	Cpl31	Ler29	Loc19	Gga28	Xtr01
N0.HOG0012521	Cmi21	Cpl31	Ler29	Loc19	Gga28	Xtr01
N0.HOG0012522	Cmi21	Cpl31	Ler29	Loc19	Gga28	Xtr01
N0.HOG0012523	Cmi21	Cpl31	Ler29	Loc19, Loc01	Gga28	
N0.HOG0012524	Cmi21	Cpl31	Ler29	Loc19	Gga28	Xtr01
N0.HOG0012525	Cmi21	Cpl31	Ler29	Loc19	Gga28	Xtr01
N0.HOG0012526	Cmi21	Cpl31	Ler29	Loc19	Gga28	Xtr01
N0.HOG0012527	Cmi21	Cpl31	Ler29	Loc19	Gga28	Xtr01
N0.HOG0012528	Cmi21	Cpl31	Ler29	Loc02	Gga28	Xtr01
N0.HOG0012529	Cmi21	Cpl31	Ler29	Loc19	Gga28	Xtr01
N0.HOG0012530	Cmi21	Cpl31	Ler29	Loc19	Gga28	Xtr01
N0.HOG0012531	Cmi21	Cpl31	Ler29	Loc19	Gga28	Xtr01
N0.HOG0012532	Cmi21	Cpl31	Ler29	Loc19	Gga28	Xtr01
N0.HOG0012533	Cmi21	Cpl31	Ler29	Loc19	Gga28	Xtr01
N0.HOG0012534	Cmi21	Cpl31	Ler29	Loc19	Gga28	Xtr01
N0.HOG0012535	Cmi21	Cpl31	Ler29	Loc19	Gga28	Xtr01
N0.HOG0012536	Cmi21	Cpl31	Ler29	Loc19	Gga28	Xtr01
N0.HOG0012537	Cmi21	Cpl31	Ler29	Loc19	Gga28	Xtr01
N0.HOG0012538	Cmi21	Cpl31	Ler29	Loc19	Gga28	Xtr01
N0.HOG0012539	Cmi21	Cpl31	Ler29	Loc19	Gga28	Xtr01
N0.HOG0012540	Cmi21	Cpl31	Ler29	Loc02, Loc19		Xtr01
N0.HOG0012541	Cmi21	Cpl31	Ler29	Loc19	Gga28	Xtr01
N0.HOG0012542	Cmi21	Cpl31	Ler29	Loc19	Gga28	Xtr01
N0.HOG0012543	Cmi21	Cpl31	Ler29	Loc19	Gga28	Xtr01
N0.HOG0012544	Cmi21	Cpl31	Ler29	Loc19	Gga28	Xtr01
N0.HOG0012545	Cmi21	Cpl31	Ler29	Loc19	Gga28	Xtr01
N0.HOG0012546	Cmi21	Cpl31	Ler29	Loc19	Gga28	Xtr01
N0.HOG0012547	Cmi21	Cpl31	Ler29	Loc19	Gga28	Xtr01
N0.HOG0012548	Cmi21	Cpl31	Ler29	Loc19	Gga28	Xtr01
N0.HOG0012549	Cmi21	Cpl31	Ler29	Loc19	Gga28	Xtr01
N0.HOG0012550	Cmi21	Cpl31	Ler29	Loc19	Gga28	Xtr01
N0.HOG0012551	Cmi21	Cpl31	Ler29	Loc19	Gga28	Xtr01
N0.HOG0012552	Cmi21	Cpl31	Ler29	Loc19	Gga28	Xtr01
N0.HOG0012553	Cmi21	Cpl31	Ler29	Loc19	Gga28	Xtr01
N0.HOG0012554	Cmi21	Cpl31	Ler29	Loc19	Gga28	Xtr01
N0.HOG0012555	Cmi21	Cpl31	Ler29	Loc19	Gga28	Xtr01
N0.HOG0012556	Cmi21	Cpl31	Ler29	Loc19	Gga28	Xtr01
N0.HOG0012557	Cmi21	Cpl31	Ler29	Loc19	Gga28	Xtr01
N0.HOG0012558	Cmi21	Cpl31	Ler29	Loc19	Gga28	Xtr01
N0.HOG0012559	Cmi21	Cpl31	Ler29	Loc19	Gga28	Xtr01
N0.HOG0012560	Cmi21	Cpl31	Ler29	Loc19	Gga28	Xtr01
N0.HOG0012561	Cmi21	Cpl31	Ler29	Loc19	Gga28	Xtr01
N0.HOG0012562	Cmi21	Cpl31	Ler29	Loc19	Gga28	Xtr07
N0.HOG0012563	Cmi21	Cpl31	Ler29	Loc19	Gga28	Xtr01
N0.HOG0012564	Cmi21	Cpl31	Ler29	Loc16	Gga03	Xtr05
N0.HOG0012565	Cmi21	Cpl31	Ler29	Loc19	Gga28	Xtr01
N0.HOG0012566	Cmi21	Cpl31	Ler29	Loc19	Gga28	Xtr01
N0.HOG0012567	Cmi21	Cpl31	Ler29	Loc19	Gga28	Xtr01
N0.HOG0012568	Cmi21	Cpl31	Ler29	Loc19	Gga28	Xtr01
N0.HOG0012569	Cmi21	CplSca	Ler29	Loc19	Gga28	Xtr01
N0.HOG0012570	Cmi21	CplSca	Ler29	Loc19	Gga28	Xtr01
N0.HOG0012571	Cmi21	Cpl31	Ler29	Loc19	Gga28	Xtr01
N0.HOG0012572	Cmi21	Cpl31	Ler29	Loc19	Gga28	Xtr01
N0.HOG0012573	Cmi21	Cpl31	Ler29	Loc19	Gga28	Xtr01
N0.HOG0012574	Cmi21	Cpl31	Ler29	LocSca	Gga28	Xtr01
N0.HOG0012575	Cmi21	Cpl31	Ler29	Loc19	Gga28	Xtr01
N0.HOG0012576	Cmi21	Cpl31	Ler29	Loc19	Gga28	Xtr01
N0.HOG0012577	Cmi21	Cpl31	Ler29	Loc19	Gga28	Xtr01
N0.HOG0012578	Cmi21	Cpl31	Ler05	Loc19		Xtr04
N0.HOG0012579	Cmi21	Cpl31	Ler29	Loc02, Loc19		Xtr01
N0.HOG0012580	Cmi21	Cpl31	Ler29	Loc19	Gga28	Xtr01
N0.HOG0012581	Cmi21, Cmi22	Cpl32	Ler33	Loc03	Gga10	
N0.HOG0012582	Cmi21	Cpl31	Ler29	Loc19	Gga28	Xtr01
N0.HOG0012583	Cmi21	Cpl31	Ler29	Loc19	Gga28	Xtr01
N0.HOG0012584	Cmi21	Cpl31	Ler29	Loc19	Gga28	Xtr01
N0.HOG0012585	Cmi21	Cpl31	Ler29	Loc08	Gga28	Xtr01
N0.HOG0012586	Cmi21	Cpl31	Ler29	Loc19	Gga28	Xtr01
N0.HOG0012587	Cmi21	Cpl31	Ler29	Loc19	Gga28	Xtr01
N0.HOG0012588	Cmi21	Cpl31	Ler29	Loc19	Gga28	Xtr01
N0.HOG0012589	Cmi21	Cpl31	Ler29	Loc19	Gga28	Xtr01
N0.HOG0012590	Cmi21	Cpl31	Ler29	Loc19	Gga28	Xtr01
N0.HOG0012591	Cmi21	Cpl31	Ler29	Loc19	Gga28	Xtr01
N0.HOG0012592	Cmi21	Cpl31	Ler29	Loc19	Gga28	Xtr01
N0.HOG0012593	Cmi21	Cpl31	Ler29	Loc19	Gga28	Xtr01
N0.HOG0012594	Cmi21	Cpl31	Ler29	Loc19	Gga28	Xtr01
N0.HOG0012595	Cmi21	Cpl31	Ler29	Loc19	Gga28	Xtr01
N0.HOG0012596	Cmi21	Cpl31	Ler29	Loc19	Gga28	Xtr01
N0.HOG0012597	Cmi21	Cpl31	Ler29	Loc19	Gga28	Xtr01
N0.HOG0012598	Cmi21	Cpl31	Ler29	Loc19	Gga28	Xtr01
N0.HOG0012599	Cmi21	Cpl31	Ler29	Loc19	Gga28	Xtr01
N0.HOG0012600	Cmi21	Cpl31	Ler29	Loc19	Gga28	Xtr01
N0.HOG0012601	Cmi21	Cpl31	Ler29	Loc19	Gga28	Xtr01
N0.HOG0012602	Cmi21	Cpl31		Loc19	Gga28	Xtr01
N0.HOG0012603	Cmi21	Cpl31	Ler29	Loc19	Gga28	Xtr01
N0.HOG0012604	Cmi21	Cpl31	Ler29	Loc19	Gga28	Xtr01
N0.HOG0012605	Cmi21	Cpl31	Ler29	Loc19	Gga28	Xtr01
N0.HOG0012606	Cmi22	Cpl36	Ler33	Loc03	Gga10	Xtr03
N0.HOG0012607	Cmi22	Cpl36	Ler33	Loc03	Gga10	Xtr03
N0.HOG0012608	Cmi22	Cpl36	Ler33	Loc03	Gga10	Xtr03
N0.HOG0012609	Cmi22	Cpl36	Ler33	Loc03	Gga10	Xtr03
N0.HOG0012610	Cmi22	Cpl36	Ler33	Loc03	Gga10	Xtr03
N0.HOG0012611	Cmi22	Cpl36	Ler33	Loc03	Gga10	Xtr03
N0.HOG0012612	Cmi22	Cpl36	Ler33	Loc03	Gga10	Xtr03
N0.HOG0012613	Cmi22	Cpl36	Ler33	Loc03	Gga10	Xtr03
N0.HOG0012614	Cmi22	Cpl36	Ler33	Loc03	Gga10	Xtr03
N0.HOG0012615	Cmi22	Cpl36	Ler33	Loc03	Gga10	Xtr03
N0.HOG0012616	Cmi22	Cpl36	Ler33	Loc03	Gga10	Xtr03
N0.HOG0012617	Cmi22	Cpl36	Ler33	Loc03	Gga10	Xtr03
N0.HOG0012618	Cmi22	Cpl36	Ler33	Loc03	Gga10	Xtr03
N0.HOG0012619	Cmi22	Cpl36	Ler33	Loc03	Gga10	Xtr03
N0.HOG0012620	Cmi22	Cpl36	Ler33	Loc03	Gga10	Xtr03
N0.HOG0012621	Cmi22	Cpl36	Ler33	Loc03	Gga10	Xtr03
N0.HOG0012622	Cmi22	Cpl36	Ler33	Loc03	Gga10	Xtr03
N0.HOG0012623	Cmi22	Cpl36	Ler33	Loc03	Gga10	Xtr03
N0.HOG0012624	Cmi22	Cpl36	Ler33	Loc03	Gga10	Xtr03
N0.HOG0012625	Cmi22	Cpl36	Ler33	Loc03	Gga10	Xtr03
N0.HOG0012626	Cmi22	Cpl36	Ler33	Loc03	Gga10	Xtr03
N0.HOG0012627	Cmi22	Cpl36	Ler33	Loc03	Gga10	Xtr03
N0.HOG0012628	Cmi22	Cpl36	Ler33	Loc03	Gga10	Xtr03
N0.HOG0012629	Cmi22	Cpl36	Ler33	Loc03	Gga10	Xtr03
N0.HOG0012630	Cmi22	Cpl36	Ler33	Loc03	Gga10	Xtr03
N0.HOG0012631	Cmi22	Cpl36	Ler33	Loc03	Gga10	Xtr03
N0.HOG0012632	Cmi22	Cpl36	Ler33	Loc03	Gga10	Xtr03
N0.HOG0012633	Cmi22	Cpl36	Ler33	Loc03	Gga10	Xtr03
N0.HOG0012634	Cmi22	Cpl36	Ler33	Loc03	Gga10	Xtr03
N0.HOG0012635	Cmi22	Cpl36	Ler33	Loc03	Gga10	Xtr03
N0.HOG0012636	Cmi22	Cpl36	Ler33	Loc03	Gga10	Xtr03
N0.HOG0012637	Cmi22	Cpl36	Ler33	Loc03	Gga10	Xtr03
N0.HOG0012638	Cmi22	Cpl36	Ler33	Loc03	Gga10	Xtr03
N0.HOG0012639	Cmi22	Cpl36	Ler33	Loc03	Gga10	Xtr03
N0.HOG0012640	Cmi22	Cpl36	Ler33	Loc03	Gga10	Xtr03
N0.HOG0012641	Cmi22	Cpl36	Ler33	Loc03	Gga10	Xtr03
N0.HOG0012642	Cmi22	Cpl36	Ler33	Loc03	Gga10	Xtr03
N0.HOG0012643	Cmi22	Cpl36	Ler33	Loc03	Gga10	Xtr03
N0.HOG0012644	Cmi22	Cpl36	Ler33	Loc03	Gga10	Xtr03
N0.HOG0012645	Cmi22	Cpl36	Ler33	Loc03	Gga10	Xtr03
N0.HOG0012646	Cmi22	Cpl36	Ler33	Loc03	Gga10	Xtr03
N0.HOG0012647	Cmi22	Cpl36	Ler33	Loc03	Gga10	Xtr03
N0.HOG0012648	Cmi22	Cpl32	Ler33	Loc03	Gga10	Xtr03
N0.HOG0012649	Cmi22	Cpl32	Ler33	Loc03	Gga10	Xtr03
N0.HOG0012650	Cmi22	Cpl32	Ler33	Loc03	Gga10	Xtr03
N0.HOG0012651	Cmi22	Cpl32	Ler33	Loc03	Gga10	Xtr03
N0.HOG0012652	Cmi22	Cpl32	Ler33	Loc03	Gga10	Xtr03
N0.HOG0012653	Cmi22	Cpl32	Ler33	Loc03	Gga10	Xtr03
N0.HOG0012654	Cmi22	Cpl32	Ler33	Loc03	Gga10	Xtr03
N0.HOG0012655	Cmi22	Cpl32	Ler33	Loc03	Gga10	Xtr03
N0.HOG0012656	Cmi22	Cpl32	Ler33	Loc03	Gga10	Xtr03
N0.HOG0012657	Cmi22	Cpl32	Ler33	Loc03	Gga10	Xtr03
N0.HOG0012658	Cmi22	Cpl32	Ler33	Loc03	Gga10	Xtr03
N0.HOG0012659	Cmi22	Cpl32	Ler33	Loc03	Gga10	Xtr03
N0.HOG0012660	Cmi22	Cpl32	Ler33	Loc03	Gga10	Xtr03
N0.HOG0012661	Cmi22	Cpl40	Ler36	Loc03	Gga10	Xtr03
N0.HOG0012662	Cmi22	Cpl40	Ler36	Loc03	Gga10	Xtr07
N0.HOG0012663	Cmi22	Cpl40	Ler36	Loc03	Gga10	Xtr03
N0.HOG0012664	Cmi22	Cpl40	Ler36	Loc03	Gga10	Xtr03
N0.HOG0012665	Cmi22	Cpl40	Ler36	Loc03	Gga10	Xtr03
N0.HOG0012666	Cmi22	Cpl40	Ler36	Loc03	Gga10	Xtr03
N0.HOG0012667	Cmi22	Cpl40	Ler36	Loc03	Gga10	Xtr03
N0.HOG0012668	Cmi22	Cpl40	Ler36	Loc03	Gga10	Xtr03
N0.HOG0012669	Cmi22	Cpl40	Ler36	Loc03, Loc02		Xtr01
N0.HOG0012670	Cmi22	Cpl40	Ler36	Loc03	Gga10	Xtr03
N0.HOG0012671	Cmi22	Cpl40	Ler36	Loc03	Gga10	Xtr03
N0.HOG0012672	Cmi22	Cpl40	Ler36	Loc03	Gga10	Xtr03
N0.HOG0012673	Cmi22	Cpl40	Ler36	Loc03	Gga10	Xtr03
N0.HOG0012674	Cmi22	Cpl40	Ler36	Loc03	Gga10	Xtr03
N0.HOG0012675	Cmi22	Cpl40	Ler36	Loc03	Gga10	Xtr03
N0.HOG0012676	Cmi22	Cpl40	Ler36	Loc03	Gga10	Xtr08
N0.HOG0012677	Cmi22	Cpl40	Ler36	Loc03	Gga10	Xtr03
N0.HOG0012678	Cmi22	Cpl40	Ler36	Loc03	Gga10	Xtr03
N0.HOG0012679	Cmi22	Cpl40	Ler36	Loc03	Gga10	Xtr03
N0.HOG0012680	Cmi22	Cpl40	Ler36	Loc03	Gga10	Xtr03
N0.HOG0012681	Cmi22	Cpl40	Ler36	Loc03	Gga10	Xtr03
N0.HOG0012682	Cmi22	Cpl40	Ler36	Loc03	Gga10	Xtr03
N0.HOG0012683	Cmi22	Cpl40	Ler36	Loc03	Gga10	Xtr03
N0.HOG0012684	Cmi22	Cpl40	Ler36	Loc03	Gga10	Xtr03
N0.HOG0012685	Cmi22	Cpl51, Cpl40	Ler36	Loc03		Xtr03
N0.HOG0012686	Cmi22	Cpl40	Ler36	Loc03	Gga10	Xtr03
N0.HOG0012687	Cmi22	Cpl40	Ler36	Loc03	Gga10	Xtr03
N0.HOG0012688	Cmi22	Cpl40	Ler36	Loc03	Gga10	Xtr03
N0.HOG0012689	Cmi22	Cpl40	Ler36	Loc03	Gga10	Xtr03
N0.HOG0012690	Cmi22	Cpl40	Ler36	Loc03	Gga10	Xtr03
N0.HOG0012691	Cmi22	Cpl40	Ler36	Loc03	Gga10	Xtr03
N0.HOG0012692	Cmi22	Cpl40	Ler36	Loc03	Gga10	Xtr03
N0.HOG0012693	Cmi22	Cpl40	Ler36	Loc03	Gga10	Xtr03
N0.HOG0012694	Cmi22	Cpl40	Ler36	Loc03	Gga10	Xtr03
N0.HOG0012695	Cmi22	Cpl40	Ler36	Loc03	Gga10	Xtr03
N0.HOG0012696	Cmi22	Cpl40	Ler36	Loc03	Gga10	Xtr03
N0.HOG0012697	Cmi22	Cpl46, Cpl40		Loc03	Gga10	Xtr03
N0.HOG0012698	Cmi22	Cpl40	Ler36	Loc03	Gga10	Xtr03
N0.HOG0012699	Cmi22	Cpl40	Ler36	Loc03	Gga10	Xtr03
N0.HOG0012700	Cmi22	Cpl40	Ler36	Loc03	Gga10	Xtr03
N0.HOG0012701	Cmi22	Cpl40	Ler36	Loc03	Gga10	Xtr03
N0.HOG0012702	Cmi22	Cpl40	Ler36	Loc03	Gga10	Xtr03
N0.HOG0012703	Cmi22	Cpl40	Ler36	Loc03	Gga10	Xtr02
N0.HOG0012704	Cmi22	Cpl40	Ler36	Loc03	Gga10	Xtr03
N0.HOG0012705	Cmi22	Cpl40	Ler36	Loc03	Gga10	Xtr03
N0.HOG0012706	Cmi22	Cpl40	Ler36	Loc03	Gga10	Xtr03
N0.HOG0012707	Cmi22	Cpl40	Ler36	Loc03	Gga10	Xtr03
N0.HOG0012708	Cmi22	Cpl40	Ler36	Loc03	Gga10	Xtr03
N0.HOG0012709	Cmi22	Cpl40	Ler36	Loc03	Gga10	Xtr03
N0.HOG0012710	Cmi22	Cpl40	Ler36	Loc03	Gga10	Xtr03
N0.HOG0012711	Cmi22	Cpl40	Ler36	Loc03	Gga10	Xtr03
N0.HOG0012712	Cmi22	Cpl40	Ler36	Loc03	Gga10	Xtr03
N0.HOG0012713	Cmi22	Cpl40	Ler36	Loc03	Gga10	Xtr03
N0.HOG0012714	Cmi22	Cpl40	Ler36	Loc03	Gga10	Xtr03
N0.HOG0012715	Cmi22	Cpl40	Ler36	Loc03	Gga10	Xtr03
N0.HOG0012716	Cmi22	Cpl40	Ler36	Loc03	Gga10	Xtr03
N0.HOG0012717	Cmi22	Cpl40	Ler36	Loc03	Gga10	Xtr03
N0.HOG0012718	Cmi22	Cpl40	Ler36	Loc03	Gga10	Xtr03
N0.HOG0012719	Cmi22	Cpl40	Ler36	Loc03	Gga10	Xtr03
N0.HOG0012720	Cmi22	Cpl40	Ler36	Loc03	Gga10	Xtr03
N0.HOG0012721	Cmi22	Cpl40	Ler36	Loc03	Gga10	Xtr03
N0.HOG0012722	Cmi22	Cpl40	Ler36	Loc03	Gga10	Xtr03
N0.HOG0012723	Cmi22	Cpl40	Ler36	Loc03	Gga10	Xtr03
N0.HOG0012724	Cmi22	Cpl40	Ler36	Loc03	Gga10	Xtr03
N0.HOG0012725	Cmi22	Cpl40	Ler36	Loc03	Gga08	Xtr03
N0.HOG0012726	Cmi22	Cpl40	Ler36	Loc03	Gga10	Xtr03
N0.HOG0012727	Cmi22	Cpl40	Ler36	Loc03	Gga10	Xtr03
N0.HOG0012728	Cmi22	Cpl40	Ler36	Loc03	Gga10	Xtr03
N0.HOG0012729	Cmi22	Cpl40	Ler36	Loc03	Gga10	Xtr03
N0.HOG0012730	Cmi22	Cpl40	Ler36	Loc03	Gga10	Xtr03
N0.HOG0012731	Cmi22	Cpl40	Ler36	Loc03	Gga10	Xtr03
N0.HOG0012732	Cmi22	Cpl40	Ler36	Loc03	Gga10	Xtr03
N0.HOG0012733	Cmi22	Cpl40	Ler36	Loc03	Gga10	Xtr03
N0.HOG0012734	Cmi22	Cpl40	Ler36	Loc03	Gga10	Xtr03
N0.HOG0012735	Cmi22	Cpl40	Ler36	Loc03	Gga10	Xtr04
N0.HOG0012736	Cmi23	Cpl33	Ler27	Loc15	Gga27	Xtr10
N0.HOG0012737	Cmi23	Cpl33	Ler27	Loc15	Gga27	Xtr10
N0.HOG0012738	Cmi23	CplSca	Ler27	Loc15	Gga27	Xtr10
N0.HOG0012739	Cmi23	Cpl33	Ler27	Loc15	Gga27	Xtr10
N0.HOG0012740	Cmi23	Cpl33	Ler27	Loc15	Gga27	Xtr06
N0.HOG0012741	Cmi23	Cpl33	Ler27	Loc15	Gga27	Xtr10
N0.HOG0012742	Cmi23	Cpl33	Ler27	Loc15	Gga27	Xtr10
N0.HOG0012743	Cmi23	Cpl33	Ler27	Loc15	Gga27	Xtr10
N0.HOG0012744	Cmi23	Cpl33	Ler27	Loc15	Gga27	Xtr10
N0.HOG0012745	Cmi23	Cpl33	Ler27	Loc15	Gga27	Xtr10
N0.HOG0012746	Cmi23	Cpl33	Ler27	Loc15	Gga27	Xtr10
N0.HOG0012747	Cmi23	Cpl33	Ler27	Loc15	Gga27	Xtr10
N0.HOG0012748	Cmi23	Cpl33	Ler27	Loc15	Gga27	Xtr10
N0.HOG0012749	Cmi23	Cpl33	Ler27	Loc15	Gga27	Xtr10
N0.HOG0012750	Cmi23	Cpl33	Ler27	Loc15	Gga27	Xtr10
N0.HOG0012751	Cmi23	Cpl33	Ler27	Loc15	Gga27	Xtr10
N0.HOG0012752	Cmi23	Cpl33	Ler27	Loc15	Gga27	Xtr10
N0.HOG0012753	Cmi23	Cpl33	Ler27	Loc15	Gga27	Xtr10
N0.HOG0012754	Cmi23	Cpl33	Ler27	Loc15	Gga27	Xtr10
N0.HOG0012755	Cmi23	Cpl33	Ler27	Loc15	Gga27	Xtr10
N0.HOG0012756	Cmi23	Cpl33	Ler27	Loc15	Gga27	Xtr10
N0.HOG0012757	Cmi23	Cpl33	Ler27	Loc15	Gga27	Xtr10
N0.HOG0012758	Cmi23	Cpl33	Ler27	Loc15	Gga27	Xtr10
N0.HOG0012759	Cmi23	Cpl33	Ler27	Loc15	Gga27	Xtr10
N0.HOG0012760	Cmi23	Cpl33	Ler27	Loc15	Gga27	Xtr02
N0.HOG0012761	Cmi23	Cpl33	Ler27	Loc15	Gga27	Xtr10
N0.HOG0012762	Cmi23	Cpl33	Ler27	Loc15	Gga27	Xtr10
N0.HOG0012763	Cmi23	Cpl33	Ler27	Loc15	Gga27	Xtr10
N0.HOG0012764	Cmi23	Cpl33	Ler27	Loc15	Gga27	Xtr10
N0.HOG0012765	Cmi23	Cpl33	Ler27	Loc15	Gga27	Xtr10
N0.HOG0012766	Cmi23	Cpl33	Ler27	Loc15	Gga27	Xtr10
N0.HOG0012767	Cmi23	Cpl33	Ler27	Loc15	Gga27	Xtr10
N0.HOG0012768	Cmi23	Cpl33	Ler27	Loc15	Gga27	
N0.HOG0012769	Cmi23	Cpl33	Ler27	Loc15	Gga27	Xtr02
N0.HOG0012770	Cmi23	Cpl33	Ler27	Loc15	Gga27	Xtr10
N0.HOG0012771	Cmi23	Cpl33	Ler27	Loc15	Gga27	Xtr10
N0.HOG0012772	Cmi23	Cpl33	Ler27	Loc15	Gga27	Xtr10
N0.HOG0012773	Cmi23	Cpl33	Ler27	Loc15	Gga27	Xtr10
N0.HOG0012774	Cmi23	Cpl33	Ler27	Loc15	Gga27	Xtr10
N0.HOG0012775	Cmi23	Cpl33	Ler27	Loc15	Gga27	Xtr10
N0.HOG0012776	Cmi23	Cpl33	Ler27	Loc15	Gga27	Xtr10
N0.HOG0012777	Cmi23	Cpl33	Ler27	Loc15	Gga27	Xtr10
N0.HOG0012778	Cmi23	Cpl33	Ler27	Loc15		Xtr10
N0.HOG0012779	Cmi23	Cpl33	Ler27	Loc15	Gga27	Xtr10
N0.HOG0012780	Cmi23	Cpl33	Ler27	Loc15	Gga27	Xtr10
N0.HOG0012781	Cmi23	Cpl33	Ler27	Loc15	Gga27	Xtr10
N0.HOG0012782	Cmi23	Cpl33	Ler27	Loc15	Gga27	Xtr10
N0.HOG0012783	Cmi23	Cpl33	Ler27	Loc15	Gga27	Xtr10
N0.HOG0012784	Cmi23	Cpl33	Ler27	Loc15	Gga27	
N0.HOG0012785	Cmi23	Cpl33	Ler27	Loc15	Gga27	Xtr10
N0.HOG0012786	Cmi23	Cpl33	Ler27	Loc15	Gga27	Xtr10
N0.HOG0012787	Cmi23	Cpl33	Ler27	Loc15	Gga27	Xtr10
N0.HOG0012788	Cmi23	Cpl33	Ler27	Loc15	Gga27	Xtr10
N0.HOG0012789	Cmi23	Cpl33	Ler27	Loc15	Gga27	Xtr10
N0.HOG0012790	Cmi23	Cpl33	Ler27	Loc15	Gga27	Xtr10
N0.HOG0012791	Cmi23	Cpl33	Ler27	Loc15	Gga27	Xtr10
N0.HOG0012792	Cmi23	Cpl33	Ler27	Loc15	Gga27	Xtr10
N0.HOG0012793	Cmi23	Cpl33	Ler27	Loc15	Gga27	Xtr10
N0.HOG0012794	Cmi23	Cpl33	Ler27	Loc15	Gga27	Xtr10
N0.HOG0012795	Cmi23	Cpl33	Ler27	Loc15	Gga27	Xtr10
N0.HOG0012796	Cmi23	Cpl31	Ler27	Loc15	Gga27	Xtr05
N0.HOG0012797	Cmi23	Cpl31	Ler27	Loc15	Gga27	Xtr10
N0.HOG0012798	Cmi23	Cpl31	Ler27	Loc15	Gga27	Xtr10
N0.HOG0012799	Cmi23	Cpl31	Ler27	Loc15	Gga27	Xtr10
N0.HOG0012800	Cmi23	Cpl31	Ler27	Loc15	Gga27	Xtr10
N0.HOG0012801	Cmi23	Cpl33	Ler27	Loc15	Gga27	Xtr10
N0.HOG0012802	Cmi23	Cpl33	Ler27	Loc15	Gga27	Xtr10
N0.HOG0012803	Cmi23	Cpl33	Ler27	Loc15	Gga27	Xtr10
N0.HOG0012804	Cmi23	Cpl33	Ler27	Loc15	Gga27	Xtr10
N0.HOG0012805	Cmi23	Cpl33	Ler27	Loc15	Gga27	Xtr10
N0.HOG0012806	Cmi23	Cpl33	Ler27	Loc15	Gga27	Xtr10
N0.HOG0012807	Cmi23	Cpl33	Ler27	Loc15	Gga27	Xtr10
N0.HOG0012808	Cmi23	Cpl33	Ler27	Loc15	Gga27	Xtr10
N0.HOG0012809	Cmi23	Cpl33	Ler27	Loc15	Gga27	Xtr10
N0.HOG0012810	Cmi23	Cpl33	Ler27	Loc15	Gga08	Xtr10
N0.HOG0012811	Cmi23	Cpl33	Ler27	Loc15	Gga27	Xtr10
N0.HOG0012812	Cmi23	Cpl33	Ler27	Loc15	Gga27	Xtr10
N0.HOG0012813	Cmi23	Cpl33	Ler27	Loc15	Gga27	Xtr10
N0.HOG0012814	Cmi23	Cpl33	Ler27	Loc15	Gga36	Xtr10
N0.HOG0012815	Cmi23	Cpl33	Ler27	Loc15	Gga27	Xtr10
N0.HOG0012816	Cmi23	Cpl33	Ler27	Loc15	Gga27	Xtr10
N0.HOG0012817	Cmi23	Cpl33	Ler27	Loc15	Gga27	Xtr10
N0.HOG0012818	Cmi23	Cpl33	Ler27	Loc15	Gga27	Xtr10
N0.HOG0012819	Cmi23	Cpl33	Ler27	Loc15	Gga27	Xtr10
N0.HOG0012820	Cmi23	Cpl33	Ler27	Loc15	Gga27	Xtr10
N0.HOG0012821	Cmi23	Cpl33	Ler27	Loc15	Gga27	Xtr10
N0.HOG0012822	Cmi23	Cpl33	Ler27	Loc15	Gga27	Xtr10
N0.HOG0012823	Cmi23	Cpl33	Ler27	Loc15	Gga27	Xtr10
N0.HOG0012824	Cmi23	Cpl33	Ler27	Loc15	Gga27	Xtr10
N0.HOG0012825	Cmi23	Cpl33	Ler27	Loc15	Gga27	Xtr10
N0.HOG0012826	Cmi23	Cpl33	Ler27	Loc15	Gga27	Xtr10
N0.HOG0012827	Cmi23	Cpl33	Ler27	Loc15	Gga27	Xtr10
N0.HOG0012828	Cmi23	Cpl33	Ler27	Loc15	Gga27	Xtr10
N0.HOG0012829	Cmi23	CplSca	Ler27	Loc15	Gga27	Xtr10
N0.HOG0012830	Cmi23	Cpl33	Ler27	Loc15	Gga27	Xtr10
N0.HOG0012831	Cmi23	Cpl33	Ler27	Loc15	Gga27	Xtr10
N0.HOG0012832	Cmi23	Cpl33	Ler27	Loc15	Gga27	Xtr10
N0.HOG0012833	Cmi23	Cpl33	Ler27	Loc15	Gga27	Xtr10
N0.HOG0012834	Cmi23	Cpl33	Ler27	Loc15	Gga27	Xtr10
N0.HOG0012835	Cmi23	Cpl16	Ler27	Loc15	Gga27	Xtr10
N0.HOG0012836	Cmi23	Cpl33	Ler27	Loc15	Gga27	Xtr01
N0.HOG0012837	Cmi23	Cpl33	Ler27	Loc15	Gga27	Xtr10
N0.HOG0012838	Cmi23	Cpl33	Ler27	Loc15	Gga27	Xtr10
N0.HOG0012839	Cmi23	Cpl33	Ler27	Loc15	Gga27	Xtr10
N0.HOG0012840	Cmi23	Cpl33, Cpl05	Ler27	Loc15		
N0.HOG0012841	Cmi23	Cpl33	Ler27	Loc15	Gga27	Xtr10
N0.HOG0012842	Cmi23	Cpl33	Ler27	Loc15	Gga27	Xtr10
N0.HOG0012843	Cmi23	Cpl33	Ler27	Loc15	Gga27	Xtr10
N0.HOG0012844	Cmi23	Cpl33	Ler27	Loc15	Gga27	Xtr10
N0.HOG0012845	Cmi23	Cpl33	Ler27	Loc15	Gga27	Xtr10
N0.HOG0012846	Cmi23	Cpl33	Ler27	Loc15	Gga27	Xtr10
N0.HOG0012847	Cmi23	Cpl33	Ler27	Loc15	Gga27	Xtr10
N0.HOG0012848	Cmi23	Cpl33	Ler27	Loc15	Gga27	Xtr10
N0.HOG0012849	Cmi23	Cpl33	Ler27	Loc15	Gga27	Xtr10
N0.HOG0012850	Cmi23	Cpl33	Ler27	Loc15	Gga27	Xtr10
N0.HOG0012851	Cmi23	Cpl33	Ler27	Loc15	Gga27	Xtr10
N0.HOG0012852	Cmi23	Cpl33	Ler27	Loc15	Gga27	Xtr04
N0.HOG0012853	Cmi23	CplSca	Ler27	Loc15	Gga27	Xtr10
N0.HOG0012854	Cmi23	Cpl08	Ler27	Loc15	Gga27	Xtr10
N0.HOG0012855	Cmi23	Cpl33	Ler27	Loc15	Gga27	Xtr10
N0.HOG0012856	Cmi23	Cpl33	Ler27	Loc15	Gga27	Xtr10
N0.HOG0012857	Cmi23	Cpl33	Ler27	Loc15	Gga27	Xtr10
N0.HOG0012858	Cmi24	Cpl34	Ler30	Loc25	Gga21	Xtr07
N0.HOG0012859	Cmi24	Cpl34	Ler30	Loc25	Gga21	Xtr07
N0.HOG0012860	Cmi24	Cpl34	Ler30	Loc25	Gga21	Xtr07
N0.HOG0012861	Cmi24	Cpl34	Ler30	Loc25	Gga04	Xtr07
N0.HOG0012862	Cmi24	Cpl34	Ler30	Loc25	Gga21	Xtr07
N0.HOG0012863	Cmi24	Cpl34	Ler30	Loc25	Gga21	Xtr07
N0.HOG0012864	Cmi24	Cpl34	Ler30	Loc25	Gga21	
N0.HOG0012865	Cmi24	Cpl34	Ler30	LocSca	Gga21	Xtr07
N0.HOG0012866	Cmi24	Cpl34	Ler30	Loc25	Gga21	Xtr07
N0.HOG0012867	Cmi24	Cpl34	Ler30	Loc25	Gga21	Xtr07
N0.HOG0012868	Cmi24	Cpl34	Ler30	Loc25	Gga21	Xtr07
N0.HOG0012869	Cmi24	Cpl34	Ler30	Loc25	Gga21	Xtr07
N0.HOG0012870	Cmi24	Cpl34	Ler30	Loc25	Gga21	Xtr07
N0.HOG0012871	Cmi24	Cpl34	Ler30	Loc25	Gga21	Xtr07
N0.HOG0012872	Cmi24	Cpl34	Ler30	Loc25	Gga21	Xtr07
N0.HOG0012873	Cmi24	Cpl34	Ler30	Loc25	Gga21	Xtr07
N0.HOG0012874	Cmi24	Cpl34	Ler30	Loc25	Gga21	Xtr07
N0.HOG0012875	Cmi24	Cpl34	Ler30	Loc25	Gga21	Xtr07
N0.HOG0012876	Cmi24	Cpl34	Ler30	Loc25	Gga21	Xtr07
N0.HOG0012877	Cmi24	Cpl34	Ler30	Loc02		Xtr03
N0.HOG0012878	Cmi24	Cpl34	Ler30	Loc25	Gga21	Xtr07
N0.HOG0012879	Cmi24	Cpl34	Ler30	Loc25	Gga21	Xtr07
N0.HOG0012880	Cmi24	Cpl34	Ler30	Loc25	Gga21	Xtr07
N0.HOG0012881	Cmi24	Cpl34	Ler30	Loc25	Gga21	Xtr07
N0.HOG0012882	Cmi24	Cpl34	Ler30	Loc25	Gga21	
N0.HOG0012883	Cmi24	Cpl34	Ler30	Loc25	Gga21	Xtr07
N0.HOG0012884	Cmi24	Cpl34	Ler30	Loc25	Gga21	Xtr07
N0.HOG0012885	Cmi24	Cpl34	Ler30	Loc25	Gga21	Xtr07
N0.HOG0012886	Cmi24	Cpl34	Ler30	Loc25	Gga21	Xtr07
N0.HOG0012887	Cmi24	Cpl34	Ler30	Loc25	Gga21	Xtr07
N0.HOG0012888	Cmi24	Cpl34	Ler30	Loc25	Gga21	Xtr07
N0.HOG0012889	Cmi24	Cpl34	Ler30	Loc25	Gga21	Xtr07
N0.HOG0012890	Cmi24	Cpl34	Ler30	Loc25	Gga21	Xtr07
N0.HOG0012891	Cmi24	Cpl34	Ler30	Loc25	Gga21	Xtr07
N0.HOG0012892	Cmi24	Cpl34	Ler30	Loc25	Gga21	Xtr07
N0.HOG0012893	Cmi24	Cpl34	Ler30	Loc25	Gga21	Xtr07
N0.HOG0012894	Cmi24	Cpl34	Ler30	Loc25	Gga21	Xtr07
N0.HOG0012895	Cmi24	Cpl34	Ler30	Loc25	Gga21	Xtr07
N0.HOG0012896	Cmi24	Cpl34	Ler30	Loc25	Gga21	Xtr07
N0.HOG0012897	Cmi24	Cpl34	Ler30	Loc25	Gga21	Xtr07
N0.HOG0012898	Cmi24	Cpl34	Ler30	Loc25	Gga21	Xtr07
N0.HOG0012899	Cmi24	Cpl34	Ler30	Loc25	Gga21	Xtr07
N0.HOG0012900	Cmi24	Cpl34	Ler30	Loc25	Gga21	Xtr07
N0.HOG0012901	Cmi24	Cpl34	Ler30	Loc25	Gga21	Xtr07
N0.HOG0012902	Cmi24	Cpl43		Loc02		Xtr03
N0.HOG0012903	Cmi24	Cpl34	Ler30	Loc25	Gga21	Xtr07
N0.HOG0012904	Cmi24	Cpl34	Ler30	Loc25	Gga21	Xtr07
N0.HOG0012905	Cmi24	Cpl34	Ler30	Loc25	Gga01	Xtr02
N0.HOG0012906	Cmi24	Cpl34	Ler30	Loc25	Gga21	Xtr07
N0.HOG0012907	Cmi24	Cpl34	Ler30	Loc26, Loc25	Gga21	
N0.HOG0012908	Cmi24	Cpl34	Ler30	Loc25	Gga21	Xtr07
N0.HOG0012909	Cmi24	Cpl34	Ler30	Loc25	Gga21	Xtr07
N0.HOG0012910	Cmi24	Cpl34	Ler30	Loc25	Gga21	Xtr07
N0.HOG0012911	Cmi24	Cpl34	Ler30	Loc25	Gga21	Xtr07
N0.HOG0012912	Cmi24	Cpl34	Ler30	Loc25	Gga21	Xtr07
N0.HOG0012913	Cmi24	Cpl34	Ler30	Loc25	Gga21	Xtr07
N0.HOG0012914	Cmi24	Cpl34	Ler30	Loc25	Gga21	Xtr07
N0.HOG0012915	Cmi24	Cpl34	Ler30	Loc25	Gga21	Xtr07
N0.HOG0012916	Cmi24	Cpl34	Ler30	Loc25	Gga21	Xtr07
N0.HOG0012917	Cmi24	Cpl34	Ler30	Loc25	Gga21	Xtr07
N0.HOG0012918	Cmi24	Cpl34	Ler30	Loc25	Gga21	Xtr07
N0.HOG0012919	Cmi24	Cpl34	Ler30	Loc25	Gga21	Xtr07
N0.HOG0012920	Cmi24	Cpl34	Ler30	Loc25	Gga21	Xtr07
N0.HOG0012921	Cmi24	Cpl34	Ler30		Gga21	Xtr07
N0.HOG0012922	Cmi24	Cpl34	Ler30	Loc25	Gga21	Xtr05
N0.HOG0012923	Cmi24	Cpl34	Ler30	Loc25	Gga21	Xtr07
N0.HOG0012924	Cmi24	Cpl34	Ler30	Loc25	Gga21	Xtr07
N0.HOG0012925	Cmi24	Cpl34	Ler30	Loc25	Gga21	Xtr07
N0.HOG0012926	Cmi24	Cpl34	Ler30	Loc25	Gga21	Xtr07
N0.HOG0012927	Cmi24	Cpl34	Ler30	Loc25	Gga21	Xtr07
N0.HOG0012928	Cmi24	Cpl34	Ler30	Loc25	Gga21	Xtr07
N0.HOG0012929	Cmi24	Cpl34	Ler30	Loc25		Xtr07
N0.HOG0012930	Cmi24	Cpl34	Ler30	Loc25	Gga21	Xtr07
N0.HOG0012931	Cmi24	Cpl34	Ler30	Loc25	Gga21	Xtr07
N0.HOG0012932	Cmi24	Cpl34	Ler30	Loc25	Gga21	Xtr07
N0.HOG0012933	Cmi24	Cpl34	LerSca	Loc02	Gga21	XtrSca
N0.HOG0012934	Cmi24	Cpl34	Ler30	Loc25	Gga21	XtrSca
N0.HOG0012935	Cmi24	Cpl34	Ler30	Loc25	Gga21	Xtr07
N0.HOG0012936	Cmi24	Cpl34	Ler30	Loc25	Gga21	Xtr07
N0.HOG0012937	Cmi24	Cpl34	Ler30	Loc25	Gga21	Xtr07
N0.HOG0012938	Cmi24	Cpl34	Ler30	Loc25	Gga21	Xtr07
N0.HOG0012939	Cmi24	Cpl34	Ler30	Loc25	Gga21	Xtr07
N0.HOG0012940	Cmi24	Cpl34	Ler30	Loc25	Gga21	Xtr07
N0.HOG0012941	Cmi24	Cpl34	Ler30	Loc25	Gga21	Xtr07
N0.HOG0012942	Cmi24	Cpl34	Ler30	Loc25	Gga21	Xtr07
N0.HOG0012943	Cmi24	Cpl34	Ler30	Loc25	Gga21	Xtr07
N0.HOG0012944	Cmi24	Cpl34	Ler30	Loc25	Gga21	Xtr07
N0.HOG0012945	Cmi24	Cpl34	Ler30	LocSca	Gga21	Xtr07
N0.HOG0012946	Cmi24	Cpl34	Ler30	Loc25	Gga21	Xtr07
N0.HOG0012947	Cmi24	Cpl34	Ler30	Loc25	Gga21	Xtr07
N0.HOG0012948	Cmi24	Cpl34	Ler30	Loc25	Gga21	Xtr07
N0.HOG0012949	Cmi24	Cpl34	Ler30	Loc25	Gga21	Xtr07
N0.HOG0012950	Cmi24	Cpl34	Ler30	Loc25	Gga21	Xtr07
N0.HOG0012951	Cmi24	Cpl34	Ler30	Loc25	Gga21	Xtr07
N0.HOG0012952	Cmi24	Cpl34	Ler30	Loc25	Gga21	Xtr07
N0.HOG0012953	Cmi24	Cpl34	Ler30	Loc25	Gga21	Xtr07
N0.HOG0012954	Cmi24	Cpl34	Ler30	Loc25	Gga21	Xtr07
N0.HOG0012955	Cmi24	Cpl34	Ler30	Loc25	Gga21	Xtr07
N0.HOG0012956	Cmi24	Cpl34	Ler30	Loc25	Gga21	Xtr07
N0.HOG0012957	Cmi24	Cpl34	Ler30	Loc25	Gga21	Xtr07
N0.HOG0012958	Cmi24	Cpl34	Ler30	Loc25	Gga21	Xtr07
N0.HOG0012959	Cmi24	Cpl34	Ler30	Loc25	Gga21	Xtr07
N0.HOG0012960	Cmi24	Cpl34	Ler30	Loc25	Gga21	Xtr07
N0.HOG0012961	Cmi24	Cpl34	Ler30	Loc25	Gga21	Xtr07
N0.HOG0012962	Cmi24	Cpl34	Ler30	Loc25	Gga21	Xtr07
N0.HOG0012963	Cmi24	Cpl34	Ler30	Loc25	Gga21	Xtr07
N0.HOG0012964	Cmi24	Cpl34	Ler30	Loc25	Gga21	Xtr07
N0.HOG0012965	Cmi24	Cpl34	Ler30	Loc25	Gga21	Xtr07
N0.HOG0012966	Cmi24	Cpl34	Ler30	Loc25	Gga21	Xtr07
N0.HOG0012967	Cmi24	Cpl34	Ler30	Loc25	Gga21	Xtr07
N0.HOG0012968	Cmi24	Cpl34	Ler30	Loc25	Gga21	Xtr07
N0.HOG0012969	Cmi24	Cpl34	Ler30	Loc25	Gga21	Xtr07
N0.HOG0012970	Cmi24	Cpl34	Ler30	Loc25	Gga21	Xtr07
N0.HOG0012971	Cmi24	Cpl34	Ler30	Loc25	Gga21	Xtr07
N0.HOG0012972	Cmi24	Cpl34	Ler30	Loc25	Gga21	Xtr07
N0.HOG0012973	Cmi24	Cpl34	Ler30	Loc25	Gga21	Xtr07
N0.HOG0012974	Cmi24	Cpl34	Ler30	Loc25	Gga21	Xtr07
N0.HOG0012975	Cmi24	Cpl34	Ler30	Loc25	Gga21	Xtr07
N0.HOG0012976	Cmi24	Cpl34	Ler30	Loc25	Gga21	Xtr07
N0.HOG0012977	Cmi24	Cpl34	Ler30	Loc25	Gga21	Xtr07
N0.HOG0012978	Cmi24	Cpl34	Ler30	Loc25	Gga21	Xtr07
N0.HOG0012979	Cmi24	Cpl34	Ler30	Loc25	Gga21	Xtr07
N0.HOG0012980	Cmi24	Cpl34	Ler30	Loc25		Xtr07
N0.HOG0012981	Cmi24	Cpl34	Ler30	Loc25	Gga21	Xtr07
N0.HOG0012982	Cmi24	Cpl34	Ler30	Loc25	Gga21	Xtr07
N0.HOG0012983	Cmi24	Cpl34	Ler30	Loc25	Gga21	
N0.HOG0012984	Cmi24	Cpl34	Ler30	Loc25	Gga21	Xtr07
N0.HOG0012985	Cmi24	Cpl34	Ler30	Loc25	Gga21	Xtr07
N0.HOG0012986	Cmi24	Cpl34	Ler30	Loc25	Gga21	Xtr07
N0.HOG0012987	Cmi24	Cpl34	Ler30	Loc25	Gga21	Xtr07
N0.HOG0012988	Cmi24	Cpl34	Ler30	Loc25	Gga21	Xtr07
N0.HOG0012989	Cmi24	Cpl34	Ler30	Loc25	Gga21	Xtr07
N0.HOG0012990	Cmi24	Cpl34	Ler30	Loc25	Gga21	Xtr07
N0.HOG0012991	Cmi24	Cpl34	Ler30	Loc25	Gga21	Xtr07
N0.HOG0012992	Cmi25	Cpl35	Ler32	Loc26	Gga30	Xtr07
N0.HOG0012993	Cmi25	Cpl35	Ler32	Loc26	Gga24	Xtr07
N0.HOG0012994	Cmi25	Cpl35	Ler32	Loc26	Gga24	Xtr07
N0.HOG0012995	Cmi25	Cpl35	Ler32	Loc26	Gga24	Xtr07
N0.HOG0012996	Cmi25	Cpl35	Ler32	Loc26	Gga24	Xtr07
N0.HOG0012997	Cmi25	Cpl35	Ler32	Loc26	Gga24	Xtr07
N0.HOG0012998	Cmi25	Cpl35	Ler32	Loc26	Gga24	Xtr07
N0.HOG0012999	Cmi25	Cpl35	Ler32	Loc26	Gga24	Xtr07
N0.HOG0013000	Cmi25	Cpl35	Ler32	Loc26	Gga24	Xtr07
N0.HOG0013001	Cmi25	Cpl35	Ler32	Loc26	Gga24	Xtr07
N0.HOG0013002	Cmi25	Cpl35	Ler32	Loc26	Gga24	Xtr07
N0.HOG0013003	Cmi25	Cpl35	Ler32	Loc26	Gga24	Xtr07
N0.HOG0013004	Cmi25	Cpl35	Ler32	Loc26	Gga24	Xtr07
N0.HOG0013005	Cmi25	Cpl35	Ler32	Loc26	Gga24	Xtr07
N0.HOG0013006	Cmi25	Cpl35	Ler32	Loc26	Gga24	Xtr07
N0.HOG0013007	Cmi25	Cpl35	Ler32	Loc26	Gga24	Xtr07
N0.HOG0013008	Cmi25	Cpl35	Ler32	Loc26	Gga24	Xtr07
N0.HOG0013009	Cmi25	Cpl35	Ler32	Loc26	Gga24	Xtr07
N0.HOG0013010	Cmi25	Cpl35	Ler32	Loc26	Gga24	Xtr07
N0.HOG0013011	Cmi25	Cpl35	Ler32	Loc26	Gga24	Xtr07
N0.HOG0013012	Cmi25	Cpl35	Ler32	Loc26	Gga24	Xtr07
N0.HOG0013013	Cmi25	Cpl35	Ler32	Loc26	Gga24	Xtr07
N0.HOG0013014	Cmi25	Cpl35	Ler32	Loc26	Gga24	Xtr07
N0.HOG0013015	Cmi25	Cpl35	Ler32	Loc26	Gga24	Xtr07
N0.HOG0013016	Cmi25	Cpl35	Ler32	Loc26	Gga24	Xtr07
N0.HOG0013017	Cmi25	Cpl35	Ler32	Loc26	Gga24	Xtr07
N0.HOG0013018	Cmi25	Cpl35	Ler32	Loc26	Gga24	Xtr07
N0.HOG0013019	Cmi25	Cpl35	Ler32			
N0.HOG0013020	Cmi25	Cpl35	Ler32	Loc26	Gga24	Xtr07
N0.HOG0013021	Cmi25	Cpl35	Ler32	Loc26	Gga24	Xtr07
N0.HOG0013022	Cmi25	Cpl35	Ler32	Loc26	Gga24	Xtr07
N0.HOG0013023	Cmi25	Cpl35	Ler32	Loc26	Gga24	Xtr07
N0.HOG0013024	Cmi25	Cpl35	Ler32	Loc26	Gga24	Xtr07
N0.HOG0013025	Cmi25	Cpl35	Ler32	Loc26	Gga24	Xtr07
N0.HOG0013026	Cmi25	Cpl35	Ler32	Loc26	Gga24	Xtr07
N0.HOG0013027	Cmi25	Cpl35	Ler32	Loc26	Gga24	Xtr07
N0.HOG0013028	Cmi25	Cpl35	Ler32	Loc26	Gga24	Xtr07
N0.HOG0013029	Cmi25	Cpl35	Ler32	Loc26		Xtr07
N0.HOG0013030	Cmi25	Cpl35	Ler32	Loc26	Gga24	Xtr07
N0.HOG0013031	Cmi25	Cpl35	Ler32	Loc26	Gga24	Xtr07
N0.HOG0013032	Cmi25	Cpl35	Ler32	Loc26	Gga24	Xtr07
N0.HOG0013033	Cmi25	Cpl35	Ler32	Loc26	Gga24	Xtr07
N0.HOG0013034	Cmi25	Cpl35	Ler32	Loc26	Gga24	Xtr07
N0.HOG0013035	Cmi25	Cpl35	Ler32	Loc26	Gga24	Xtr07
N0.HOG0013036	Cmi25	Cpl35	Ler32	Loc26	Gga24	Xtr07
N0.HOG0013037	Cmi25	Cpl35	Ler32	Loc26		Xtr07
N0.HOG0013038	Cmi25	Cpl35	Ler32	Loc26	Gga24	Xtr07
N0.HOG0013039	Cmi25	Cpl35	Ler32	Loc26	Gga24	Xtr07
N0.HOG0013040	Cmi25	Cpl35	Ler32	Loc26	Gga24	Xtr07
N0.HOG0013041	Cmi25	Cpl35	Ler32	Loc26	Gga24	Xtr07
N0.HOG0013042	Cmi25	Cpl35	Ler32	Loc24	Gga24	Xtr07
N0.HOG0013043	Cmi25	Cpl35	Ler32	Loc26	Gga24	Xtr07
N0.HOG0013044	Cmi25	Cpl35	Ler32	Loc26	Gga24	Xtr07
N0.HOG0013045	Cmi25	Cpl35	Ler32	Loc26	Gga24	Xtr07
N0.HOG0013046	Cmi25	Cpl35	Ler32	Loc26	Gga24	Xtr07
N0.HOG0013047	Cmi25	Cpl35	Ler32	Loc26	Gga24	Xtr07
N0.HOG0013048	Cmi25	Cpl35	Ler32	Loc26	Gga24	Xtr07
N0.HOG0013049	Cmi25	Cpl35	Ler32	Loc26	Gga24	Xtr07
N0.HOG0013050	Cmi25	Cpl35		Loc24, Loc26	Gga24	Xtr07
N0.HOG0013051	Cmi25	Cpl35	Ler32	Loc26	Gga24	Xtr07
N0.HOG0013052	Cmi25	Cpl35	Ler32	Loc26	Gga24	Xtr07
N0.HOG0013053	Cmi25	Cpl35	Ler32	Loc26	Gga24	Xtr07
N0.HOG0013054	Cmi25	Cpl35	Ler32	Loc26	Gga24	Xtr07
N0.HOG0013055	Cmi25	Cpl35	Ler32	Loc26	Gga24	Xtr07
N0.HOG0013056	Cmi25	Cpl35	Ler32	Loc26		Xtr07
N0.HOG0013057	Cmi25	Cpl35	Ler32	Loc26	Gga24	Xtr07
N0.HOG0013058	Cmi25	Cpl35	Ler32	Loc26	Gga24	Xtr07
N0.HOG0013059	Cmi25	Cpl35	Ler32	Loc26	Gga24	Xtr07
N0.HOG0013060	Cmi25	Cpl35	Ler32	Loc26	Gga24	Xtr07
N0.HOG0013061	Cmi25	Cpl35	Ler32	Loc26	Gga24	Xtr07
N0.HOG0013062	Cmi25	Cpl35	Ler32	Loc26	Gga24	Xtr07
N0.HOG0013063	Cmi25	Cpl36	Ler32	Loc26	Gga24	Xtr07
N0.HOG0013064	Cmi25	Cpl36	Ler32	Loc26	Gga24	Xtr07
N0.HOG0013065	Cmi25	Cpl36	Ler32	Loc26	Gga24	Xtr07
N0.HOG0013066	Cmi25	Cpl36	Ler32	Loc26	Gga24	Xtr07
N0.HOG0013067	Cmi25	Cpl36	Ler32	Loc26	Gga24	Xtr07
N0.HOG0013068	Cmi25	Cpl36	Ler32	Loc26	Gga24	Xtr07
N0.HOG0013069	Cmi25	Cpl36	Ler32	Loc26	Gga24	Xtr07
N0.HOG0013070	Cmi25	Cpl36	Ler32	Loc26	Gga24	Xtr07
N0.HOG0013071	Cmi25	Cpl35	Ler32	Loc26	Gga24	Xtr07
N0.HOG0013072	Cmi25	Cpl35	Ler32	Loc10	Gga18	Xtr10
N0.HOG0013073	Cmi25	Cpl35		Loc26	Gga24	Xtr07
N0.HOG0013074	Cmi26	Cpl36	Ler33	Loc03	Gga10	Xtr03
N0.HOG0013075	Cmi26	Cpl36	Ler33	Loc03	Gga10	Xtr03
N0.HOG0013076	Cmi26	Cpl36	Ler33	Loc03	Gga10	Xtr03
N0.HOG0013077	Cmi26	Cpl36	Ler33	Loc03	Gga10	Xtr03
N0.HOG0013078	Cmi26	Cpl36	Ler33	Loc03	Gga10	Xtr03
N0.HOG0013079	Cmi26	Cpl36	Ler33	Loc03	Gga10	Xtr03
N0.HOG0013080	Cmi26	Cpl36	Ler33	Loc03	Gga10	Xtr03
N0.HOG0013081	Cmi26	Cpl36	Ler33	Loc03	Gga10	Xtr03
N0.HOG0013082	Cmi26	Cpl36	Ler33	Loc03	Gga10	Xtr03
N0.HOG0013083	Cmi26	Cpl36	Ler33	Loc03	Gga10	Xtr03
N0.HOG0013084	Cmi26	Cpl36	Ler33	Loc03	Gga10	Xtr03
N0.HOG0013085	Cmi26	Cpl36	Ler33	Loc03	Gga10	Xtr03
N0.HOG0013086	Cmi26	Cpl36	Ler33	Loc03	Gga10	Xtr03
N0.HOG0013087	Cmi26	Cpl36	Ler33	Loc03	Gga10	Xtr03
N0.HOG0013088	Cmi26	Cpl36	Ler33	Loc03	Gga10	Xtr03
N0.HOG0013089	Cmi26	CplSca	Ler33	Loc03	Gga10	Xtr03
N0.HOG0013090	Cmi26	Cpl36	Ler33	Loc03	Gga10	Xtr03
N0.HOG0013091	Cmi26	Cpl36	Ler33	Loc03	Gga10	Xtr03
N0.HOG0013092	Cmi26	Cpl36	Ler33	Loc03	Gga10	Xtr03
N0.HOG0013093	Cmi26	Cpl36	Ler33	Loc03	Gga10	Xtr03
N0.HOG0013094	Cmi26	Cpl36	Ler33	Loc03	Gga10	Xtr03
N0.HOG0013095	Cmi26	Cpl36	Ler33	Loc03	Gga10	Xtr03
N0.HOG0013096	Cmi26	Cpl36	Ler33	Loc03	Gga10	Xtr03
N0.HOG0013097	Cmi26	Cpl36	Ler33	Loc03	Gga10	Xtr03
N0.HOG0013098	Cmi26	Cpl36	Ler33	Loc03	Gga10	Xtr03
N0.HOG0013099	Cmi26	Cpl36	Ler33	Loc03	Gga10	Xtr03
N0.HOG0013100	Cmi26	Cpl36	Ler33	LocSca	Gga10	Xtr03
N0.HOG0013101	Cmi26	Cpl36	Ler33	Loc03	Gga10	Xtr03
N0.HOG0013102	Cmi26	Cpl36	Ler33	Loc03	Gga10	Xtr03
N0.HOG0013103	Cmi26	Cpl36	Ler33	Loc03	Gga10	Xtr03
N0.HOG0013104	Cmi26	Cpl36	Ler33	Loc03	Gga10	Xtr03
N0.HOG0013105	Cmi26	Cpl36	Ler33	Loc03	Gga10	Xtr03
N0.HOG0013106	Cmi26	Cpl36	Ler33	Loc03	Gga10	Xtr03
N0.HOG0013107	Cmi26	Cpl36	Ler33	Loc03	Gga10	Xtr03
N0.HOG0013108	Cmi26	Cpl36	Ler33	Loc03	Gga10	Xtr03
N0.HOG0013109	Cmi26	Cpl36	Ler33	Loc03	Gga10	Xtr03
N0.HOG0013110	Cmi26	Cpl36	Ler33	Loc03	Gga10	Xtr03
N0.HOG0013111	Cmi26	Cpl36	Ler33	Loc03	Gga10	Xtr03
N0.HOG0013112	Cmi26	Cpl36	Ler33	Loc03	Gga10	Xtr03
N0.HOG0013113	Cmi26	Cpl36	Ler33	Loc03	Gga10	Xtr03
N0.HOG0013114	Cmi26	Cpl36	Ler33	Loc03	Gga10	Xtr03
N0.HOG0013115	Cmi26	Cpl36	Ler33	Loc03	Gga10	Xtr03
N0.HOG0013116	Cmi26	Cpl36	Ler33	Loc03	Gga10	Xtr03
N0.HOG0013117	Cmi26	Cpl36	Ler33	Loc03	Gga10	Xtr03
N0.HOG0013118	Cmi26	Cpl36	Ler33	Loc03	Gga10	Xtr03
N0.HOG0013119	Cmi26	Cpl36	Ler33	Loc03	Gga10	Xtr03
N0.HOG0013120	Cmi26	Cpl36	Ler33	Loc03	Gga10	Xtr03
N0.HOG0013121	Cmi26	Cpl36	Ler33	Loc03	Gga10	Xtr03
N0.HOG0013122	Cmi26	Cpl36	Ler33	Loc03	Gga10	Xtr03
N0.HOG0013123	Cmi26	Cpl36	Ler33	Loc03	Gga10	Xtr03
N0.HOG0013124	Cmi26	Cpl36	Ler33	Loc03	Gga10	Xtr03
N0.HOG0013125	Cmi26	Cpl36	Ler33	Loc03	Gga10	Xtr03
N0.HOG0013126	Cmi26	Cpl36	Ler33	Loc03	Gga10	Xtr03
N0.HOG0013127	Cmi26	Cpl36	Ler33	Loc03	Gga10	Xtr03
N0.HOG0013128	Cmi26	Cpl36	Ler33		Gga10	Xtr08, Xtr03
N0.HOG0013129	Cmi26	Cpl36	Ler33	Loc03	Gga10	Xtr03
N0.HOG0013130	Cmi26	Cpl36	Ler33	Loc03	Gga10	Xtr03
N0.HOG0013131	Cmi26	Cpl36	Ler33	Loc03	Gga10	Xtr03
N0.HOG0013132	Cmi26	Cpl36	Ler33	Loc03	Gga10	Xtr03
N0.HOG0013133	Cmi26	Cpl36	Ler33	Loc03	Gga10	Xtr03
N0.HOG0013134	Cmi26	Cpl36	Ler33	Loc03	Gga10	Xtr03
N0.HOG0013135	Cmi26	Cpl36	Ler33	Loc03	Gga10	Xtr03
N0.HOG0013136	Cmi26	Cpl36	Ler33	Loc03	Gga10	Xtr03
N0.HOG0013137	Cmi26	Cpl36	Ler33	Loc03	Gga10	Xtr03
N0.HOG0013138	Cmi26	Cpl36	Ler33	Loc03	Gga10	Xtr03
N0.HOG0013139	Cmi26	Cpl36	Ler33	Loc03	Gga10	Xtr03
N0.HOG0013140	Cmi26	Cpl36	Ler33	Loc03	Gga10	Xtr03
N0.HOG0013141	Cmi26	Cpl36	Ler33	Loc03	Gga10	Xtr03
N0.HOG0013142	Cmi26	Cpl36	Ler33	Loc03	Gga10	Xtr03
N0.HOG0013143	Cmi26	Cpl36	Ler33	Loc03	Gga10	Xtr03
N0.HOG0013144	Cmi26	Cpl36	Ler33	Loc03	Gga10	Xtr03
N0.HOG0013145	Cmi26	Cpl36	Ler33	Loc03	Gga10	Xtr03
N0.HOG0013146	Cmi26	Cpl40	Ler36	Loc03	Gga10	Xtr03
N0.HOG0013147	Cmi26	Cpl40	Ler36	Loc03	Gga10	Xtr03
N0.HOG0013148	Cmi26	Cpl40	Ler36	Loc03	Gga10	Xtr03
N0.HOG0013149	Cmi26	Cpl40	Ler36	Loc03	Gga10	Xtr03
N0.HOG0013150	Cmi26	Cpl40	Ler36	Loc03	Gga10	Xtr03
N0.HOG0013151	Cmi26	Cpl40	Ler36	Loc03	Gga25	Xtr08
N0.HOG0013152	Cmi26	Cpl40	Ler36	Loc03	Gga10	Xtr03
N0.HOG0013153	Cmi26	Cpl40	Ler36	Loc03	Gga02	Xtr06
N0.HOG0013154	Cmi26	Cpl40	Ler36	Loc03	Gga10	Xtr03
N0.HOG0013155	Cmi26	Cpl40	Ler36	Loc03	Gga10	Xtr02
N0.HOG0013156	Cmi26	Cpl40	Ler36	Loc03	Gga10	Xtr03
N0.HOG0013157	Cmi26	Cpl40	Ler36	Loc03	Gga10	Xtr03
N0.HOG0013158	Cmi26	Cpl40	Ler36	Loc03	Gga10	Xtr03
N0.HOG0013159	Cmi26	Cpl40	Ler36	Loc03	Gga10	Xtr03
N0.HOG0013160	Cmi26	Cpl40	Ler36	Loc03	Gga10	Xtr03
N0.HOG0013161	Cmi26	Cpl40	Ler36	Loc03	Gga10	Xtr03
N0.HOG0013162	Cmi26	Cpl40	Ler36	Loc03	Gga10	Xtr03
N0.HOG0013163	Cmi26	Cpl40	Ler36	Loc03	Gga10	Xtr03
N0.HOG0013164	Cmi26	Cpl40	Ler36	Loc03	Gga10	Xtr03
N0.HOG0013165	Cmi26	Cpl40	Ler36	Loc03	Gga10	Xtr03
N0.HOG0013166	Cmi27		LerSca	Loc01	Gga01	Xtr07
N0.HOG0013167	Cmi27	Cpl43	Ler40	Loc04	Gga34	Xtr02
N0.HOG0013168	Cmi27	Cpl43	Ler40	Loc04	Gga34	Xtr02
N0.HOG0013169	Cmi27	Cpl43	Ler40	Loc04	Gga34	Xtr02
N0.HOG0013170	Cmi27	Cpl43	Ler40	Loc04	Gga34	Xtr02
N0.HOG0013171	Cmi27	Cpl43	Ler40	Loc04	Gga34	Xtr03
N0.HOG0013172	Cmi27	Cpl43	Ler40	Loc04	Gga34	Xtr02
N0.HOG0013173	Cmi27	Cpl43	Ler40	Loc04	Gga34	Xtr02
N0.HOG0013174	Cmi27	Cpl43	Ler40	Loc04	Gga34	Xtr02
N0.HOG0013175	Cmi27	Cpl43	Ler40	Loc04	Gga34	Xtr02
N0.HOG0013176	Cmi27		LerSca	Loc12	Gga07	Xtr02, Xtr09
N0.HOG0013177	Cmi27	Cpl43	Ler40	Loc04	Gga34	Xtr02
N0.HOG0013178	Cmi27		LerSca	Loc04	Gga34	Xtr02
N0.HOG0013179	Cmi27	Cpl43	Ler40	Loc04	Gga34	Xtr02
N0.HOG0013180	Cmi27	Cpl43	Ler40	Loc04	Gga34	Xtr02
N0.HOG0013181	Cmi27	Cpl43	Ler40	Loc04	Gga34	Xtr02
N0.HOG0013182	Cmi27	Cpl43	Ler40	Loc04	Gga34	Xtr02
N0.HOG0013183	Cmi27	Cpl43	Ler40	Loc04	Gga34	Xtr02
N0.HOG0013184	Cmi27	Cpl43	Ler40	Loc04	Gga34	Xtr02
N0.HOG0013185	Cmi27	Cpl42	Ler40	Loc04	Gga34	Xtr02
N0.HOG0013186	Cmi27	Cpl42	Ler40	Loc04	Gga34	Xtr02
N0.HOG0013187	Cmi27	Cpl43	Ler40	Loc04	Gga34	Xtr02
N0.HOG0013188	Cmi27	CplSca	Ler40	Loc04	Gga34	Xtr02
N0.HOG0013189	Cmi27	Cpl40	Ler40	Loc04	Gga34	Xtr02
N0.HOG0013190	Cmi27	Cpl43	Ler40	Loc04	Gga34	Xtr02
N0.HOG0013191	Cmi27	Cpl43	Ler40	Loc04	Gga34	Xtr02
N0.HOG0013192	Cmi27	Cpl43	Ler40	Loc04	Gga34	Xtr02
N0.HOG0013193	Cmi27	Cpl43	Ler40	Loc04	Gga34	Xtr02
N0.HOG0013194	Cmi27	Cpl35	Ler32	Loc04	Gga34	Xtr02
N0.HOG0013195	Cmi27	Cpl43	Ler40	Loc04	Gga34	Xtr02
N0.HOG0013196	Cmi27	Cpl43	Ler40	Loc04	Gga34	Xtr02
N0.HOG0013197	Cmi27	Cpl43	Ler40	Loc04	Gga34	Xtr02
N0.HOG0013198	Cmi27	Cpl43	LerSca	Loc12	Gga07	Xtr09
N0.HOG0013199	Cmi27	Cpl43	Ler40	Loc04	Gga34	Xtr02
N0.HOG0013200	Cmi27	Cpl43, Cpl11	LerSca	Loc04	Gga34	
N0.HOG0013201	Cmi27	Cpl43	Ler40	Loc04	Gga34	Xtr02
N0.HOG0013202	Cmi27	Cpl43	Ler40	Loc04	Gga34	Xtr02
N0.HOG0013203	Cmi28	Cpl42	Ler35	Loc01	Gga22	Xtr03
N0.HOG0013204	Cmi28	Cpl42	Ler35	Loc01	Gga22	Xtr03
N0.HOG0013205	Cmi28	Cpl42	Ler35	Loc05	Gga06	Xtr07
N0.HOG0013206	Cmi28	Cpl42	Ler35	Loc01	Gga22	Xtr03
N0.HOG0013207	Cmi28	Cpl42	Ler35	Loc01	Gga22	Xtr03
N0.HOG0013208	Cmi28	Cpl42	Ler35	Loc01	Gga22	Xtr03
N0.HOG0013209	Cmi28	Cpl42	Ler35	Loc01	Gga22	Xtr03
N0.HOG0013210	Cmi28	Cpl42	Ler35	Loc01	Gga22	Xtr07
N0.HOG0013211	Cmi28	Cpl42	Ler35	Loc01	Gga22	Xtr03
N0.HOG0013212	Cmi28	Cpl42	Ler35	Loc01	Gga22	Xtr03
N0.HOG0013213	Cmi28	Cpl42	Ler35	Loc01	Gga22	Xtr03
N0.HOG0013214	Cmi28	Cpl42	Ler35	Loc01	Gga22	Xtr03
N0.HOG0013215	Cmi28	Cpl42	Ler35	Loc01	Gga11	Xtr04
N0.HOG0013216	Cmi28	Cpl42	Ler35	Loc01	Gga22	Xtr03
N0.HOG0013217	Cmi28	Cpl41	Ler35	Loc01	Gga22	Xtr03
N0.HOG0013218	Cmi28	Cpl42	Ler35	Loc01	Gga22	Xtr03
N0.HOG0013219	Cmi28	Cpl42	Ler35	Loc01	Gga22	Xtr03
N0.HOG0013220	Cmi28	Cpl42	Ler35	Loc01	Gga22	Xtr03
N0.HOG0013221	Cmi28	Cpl42	Ler35	Loc01	Gga22	Xtr03
N0.HOG0013222	Cmi28	Cpl42	Ler35	Loc01	Gga22	Xtr03
N0.HOG0013223	Cmi28	Cpl42	Ler35	Loc01	Gga22	Xtr03
N0.HOG0013224	Cmi28	Cpl42	Ler35	Loc01	Gga22	Xtr03
N0.HOG0013225	Cmi28	Cpl42	Ler35	Loc01	Gga22	Xtr03
N0.HOG0013226	Cmi28	Cpl05	Ler35	Loc01	Gga22	Xtr03
N0.HOG0013227	Cmi28	Cpl42	Ler35	Loc01	Gga22	Xtr03
N0.HOG0013228	Cmi28	Cpl42	Ler35	Loc01	Gga22	Xtr03
N0.HOG0013229	Cmi28	Cpl42	Ler35	Loc01	Gga22	Xtr03
N0.HOG0013230	Cmi28	Cpl42	Ler35	Loc01	Gga22	Xtr03
N0.HOG0013231	Cmi28	Cpl42	Ler35	Loc01	Gga22	Xtr03
N0.HOG0013232	Cmi28	Cpl42	Ler35	Loc01	Gga22	Xtr03
N0.HOG0013233	Cmi28	Cpl42	Ler35	Loc01	Gga22	Xtr03
N0.HOG0013234	Cmi28	Cpl42	Ler35	Loc01	Gga22	Xtr03
N0.HOG0013235	Cmi28	Cpl42	Ler35	Loc01	Gga22	Xtr03
N0.HOG0013236	Cmi28	Cpl42	Ler35	Loc01	Gga22	Xtr03
N0.HOG0013237	Cmi28	Cpl42	Ler35	Loc01	Gga22	Xtr03
N0.HOG0013238	Cmi28	Cpl42	Ler35	Loc01	Gga22	Xtr03
N0.HOG0013239	Cmi28	Cpl42	Ler35	Loc01	Gga22	Xtr03
N0.HOG0013240	Cmi28	Cpl42	Ler35	Loc01	Gga22	Xtr03
N0.HOG0013241	Cmi28	Cpl42	Ler35	Loc01	Gga22	Xtr03
N0.HOG0013242	Cmi28	Cpl42	Ler35	Loc01	Gga22	Xtr03
N0.HOG0013243	Cmi28	Cpl42	Ler35	Loc01	Gga22	Xtr03
N0.HOG0013244	Cmi28	Cpl42	Ler35	Loc01	Gga22	Xtr03
N0.HOG0013245	Cmi28	Cpl42	Ler35	Loc01	GgaSca	Xtr03
N0.HOG0013246	Cmi28	Cpl42	Ler35	Loc01	Gga22	Xtr03
N0.HOG0013247	Cmi28	Cpl42	Ler35	Loc01	Gga22	Xtr03
N0.HOG0013248	Cmi28	Cpl42	Ler35	Loc01	Gga22	Xtr03
N0.HOG0013249	Cmi28	Cpl42	Ler35	Loc01	Gga22	Xtr03
N0.HOG0013250	Cmi28	Cpl42	Ler35	Loc01	Gga22	Xtr03
N0.HOG0013251	Cmi28	Cpl42	Ler35	Loc01	Gga22	Xtr03
N0.HOG0013252	Cmi28	Cpl42	Ler35	Loc01	Gga22	Xtr03
N0.HOG0013253	Cmi28	Cpl42	Ler35	Loc01	Gga22	Xtr03
N0.HOG0013254	Cmi28	Cpl42	Ler35	Loc01	Gga22	Xtr03
N0.HOG0013255	Cmi28	Cpl42	Ler35	Loc01	Gga22	Xtr03
N0.HOG0013256	Cmi28	Cpl42	Ler35	Loc01	Gga22	Xtr03
N0.HOG0013257	Cmi28	CplSca	Ler35	Loc01	Gga22	Xtr03
N0.HOG0013258	Cmi28	Cpl42	Ler35	Loc01		Xtr03
N0.HOG0013259	Cmi28	Cpl42	Ler35	Loc01		Xtr03
N0.HOG0013260	Cmi28	Cpl42	Ler35	Loc01	Gga22	Xtr03
N0.HOG0013261	Cmi29	Cpl08	Ler39	Loc06	Gga30	Xtr10
N0.HOG0013262	Cmi29	Cpl08	Ler39	Loc06	Gga30	Xtr03
N0.HOG0013263	Cmi29	Cpl08	Ler39	Loc06	Gga30	Xtr03
N0.HOG0013264	Cmi29	Cpl08	Ler39	Loc06	Gga30	Xtr03
N0.HOG0013265	Cmi29	Cpl08	Ler39	Loc06	Gga30	Xtr08
N0.HOG0013266	Cmi29	Cpl08	Ler39	Loc06	Gga30	Xtr03
N0.HOG0013267	Cmi29		Ler39	LocSca	Gga30	Xtr03
N0.HOG0013268	Cmi29	Cpl08	Ler39	Loc06	Gga30	Xtr03
N0.HOG0013269	Cmi29	Cpl08	Ler39	Loc06	Gga30	Xtr03
N0.HOG0013270	Cmi29	Cpl08	Ler39	Loc06	Gga30	Xtr03
N0.HOG0013271	Cmi29	Cpl08	Ler39	Loc06		Xtr03
N0.HOG0013272	Cmi29	Cpl08	Ler39	Loc06	Gga30	Xtr03
N0.HOG0013273	Cmi29	Cpl08	Ler39	Loc10		Xtr03, Xtr04
N0.HOG0013274	Cmi29	Cpl08	Ler39	Loc06	Gga30	Xtr03
N0.HOG0013275	Cmi29	Cpl08	Ler39, Ler10			Xtr03
N0.HOG0013276	Cmi29	Cpl08	Ler39	Loc02	Gga30	Xtr03
N0.HOG0013277	Cmi29	Cpl08	Ler39	Loc06	Gga30	Xtr03
N0.HOG0013278	Cmi29	Cpl08	Ler39	Loc06	Gga30	Xtr03
N0.HOG0013279	Cmi29	Cpl08	Ler39	Loc06	Gga30	Xtr03
N0.HOG0013280	Cmi29	Cpl34	Ler39	Loc06		Xtr03
N0.HOG0013281	Cmi29	Cpl34	Ler39	Loc06	Gga30	Xtr03
N0.HOG0013282	Cmi29	Cpl08	Ler39	Loc06	Gga30	Xtr03
N0.HOG0013283	Cmi29	Cpl08	Ler39	Loc06	Gga30	Xtr03
N0.HOG0013284	Cmi29	Cpl08	Ler39	Loc06		Xtr03
N0.HOG0013285	Cmi29	Cpl08	Ler39	Loc06		Xtr03
N0.HOG0013286	Cmi29	Cpl08	Ler39	Loc06		Xtr03
N0.HOG0013287	Cmi29	Cpl08	Ler39	Loc06		
N0.HOG0013288	Cmi30	Cpl37				
N0.HOG0013289	Cmi30					Xtr02, Xtr03
N0.HOG0013290	Cmi30	Cpl30	Ler31	LocSca	Gga17	Xtr08
N0.HOG0013291	Cmi31	Cpl39	Ler37	Loc12	Gga01	Xtr04
N0.HOG0013292	Cmi31	Cpl39	Ler37	Loc16	Gga01	Xtr04
N0.HOG0013293	Cmi31	Cpl39	Ler37	Loc12	Gga01	Xtr04
N0.HOG0013294	Cmi31	Cpl39	Ler37	Loc13	Gga14	Xtr09
N0.HOG0013295	Cmi31	Cpl39	Ler37	Loc12	Gga01	Xtr04
N0.HOG0013296	Cmi31	Cpl39	Ler37	Loc12	Gga01	Xtr04
N0.HOG0013297	Cmi31	Cpl39	Ler37	Loc12	Gga01	Xtr04
N0.HOG0013298	Cmi31	Cpl39	Ler37	Loc12	Gga05	Xtr08
N0.HOG0013299	Cmi31	Cpl39	Ler37	Loc12	Gga01	Xtr04
N0.HOG0013300	Cmi31	Cpl39	Ler37	Loc27		Xtr07
N0.HOG0013301	Cmi31	Cpl39	Ler37	Loc12	Gga01	Xtr04
N0.HOG0013302	Cmi31	Cpl39	Ler37	Loc12	Gga01	Xtr04
N0.HOG0013303	Cmi31	Cpl39	Ler37	Loc12	Gga01	Xtr04
N0.HOG0013304	Cmi31	Cpl39	Ler37	Loc12	Gga01	Xtr04
N0.HOG0013305	Cmi31	Cpl39	Ler37	Loc12	Gga01	Xtr04
N0.HOG0013306	Cmi31	Cpl39	Ler37	LocSca	Gga01	Xtr10
N0.HOG0013307	Cmi31	Cpl39	Ler37		Gga05	Xtr07, Xtr04
N0.HOG0013308	Cmi31	Cpl39	Ler37	Loc13	Gga14	Xtr09
N0.HOG0013309	Cmi31	Cpl39	Ler37	Loc12	Gga01	Xtr04
N0.HOG0013310	Cmi31	Cpl39	Ler37	Loc13	Gga14	Xtr09
N0.HOG0013311	Cmi31	CplSca	Ler37	Loc12	Gga01	Xtr04
N0.HOG0013312	Cmi31	Cpl39	Ler37	Loc12	Gga01	Xtr04
N0.HOG0013313	Cmi31	Cpl39	Ler37	Loc12	Gga01	Xtr04
N0.HOG0013314	Cmi31	Cpl39	Ler37	Loc12	Gga01	Xtr04
N0.HOG0013315	Cmi31	Cpl39	Ler37	Loc12	Gga01	Xtr04
N0.HOG0013316	Cmi31	Cpl39	Ler37	Loc12	Gga01	Xtr04
N0.HOG0013317	Cmi31	Cpl39	Ler37	Loc12	Gga01	Xtr04
N0.HOG0013318	Cmi31	Cpl39	Ler37	Loc12	Gga01	Xtr04
N0.HOG0013319	Cmi31	Cpl39	Ler37	Loc12	Gga01	Xtr04
N0.HOG0013320	Cmi31	Cpl39	Ler37	Loc12	Gga01	Xtr04
N0.HOG0013321	Cmi31	Cpl39	Ler37	Loc14	Gga27	Xtr10
N0.HOG0013322	Cmi31	Cpl39	Ler37	Loc12	Gga01	Xtr04
N0.HOG0013323	Cmi31	Cpl39	Ler37	Loc12	Gga01	Xtr04
N0.HOG0013324	Cmi31	Cpl39	Ler37	Loc12	Gga01	Xtr04
N0.HOG0013325	Cmi31	Cpl39	Ler37	Loc12	Gga02	Xtr04
N0.HOG0013326	Cmi31	Cpl39	Ler37	Loc12	Gga01	Xtr04
N0.HOG0013327	Cmi31	Cpl39	Ler37	Loc12	Gga01	Xtr04
N0.HOG0013328	Cmi31	Cpl39	Ler37	Loc12	Gga01	Xtr04
N0.HOG0013329	Cmi31	Cpl39	Ler37	Loc10	Gga08	Xtr04
N0.HOG0013330	Cmi31	Cpl39	Ler37	Loc12	Gga01	Xtr04
N0.HOG0013331	CmiSca	Cpl02	Ler03	Loc04	GgaZ	Xtr01
N0.HOG0013332	CmiSca	Cpl02	Ler03	Loc04	GgaZ	Xtr01
N0.HOG0013333	CmiSca	Cpl02	Ler03	Loc04	GgaZ	Xtr01
N0.HOG0013334	CmiSca	Cpl02	Ler03	Loc04	GgaZ	Xtr01
N0.HOG0013335	CmiSca	Cpl02	Ler03	Loc04	GgaZ	Xtr01
N0.HOG0013336	CmiSca	Cpl02	Ler03	Loc04	GgaZ	Xtr01
N0.HOG0013337	CmiSca	Cpl02	Ler03	Loc04	GgaZ	Xtr01
N0.HOG0013338	CmiSca	Cpl02	Ler03	Loc02	GgaZ	Xtr01
N0.HOG0013339	CmiSca	Cpl02	Ler03	Loc02	GgaZ	Xtr01
N0.HOG0013340	CmiSca	Cpl02	Ler03	Loc02	GgaZ	Xtr01
N0.HOG0013341	CmiSca	Cpl02	Ler03	Loc02	GgaZ	Xtr01
N0.HOG0013342	CmiSca	Cpl02	Ler03	Loc02	GgaZ	Xtr01
N0.HOG0013343	CmiSca	Cpl02	Ler03	Loc02	GgaZ	Xtr01
N0.HOG0013344	CmiSca	Cpl02	Ler03	Loc02	GgaZ	Xtr01
N0.HOG0013345	CmiSca	Cpl02	Ler03	Loc02	GgaZ	Xtr01
N0.HOG0013346	CmiSca	Cpl02	Ler03	Loc02	GgaZ	Xtr01
N0.HOG0013347	CmiSca	Cpl02	Ler03	Loc02	GgaZ	Xtr01
N0.HOG0013348	CmiSca	Cpl02	Ler03	Loc02	GgaZ	Xtr01
N0.HOG0013349	CmiSca	Cpl02	Ler03, Ler07	Loc02		
N0.HOG0013350	CmiSca	Cpl02	Ler03	Loc02	GgaZ	Xtr01
N0.HOG0013351	CmiSca	Cpl01	Ler01	Loc04	Gga04	Xtr01
N0.HOG0013352	CmiSca	Cpl01	Ler01	Loc04	Gga04	Xtr01
N0.HOG0013353	CmiSca	Cpl01	Ler01	Loc04	Gga04	Xtr01
N0.HOG0013354	CmiSca	Cpl05	Ler02	Loc11	Gga02	Xtr06
N0.HOG0013355	CmiSca	Cpl45	Ler44	Loc20		Xtr01
N0.HOG0013356	CmiSca	Cpl45	LerSca	Loc28	Gga02	Xtr04
N0.HOG0013357	CmiSca	CplSca	LerSca	Loc26	Gga25	Xtr08
N0.HOG0013358	CmiSca	Cpl45	LerSca		Gga39	Xtr04
N0.HOG0013359	CmiSca	CplSca	Ler19	Loc16	GgaZ	Xtr07
N0.HOG0013360	CmiSca	Cpl48	LerSca	Loc02	GgaSca	Xtr03
N0.HOG0013361	CmiSca	Cpl48	LerSca	Loc02		Xtr03
N0.HOG0013362	CmiSca	Cpl32	Ler01	Loc04	Gga04	Xtr01
N0.HOG0013363	CmiSca	Cpl32	Ler01	Loc04	Gga04	Xtr01
N0.HOG0013364	CmiSca	Cpl32	Ler01	Loc04	Gga04	Xtr01
N0.HOG0013365	CmiSca	Cpl41	Ler38	Loc13	Gga38	Xtr08
N0.HOG0013366	CmiSca	Cpl41	Ler38	Loc02	Gga38	Xtr08
N0.HOG0013367	CmiSca	Cpl41	Ler38	Loc02	Gga38	Xtr02
N0.HOG0013368	CmiSca	Cpl41	Ler38	Loc02	Gga38	Xtr08
N0.HOG0013369	CmiSca	Cpl41	Ler38	Loc02	Gga38	Xtr08
N0.HOG0013370	CmiSca	Cpl41	Ler38	Loc02	Gga38	Xtr08
N0.HOG0013371	CmiSca	Cpl41	Ler38	Loc02	Gga38	Xtr08
N0.HOG0013372	CmiSca	Cpl41	Ler38	Loc02	Gga38	Xtr08
N0.HOG0013373	CmiSca	Cpl41	Ler38	Loc02	Gga38	Xtr08
N0.HOG0013374	CmiSca	Cpl09		Loc07, Loc01		Xtr08, Xtr05
N0.HOG0013375	CmiSca	Cpl12	Ler13	Loc17	Gga01	Xtr02
N0.HOG0013376	CmiSca	Cpl12	Ler13	Loc17	Gga01	Xtr02
N0.HOG0013377	CmiSca	Cpl02	Ler03	Loc02	GgaZ	Xtr01
N0.HOG0013378	CmiSca	Cpl41	Ler38	Loc28	Gga38	Xtr08
N0.HOG0013379	CmiSca	Cpl16	Ler18	Loc27	Gga05	Xtr04
N0.HOG0013380	CmiSca	Cpl16	Ler18	Loc27	Gga05	Xtr04
N0.HOG0013381	CmiSca	Cpl16	Ler18	Loc27	Gga05	Xtr04
N0.HOG0013382	CmiSca	Cpl16	Ler18	Loc27	Gga05	Xtr04
N0.HOG0013383	CmiSca	Cpl02	Ler03	Loc02	GgaZ	Xtr01
N0.HOG0013384	CmiSca	Cpl02	Ler03	Loc02	GgaZ	Xtr01
N0.HOG0013385	CmiSca					
N0.HOG0013386	CmiSca	Cpl12	Ler09	Loc07	Gga05	Xtr08
N0.HOG0013387	CmiSca	Cpl12	Ler09	Loc07	Gga05	Xtr08
N0.HOG0013388	CmiSca	Cpl12	Ler09	Loc07	Gga05	Xtr08
N0.HOG0013389	CmiSca	Cpl12	Ler09	Loc07	Gga05	Xtr08
N0.HOG0013390	CmiSca	Cpl12	Ler09	Loc07	Gga05	Xtr08
N0.HOG0013391	CmiSca	Cpl12	Ler09	Loc07	Gga05	Xtr08
N0.HOG0013392	CmiSca	Cpl27	Ler26	Loc06	Gga23	Xtr02
N0.HOG0013393	CmiSca	Cpl27	Ler26	Loc06	Gga23	Xtr02
N0.HOG0013394	CmiSca	Cpl27	Ler26	Loc06	Gga23	Xtr02
N0.HOG0013395	CmiSca	Cpl27	Ler26	Loc06	Gga23	Xtr02
N0.HOG0013396	CmiSca	Cpl27	Ler26	Loc06	Gga23	Xtr02
N0.HOG0013397	CmiSca	Cpl27	Ler26	Loc06	Gga23	Xtr02
N0.HOG0013398	CmiSca	Cpl27	Ler26	Loc06	Gga23	Xtr02
N0.HOG0013399	CmiSca	Cpl39	LerSca	Loc13	Gga14	Xtr09
N0.HOG0013400	CmiSca	Cpl39	LerSca	Loc01	GgaSca	Xtr08
N0.HOG0013401	CmiSca	Cpl08	Ler39		Gga03	
N0.HOG0013402	CmiSca	Cpl43, Cpl48		Loc02		
N0.HOG0013403	CmiSca		LerSca		Gga04	Xtr08, Xtr03, Xtr05
N0.HOG0013404	CmiSca	Cpl04	Ler04	Loc11	Gga02	Xtr06
N0.HOG0013405	CmiSca	Cpl04	Ler49	Loc09	Gga02	Xtr06
N0.HOG0013406	CmiSca	Cpl28	Ler28	Loc22	Gga19	Xtr02
N0.HOG0013407	CmiSca	Cpl28	Ler28	Loc22	Gga19	Xtr02
N0.HOG0013408	CmiSca	Cpl28	Ler28	Loc22	Gga19	Xtr02
N0.HOG0013409	CmiSca	Cpl28	Ler28	Loc22		Xtr02
N0.HOG0013410	CmiSca	Cpl23	Ler22	Loc08	Gga01	Xtr03
N0.HOG0013411	CmiSca	Cpl41	Ler38	Loc04	Gga04	Xtr01
N0.HOG0013412	CmiSca	Cpl41	Ler38	Loc02	Gga38	Xtr08
N0.HOG0013413	CmiSca	Cpl41	Ler38	Loc02	Gga38	Xtr08
N0.HOG0013414	CmiSca	Cpl05	Ler02	Loc11	Gga02	Xtr06
N0.HOG0013415	CmiSca	Cpl05	Ler02	Loc11	Gga02	Xtr06
N0.HOG0013416	CmiSca	Cpl05	Ler02	Loc11	Gga02	Xtr06
N0.HOG0013417	CmiSca	Cpl15	Ler12	Loc07	Gga04	Xtr08
N0.HOG0013418	CmiSca	Cpl15	Ler12	Loc07	Gga04	Xtr08
N0.HOG0013419	CmiSca	Cpl15	Ler12	Loc07	Gga04	Xtr08
N0.HOG0013420	CmiSca	Cpl15	Ler12	Loc07	Gga04	Xtr08
N0.HOG0013421	CmiSca	Cpl15	Ler12	Loc07	Gga04	Xtr08
N0.HOG0013422	CmiSca	Cpl02	Ler03	Loc02	GgaZ	Xtr01
N0.HOG0013423	CmiSca	Cpl02	Ler03	Loc02	GgaZ	Xtr01
N0.HOG0013424	CmiSca	Cpl07	Ler07	Loc12	Gga09	Xtr09
N0.HOG0013425	CmiSca	Cpl07	Ler07	Loc12	Gga09	Xtr09
N0.HOG0013426	CmiSca	Cpl01	Ler01	Loc02	GgaZ	Xtr01
N0.HOG0013427	CmiSca	CplSca	LerSca	Loc01	GgaSca	Xtr08
N0.HOG0013428	CmiSca	Cpl03	Ler05	Loc01	Gga03	Xtr05
N0.HOG0013429	CmiSca	Cpl34	Ler30	Loc25	Gga21	Xtr07
N0.HOG0013430	CmiSca	Cpl34	Ler30	Loc25	Gga21	Xtr07
N0.HOG0013431	CmiSca	Cpl34	Ler30	Loc25	Gga21	Xtr07
N0.HOG0013432	CmiSca	Cpl03	Ler05	Loc01	Gga03	Xtr05
N0.HOG0013433	CmiSca	Cpl22	Ler15	Loc05	Gga06	Xtr07
N0.HOG0013434	CmiSca	Cpl22	Ler15	Loc05	Gga06	Xtr07
N0.HOG0013435	CmiSca	Cpl22	Ler15	Loc05	Gga06	Xtr07
N0.HOG0013436	CmiSca	Cpl10	LerSca	Loc04	Gga04	Xtr01
N0.HOG0013437	CmiSca	Cpl09	Ler08	Loc01	Gga04	XtrSca
N0.HOG0013438	CmiSca	Cpl09	Ler08	Loc01	Gga03	Xtr05
N0.HOG0013439	CmiSca	Cpl09	Ler08	LocSca	Gga03	Xtr05
N0.HOG0013440	CmiSca	Cpl09	Ler08	LocSca	Gga03	Xtr05
N0.HOG0013441	CmiSca	Cpl12	Ler13	Loc17	Gga01	Xtr02
N0.HOG0013442	CmiSca	Cpl37	LerSca			
N0.HOG0013443	CmiSca	Cpl41	Ler38	Loc02		Xtr08
N0.HOG0013444	CmiSca	Cpl07	Ler07	Loc12	Gga07	Xtr09
N0.HOG0013445	CmiSca	Cpl41	Ler38	Loc02	Gga38	Xtr08
N0.HOG0013446	CmiSca	Cpl41	Ler38	Loc02	Gga38	Xtr08
N0.HOG0013447	CmiSca	Cpl06	Ler37	Loc12	Gga01	Xtr04
N0.HOG0013448	CmiSca	Cpl39	Ler37	Loc12	Gga01	Xtr04
N0.HOG0013449	CmiSca	Cpl28	Ler28	Loc22	Gga19	Xtr02
N0.HOG0013450	CmiSca	Cpl28	Ler28	Loc22	Gga19	Xtr02
N0.HOG0013451	CmiSca	Cpl02	Ler03	Loc04	GgaZ	Xtr01
N0.HOG0013452	CmiSca	Cpl37	LerSca	LocSca		Xtr08
N0.HOG0013453	CmiSca	Cpl45	LerSca		Gga39	Xtr04
N0.HOG0013454	CmiSca	Cpl16	Ler18	Loc27	Gga05	Xtr04
N0.HOG0013455	CmiSca	Cpl41	Ler38	Loc02	GgaSca	Xtr08
N0.HOG0013456	CmiSca	Cpl41	Ler38	Loc02	Gga38	Xtr08
N0.HOG0013457	CmiSca	Cpl41	Ler38	Loc02	Gga38	Xtr08
N0.HOG0013458	CmiSca	Cpl41	Ler38	Loc02	Gga04	Xtr08
N0.HOG0013459	CmiSca	Cpl32	Ler33	Loc03	Gga10	Xtr03
N0.HOG0013460	CmiSca	Cpl37	LerSca	Loc14		Xtr08
N0.HOG0013461	CmiSca	Cpl21	Ler20	Loc13	Gga14	Xtr09
N0.HOG0013462	CmiSca	Cpl21	Ler20	Loc13	Gga14	Xtr09
N0.HOG0013463	CmiSca	Cpl02	Ler03	Loc02	GgaZ	Xtr01
N0.HOG0013464	CmiSca	Cpl04	Ler04	Loc09	Gga02	Xtr06
N0.HOG0013465	CmiSca	Cpl41	Ler38	Loc02	Gga38	Xtr08
N0.HOG0013466	CmiSca	Cpl41	Ler38		Gga38	Xtr08
N0.HOG0013467	CmiSca	Cpl41	Ler38	Loc02	Gga38	Xtr08
N0.HOG0013468	CmiSca	Cpl41	Ler38	Loc02	Gga38	Xtr08
N0.HOG0013469	CmiSca	Cpl41	Ler38	Loc02	Gga38	Xtr08
N0.HOG0013470	CmiSca	Cpl06	Ler06	Loc03	Gga01	Xtr02
N0.HOG0013471	CmiSca	CplSca	LerSca		Gga14	Xtr08
N0.HOG0013472	CmiSca	CplSca	LerSca	Loc01	GgaSca	Xtr08
N0.HOG0013473	CmiSca	Cpl06	Ler06	Loc03	Gga01	Xtr02
N0.HOG0013474	CmiSca	Cpl18		Loc05	Gga12	Xtr04
N0.HOG0013475	CmiSca	Cpl51	LerSca	Loc24	Gga25	Xtr08
N0.HOG0013476	CmiSca	Cpl14	Ler11	Loc06	Gga13	Xtr03
N0.HOG0013477	CmiSca	Cpl14	Ler11	Loc06	Gga13	Xtr03
N0.HOG0013478	CmiSca	Cpl41	Ler38	Loc02	Gga38	Xtr08
N0.HOG0013479	CmiSca	CplSca	Ler34	Loc15	Gga24	Xtr09
N0.HOG0013480	CmiSca	Cpl18	Ler16	Loc05	Gga12	Xtr04
N0.HOG0013481	CmiSca	Cpl18	Ler16	Loc05	Gga12	Xtr04
N0.HOG0013482	CmiSca		LerSca	Loc10	Gga25	Xtr08
N0.HOG0013483	CmiSca	CplSca		Loc24	Gga25	Xtr08
N0.HOG0013484	CmiSca	Cpl08	Ler39	Loc06, Loc04		Xtr03
N0.HOG0013485	CmiSca	CplSca	LerSca	Loc05	Gga24	Xtr09
N0.HOG0013486	CmiSca	Cpl12, Cpl45	LerSca		Gga39	Xtr04
N0.HOG0013487	CmiSca	Cpl16	Ler18	Loc27	Gga05	Xtr04
N0.HOG0013488	CmiSca	Cpl16	Ler18	Loc27	Gga05	Xtr04
N0.HOG0013489	CmiSca	Cpl51		Loc24	Gga25	Xtr08
N0.HOG0013490	CmiSca	Cpl37	LerSca		Gga16	Xtr08
N0.HOG0013491	CmiSca	CplSca	LerSca		Gga16	Xtr02
N0.HOG0013492	CmiSca	Cpl17	Ler17	Loc23	Gga11	Xtr04
N0.HOG0013493	CmiSca	CplSca	Ler23	Loc10	Gga18	Xtr10
N0.HOG0013494	CmiSca	Cpl41	Ler38	Loc02	Gga38	Xtr08
N0.HOG0013495	CmiSca	Cpl02	LerSca	Loc02	GgaZ	Xtr01
N0.HOG0013496	CmiSca	Cpl36	Ler32	Loc26	Gga24	Xtr07
N0.HOG0013497	CmiSca	Cpl16	Ler18	Loc27	Gga05	Xtr04
N0.HOG0013498	CmiSca	Cpl41	Ler38	Loc02	Gga14	Xtr09
N0.HOG0013499	CmiSca	Cpl41	Ler38	Loc02	Gga38	Xtr08
N0.HOG0013500	CmiSca	Cpl41	Ler38	Loc02	Gga09	Xtr08
N0.HOG0013501	CmiSca	Cpl43		Loc02	Gga01	Xtr07, Xtr03
N0.HOG0013502	CmiSca	Cpl36	Ler32	Loc26	Gga24	Xtr07
N0.HOG0013503	CmiSca	Cpl36	Ler32	Loc26	Gga24	Xtr07
N0.HOG0013504	CmiSca	Cpl37	LerSca		Gga16	Xtr08
N0.HOG0013505	CmiSca	CplSca		Loc09	Gga05	Xtr07
N0.HOG0013506	CmiSca	Cpl28	Ler28	Loc22	Gga19	Xtr02
N0.HOG0013507	CmiSca	CplSca	Ler21	Loc18	Gga20	Xtr10
N0.HOG0013508	CmiSca	CplSca	LerSca	Loc04	Gga34	Xtr02
N0.HOG0013509	CmiSca	Cpl04	LerSca	Loc11	Gga02	Xtr06
N0.HOG0013510	CmiSca	Cpl39	Ler37	Loc12	Gga01	Xtr04
N0.HOG0013511	CmiSca	CplSca	LerSca	Loc24	Gga25	Xtr08
N0.HOG0013512	CmiSca	Cpl51	LerSca	Loc24	Gga25	Xtr08
N0.HOG0013513		Cpl02	Ler03	Loc02	GgaZ	Xtr01
N0.HOG0013514		Cpl31, Cpl02	Ler29	Loc19	Gga28	Xtr01
N0.HOG0013515		Cpl03	Ler05	Loc01	Gga03	Xtr05
N0.HOG0013516		Cpl03		Loc05	Gga06, Gga03	Xtr07, Xtr05
N0.HOG0013517		Cpl04	Ler43		Gga02	
N0.HOG0013518		Cpl04	LerSca	Loc09		Xtr06
N0.HOG0013519		Cpl05		Loc06		
N0.HOG0013520		Cpl05	Ler07	LocSca	Gga07	Xtr09
N0.HOG0013521		Cpl05	Ler02, Ler06	Loc09	Gga02	Xtr06
N0.HOG0013522		Cpl06	Ler06	Loc03	Gga01	Xtr02
N0.HOG0013523		Cpl06	LerSca	Loc03	Gga01	Xtr02
N0.HOG0013524		Cpl46, Cpl07	LerSca			
N0.HOG0013525		Cpl43, Cpl07	Ler40	Loc04	Gga34	Xtr02
N0.HOG0013526		Cpl09	Ler08			
N0.HOG0013527		Cpl09, Cpl45	Ler44	Loc16	Gga03	Xtr05
N0.HOG0013528		Cpl09	Ler11, Ler07, Ler08, Ler18			
N0.HOG0013529		Cpl10	Ler09	Loc07	Gga05	Xtr08
N0.HOG0013530		Cpl10	Ler08, Ler09	Loc07	Gga05	Xtr08
N0.HOG0013531		Cpl10	Ler09	Loc07	Gga05	Xtr08
N0.HOG0013532		Cpl10	Ler09	Loc07	Gga05	Xtr08
N0.HOG0013533		Cpl11	Ler10	Loc10	Gga08	Xtr04
N0.HOG0013534		Cpl12	Ler13	Loc17	Gga01	Xtr02
N0.HOG0013535		Cpl12	Ler47, Ler13	Loc17	Gga01	Xtr02
N0.HOG0013536		Cpl12	Ler13	Loc06	Gga01	Xtr02
N0.HOG0013537		Cpl12	Ler13			
N0.HOG0013538		Cpl13	Ler14	Loc14	Gga09	Xtr05
N0.HOG0013539		Cpl13, Cpl48	Ler14	Loc14	Gga09	Xtr05
N0.HOG0013540		Cpl13	Ler14	Loc14	Gga09	Xtr05
N0.HOG0013541		Cpl13	Ler24	Loc26	Gga25	Xtr08
N0.HOG0013542		Cpl14	Ler11			
N0.HOG0013543		Cpl15	Ler08	Loc16	Gga03	Xtr05
N0.HOG0013544		Cpl15	LerSca	Loc07	Gga04	Xtr08
N0.HOG0013545		Cpl15	Ler12			
N0.HOG0013546		Cpl15		Loc14, Loc07	Gga04, Gga09	Xtr05
N0.HOG0013547		Cpl15, Cpl48	Ler12	Loc07	Gga04	Xtr08
N0.HOG0013548		Cpl15	Ler12		Gga01	Xtr02, Xtr08
N0.HOG0013549		Cpl16	Ler18	Loc04	Gga05	Xtr04
N0.HOG0013550		Cpl18	Ler16	Loc05	Gga12	Xtr04
N0.HOG0013551		Cpl20	Ler04, Ler21	Loc18	Gga20	Xtr10
N0.HOG0013552		Cpl22	Ler15	Loc05	Gga06	Xtr07
N0.HOG0013553		Cpl22	Ler15	Loc05	Gga06	Xtr07
N0.HOG0013554		Cpl22	Ler15	Loc05	Gga06	Xtr07
N0.HOG0013555		Cpl23, Cpl45	LerSca	Loc08	Gga19	Xtr02
N0.HOG0013556		Cpl25	Ler25	Loc20, Loc08	Gga15	Xtr01
N0.HOG0013557		Cpl25	Ler25	Loc20	Gga15	Xtr01
N0.HOG0013558		Cpl27	Ler26	Loc06	Gga23	Xtr02
N0.HOG0013559		Cpl31, Cpl27	Ler29	Loc06	Gga23	Xtr02
N0.HOG0013560		Cpl28	Ler28	Loc22	Gga19	Xtr02
N0.HOG0013561		Cpl28	Ler28	Loc22, Loc05	Gga19	Xtr02
N0.HOG0013562		Cpl28	Ler28	Loc06, Loc22	Gga19	Xtr02
N0.HOG0013563		Cpl30		Loc03, Loc21	Gga17	Xtr08
N0.HOG0013564		Cpl37, Cpl30	Ler31	Loc21	Gga17	Xtr08
N0.HOG0013565		Cpl32	Ler01	Loc04	Gga04	Xtr01
N0.HOG0013566		Cpl33	Ler27	Loc15	Gga27	Xtr10
N0.HOG0013567		Cpl34	Ler30	Loc25	Gga01	Xtr07
N0.HOG0013568		Cpl34	Ler30	Loc14, Loc25	Gga21	Xtr07
N0.HOG0013569		Cpl35	Ler32	Loc26	Gga24	Xtr07
N0.HOG0013570		Cpl35	Ler15, Ler02, Ler04, Ler09, Ler21			
N0.HOG0013571		Cpl37	LerSca			Xtr01, Xtr04
N0.HOG0013572		Cpl37	LerSca	Loc29	Gga16	Xtr08
N0.HOG0013573		Cpl37	Ler02			
N0.HOG0013574		Cpl37	LerSca	Loc24		Xtr07
N0.HOG0013575		Cpl38		Loc05, Loc01	Gga04	Xtr01
N0.HOG0013576		Cpl41	Ler38	Loc16, Loc02	Gga03	Xtr08
N0.HOG0013577		Cpl41	Ler38	Loc02	Gga38	Xtr08
N0.HOG0013578		Cpl41	Ler38	Loc02		Xtr08
N0.HOG0013579		Cpl46, Cpl41	Ler34	Loc07		
N0.HOG0013580		Cpl42	Ler35	Loc01	Gga22	Xtr03
N0.HOG0013581		Cpl43	LerSca	Loc02		
N0.HOG0013582		Cpl44				
N0.HOG0013583		Cpl44	LerSca			
N0.HOG0013584		Cpl46	LerSca	Loc09	Gga05	
N0.HOG0013585		Cpl47		Loc26	Gga05	Xtr07
N0.HOG0013586		Cpl47		Loc03, Loc24	Gga01	Xtr02, Xtr07
N0.HOG0013587		Cpl47	LerSca			
N0.HOG0013588		Cpl51	LerSca	Loc24	GgaZ	Xtr01, Xtr08
N0.HOG0013589		Cpl51	LerSca	Loc24	Gga25	Xtr08
N0.HOG0013590		Cpl51	LerSca	Loc03	Gga25, Gga10	Xtr03
N0.HOG0013591		Cpl51	LerSca	Loc24	Gga25	Xtr08
N0.HOG0013592		Cpl51	Ler38	Loc02	GgaSca	Xtr08
N0.HOG0013593		CplSca	LerSca	Loc24	Gga25	Xtr08
N0.HOG0013594		CplSca	Ler04			
N0.HOG0013595		CplSca	Ler08, Ler09	Loc28		Xtr05
N0.HOG0013596		CplSca	Ler03	Loc24	Gga25	Xtr08
N0.HOG0013597		CplSca	LerSca	Loc24	Gga25	Xtr08
N0.HOG0013598		CplSca	Ler37			Xtr06
N0.HOG0013599		CplSca		Loc01	Gga03	Xtr04, Xtr05
N0.HOG0013600		CplSca				
N0.HOG0013601		CplSca		Loc16	Gga03	
N0.HOG0013602		CplSca		Loc28		Xtr04
N0.HOG0013603		CplSca	Ler24	Loc05	Gga25	Xtr08
N0.HOG0013604		CplSca	LerSca	Loc24	Gga25	Xtr08
N0.HOG0013605		CplSca	LerSca	Loc02	GgaZ	Xtr01
N0.HOG0013606		CplSca		Loc02	Gga19	Xtr03
N0.HOG0013607					Gga02, Gga01, GgaW	
N0.HOG0013608					Gga01	
N0.HOG0013609					Gga01	
N0.HOG0013610				Loc11	Gga01	Xtr03
N0.HOG0013611					Gga16	
N0.HOG0013612					Gga02	
N0.HOG0013613					Gga02	
N0.HOG0013614					Gga02	
N0.HOG0013615					Gga20	Xtr10
N0.HOG0013616				Loc24	Gga25	Xtr08
N0.HOG0013617			LerSca	LocSca	Gga26	Xtr08
N0.HOG0013618					Gga27	
N0.HOG0013619					Gga04, GgaZ	
N0.HOG0013620					Gga05	
N0.HOG0013621					Gga06	
N0.HOG0013622					Gga09	Xtr01
N0.HOG0013623					Gga09	Xtr01, Xtr05
N0.HOG0013624			LerSca		GgaSca	
N0.HOG0013625			LerSca		GgaSca	
N0.HOG0013626			Ler04, Ler22			
N0.HOG0013627			Ler04, Ler11, Ler24, Ler06			
N0.HOG0013628			Ler29			
N0.HOG0013629			LerSca			
N0.HOG0013630			Ler04, Ler07			
N0.HOG0013631			Ler13, Ler01, Ler32, Ler05			
N0.HOG0013632			Ler45			
N0.HOG0013633			Ler11			
N0.HOG0013634			Ler14, Ler03, Ler11, Ler33, Ler21			
N0.HOG0013635			LerSca	Loc26		
N0.HOG0013636			LerSca	Loc22		Xtr09
N0.HOG0013637			Ler25, Ler12, Ler18			
N0.HOG0013638			Ler04, Ler23, Ler06			
N0.HOG0013639			Ler13, Ler12	Loc07		Xtr04
N0.HOG0013640			Ler04, Ler07, Ler12, Ler18			Xtr02
N0.HOG0013641			Ler28, Ler31, Ler16			
N0.HOG0013642			Ler13			
N0.HOG0013643			Ler01, Ler13, Ler24			
N0.HOG0013644			Ler08, Ler01, Ler24	Loc28		
N0.HOG0013645			Ler15, Ler08, Ler02, Ler05, Ler04, Ler09			
N0.HOG0013646			Ler15, Ler01, Ler02, Ler08, Ler04			
N0.HOG0013647			Ler01			
N0.HOG0013648			Ler08, Ler02, Ler18, Ler17, Ler21			
N0.HOG0013649			Ler02, Ler01, Ler21, Ler18			
N0.HOG0013650			Ler04, Ler19, Ler42			
N0.HOG0013651			Ler02, Ler01, Ler05			
N0.HOG0013652			Ler01, Ler32, Ler46, Ler07, Ler34			
N0.HOG0013653			Ler04, Ler01, Ler05			
N0.HOG0013654			LerSca			
N0.HOG0013655			Ler04, Ler07, Ler03, Ler21			
N0.HOG0013656			LerSca	Loc26		
N0.HOG0013657			Ler24	LocSca		
N0.HOG0013658			Ler26, Ler04, Ler05			
N0.HOG0013659			Ler27			
N0.HOG0013660			Ler02, Ler07, Ler08			
N0.HOG0013661			Ler35			
N0.HOG0013662			LerSca	Loc02		
N0.HOG0013663				Loc24, Loc23		Xtr04
N0.HOG0013664				Loc05		
N0.HOG0013665						Xtr10, Xtr01, Xtr05
N0.HOG0013666						Xtr01, Xtr05
N0.HOG0013667						Xtr02, Xtr06, Xtr05, Xtr01, Xtr03, Xtr04
N0.HOG0013668						Xtr01, Xtr03
N0.HOG0013669						Xtr01
N0.HOG0013670						Xtr07, Xtr02, Xtr06, Xtr01, Xtr03, Xtr04
N0.HOG0013671						Xtr01
N0.HOG0013672						Xtr02, Xtr01, Xtr03, Xtr05
N0.HOG0013673						Xtr06, Xtr03, Xtr04, Xtr05
N0.HOG0013674						Xtr03
N0.HOG0013675						Xtr06
N0.HOG0013676						Xtr06
N0.HOG0013677						Xtr07
N0.HOG0013678						Xtr07
N0.HOG0013679						Xtr08
N0.HOG0013680						Xtr08
N0.HOG0013681	Cmi01	Cpl32	Ler01		Gga04	Xtr01
N0.HOG0013682	Cmi01	Cpl32	Ler01	Loc04		Xtr01
N0.HOG0013683	Cmi01	Cpl32	Ler01		Gga04	Xtr01
N0.HOG0013684	Cmi01	Cpl02		Loc04	GgaZ	
N0.HOG0013685	Cmi01	Cpl02	Ler03	Loc04		Xtr01
N0.HOG0013686	Cmi01	Cpl02	Ler03	Loc04		Xtr01
N0.HOG0013687	Cmi01	Cpl02	Ler03		GgaZ	Xtr01
N0.HOG0013688	Cmi01	Cpl02	Ler03	Loc02		Xtr01
N0.HOG0013689	Cmi01	Cpl01	LerSca			
N0.HOG0013690	Cmi01		LerSca	Loc26	GgaZ	Xtr07
N0.HOG0013691	Cmi01	Cpl32	Ler01	Loc04		Xtr01
N0.HOG0013692	Cmi01	Cpl01		Loc17	Gga04	Xtr01
N0.HOG0013693	Cmi01	Cpl01		Loc04	Gga04	Xtr01
N0.HOG0013694	Cmi01	Cpl01	Ler01		Gga04	Xtr01
N0.HOG0013695	Cmi01	Cpl32		Loc04	Gga04	Xtr01
N0.HOG0013696	Cmi01	Cpl01		Loc04	Gga04	Xtr01
N0.HOG0013697	Cmi01		Ler01	Loc04	Gga04	Xtr01
N0.HOG0013698	Cmi01	Cpl01		Loc04	Gga04	Xtr01
N0.HOG0013699	Cmi01	Cpl32	Ler01	Loc04		Xtr01
N0.HOG0013700	Cmi01	Cpl32	Ler01	Loc04		Xtr01
N0.HOG0013701	Cmi01	Cpl32		Loc04	Gga04	Xtr01
N0.HOG0013702	Cmi01	Cpl32	Ler01	Loc02	Gga04	
N0.HOG0013703	Cmi01	Cpl32	Ler01, Ler18	Loc02		
N0.HOG0013704	Cmi01	Cpl32		Loc02	GgaZ	Xtr01
N0.HOG0013705	Cmi01, Cmi02			Loc01	GgaSca	Xtr08
N0.HOG0013706	Cmi01	Cpl01	Ler01			Xtr01
N0.HOG0013707	Cmi01	Cpl01	Ler01	Loc04		Xtr01
N0.HOG0013708	Cmi01	Cpl01	Ler01		Gga04	Xtr01
N0.HOG0013709	Cmi01	Cpl01		Loc26	Gga04	Xtr01
N0.HOG0013710	Cmi01	Cpl01	Ler01		Gga04	Xtr01
N0.HOG0013711	Cmi01	Cpl01	Ler01	Loc02		Xtr01
N0.HOG0013712	Cmi01	Cpl01	Ler01	Loc02		Xtr01
N0.HOG0013713	Cmi01	Cpl01	Ler01	Loc02		Xtr01
N0.HOG0013714	Cmi01	Cpl01		Loc02	Gga04	Xtr01
N0.HOG0013715	Cmi01	Cpl01	Ler01	Loc02	GgaZ	
N0.HOG0013716	Cmi01	Cpl01		Loc06, Loc02		Xtr01
N0.HOG0013717	Cmi01	Cpl01	Ler01		Gga04	Xtr01
N0.HOG0013718	Cmi01	Cpl01	Ler01	Loc02		Xtr01
N0.HOG0013719	Cmi01	Cpl01		Loc02	Gga04	Xtr01
N0.HOG0013720	Cmi01	Cpl01	Ler01			
N0.HOG0013721	Cmi01	Cpl01	Ler01		Gga04	Xtr01
N0.HOG0013722	Cmi01	Cpl01		Loc04	Gga04	Xtr01
N0.HOG0013723	Cmi01		Ler01	Loc04	Gga04	Xtr01
N0.HOG0013724	Cmi01	Cpl01		Loc04	Gga04	Xtr01
N0.HOG0013725	Cmi01	Cpl01	Ler01	Loc04		Xtr01
N0.HOG0013726	Cmi01	Cpl01	Ler01	Loc04	Gga04	
N0.HOG0013727	Cmi01	Cpl01	Ler03, Ler01		Gga04	
N0.HOG0013728	Cmi01	Cpl01		Loc04	Gga04	Xtr01
N0.HOG0013729	Cmi01	Cpl01		Loc04	Gga05	Xtr08
N0.HOG0013730	Cmi01	Cpl01	Ler01		Gga04	Xtr01
N0.HOG0013731	Cmi01	Cpl01		Loc04	Gga04	Xtr01
N0.HOG0013732	Cmi01		Ler01	Loc04	Gga04	Xtr01
N0.HOG0013733	Cmi01	Cpl01		Loc04	Gga04	Xtr01
N0.HOG0013734	Cmi01	Cpl01	Ler01		Gga04	Xtr01
N0.HOG0013735	Cmi01	Cpl02	Ler03		Gga04	Xtr01
N0.HOG0013736	Cmi01	Cpl02	Ler41	Loc04		Xtr01
N0.HOG0013737	Cmi01	CplSca	Ler41		Gga04	Xtr01
N0.HOG0013738	Cmi01	Cpl02	Ler03		Gga04	Xtr01
N0.HOG0013739	Cmi01	Cpl02	Ler03	Loc02		Xtr01
N0.HOG0013740	Cmi01		Ler01	Loc04	Gga04	Xtr01
N0.HOG0013741	Cmi01	Cpl01		Loc04	Gga04	Xtr01
N0.HOG0013742	Cmi01	Cpl01	Ler01	Loc02		Xtr01
N0.HOG0013743	Cmi01	Cpl01	Ler01		Gga04	Xtr01
N0.HOG0013744	Cmi01	Cpl01		Loc02	Gga04	Xtr01
N0.HOG0013745	Cmi01	Cpl01	Ler01	Loc04		Xtr07
N0.HOG0013746	Cmi01	Cpl01		Loc04	Gga04	Xtr01
N0.HOG0013747	Cmi01	Cpl01		Loc04, Loc01		Xtr01
N0.HOG0013748	Cmi01	Cpl01	LerSca	Loc04		Xtr01
N0.HOG0013749	Cmi01	Cpl01		Loc04	Gga04	Xtr01
N0.HOG0013750	Cmi01	Cpl32		Loc04	Gga04	Xtr01
N0.HOG0013751	Cmi01		Ler01	Loc04	Gga04	Xtr01
N0.HOG0013752	Cmi01	Cpl27, Cpl32	Ler27, Ler01			
N0.HOG0013753	Cmi01	Cpl32		Loc04	Gga04	Xtr01
N0.HOG0013754	Cmi01	Cpl02		Loc02	Gga04	Xtr01
N0.HOG0013755	Cmi01	Cpl32		Loc02	Gga04	Xtr01
N0.HOG0013756	Cmi01	Cpl32	Ler01	Loc02		Xtr01
N0.HOG0013757	Cmi01	Cpl02	Ler03	Loc04		Xtr01
N0.HOG0013758	Cmi01	Cpl02	Ler03	Loc02		Xtr01
N0.HOG0013759	Cmi01		Ler03	Loc02	GgaZ	Xtr01
N0.HOG0013760	Cmi01	Cpl02	Ler03	Loc04		Xtr01
N0.HOG0013761	Cmi01	Cpl02		Loc07	Gga05	Xtr08
N0.HOG0013762	Cmi01	Cpl02		Loc02	GgaZ	Xtr01
N0.HOG0013763	Cmi01	Cpl02		Loc02	GgaZ	Xtr01
N0.HOG0013764	Cmi01	Cpl02	Ler03	Loc02		Xtr01
N0.HOG0013765	Cmi01		Ler03	Loc02, Loc04		Xtr01
N0.HOG0013766	Cmi01	Cpl02	Ler03	Loc04	GgaZ	
N0.HOG0013767	Cmi01	Cpl02	Ler03	Loc02		Xtr01
N0.HOG0013768	Cmi01	Cpl02	Ler03	Loc02		Xtr01
N0.HOG0013769	Cmi01	Cpl02		Loc02	GgaZ	Xtr01
N0.HOG0013770	Cmi01	Cpl02	Ler03	Loc02		Xtr01
N0.HOG0013771	Cmi01		Ler03	Loc02	GgaZ	Xtr01
N0.HOG0013772	Cmi01	Cpl02	Ler03	Loc02	GgaZ	
N0.HOG0013773	Cmi01	Cpl02	Ler03	Loc02		Xtr01
N0.HOG0013774	Cmi01	Cpl02	Ler03	Loc02		Xtr01
N0.HOG0013775	Cmi01	Cpl02	Ler03	Loc02		Xtr06
N0.HOG0013776	Cmi01	Cpl02	Ler03	Loc02		Xtr01
N0.HOG0013777	Cmi01	Cpl02	Ler03		GgaZ	Xtr01
N0.HOG0013778	Cmi01	Cpl02	Ler03	Loc02		Xtr01
N0.HOG0013779	Cmi01	Cpl02	Ler03		GgaZ	Xtr01
N0.HOG0013780	Cmi01	Cpl02	Ler03	Loc02		Xtr01
N0.HOG0013781	Cmi01	Cpl02	Ler03	Loc02		Xtr01
N0.HOG0013782	Cmi01	Cpl02		Loc02	GgaZ	Xtr01
N0.HOG0013783	Cmi01	Cpl02	Ler03		GgaZ	Xtr01
N0.HOG0013784	Cmi01	Cpl02	Ler03		GgaZ	Xtr01
N0.HOG0013785	Cmi01	Cpl02	Ler03	Loc02		Xtr01
N0.HOG0013786	Cmi01	Cpl02		Loc02	GgaZ	Xtr01
N0.HOG0013787	Cmi01		Ler03	Loc02	GgaZ	Xtr01
N0.HOG0013788	Cmi01	Cpl02	Ler03		GgaZ	Xtr01
N0.HOG0013789	Cmi01	Cpl02		Loc02	GgaZ	Xtr01
N0.HOG0013790	Cmi01	CplSca	LerSca		Gga01	Xtr07
N0.HOG0013791	Cmi01	Cpl02	Ler03	Loc02		Xtr05
N0.HOG0013792	Cmi01	Cpl02	Ler03	Loc02		Xtr01
N0.HOG0013793	Cmi01	Cpl01		Loc02	GgaZ	Xtr01
N0.HOG0013794	Cmi01	Cpl01	Ler01	Loc02	GgaZ	
N0.HOG0013795	Cmi01	Cpl01	Ler01	Loc02		Xtr01
N0.HOG0013796	Cmi01	Cpl01	Ler01		GgaZ	Xtr01
N0.HOG0013797	Cmi01	Cpl01		Loc02	GgaZ	Xtr01
N0.HOG0013798	Cmi01	Cpl01	Ler01	Loc02		Xtr01
N0.HOG0013799	Cmi01		Ler01	Loc02	GgaZ	Xtr01
N0.HOG0013800	Cmi01	Cpl01	Ler01	Loc02		Xtr01
N0.HOG0013801	Cmi01	Cpl01	Ler01	Loc02		Xtr01
N0.HOG0013802	Cmi01	Cpl01	Ler01	Loc02		Xtr01
N0.HOG0013803	Cmi01	Cpl01	Ler01	Loc02		Xtr01
N0.HOG0013804	Cmi01	Cpl01	Ler01	Loc02		Xtr01
N0.HOG0013805	Cmi01	Cpl01	Ler01	Loc02		Xtr01
N0.HOG0013806	Cmi01	Cpl01	Ler01	Loc02		Xtr01
N0.HOG0013807	Cmi01	Cpl01	Ler01	Loc02		Xtr01
N0.HOG0013808	Cmi01	Cpl01	Ler01	Loc02		Xtr01
N0.HOG0013809	Cmi01	Cpl01	Ler01	Loc02		Xtr01
N0.HOG0013810	Cmi01	Cpl01		Loc02	GgaZ	Xtr01
N0.HOG0013811	Cmi02	Cpl05		Loc09	Gga02	Xtr06
N0.HOG0013812	Cmi02	Cpl05		Loc09	Gga02	Xtr06
N0.HOG0013813	Cmi02	Cpl05	Ler02	Loc09	Gga02	
N0.HOG0013814	Cmi02	Cpl05	Ler02	Loc09		Xtr06
N0.HOG0013815	Cmi02	Cpl05	Ler02	Loc09		Xtr06
N0.HOG0013816	Cmi02	Cpl05	Ler02	Loc11		
N0.HOG0013817	Cmi02	Cpl05	Ler02	Loc11		Xtr06
N0.HOG0013818	Cmi02	Cpl05	Ler02	Loc11		Xtr06
N0.HOG0013819	Cmi02	Cpl05	Ler02	Loc11		Xtr06
N0.HOG0013820	Cmi02	Cpl05		Loc09	Gga02	Xtr06
N0.HOG0013821	Cmi02	Cpl05		Loc09	Gga02	Xtr06
N0.HOG0013822	Cmi02	Cpl05	Ler02		Gga02	Xtr06
N0.HOG0013823	Cmi02	Cpl29	Ler02	Loc09		Xtr06
N0.HOG0013824	Cmi02	Cpl04		Loc11	Gga02	Xtr06
N0.HOG0013825	Cmi02	Cpl04	Ler04	Loc11	Gga02	
N0.HOG0013826	Cmi02	Cpl04	Ler04	Loc11	Gga02	
N0.HOG0013827	Cmi02	Cpl04		Loc09	Gga02	Xtr06
N0.HOG0013828	Cmi02	Cpl05		Loc11	Gga02	Xtr06
N0.HOG0013829	Cmi02	Cpl05	Ler02	Loc09		Xtr06
N0.HOG0013830	Cmi02	Cpl05		Loc09	Gga02	Xtr06
N0.HOG0013831	Cmi02	Cpl05		Loc09	Gga02	Xtr06
N0.HOG0013832	Cmi02	Cpl29	Ler02	Loc12		Xtr06
N0.HOG0013833	Cmi02	Cpl29	Ler02	Loc09		
N0.HOG0013834	Cmi02	Cpl29		Loc11	Gga02	Xtr06
N0.HOG0013835	Cmi02	Cpl29		Loc09	Gga02	Xtr06
N0.HOG0013836	Cmi02		Ler02	Loc09	Gga02	Xtr06
N0.HOG0013837	Cmi02	Cpl29	Ler02	Loc11	Gga02	
N0.HOG0013838	Cmi02	Cpl29	Ler02	Loc09		Xtr06
N0.HOG0013839	Cmi02	Cpl29	Ler02		Gga02	Xtr06
N0.HOG0013840	Cmi02	Cpl29		Loc11	Gga02	Xtr06
N0.HOG0013841	Cmi02	Cpl29	LerSca	Loc11		
N0.HOG0013842	Cmi02	Cpl29		Loc09	Gga02	Xtr06
N0.HOG0013843	Cmi02	Cpl29		Loc09	Gga02	Xtr06
N0.HOG0013844	Cmi02	Cpl29	Ler02	Loc11		Xtr06
N0.HOG0013845	Cmi02	Cpl29		Loc11	Gga02	Xtr06
N0.HOG0013846	Cmi02	Cpl29	Ler02	Loc11		Xtr06
N0.HOG0013847	Cmi02	Cpl29	Ler02	Loc11		Xtr06
N0.HOG0013848	Cmi02	Cpl29	Ler02	Loc11		Xtr06
N0.HOG0013849	Cmi02	Cpl29		Loc09	Gga02	Xtr06
N0.HOG0013850	Cmi02	Cpl05	Ler02		Gga02	Xtr06
N0.HOG0013851	Cmi02	Cpl05	Ler02	Loc11		Xtr06
N0.HOG0013852	Cmi02	Cpl05		Loc11	Gga02	Xtr06
N0.HOG0013853	Cmi02	Cpl05	Ler02	Loc11	Gga02	
N0.HOG0013854	Cmi02	Cpl05	Ler02	Loc11	Gga02	
N0.HOG0013855	Cmi02	Cpl05		Loc11	Gga02	Xtr06
N0.HOG0013856	Cmi02		Ler02	Loc11	Gga02	Xtr06
N0.HOG0013857	Cmi02	Cpl05		Loc11	Gga02	Xtr06
N0.HOG0013858	Cmi02		Ler02	Loc11	Gga02	Xtr06
N0.HOG0013859	Cmi02	Cpl05	Ler02	Loc11	Gga02	
N0.HOG0013860	Cmi02	Cpl05	Ler02	Loc11	Gga02	
N0.HOG0013861	Cmi02	Cpl05	Ler02	Loc11		Xtr06
N0.HOG0013862	Cmi02	Cpl05	Ler02	Loc09		Xtr06
N0.HOG0013863	Cmi02		Ler02	Loc11	Gga02	Xtr06
N0.HOG0013864	Cmi02	Cpl05	Ler02	Loc11		Xtr06
N0.HOG0013865	Cmi02	Cpl05	Ler02	Loc11		Xtr06
N0.HOG0013866	Cmi02	Cpl05	Ler02	Loc11		Xtr06
N0.HOG0013867	Cmi02	Cpl05	Ler02	Loc11		Xtr06
N0.HOG0013868	Cmi02		Ler02	Loc09	Gga02	Xtr06
N0.HOG0013869	Cmi02	Cpl04	Ler04	Loc11	Gga02	
N0.HOG0013870	Cmi02	Cpl04		Loc09	Gga02	Xtr06
N0.HOG0013871	Cmi02	Cpl04	Ler04		Gga02	Xtr06
N0.HOG0013872	Cmi02		Ler04	Loc09		Xtr06
N0.HOG0013873	Cmi02	Cpl04	Ler04	Loc16		Xtr06
N0.HOG0013874	Cmi02	Cpl04	Ler04	Loc11		Xtr07
N0.HOG0013875	Cmi02	Cpl04		Loc11	Gga02	Xtr06
N0.HOG0013876	Cmi02	Cpl04		Loc11	Gga02	Xtr06
N0.HOG0013877	Cmi02	Cpl04	Ler04	Loc11		Xtr06
N0.HOG0013878	Cmi02	Cpl04	Ler04		Gga02	Xtr06
N0.HOG0013879	Cmi02	Cpl04	Ler04	Loc09	Gga02	
N0.HOG0013880	Cmi02	Cpl04		Loc09	Gga02	Xtr06
N0.HOG0013881	Cmi02	Cpl04	Ler04	Loc09		Xtr06
N0.HOG0013882	Cmi02	Cpl04	Ler04	Loc09		Xtr06
N0.HOG0013883	Cmi02	Cpl04		Loc09	Gga03	Xtr05
N0.HOG0013884	Cmi02	Cpl04		Loc11	Gga02	Xtr06
N0.HOG0013885	Cmi02	CplSca		Loc09	Gga02	Xtr06
N0.HOG0013886	Cmi02	Cpl04		Loc11	Gga02	Xtr06
N0.HOG0013887	Cmi02	Cpl04	Ler04	Loc09	Gga02	
N0.HOG0013888	Cmi02	Cpl04	Ler04	Loc10		Xtr04
N0.HOG0013889	Cmi02	Cpl04		Loc11	Gga02	Xtr06
N0.HOG0013890	Cmi02	Cpl04	Ler04	Loc09		Xtr06
N0.HOG0013891	Cmi02	Cpl04	Ler04		Gga02	Xtr06
N0.HOG0013892	Cmi02	Cpl04	Ler04		Gga02	Xtr06
N0.HOG0013893	Cmi02	Cpl04		Loc09	Gga02	Xtr06
N0.HOG0013894	Cmi02	Cpl04		Loc11	Gga02	Xtr06
N0.HOG0013895	Cmi02	Cpl04		Loc09	Gga02	Xtr06
N0.HOG0013896	Cmi02	Cpl04		Loc09	Gga02	Xtr06
N0.HOG0013897	Cmi02		Ler04	Loc09	Gga02	Xtr06
N0.HOG0013898	Cmi02	Cpl04		Loc09	Gga02	Xtr06
N0.HOG0013899	Cmi02	Cpl04		Loc09	Gga02	Xtr06
N0.HOG0013900	Cmi02	Cpl04	Ler04	Loc11		Xtr06
N0.HOG0013901	Cmi02	Cpl04		Loc11	Gga02	Xtr06
N0.HOG0013902	Cmi02	Cpl04		Loc09	Gga02	Xtr06
N0.HOG0013903	Cmi02		Ler04	Loc09	Gga02	Xtr06
N0.HOG0013904	Cmi02	Cpl04		Loc09	Gga02	Xtr06
N0.HOG0013905	Cmi02		Ler04	Loc09	Gga02	Xtr06
N0.HOG0013906	Cmi02		Ler04	Loc09	Gga02	Xtr06
N0.HOG0013907	Cmi02	Cpl04		Loc11	Gga02	Xtr06
N0.HOG0013908	Cmi02	Cpl04	Ler04		Gga02	Xtr06
N0.HOG0013909	Cmi02	Cpl05	Ler02	Loc09		Xtr06
N0.HOG0013910	Cmi02	Cpl05	Ler02	Loc09		Xtr06
N0.HOG0013911	Cmi02	Cpl05	Ler02	Loc09		Xtr06
N0.HOG0013912	Cmi02	Cpl05	Ler02	Loc11		Xtr06
N0.HOG0013913	Cmi02	Cpl04	Ler43	Loc09		Xtr06
N0.HOG0013914	Cmi02	Cpl04	Ler04	Loc09	Gga02	
N0.HOG0013915	Cmi02	Cpl04	Ler04	Loc09		Xtr06
N0.HOG0013916	Cmi02	Cpl05	Ler02	Loc11		Xtr06
N0.HOG0013917	Cmi02	Cpl04	Ler04	Loc09		Xtr06
N0.HOG0013918	Cmi03	Cpl09	Ler08	LocSca		Xtr05
N0.HOG0013919	Cmi03	Cpl09	Ler08		Gga03	Xtr05
N0.HOG0013920	Cmi03	Cpl21		Loc16	Gga03	Xtr05
N0.HOG0013921	Cmi03		Ler05	Loc16	Gga03	
N0.HOG0013922	Cmi03	Cpl03	LerSca	Loc01		Xtr09
N0.HOG0013923	Cmi03	Cpl03		Loc01	Gga03	Xtr05
N0.HOG0013924	Cmi03	Cpl03	Ler05	Loc01		Xtr05
N0.HOG0013925	Cmi03	Cpl03	Ler05			
N0.HOG0013926	Cmi03		Ler05	Loc01	Gga03	Xtr05
N0.HOG0013927	Cmi03	Cpl03	Ler05	Loc01		Xtr05
N0.HOG0013928	Cmi03	Cpl03		Loc01	Gga03	Xtr05
N0.HOG0013929	Cmi03		Ler05	Loc01	Gga03	Xtr05
N0.HOG0013930	Cmi03	Cpl03		Loc01	Gga03	Xtr05
N0.HOG0013931	Cmi03	Cpl03	Ler05	Loc01	Gga03	
N0.HOG0013932	Cmi03	Cpl03		Loc01	Gga03	Xtr05
N0.HOG0013933	Cmi03	Cpl03	Ler05	Loc01		Xtr05
N0.HOG0013934	Cmi03	Cpl03	Ler05		Gga03	Xtr05
N0.HOG0013935	Cmi03	Cpl03	Ler05	Loc01		Xtr05
N0.HOG0013936	Cmi03	Cpl03	Ler05	LocSca		Xtr05
N0.HOG0013937	Cmi03	Cpl03		Loc01	Gga11	Xtr04
N0.HOG0013938	Cmi03	Cpl03	Ler05	Loc20, Loc01		
N0.HOG0013939	Cmi03	Cpl03		Loc01	Gga03	Xtr05
N0.HOG0013940	Cmi03	Cpl03	Ler05	Loc01		Xtr05
N0.HOG0013941	Cmi03	Cpl03	Ler05	Loc01	Gga03	
N0.HOG0013942	Cmi03	Cpl03	Ler05	Loc01		Xtr05
N0.HOG0013943	Cmi03		Ler05	Loc01	Gga03	Xtr05
N0.HOG0013944	Cmi03	Cpl03	Ler05	Loc01	Gga03	
N0.HOG0013945	Cmi03	Cpl03	Ler05	Loc01		Xtr05
N0.HOG0013946	Cmi03	Cpl03	Ler05	Loc16	Gga03	
N0.HOG0013947	Cmi03	Cpl03	Ler05	Loc01	Gga03	
N0.HOG0013948	Cmi03	Cpl03	Ler05	Loc01		Xtr05
N0.HOG0013949	Cmi03	Cpl03	Ler05	Loc01		Xtr05
N0.HOG0013950	Cmi03	Cpl03	Ler05	Loc01		Xtr05
N0.HOG0013951	Cmi03	Cpl03	Ler05		Gga03	Xtr05
N0.HOG0013952	Cmi03	Cpl03		Loc01	Gga03	Xtr05
N0.HOG0013953	Cmi03		Ler05	Loc01	Gga03	Xtr05
N0.HOG0013954	Cmi03	Cpl03	Ler05	Loc01		Xtr05
N0.HOG0013955	Cmi03	Cpl03	LerSca		Gga03	Xtr05
N0.HOG0013956	Cmi03		LerSca	Loc03, Loc06, Loc01		
N0.HOG0013957	Cmi03	Cpl03	Ler05	Loc16		Xtr05
N0.HOG0013958	Cmi03	Cpl03		Loc16	Gga03	Xtr05
N0.HOG0013959	Cmi03	Cpl09	Ler08	Loc16	Gga03	
N0.HOG0013960	Cmi03	Cpl09	Ler08	Loc16	Gga03	
N0.HOG0013961	Cmi03	Cpl09		Loc01	Gga03	Xtr05
N0.HOG0013962	Cmi03		Ler05	Loc16	Gga03	Xtr05
N0.HOG0013963	Cmi03		Ler08	Loc01	Gga03	Xtr05
N0.HOG0013964	Cmi03	Cpl09		Loc01	Gga03	Xtr05
N0.HOG0013965	Cmi03	Cpl09		Loc01	Gga03	Xtr05
N0.HOG0013966	Cmi03	Cpl09	Ler08	Loc16	Gga03	
N0.HOG0013967	Cmi03	Cpl09	Ler08	Loc16		Xtr03
N0.HOG0013968	Cmi03	Cpl09, Cpl41	Ler08	Loc16		
N0.HOG0013969	Cmi03	Cpl09	Ler08	Loc01	Gga03	
N0.HOG0013970	Cmi03	Cpl03	Ler05	Loc01		
N0.HOG0013971	Cmi03	Cpl09	Ler08	Loc16	Gga03	
N0.HOG0013972	Cmi03	Cpl09	Ler08		Gga03	Xtr05
N0.HOG0013973	Cmi03	Cpl09	Ler08	Loc16		Xtr05
N0.HOG0013974	Cmi03		Ler08	Loc01	Gga03	Xtr05
N0.HOG0013975	Cmi03	Cpl03	Ler05	Loc01		Xtr05
N0.HOG0013976	Cmi03	Cpl03	Ler05		Gga03	Xtr05
N0.HOG0013977	Cmi03	Cpl15	Ler08	Loc16	Gga03	
N0.HOG0013978	Cmi03		Ler08, Ler13			Xtr02
N0.HOG0013979	Cmi03	Cpl03	Ler05	Loc16	Gga03	
N0.HOG0013980	Cmi03	Cpl09		Loc01	Gga03	Xtr05
N0.HOG0013981	Cmi03	Cpl09	Ler08	Loc01		Xtr03
N0.HOG0013982	Cmi03	Cpl09	Ler08	Loc16		Xtr05
N0.HOG0013983	Cmi03	Cpl09	Ler08	Loc16		Xtr05
N0.HOG0013984	Cmi03	Cpl09	Ler08	Loc16		Xtr05
N0.HOG0013985	Cmi03	Cpl09	Ler08	Loc01		Xtr05
N0.HOG0013986	Cmi03	Cpl03		Loc16	Gga03	Xtr05
N0.HOG0013987	Cmi03	Cpl09	Ler08		Gga03	Xtr05
N0.HOG0013988	Cmi03		Ler08	Loc01	Gga03	Xtr05
N0.HOG0013989	Cmi03	Cpl03	Ler05	Loc16		Xtr05
N0.HOG0013990	Cmi03	Cpl03		Loc01	Gga03	Xtr05
N0.HOG0013991	Cmi03	Cpl03	Ler05	Loc16	Gga03	
N0.HOG0013992	Cmi03		Ler05	Loc01	Gga03	Xtr05
N0.HOG0013993	Cmi03		Ler05	Loc16	Gga03	Xtr05
N0.HOG0013994	Cmi03	Cpl03	Ler05	Loc16	Gga03	
N0.HOG0013995	Cmi03	Cpl09	Ler08	Loc16		Xtr05
N0.HOG0013996	Cmi03	Cpl09	LerSca	Loc16		
N0.HOG0013997	Cmi03			Loc16	Gga03	Xtr05
N0.HOG0013998	Cmi03		Ler05	Loc01	Gga03	Xtr05
N0.HOG0013999	Cmi03	Cpl09		Loc16	Gga03	Xtr05
N0.HOG0014000	Cmi03	Cpl09	Ler08	Loc16		Xtr05
N0.HOG0014001	Cmi03	Cpl09	Ler08	Loc16		Xtr05
N0.HOG0014002	Cmi03	Cpl09	Ler08	Loc16		Xtr05
N0.HOG0014003	Cmi03	Cpl09	Ler08	Loc16		Xtr05
N0.HOG0014004	Cmi03	Cpl09	Ler08		Gga03	Xtr05
N0.HOG0014005	Cmi03	Cpl09		Loc16	Gga01	Xtr05
N0.HOG0014006	Cmi03	Cpl09		Loc01	Gga03	Xtr05
N0.HOG0014007	Cmi03	Cpl09		Loc01	Gga03	Xtr05
N0.HOG0014008	Cmi03		Ler08	Loc01		Xtr05
N0.HOG0014009	Cmi03	Cpl09	Ler08	LocSca	Gga03	
N0.HOG0014010	Cmi03	CplSca		LocSca	Gga27	Xtr01
N0.HOG0014011	Cmi03	Cpl09		Loc01	Gga03	Xtr05
N0.HOG0014012	Cmi03	Cpl09	Ler08	Loc16		Xtr05
N0.HOG0014013	Cmi03		Ler08	Loc16	Gga03	Xtr05
N0.HOG0014014	Cmi03		Ler05	Loc01	Gga03	Xtr05
N0.HOG0014015	Cmi03	Cpl03		Loc01	Gga03	Xtr05
N0.HOG0014016	Cmi03	Cpl03	Ler05		Gga03	Xtr05
N0.HOG0014017	Cmi03	Cpl03	Ler05		Gga03	Xtr05
N0.HOG0014018	Cmi03	Cpl03	Ler05		Gga03	Xtr05
N0.HOG0014019	Cmi03	Cpl09	Ler08		Gga03	Xtr05
N0.HOG0014020	Cmi03	Cpl09	Ler08	Loc16		Xtr05
N0.HOG0014021	Cmi03		Ler08	Loc01	Gga03	Xtr05
N0.HOG0014022	Cmi03	Cpl09	Ler08		Gga03	Xtr05
N0.HOG0014023	Cmi03	Cpl09	Ler08	Loc01		Xtr05
N0.HOG0014024	Cmi04	Cpl12		Loc17	Gga01	Xtr02
N0.HOG0014025	Cmi04		Ler13	Loc14	Gga01	Xtr02
N0.HOG0014026	Cmi04		Ler13	Loc03	Gga01	Xtr02
N0.HOG0014027	Cmi04	Cpl12	Ler13	Loc03	Gga01	
N0.HOG0014028	Cmi04	Cpl12	Ler13	Loc17		Xtr02
N0.HOG0014029	Cmi04		Ler13	Loc17	Gga01	Xtr02
N0.HOG0014030	Cmi04	Cpl12	Ler13	Loc14		
N0.HOG0014031	Cmi04	Cpl12	Ler13	Loc14	Gga01	
N0.HOG0014032	Cmi04	Cpl12		Loc17	Gga01	Xtr02
N0.HOG0014033	Cmi04	Cpl12	Ler13		Gga01	Xtr02
N0.HOG0014034	Cmi04	Cpl12	Ler13		Gga01	Xtr02
N0.HOG0014035	Cmi04	Cpl12		Loc17	Gga01	Xtr02
N0.HOG0014036	Cmi04	Cpl12, Cpl06	Ler45	Loc14		
N0.HOG0014037	Cmi04	Cpl12		Loc03	Gga01	Xtr02
N0.HOG0014038	Cmi04	Cpl12	Ler13		Gga01	Xtr02
N0.HOG0014039	Cmi04			Loc17	Gga25	Xtr02, Xtr08
N0.HOG0014040	Cmi04	Cpl12	Ler13	Loc17		
N0.HOG0014041	Cmi04	Cpl12		Loc04	Gga01	Xtr02
N0.HOG0014042	Cmi04	Cpl12		Loc17	Gga01	Xtr02
N0.HOG0014043	Cmi04	Cpl12	Ler13, Ler33			
N0.HOG0014044	Cmi04	Cpl12	Ler13	Loc03		Xtr02
N0.HOG0014045	Cmi04	Cpl12	Ler13	Loc17		Xtr02
N0.HOG0014046	Cmi04	Cpl12		Loc17	Gga01	Xtr02
N0.HOG0014047	Cmi04		Ler13	Loc17	Gga01	Xtr02
N0.HOG0014048	Cmi04	Cpl12	Ler13	Loc17		Xtr02
N0.HOG0014049	Cmi04	Cpl12		Loc17	Gga01	Xtr02
N0.HOG0014050	Cmi04	Cpl12	Ler13	Loc17		Xtr02
N0.HOG0014051	Cmi04	Cpl06		Loc17	Gga01	Xtr02
N0.HOG0014052	Cmi04	Cpl06	Ler06	Loc17		Xtr02
N0.HOG0014053	Cmi04		Ler06	LocSca	Gga01	Xtr02
N0.HOG0014054	Cmi04	Cpl06		Loc03	Gga01	Xtr02
N0.HOG0014055	Cmi04	Cpl12	Ler13	Loc17		Xtr02
N0.HOG0014056	Cmi04	Cpl12		Loc14	Gga01	Xtr02
N0.HOG0014057	Cmi04	Cpl12		Loc17	Gga01	Xtr02
N0.HOG0014058	Cmi04	Cpl12		Loc17	Gga01	Xtr02
N0.HOG0014059	Cmi04	Cpl12	Ler13		Gga01	Xtr02
N0.HOG0014060	Cmi04	Cpl12		Loc17	Gga01	Xtr02
N0.HOG0014061	Cmi04		Ler13	Loc17	Gga01	Xtr02
N0.HOG0014062	Cmi04	Cpl12	Ler13	Loc17		Xtr02
N0.HOG0014063	Cmi04	Cpl12	Ler13		Gga01	Xtr02
N0.HOG0014064	Cmi04	Cpl06		Loc17	Gga01	Xtr02
N0.HOG0014065	Cmi04		Ler06	Loc17	Gga01	Xtr02
N0.HOG0014066	Cmi04		Ler06	Loc17	Gga01	Xtr02
N0.HOG0014067	Cmi04	Cpl06	Ler06	Loc17		Xtr02
N0.HOG0014068	Cmi04	Cpl12	Ler13		Gga01	Xtr02
N0.HOG0014069	Cmi04	Cpl12	Ler13	Loc17		Xtr02
N0.HOG0014070	Cmi04	Cpl12		Loc14	Gga01	Xtr02
N0.HOG0014071	Cmi04	Cpl06		Loc17	Gga01	Xtr02
N0.HOG0014072	Cmi04	Cpl12	Ler13	Loc03	Gga01	
N0.HOG0014073	Cmi04	Cpl12	Ler13		Gga01	Xtr02
N0.HOG0014074	Cmi04	Cpl12	Ler13	Loc03		Xtr02
N0.HOG0014075	Cmi04	Cpl12	Ler13		Gga01	Xtr02
N0.HOG0014076	Cmi04	Cpl12		Loc17	Gga01	Xtr02
N0.HOG0014077	Cmi04		Ler06	Loc03	Gga01	Xtr02
N0.HOG0014078	Cmi04	Cpl06	Ler06	Loc03	Gga01	
N0.HOG0014079	Cmi04	Cpl06	Ler06		Gga01	Xtr02
N0.HOG0014080	Cmi04	Cpl06	Ler06	Loc17		Xtr02
N0.HOG0014081	Cmi04	Cpl06	Ler06	Loc09		Xtr06
N0.HOG0014082	Cmi04	Cpl06		Loc03	Gga01	Xtr02
N0.HOG0014083	Cmi04	Cpl06	Ler06		Gga01	Xtr02
N0.HOG0014084	Cmi04	Cpl06	Ler06	Loc03	Gga01	
N0.HOG0014085	Cmi04	Cpl06	Ler06		Gga01	Xtr02
N0.HOG0014086	Cmi04	Cpl06	Ler06	LocSca		Xtr02
N0.HOG0014087	Cmi04	Cpl06	Ler06	Loc03		Xtr02
N0.HOG0014088	Cmi04	Cpl06	Ler06	Loc03	Gga01	
N0.HOG0014089	Cmi04	Cpl06		Loc03	Gga01	Xtr02
N0.HOG0014090	Cmi04	Cpl06		Loc03	Gga01	Xtr02
N0.HOG0014091	Cmi04	Cpl06	Ler06	Loc03	Gga01	
N0.HOG0014092	Cmi04	Cpl06	Ler06	Loc03		Xtr02
N0.HOG0014093	Cmi04	Cpl06		Loc03	Gga01	Xtr02
N0.HOG0014094	Cmi04	Cpl06	Ler06	Loc03		Xtr02
N0.HOG0014095	Cmi04	Cpl06	Ler06		Gga01	Xtr02
N0.HOG0014096	Cmi04	Cpl06	Ler06	Loc17		Xtr02
N0.HOG0014097	Cmi04	Cpl06	LerSca	Loc14	Gga01	
N0.HOG0014098	Cmi05	Cpl11	Ler10	Loc10		Xtr04
N0.HOG0014099	Cmi05	Cpl11	Ler10		Gga08	Xtr04
N0.HOG0014100	Cmi05	Cpl11	Ler10	Loc10	Gga08	
N0.HOG0014101	Cmi05	Cpl11	Ler10	Loc10		Xtr04
N0.HOG0014102	Cmi05	Cpl11	Ler10	Loc10		Xtr04
N0.HOG0014103	Cmi05	Cpl11	Ler10	Loc10	Gga08	
N0.HOG0014104	Cmi05	Cpl11	Ler10	Loc10	Gga08	
N0.HOG0014105	Cmi05	Cpl11	Ler10	Loc10		Xtr04
N0.HOG0014106	Cmi05	Cpl11	Ler10	Loc10	Gga08	
N0.HOG0014107	Cmi05	Cpl11	Ler10	Loc10		Xtr04
N0.HOG0014108	Cmi05	Cpl11	Ler10	Loc10	Gga08	
N0.HOG0014109	Cmi05	Cpl11	Ler10	Loc10	Gga08	
N0.HOG0014110	Cmi05	Cpl11	Ler10	Loc10		Xtr04
N0.HOG0014111	Cmi05	Cpl11	Ler10	LocSca		Xtr03
N0.HOG0014112	Cmi05	Cpl11	Ler10	Loc10		Xtr04
N0.HOG0014113	Cmi05	Cpl11	Ler10	Loc10		Xtr04
N0.HOG0014114	Cmi05	Cpl11	Ler10		Gga08	Xtr04
N0.HOG0014115	Cmi05	Cpl11	Ler10		Gga08	Xtr04
N0.HOG0014116	Cmi05	Cpl11	Ler10	Loc10		Xtr04
N0.HOG0014117	Cmi05	Cpl11	Ler10	Loc10	Gga08	
N0.HOG0014118	Cmi05	Cpl11	Ler10	Loc10		Xtr04
N0.HOG0014119	Cmi05	Cpl11	Ler10	Loc10		Xtr04
N0.HOG0014120	Cmi05	Cpl11	Ler10	Loc10	Gga08	
N0.HOG0014121	Cmi05		Ler10	Loc10	Gga08	Xtr04
N0.HOG0014122	Cmi05	Cpl11	Ler10		Gga08	Xtr04
N0.HOG0014123	Cmi05	Cpl11	Ler10		Gga08	Xtr04
N0.HOG0014124	Cmi05	Cpl11		Loc10	Gga08	Xtr04
N0.HOG0014125	Cmi05	Cpl11	Ler10	Loc10		Xtr04
N0.HOG0014126	Cmi05	Cpl11	Ler10	Loc10	Gga08	
N0.HOG0014127	Cmi05	Cpl11	Ler10	Loc10	Gga08	
N0.HOG0014128	Cmi05	Cpl11	Ler10	Loc10		Xtr04
N0.HOG0014129	Cmi05	Cpl11		Loc10	Gga08	Xtr04
N0.HOG0014130	Cmi05	Cpl11		Loc10	Gga08	Xtr04
N0.HOG0014131	Cmi05	Cpl11		Loc10	Gga08	Xtr04
N0.HOG0014132	Cmi05	Cpl11	LerSca			
N0.HOG0014133	Cmi05	Cpl11	Ler10	Loc10		Xtr04
N0.HOG0014134	Cmi05	Cpl11	Ler10		Gga08	Xtr04
N0.HOG0014135	Cmi05	Cpl11	Ler10	Loc10	Gga08	
N0.HOG0014136	Cmi05	Cpl11	Ler10		Gga08	Xtr04
N0.HOG0014137	Cmi05	Cpl11	Ler10	Loc10		Xtr04
N0.HOG0014138	Cmi05	Cpl11	Ler10		Gga08	Xtr04
N0.HOG0014139	Cmi05	Cpl11	Ler10		Gga08	Xtr04
N0.HOG0014140	Cmi05	Cpl11		Loc10	Gga08	Xtr04
N0.HOG0014141	Cmi05	Cpl11	Ler10	Loc10		Xtr04
N0.HOG0014142	Cmi05	Cpl11		Loc10	Gga08	Xtr04
N0.HOG0014143	Cmi05	Cpl11	Ler10	Loc10		Xtr04
N0.HOG0014144	Cmi05	Cpl11	Ler10	Loc10		Xtr09
N0.HOG0014145	Cmi05		Ler22	Loc08	Gga01	Xtr03
N0.HOG0014146	Cmi05	Cpl23		Loc08	Gga01	Xtr03
N0.HOG0014147	Cmi05		Ler14, Ler22			Xtr03
N0.HOG0014148	Cmi05		Ler22	Loc08	Gga01	Xtr03
N0.HOG0014149	Cmi05		Ler22	Loc08	Gga01	Xtr03
N0.HOG0014150	Cmi05	Cpl23		Loc08	GgaZ	Xtr01
N0.HOG0014151	Cmi05	Cpl23	Ler22	LocSca		Xtr03
N0.HOG0014152	Cmi05	Cpl19	Ler19	Loc08		Xtr03
N0.HOG0014153	Cmi05	Cpl19		Loc08	Gga01	Xtr03
N0.HOG0014154	Cmi05	Cpl19	Ler19		Gga01	Xtr03
N0.HOG0014155	Cmi05	Cpl19	Ler19	Loc08		
N0.HOG0014156	Cmi05	Cpl19	Ler19		Gga01	Xtr03
N0.HOG0014157	Cmi05	Cpl19	Ler19	Loc08	Gga01	
N0.HOG0014158	Cmi05	Cpl19	Ler19	Loc08	Gga01	
N0.HOG0014159	Cmi05	Cpl19	Ler19		Gga01	Xtr03
N0.HOG0014160	Cmi05	Cpl19	Ler19	Loc08		Xtr03
N0.HOG0014161	Cmi05	Cpl19	Ler19	Loc08	Gga01	
N0.HOG0014162	Cmi05	Cpl19	Ler19		Gga01	Xtr03
N0.HOG0014163	Cmi05		Ler19	Loc08	Gga01	Xtr03
N0.HOG0014164	Cmi05	Cpl19	Ler19		Gga01	Xtr03
N0.HOG0014165	Cmi05		Ler19	Loc08	Gga01	Xtr03
N0.HOG0014166	Cmi05	Cpl19	Ler19		Gga01	Xtr03
N0.HOG0014167	Cmi05	Cpl19	Ler19		Gga01	Xtr03
N0.HOG0014168	Cmi05	Cpl19	Ler19	Loc19		Xtr01
N0.HOG0014169	Cmi05	Cpl19	Ler19	Loc08	Gga01	
N0.HOG0014170	Cmi05	Cpl19		Loc08	Gga01	Xtr03
N0.HOG0014171	Cmi05	CplSca		Loc09	Gga05	Xtr01
N0.HOG0014172	Cmi05	Cpl19		Loc08	Gga01	Xtr03
N0.HOG0014173	Cmi05	Cpl19		Loc08	Gga01	Xtr03
N0.HOG0014174	Cmi05	Cpl19	Ler19		Gga01	Xtr03
N0.HOG0014175	Cmi05	Cpl39	Ler37		Gga01	Xtr04
N0.HOG0014176	Cmi05			Loc08		
N0.HOG0014177	CmiSca			Loc19		
N0.HOG0014178	Cmi05	Cpl19	Ler19	Loc08		Xtr03
N0.HOG0014179	Cmi05		Ler19	Loc08	Gga01	Xtr03
N0.HOG0014180	Cmi05		Ler19	Loc08	Gga01	Xtr03
N0.HOG0014181	Cmi05	Cpl19	Ler19	Loc08		Xtr03
N0.HOG0014182	Cmi05	Cpl19		Loc08	Gga01	Xtr03
N0.HOG0014183	Cmi05	Cpl19	Ler19		Gga01	Xtr03
N0.HOG0014184	Cmi05	Cpl19		Loc08	Gga01	Xtr03
N0.HOG0014185	Cmi05	Cpl19	Ler19		Gga01	Xtr03
N0.HOG0014186	Cmi05	Cpl19	Ler19		Gga01	Xtr03
N0.HOG0014187	Cmi05		Ler19	Loc08	Gga01	Xtr03
N0.HOG0014188	Cmi05		Ler19	Loc08	Gga01	Xtr03
N0.HOG0014189	Cmi05	Cpl19	Ler19	Loc08	Gga01	
N0.HOG0014190	Cmi05	Cpl19		Loc08	Gga01	Xtr03
N0.HOG0014191	Cmi05	Cpl23	Ler22	Loc08		Xtr03
N0.HOG0014192	Cmi05		Ler22	Loc08	Gga01	Xtr03
N0.HOG0014193	Cmi05		Ler22	Loc08	Gga01	Xtr03
N0.HOG0014194	Cmi05	Cpl23	Ler22		Gga03	Xtr05
N0.HOG0014195	Cmi05	Cpl23	Ler22	Loc08		Xtr03
N0.HOG0014196	Cmi05	Cpl23	Ler22	Loc08		Xtr03
N0.HOG0014197	Cmi05	Cpl23	Ler22	Loc08	Gga01	
N0.HOG0014198	Cmi05	Cpl23	Ler22	Loc08		Xtr03
N0.HOG0014199	Cmi05	Cpl23		Loc08	Gga01	Xtr03
N0.HOG0014200	Cmi05	Cpl23	Ler22	Loc08		
N0.HOG0014201	Cmi05	Cpl23	Ler22	Loc08		Xtr03
N0.HOG0014202	Cmi05	Cpl23	Ler22	Loc08		Xtr03
N0.HOG0014203	Cmi05	Cpl23	Ler22	Loc08		Xtr03
N0.HOG0014204	Cmi05	Cpl23	Ler22	Loc08		Xtr03
N0.HOG0014205	Cmi05	Cpl23	Ler22	Loc08		Xtr03
N0.HOG0014206	Cmi05	Cpl23	Ler22	Loc08		Xtr03
N0.HOG0014207	Cmi05	Cpl23	Ler22	Loc08		Xtr03
N0.HOG0014208	Cmi05		Ler22	Loc08		Xtr03
N0.HOG0014209	Cmi05	Cpl23	Ler22	Loc08		Xtr03
N0.HOG0014210	Cmi06	Cpl07	LerSca	Loc12		Xtr09
N0.HOG0014211	Cmi06	Cpl07		Loc12	Gga07	Xtr09
N0.HOG0014212	Cmi06	Cpl07		Loc12	Gga07	Xtr09
N0.HOG0014213	Cmi06			Loc12	Gga07	Xtr09
N0.HOG0014214	Cmi06	Cpl07		Loc12	Gga07	Xtr09
N0.HOG0014215	Cmi06	Cpl07		Loc07	Gga04	Xtr08
N0.HOG0014216	Cmi06	Cpl07		Loc12	Gga07	Xtr09
N0.HOG0014217	Cmi06	Cpl07	Ler07	Loc12		Xtr09
N0.HOG0014218	Cmi06	Cpl07	Ler07	Loc12	Gga07	
N0.HOG0014219	Cmi06	Cpl07	Ler07	Loc12		Xtr09
N0.HOG0014220	Cmi06	Cpl39	Ler37		Gga04	Xtr04
N0.HOG0014221	Cmi06		Ler07	Loc12	Gga07	Xtr09
N0.HOG0014222	Cmi06	Cpl07	Ler07	Loc11, Loc12		
N0.HOG0014223	Cmi06	Cpl07		Loc12	Gga07	Xtr09
N0.HOG0014224	Cmi06	Cpl07	Ler07	Loc12		Xtr09
N0.HOG0014225	Cmi06	Cpl07	Ler07	Loc12		Xtr09
N0.HOG0014226	Cmi06	Cpl07	Ler07	Loc12		Xtr09
N0.HOG0014227	Cmi06	Cpl07		Loc12	Gga07	Xtr09
N0.HOG0014228	Cmi06	Cpl07	Ler07		Gga07	Xtr09
N0.HOG0014229	Cmi06	Cpl07	Ler07	Loc12	Gga07	
N0.HOG0014230	Cmi06	Cpl07	Ler07	Loc12	Gga07	
N0.HOG0014231	Cmi06	Cpl07	Ler07		Gga07	Xtr09
N0.HOG0014232	Cmi06	Cpl07	Ler07	Loc12		Xtr09
N0.HOG0014233	Cmi06	Cpl07	Ler07	Loc12		Xtr09
N0.HOG0014234	Cmi06	Cpl07	Ler07	Loc12	Gga09	
N0.HOG0014235	Cmi06	Cpl07	Ler07	Loc12		Xtr09
N0.HOG0014236	Cmi06	Cpl07		Loc12	Gga07	Xtr09
N0.HOG0014237	Cmi06		Ler07	Loc12	Gga07	Xtr09
N0.HOG0014238	Cmi06	Cpl07		Loc12	Gga07	Xtr09
N0.HOG0014239	Cmi06	Cpl07	Ler07	Loc12		Xtr09
N0.HOG0014240	Cmi06	Cpl07	Ler07	Loc12		Xtr07
N0.HOG0014241	Cmi06	Cpl07	Ler07	Loc12		Xtr09
N0.HOG0014242	Cmi06	Cpl07	Ler07	Loc12		Xtr09
N0.HOG0014243	Cmi06	Cpl07	Ler07	Loc12	Gga07	
N0.HOG0014244	Cmi06	Cpl07	Ler07	Loc12		Xtr09
N0.HOG0014245	Cmi06	Cpl07	Ler07	Loc12		Xtr09
N0.HOG0014246	Cmi06	Cpl07	Ler07	Loc12	Gga07	
N0.HOG0014247	Cmi06	Cpl07		Loc12	Gga07	Xtr09
N0.HOG0014248	Cmi06	Cpl07		Loc12	Gga07	Xtr09
N0.HOG0014249	Cmi06	Cpl07	Ler07	Loc12		Xtr09
N0.HOG0014250	Cmi06	Cpl07	Ler07	Loc12		Xtr09
N0.HOG0014251	Cmi06	Cpl07		Loc12	Gga07	Xtr09
N0.HOG0014252	Cmi06	Cpl07	Ler07	Loc12	Gga07	
N0.HOG0014253	Cmi06	Cpl07	Ler07	Loc12		
N0.HOG0014254	Cmi06	Cpl07	Ler07	Loc12		Xtr09
N0.HOG0014255	Cmi27, Cmi06	Cpl05	Ler07, Ler02			
N0.HOG0014256	Cmi06	Cpl07		Loc12	Gga07	Xtr09
N0.HOG0014257	Cmi06	Cpl07	Ler07	Loc12		Xtr09
N0.HOG0014258	Cmi07		Ler15	Loc05	Gga06	Xtr07
N0.HOG0014259	Cmi07	Cpl22	Ler15	Loc05		Xtr07
N0.HOG0014260	Cmi07	Cpl22		Loc05	Gga06	Xtr07
N0.HOG0014261	Cmi07	Cpl22	Ler15	Loc05		Xtr07
N0.HOG0014262	Cmi07	Cpl22	Ler15	Loc05	Gga06	
N0.HOG0014263	Cmi07	Cpl22	Ler15	Loc05		Xtr07
N0.HOG0014264	Cmi07	Cpl22	Ler15	Loc05		Xtr09
N0.HOG0014265	Cmi07	CplSca		LocSca	Gga06	Xtr08
N0.HOG0014266	Cmi07	Cpl38	Ler34	Loc26		Xtr02
N0.HOG0014267	Cmi07	Cpl22	Ler15		Gga06	Xtr07
N0.HOG0014268	Cmi07	Cpl22		Loc05	Gga06	Xtr08
N0.HOG0014269	Cmi07	Cpl38	Ler34	Loc06, Loc05		
N0.HOG0014270	Cmi07	Cpl38	Ler34		Gga06	Xtr07
N0.HOG0014271	Cmi07	Cpl38	Ler34	Loc05	Gga06	
N0.HOG0014272	Cmi07		Ler34	Loc05	Gga06	Xtr07
N0.HOG0014273	Cmi07		Ler34	Loc05		Xtr03
N0.HOG0014274	Cmi07	Cpl38	Ler34	Loc05		Xtr07
N0.HOG0014275	Cmi07	Cpl38		Loc05	Gga06	Xtr07
N0.HOG0014276	Cmi07	Cpl22		Loc05	Gga06	Xtr07
N0.HOG0014277	Cmi07	Cpl38	Ler34		Gga06	Xtr07
N0.HOG0014278	Cmi07	Cpl38	Ler34	Loc05	Gga06	
N0.HOG0014279	Cmi07	Cpl38	Ler34			
N0.HOG0014280	Cmi07	Cpl38	Ler34	Loc05	Gga06	
N0.HOG0014281	Cmi07	Cpl38	Ler34		Gga06	Xtr07
N0.HOG0014282	Cmi07	Cpl38	Ler34	Loc05		Xtr07
N0.HOG0014283	Cmi07	Cpl38	Ler34	Loc05		Xtr07
N0.HOG0014284	Cmi07	Cpl38	Ler34	Loc05		Xtr07
N0.HOG0014285	Cmi07	Cpl38	Ler34	Loc05		Xtr07
N0.HOG0014286	Cmi07	Cpl38	Ler34	Loc05		Xtr07
N0.HOG0014287	Cmi07		Ler34	Loc05	Gga06	Xtr07
N0.HOG0014288	Cmi07	Cpl38	Ler34	Loc10		Xtr07
N0.HOG0014289	Cmi07	Cpl38, Cpl16	Ler34			Xtr04
N0.HOG0014290	Cmi07	Cpl38	Ler34		Gga06	Xtr07
N0.HOG0014291	Cmi07	Cpl22	Ler15	Loc05		Xtr07
N0.HOG0014292	Cmi07		Ler15	Loc05	Gga06	
N0.HOG0014293	Cmi07	Cpl22		Loc05	Gga06	Xtr07
N0.HOG0014294	Cmi07	Cpl22		LocSca	Gga06	Xtr07
N0.HOG0014295	Cmi07	Cpl22		Loc05	Gga06	Xtr07
N0.HOG0014296	Cmi07	Cpl22	Ler15	Loc05		Xtr07
N0.HOG0014297	Cmi07	Cpl22	Ler15	Loc05		Xtr07
N0.HOG0014298	Cmi07	Cpl22	Ler15	Loc05		Xtr07
N0.HOG0014299	Cmi07	Cpl22		Loc05	Gga06	Xtr07
N0.HOG0014300	Cmi07	Cpl22	Ler15	Loc05		Xtr07
N0.HOG0014301	Cmi07	Cpl22	Ler15	Loc05	Gga06	
N0.HOG0014302	Cmi07	Cpl22		Loc05	Gga06	Xtr07
N0.HOG0014303	Cmi07	Cpl22		Loc05	Gga06	Xtr07
N0.HOG0014304	Cmi07		Ler15	Loc05	Gga06	Xtr07
N0.HOG0014305	Cmi07	Cpl22		Loc05	Gga06	Xtr07
N0.HOG0014306	Cmi08			Loc20, Loc02	Gga15	Xtr01
N0.HOG0014307	Cmi08	Cpl25		Loc20	Gga15	Xtr01
N0.HOG0014308	Cmi08	Cpl25		Loc20	Gga15	Xtr01
N0.HOG0014309	Cmi08	Cpl25	Ler25		Gga15	Xtr01
N0.HOG0014310	Cmi08	CplSca	Ler25		Gga15	Xtr01
N0.HOG0014311	Cmi08	Cpl25	Ler25		Gga15	Xtr01
N0.HOG0014312	Cmi08	Cpl25	Ler25	Loc20		Xtr01
N0.HOG0014313	Cmi08	Cpl25	Ler25		Gga15	Xtr01
N0.HOG0014314	Cmi08	Cpl25	Ler25	Loc20		Xtr01
N0.HOG0014315	Cmi08		Ler25	Loc20	Gga15	Xtr01
N0.HOG0014316	Cmi08	Cpl25		Loc20	Gga15	Xtr01
N0.HOG0014317	Cmi08	Cpl25	Ler25		Gga15	Xtr01
N0.HOG0014318	Cmi08	Cpl25		Loc20	Gga15	Xtr01
N0.HOG0014319	Cmi08	Cpl25	Ler25	Loc20		Xtr01
N0.HOG0014320	Cmi08		Ler25	Loc20	Gga15	Xtr01
N0.HOG0014321	Cmi08	Cpl25		Loc20	Gga15	Xtr01
N0.HOG0014322	Cmi08	Cpl25	Ler25	Loc20		Xtr01
N0.HOG0014323	Cmi08	Cpl25	Ler25	Loc20		Xtr01
N0.HOG0014324	Cmi08	Cpl25		Loc20	Gga15	Xtr01
N0.HOG0014325	Cmi08	Cpl06	Ler25		GgaZ	Xtr01
N0.HOG0014326	Cmi08	Cpl25		Loc20	Gga15	Xtr01
N0.HOG0014327	Cmi08	Cpl25		Loc20	Gga15	Xtr01
N0.HOG0014328	Cmi08	Cpl25	Ler25	Loc20		Xtr01
N0.HOG0014329	Cmi08	Cpl25	Ler25		Gga15	Xtr01
N0.HOG0014330	Cmi08		Ler25	Loc20	Gga15	Xtr01
N0.HOG0014331	Cmi08	Cpl25		Loc20	Gga15	Xtr01
N0.HOG0014332	Cmi08	Cpl25	Ler25		Gga15	Xtr01
N0.HOG0014333	Cmi08	Cpl25	Ler25		Gga15	Xtr01
N0.HOG0014334	Cmi08	Cpl25	Ler25	Loc20		Xtr01
N0.HOG0014335	Cmi08	Cpl25	Ler25	Loc20		
N0.HOG0014336	Cmi08		Ler25	Loc20	Gga15	Xtr01
N0.HOG0014337	Cmi08	Cpl25	Ler25	Loc20		Xtr01
N0.HOG0014338	Cmi08	Cpl30	Ler31	Loc21	Gga17	
N0.HOG0014339	Cmi08	Cpl30	Ler31	Loc21	Gga17	
N0.HOG0014340	Cmi08	Cpl30	Ler31		Gga17	Xtr08
N0.HOG0014341	Cmi08	Cpl30		Loc21	Gga17	Xtr08
N0.HOG0014342	Cmi08	Cpl30	Ler31	Loc21	Gga17	
N0.HOG0014343	Cmi08		Ler31	Loc21	Gga17	Xtr08
N0.HOG0014344	Cmi08	Cpl30	Ler31		Gga17	Xtr08
N0.HOG0014345	Cmi08	Cpl30	Ler31	Loc21		Xtr08
N0.HOG0014346	Cmi08	Cpl30	Ler31	Loc21		Xtr04
N0.HOG0014347	Cmi08	Cpl30	Ler31	Loc21		Xtr08
N0.HOG0014348	Cmi08	Cpl30	Ler31	Loc21		Xtr08
N0.HOG0014349	Cmi08		Ler31	Loc21	Gga17	Xtr08
N0.HOG0014350	Cmi08	Cpl30	Ler31		Gga17	Xtr08
N0.HOG0014351	Cmi08	Cpl30	Ler31		Gga17	Xtr08
N0.HOG0014352	Cmi08	Cpl30	Ler31	Loc21		Xtr08
N0.HOG0014353	Cmi08		Ler31	Loc21	Gga17	Xtr08
N0.HOG0014354	Cmi08		Ler31	Loc21	Gga17	Xtr08
N0.HOG0014355	Cmi08	Cpl30	Ler31		Gga17	Xtr08
N0.HOG0014356	Cmi08	Cpl30	Ler31		Gga17	Xtr08
N0.HOG0014357	Cmi08	Cpl30	Ler31	Loc21	Gga17	
N0.HOG0014358	Cmi08	Cpl30	Ler31	Loc21		Xtr07
N0.HOG0014359	Cmi08	Cpl30		Loc21	Gga17	Xtr08
N0.HOG0014360	Cmi08	Cpl30	Ler31	Loc21		Xtr08
N0.HOG0014361	Cmi08	Cpl30		Loc21	Gga17	Xtr08
N0.HOG0014362	Cmi08	Cpl30	Ler31	Loc21		Xtr08
N0.HOG0014363	Cmi08	Cpl30	Ler31	Loc21		Xtr08
N0.HOG0014364	Cmi08	Cpl30	Ler31	Loc21		
N0.HOG0014365	Cmi08	Cpl30		Loc21	Gga17	Xtr08
N0.HOG0014366	Cmi08	Cpl30	Ler31		Gga17	Xtr08
N0.HOG0014367	Cmi08	Cpl30	Ler31		Gga17	Xtr08
N0.HOG0014368	Cmi08	Cpl30		Loc21	Gga17	Xtr08
N0.HOG0014369	Cmi08	Cpl30	Ler31	Loc21	Gga17	
N0.HOG0014370	Cmi09	Cpl10	Ler09	Loc07	Gga05	
N0.HOG0014371	Cmi09	Cpl10	Ler09	Loc07	Gga05	
N0.HOG0014372	Cmi09	Cpl10	Ler09	Loc07		Xtr08
N0.HOG0014373	Cmi09	Cpl10		Loc07	Gga05	Xtr08
N0.HOG0014374	Cmi09	Cpl10		Loc07	Gga05	Xtr08
N0.HOG0014375	Cmi09		Ler09	Loc07	Gga05	Xtr08
N0.HOG0014376	Cmi09	Cpl10	Ler09	Loc07		Xtr08
N0.HOG0014377	Cmi09	Cpl10	Ler09	Loc07		Xtr08
N0.HOG0014378	Cmi09	Cpl10	Ler09	Loc07		Xtr08
N0.HOG0014379	Cmi09	Cpl10	Ler09	Loc07		Xtr08
N0.HOG0014380	Cmi09	Cpl10	Ler09	Loc07		Xtr08
N0.HOG0014381	Cmi09	Cpl10		Loc07	Gga05	Xtr08
N0.HOG0014382	Cmi09	Cpl10		LocSca	Gga05	Xtr08
N0.HOG0014383	Cmi09	Cpl10		Loc07	Gga05	Xtr08
N0.HOG0014384	Cmi09	Cpl10		Loc07	Gga05	Xtr08
N0.HOG0014385	Cmi09	Cpl10	Ler09	Loc07		Xtr08
N0.HOG0014386	Cmi09	Cpl10	Ler09		Gga05	Xtr08
N0.HOG0014387	Cmi09	Cpl10	Ler09	Loc07	Gga05	
N0.HOG0014388	Cmi09	Cpl10	Ler09	Loc07		Xtr08
N0.HOG0014389	Cmi09	Cpl10	Ler09	Loc07		Xtr08
N0.HOG0014390	Cmi09	Cpl10	Ler09		Gga05	Xtr08
N0.HOG0014391	Cmi09	Cpl10	Ler09	Loc07		Xtr08
N0.HOG0014392	Cmi09	Cpl10	Ler09	Loc07	Gga05	
N0.HOG0014393	Cmi09	Cpl10		Loc07	Gga05	Xtr08
N0.HOG0014394	Cmi09	Cpl10	Ler09	Loc07		Xtr08
N0.HOG0014395	Cmi09	Cpl10		Loc07	Gga05	Xtr08
N0.HOG0014396	Cmi09	Cpl10	Ler09	Loc23	Gga11	
N0.HOG0014397	Cmi09		Ler09	Loc07	Gga05	Xtr08
N0.HOG0014398	Cmi09		Ler09	Loc07	Gga05	Xtr08
N0.HOG0014399	Cmi09	Cpl10	Ler09	Loc07	Gga05	
N0.HOG0014400	Cmi09	Cpl10	Ler09	Loc07	Gga05	
N0.HOG0014401	Cmi09	Cpl10		Loc07	Gga05	Xtr08
N0.HOG0014402	Cmi09	Cpl10		Loc07	Gga05	Xtr08
N0.HOG0014403	Cmi09		Ler09	Loc07	Gga05	Xtr08
N0.HOG0014404	Cmi09	Cpl10	Ler09	Loc07		Xtr08
N0.HOG0014405	Cmi09		Ler09	Loc07	Gga05	Xtr08
N0.HOG0014406	Cmi09	Cpl10	Ler09	Loc11		Xtr08
N0.HOG0014407	Cmi09	Cpl10		Loc07	Gga05	Xtr08
N0.HOG0014408	Cmi09	Cpl41	Ler38	Loc02		Xtr08
N0.HOG0014409	Cmi10	Cpl25	Ler28	Loc22		Xtr02
N0.HOG0014410	Cmi10	Cpl28		Loc22	Gga19	Xtr02
N0.HOG0014411	Cmi10	Cpl28	Ler28	Loc22	Gga19	
N0.HOG0014412	Cmi10	Cpl28	Ler28	Loc22		Xtr02
N0.HOG0014413	Cmi10	Cpl28	Ler28	Loc22		Xtr02
N0.HOG0014414	Cmi10		Ler28	Loc22	Gga19	Xtr02
N0.HOG0014415	Cmi10	Cpl28	Ler28	Loc22		Xtr02
N0.HOG0014416	Cmi10	Cpl28	Ler28		Gga19	Xtr02
N0.HOG0014417	Cmi10	Cpl28	Ler28	Loc22		
N0.HOG0014418	Cmi10	Cpl28	Ler28		Gga19	Xtr02
N0.HOG0014419	Cmi10	Cpl28	Ler28	Loc22		Xtr02
N0.HOG0014420	Cmi10	Cpl28	Ler28		Gga19	Xtr02
N0.HOG0014421	Cmi10	Cpl28		Loc22	Gga19	Xtr02
N0.HOG0014422	Cmi10	Cpl28	Ler28		Gga19	Xtr02
N0.HOG0014423	Cmi10	Cpl28		Loc22	Gga19	Xtr02
N0.HOG0014424	Cmi10	Cpl28	Ler28	Loc22		Xtr02
N0.HOG0014425	Cmi10	Cpl28	Ler28	Loc22	Gga19	
N0.HOG0014426	Cmi10	CplSca		Loc09	Gga05	Xtr07
N0.HOG0014427	Cmi10	Cpl28	Ler28	Loc22		Xtr03
N0.HOG0014428	Cmi10	Cpl28		Loc22	Gga19	Xtr02
N0.HOG0014429	Cmi10		Ler28	Loc22	Gga19	Xtr02
N0.HOG0014430	Cmi10	Cpl28	Ler28			
N0.HOG0014431	Cmi10	Cpl28	Ler28		Gga19	Xtr02
N0.HOG0014432	Cmi10	Cpl28		Loc22	Gga19	Xtr02
N0.HOG0014433	Cmi10		Ler28	Loc22	Gga19	Xtr02
N0.HOG0014434	Cmi10		Ler28	Loc22	Gga19	Xtr02
N0.HOG0014435	Cmi10	Cpl28	Ler28	Loc22		Xtr02
N0.HOG0014436	Cmi10	Cpl28		Loc22	Gga19	Xtr02
N0.HOG0014437	Cmi10	Cpl23		Loc22	Gga19	Xtr02
N0.HOG0014438	Cmi10	Cpl28	Ler28		Gga19	Xtr02
N0.HOG0014439	Cmi10	Cpl28		Loc22	Gga19	Xtr02
N0.HOG0014440	Cmi10	Cpl28	Ler28		Gga19	Xtr02
N0.HOG0014441	Cmi10		Ler28	Loc22	Gga19	Xtr02
N0.HOG0014442	Cmi10	Cpl27	Ler26		Gga23	Xtr02
N0.HOG0014443	Cmi10		Ler26	Loc06	Gga23	Xtr02
N0.HOG0014444	Cmi10	Cpl27				
N0.HOG0014445	Cmi10	Cpl27		Loc06	Gga23	Xtr02
N0.HOG0014446	Cmi10	Cpl27	Ler26	Loc06	Gga23	
N0.HOG0014447	Cmi10	Cpl27	Ler26	Loc06		Xtr02
N0.HOG0014448	Cmi10	Cpl27	Ler26	Loc06		Xtr02
N0.HOG0014449	Cmi10	Cpl27	Ler26		Gga23	Xtr02
N0.HOG0014450	Cmi10	Cpl27	Ler26	Loc06		Xtr02
N0.HOG0014451	Cmi10	Cpl27	Ler26	Loc06		Xtr02
N0.HOG0014452	Cmi10	Cpl27	Ler26			
N0.HOG0014453	Cmi10	Cpl27	Ler26		Gga23	Xtr02
N0.HOG0014454	Cmi10	Cpl27	Ler26	Loc06	Gga23	
N0.HOG0014455	Cmi10	Cpl27		Loc06	GgaZ	Xtr02
N0.HOG0014456	Cmi10	Cpl27	Ler26		Gga23	Xtr02
N0.HOG0014457	Cmi10	Cpl27	Ler26	Loc06	Gga23	
N0.HOG0014458	Cmi10	Cpl27		Loc06	Gga23	Xtr02
N0.HOG0014459	Cmi10	Cpl27	Ler26			
N0.HOG0014460	Cmi10	Cpl27	Ler26	Loc06	Gga23	
N0.HOG0014461	Cmi10	Cpl27		Loc06	Gga23	Xtr02
N0.HOG0014462	Cmi10	Cpl27		Loc06	Gga23	Xtr02
N0.HOG0014463	Cmi10	Cpl27	Ler26		Gga23	Xtr02
N0.HOG0014464	Cmi10	Cpl27	Ler26	Loc06		Xtr02
N0.HOG0014465	Cmi10	Cpl27	Ler26		Gga23	Xtr02
N0.HOG0014466	Cmi10	Cpl27	Ler26	Loc06		Xtr02
N0.HOG0014467	Cmi10	Cpl27	Ler26	Loc06	Gga23	
N0.HOG0014468	Cmi10		Ler26	Loc06	Gga23	Xtr02
N0.HOG0014469	Cmi10	Cpl27	Ler26	Loc06		Xtr02
N0.HOG0014470	Cmi11		Ler14	Loc14	Gga09	Xtr05
N0.HOG0014471	Cmi11	Cpl13	Ler14	Loc14		Xtr05
N0.HOG0014472	Cmi11		Ler14	Loc14	Gga09	Xtr05
N0.HOG0014473	Cmi11	Cpl13	Ler14	LocSca		Xtr05
N0.HOG0014474	Cmi11	Cpl13		Loc14	Gga09	Xtr05
N0.HOG0014475	Cmi11		Ler14	Loc14	Gga09	Xtr05
N0.HOG0014476	Cmi11	Cpl13		Loc14	Gga09	Xtr05
N0.HOG0014477	Cmi11	Cpl13	Ler14	Loc14	Gga09	
N0.HOG0014478	Cmi11	Cpl13	Ler14	Loc14		Xtr05
N0.HOG0014479	Cmi11	Cpl13		Loc14	Gga09	Xtr05
N0.HOG0014480	Cmi11	Cpl13	Ler14	Loc14		Xtr05
N0.HOG0014481	Cmi11	Cpl13	Ler14	Loc14		Xtr05
N0.HOG0014482	Cmi11	Cpl13	Ler14	Loc14		Xtr05
N0.HOG0014483	Cmi11	CplSca	Ler14		Gga09	Xtr05
N0.HOG0014484	Cmi11	Cpl13	Ler14	Loc14		Xtr05
N0.HOG0014485	Cmi11	Cpl13		Loc14	Gga09	Xtr05
N0.HOG0014486	Cmi11	Cpl13		Loc14	Gga09	Xtr05
N0.HOG0014487	Cmi11	CplSca	Ler14	Loc14		Xtr05
N0.HOG0014488	Cmi11	Cpl13		Loc14	Gga09	Xtr05
N0.HOG0014489	Cmi11	Cpl13	Ler14	Loc14	Gga09	
N0.HOG0014490	Cmi11	Cpl13		Loc02	Gga09	Xtr05
N0.HOG0014491	Cmi11	Cpl13		Loc14	Gga09	Xtr05
N0.HOG0014492	Cmi11		Ler14	Loc14	Gga09	Xtr05
N0.HOG0014493	Cmi11	Cpl13	Ler14	Loc14		Xtr05
N0.HOG0014494	Cmi11	Cpl13	Ler14		Gga09	Xtr05
N0.HOG0014495	Cmi11		Ler14	Loc14	Gga09	Xtr05
N0.HOG0014496	Cmi11	Cpl13	Ler14	Loc14		Xtr05
N0.HOG0014497	Cmi11	Cpl13	Ler14		Gga09	Xtr05
N0.HOG0014498	Cmi11	Cpl13		Loc14	Gga09	Xtr05
N0.HOG0014499	Cmi11	Cpl13	Ler14	Loc14	Gga09	
N0.HOG0014500	Cmi11	Cpl13	Ler14	Loc14		
N0.HOG0014501	Cmi11	Cpl13	Ler14	Loc14	Gga09	
N0.HOG0014502	Cmi11	Cpl13	Ler14		Gga15, Gga09	
N0.HOG0014503	Cmi11	Cpl13	Ler14	Loc14		Xtr05
N0.HOG0014504	Cmi11	Cpl16	Ler18			
N0.HOG0014505	Cmi11	Cpl13		Loc14	Gga09	Xtr05
N0.HOG0014506	Cmi11	Cpl13	Ler14	Loc14		Xtr08
N0.HOG0014507	Cmi11		Ler14	Loc14	Gga09	Xtr05
N0.HOG0014508	Cmi11	Cpl13		Loc14	Gga09	Xtr05
N0.HOG0014509	Cmi11	Cpl13	Ler14	Loc14		Xtr05
N0.HOG0014510	Cmi11	Cpl13	Ler14			
N0.HOG0014511	Cmi11	Cpl13	Ler14	Loc14		Xtr05
N0.HOG0014512	Cmi11	Cpl13		Loc14	Gga09	Xtr05
N0.HOG0014513	Cmi11	Cpl13	Ler14	Loc05		
N0.HOG0014514	Cmi11	Cpl13	Ler14	Loc14	Gga09	
N0.HOG0014515	Cmi11	Cpl13	Ler14		Gga09	Xtr05
N0.HOG0014516	Cmi11	Cpl06		LocSca	Gga01	Xtr02
N0.HOG0014517	Cmi11	Cpl13	Ler14	Loc14	Gga09	
N0.HOG0014518	Cmi11	CplSca	Ler14	Loc14		Xtr05
N0.HOG0014519	Cmi11	Cpl13	Ler14	Loc14		Xtr05
N0.HOG0014520	Cmi11	Cpl13	Ler14	Loc14		Xtr05
N0.HOG0014521	Cmi11	Cpl13	Ler14	Loc14		Xtr05
N0.HOG0014522	Cmi11	Cpl13	Ler14	Loc14		Xtr05
N0.HOG0014523	Cmi11	Cpl13	Ler14	Loc14	Gga09	
N0.HOG0014524	Cmi11	Cpl13	Ler14	Loc14		Xtr05
N0.HOG0014525	Cmi12	Cpl18	Ler16	Loc05		Xtr04
N0.HOG0014526	Cmi12	Cpl18		Loc05	Gga12	Xtr04
N0.HOG0014527	Cmi12	Cpl18		Loc05	Gga12	Xtr04
N0.HOG0014528	Cmi12	Cpl18	Ler16	Loc05	Gga12	
N0.HOG0014529	Cmi12		Ler16	Loc05	Gga12	Xtr04
N0.HOG0014530	Cmi12			Loc05, Loc01	Gga12	Xtr04
N0.HOG0014531	Cmi12	Cpl18	Ler16	Loc05	Gga12	
N0.HOG0014532	Cmi12	Cpl18	Ler16	Loc05	Gga12	
N0.HOG0014533	Cmi12	Cpl18	Ler16	Loc05		Xtr04
N0.HOG0014534	Cmi12	Cpl18	Ler16		Gga12	Xtr04
N0.HOG0014535	Cmi12		Ler16	Loc05	Gga12	Xtr04
N0.HOG0014536	Cmi12	Cpl18	Ler16		Gga12	Xtr04
N0.HOG0014537	Cmi12	Cpl18		Loc05		Xtr04
N0.HOG0014538	Cmi12	Cpl18	Ler16	Loc05		Xtr04
N0.HOG0014539	Cmi12	Cpl18	Ler16	Loc05		Xtr04
N0.HOG0014540	Cmi12	Cpl18	Ler16		Gga12	Xtr04
N0.HOG0014541	Cmi12	Cpl18	Ler16	Loc05		Xtr04
N0.HOG0014542	Cmi12	Cpl18	Ler16		Gga12	Xtr04
N0.HOG0014543	Cmi12	Cpl18	Ler16		Gga02	Xtr04
N0.HOG0014544	Cmi12	Cpl18	Ler16	Loc01		Xtr08
N0.HOG0014545	Cmi12	Cpl18	Ler16	Loc05		Xtr04
N0.HOG0014546	Cmi12	Cpl18	Ler16		Gga12	Xtr04
N0.HOG0014547	Cmi12	Cpl18		Loc05	Gga12	Xtr04
N0.HOG0014548	Cmi12	Cpl18		Loc05	Gga12	Xtr04
N0.HOG0014549	Cmi12		Ler16	Loc05	Gga12	Xtr04
N0.HOG0014550	Cmi12		Ler16	Loc05	Gga12	Xtr04
N0.HOG0014551	Cmi12	Cpl18		Loc05	Gga12	Xtr04
N0.HOG0014552	Cmi12	Cpl22	Ler16	Loc08, Loc05		
N0.HOG0014553	Cmi12	Cpl18	Ler16		Gga12	Xtr04
N0.HOG0014554	Cmi12	Cpl18		Loc05	Gga12	Xtr04
N0.HOG0014555	Cmi12	Cpl18		Loc05	Gga25	Xtr04
N0.HOG0014556	Cmi12	Cpl18		Loc05	Gga12	Xtr04
N0.HOG0014557	Cmi12	Cpl18		Loc05	Gga11	Xtr10
N0.HOG0014558	Cmi12		Ler16			Xtr10, Xtr01, Xtr08
N0.HOG0014559	Cmi12	Cpl18	Ler16	Loc05		Xtr04
N0.HOG0014560	Cmi13	Cpl14	Ler11	Loc06	Gga13	
N0.HOG0014561	Cmi13	Cpl14	Ler11	Loc06	Gga13	
N0.HOG0014562	Cmi13	Cpl14	Ler11	Loc06	Gga13	
N0.HOG0014563	Cmi13	Cpl14	Ler11	Loc06	Gga13	
N0.HOG0014564	Cmi13		Ler11	Loc06	Gga13	Xtr03
N0.HOG0014565	Cmi13	Cpl14	Ler11		Gga13	Xtr03
N0.HOG0014566	Cmi13	Cpl14	Ler11	Loc06	Gga13	
N0.HOG0014567	Cmi13	Cpl14	Ler11	Loc06	Gga13	
N0.HOG0014568	Cmi13	Cpl14	Ler11	Loc01		Xtr03
N0.HOG0014569	Cmi13	Cpl14	Ler11	Loc06		Xtr03
N0.HOG0014570	Cmi13	Cpl14		Loc06	Gga01	Xtr07
N0.HOG0014571	Cmi13	Cpl14	Ler11	Loc06	Gga13	
N0.HOG0014572	Cmi13	Cpl14	Ler11	Loc06		Xtr03
N0.HOG0014573	Cmi13	Cpl14	Ler11	Loc06	Gga13	
N0.HOG0014574	Cmi13	Cpl14	Ler11		Gga13	Xtr03
N0.HOG0014575	Cmi13	Cpl14	Ler11		Gga13	Xtr03
N0.HOG0014576	Cmi13	Cpl14		Loc08	Gga01	Xtr03
N0.HOG0014577	Cmi13	Cpl14	Ler11		Gga13	Xtr03
N0.HOG0014578	Cmi13		Ler11	Loc06	Gga13	Xtr03
N0.HOG0014579	Cmi13	Cpl14		Loc06	Gga13	Xtr03
N0.HOG0014580	Cmi13	Cpl14		Loc06	Gga13	Xtr03
N0.HOG0014581	Cmi13	Cpl14		Loc06	Gga13	Xtr03
N0.HOG0014582	Cmi13	Cpl14	Ler11		Gga01	Xtr04
N0.HOG0014583	Cmi13	Cpl14	Ler11	Loc06	Gga13	
N0.HOG0014584	Cmi13		Ler11	Loc06	Gga13	Xtr03
N0.HOG0014585	Cmi13	Cpl14	Ler11		GgaSca	Xtr04
N0.HOG0014586	Cmi13	Cpl14		Loc06	Gga13	Xtr03
N0.HOG0014587	Cmi13	Cpl14		Loc06	Gga13	Xtr03
N0.HOG0014588	Cmi14	Cpl17	Ler50	Loc23		Xtr04
N0.HOG0014589	Cmi14	Cpl17	Ler50	Loc23		Xtr04
N0.HOG0014590	Cmi14		Ler50	Loc23	Gga11	Xtr04
N0.HOG0014591	Cmi14		Ler50	Loc23	Gga11	Xtr04
N0.HOG0014592	Cmi14	Cpl17		Loc23	Gga11	Xtr04
N0.HOG0014593	Cmi14	Cpl17	Ler17	Loc23		Xtr04
N0.HOG0014594	Cmi14	Cpl34	LerSca	Loc01		Xtr08
N0.HOG0014595	Cmi14	Cpl17	Ler17	Loc23		Xtr01
N0.HOG0014596	Cmi14	Cpl17	Ler17	Loc23	Gga11	
N0.HOG0014597	Cmi14	Cpl17	Ler17	Loc23		Xtr04
N0.HOG0014598	Cmi14		Ler17	Loc23	Gga22	Xtr03
N0.HOG0014599	Cmi14	Cpl17	Ler17		Gga11	Xtr04
N0.HOG0014600	Cmi14	Cpl17		Loc23	Gga11	Xtr04
N0.HOG0014601	Cmi14	Cpl17	Ler17	Loc23		Xtr04
N0.HOG0014602	Cmi14	Cpl17	Ler17	Loc23		Xtr04
N0.HOG0014603	Cmi14	Cpl17	Ler17	Loc23		Xtr04
N0.HOG0014604	Cmi14	Cpl17	Ler17	Loc23		Xtr04
N0.HOG0014605	Cmi14	Cpl17	Ler17		Gga11	Xtr04
N0.HOG0014606	Cmi14	Cpl17	Ler17		Gga11	Xtr04
N0.HOG0014607	Cmi14	Cpl17	Ler17	Loc23		Xtr04
N0.HOG0014608	Cmi14	Cpl17		Loc23	Gga11	Xtr04
N0.HOG0014609	Cmi14	Cpl17	Ler17	Loc23		Xtr04
N0.HOG0014610	Cmi14	Cpl17	Ler17	Loc23		Xtr01
N0.HOG0014611	Cmi14	Cpl17	Ler17		Gga11	Xtr04
N0.HOG0014612	Cmi14	Cpl17		Loc23	Gga11	Xtr04
N0.HOG0014613	Cmi14	Cpl17	Ler17	Loc23		Xtr04
N0.HOG0014614	Cmi14	Cpl17	Ler17	Loc02		Xtr03
N0.HOG0014615	Cmi14	Cpl17	Ler17	Loc23		Xtr04
N0.HOG0014616	Cmi14		Ler17	Loc23	Gga11	Xtr04
N0.HOG0014617	Cmi14	Cpl17	Ler17	Loc23		Xtr04
N0.HOG0014618	Cmi14	Cpl17	Ler17	Loc23	Gga11	
N0.HOG0014619	Cmi14	Cpl17		Loc23	Gga11	Xtr04
N0.HOG0014620	Cmi14	Cpl17	Ler17	Loc23	Gga11	
N0.HOG0014621	Cmi14	Cpl17	Ler17	Loc23	Gga11	
N0.HOG0014622	Cmi14	Cpl17	Ler17	Loc23	Gga02	
N0.HOG0014623	Cmi14	Cpl17	Ler17		Gga11	Xtr04
N0.HOG0014624	Cmi14	Cpl17	Ler17	Loc23		Xtr04
N0.HOG0014625	Cmi14	Cpl17	Ler17		Gga11	Xtr04
N0.HOG0014626	Cmi14	Cpl17	Ler17	Loc23		
N0.HOG0014627	Cmi14	Cpl17	Ler17	Loc23		Xtr04
N0.HOG0014628	Cmi14	Cpl17	Ler17	Loc23	Gga11	
N0.HOG0014629	Cmi14	Cpl17	Ler17		Gga11	Xtr04
N0.HOG0014630	Cmi14	Cpl17	Ler17		Gga11	Xtr04
N0.HOG0014631	Cmi15	Cpl15		Loc07	Gga04	Xtr08
N0.HOG0014632	Cmi15					
N0.HOG0014633	Cmi15	Cpl15		Loc07	Gga04	Xtr08
N0.HOG0014634	Cmi15	Cpl15	Ler12	Loc07		Xtr08
N0.HOG0014635	Cmi15	Cpl15	Ler12	Loc07	Gga04	
N0.HOG0014636	Cmi15	Cpl15	Ler12	Loc07		Xtr08
N0.HOG0014637	Cmi15		Ler12	Loc04	Gga04	Xtr01
N0.HOG0014638	Cmi15	Cpl15	Ler12		Gga04	Xtr08
N0.HOG0014639	Cmi15	Cpl15	Ler12	Loc07		Xtr09
N0.HOG0014640	Cmi15	Cpl15	Ler12		Gga04	Xtr08
N0.HOG0014641	Cmi15	Cpl15	Ler12	Loc07		Xtr08
N0.HOG0014642	Cmi15	Cpl15	Ler12	Loc07	Gga04	
N0.HOG0014643	Cmi15	Cpl15		Loc07	Gga04	Xtr08
N0.HOG0014644	Cmi15	Cpl15		Loc07	Gga04	Xtr08
N0.HOG0014645	Cmi15	Cpl15		Loc07	Gga04	Xtr08
N0.HOG0014646	Cmi15	Cpl15	Ler12		Gga04	Xtr08
N0.HOG0014647	Cmi15	Cpl15		Loc07	Gga04	Xtr08
N0.HOG0014648	Cmi15	Cpl15	Ler12		Gga04	Xtr08
N0.HOG0014649	Cmi15	CplSca		Loc07	Gga04	Xtr08
N0.HOG0014650	Cmi15	Cpl15	Ler12		Gga04	Xtr08
N0.HOG0014651	Cmi15	Cpl15	Ler12		Gga04	Xtr08
N0.HOG0014652	Cmi15		Ler12	Loc07	Gga04	Xtr08
N0.HOG0014653	Cmi15	Cpl15		Loc07	Gga04	Xtr08
N0.HOG0014654	Cmi15	Cpl15	Ler12	Loc07	Gga04	
N0.HOG0014655	Cmi15	Cpl15		Loc07	Gga04	Xtr08
N0.HOG0014656	Cmi15	Cpl15	Ler12	Loc07	Gga04	
N0.HOG0014657	Cmi15	Cpl15	Ler12		Gga04	Xtr08
N0.HOG0014658	Cmi15	Cpl15	Ler12	Loc07	Gga04	
N0.HOG0014659	Cmi15		Ler12	Loc07	Gga04	Xtr08
N0.HOG0014660	Cmi15	Cpl15	Ler12		Gga04	Xtr08
N0.HOG0014661	Cmi15	Cpl15	Ler12	Loc07	Gga04	
N0.HOG0014662	Cmi15	Cpl15		Loc07	Gga04	Xtr08
N0.HOG0014663	Cmi16	Cpl21		Loc13	Gga14	Xtr09
N0.HOG0014664	Cmi16	Cpl21	Ler20		Gga14	Xtr09
N0.HOG0014665	Cmi16	Cpl21	Ler20		Gga14	Xtr09
N0.HOG0014666	Cmi16	Cpl21	Ler20	Loc13		Xtr09
N0.HOG0014667	Cmi16	Cpl21	Ler20	Loc13		Xtr09
N0.HOG0014668	Cmi16	Cpl21	Ler20	Loc13		Xtr09
N0.HOG0014669	Cmi16	Cpl21	Ler20	Loc13		Xtr09
N0.HOG0014670	Cmi16	Cpl21	Ler20	Loc13	Gga14	
N0.HOG0014671	Cmi16	Cpl21	Ler20	Loc13	Gga14	
N0.HOG0014672	Cmi16	Cpl21	Ler20	Loc13		Xtr09
N0.HOG0014673	Cmi16	Cpl21	Ler20	Loc13	Gga14	
N0.HOG0014674	Cmi16	CplSca		Loc13	Gga14	Xtr09
N0.HOG0014675	Cmi16	Cpl21		Loc13	Gga14	Xtr09
N0.HOG0014676	Cmi16	Cpl21	Ler20		Gga14	Xtr09
N0.HOG0014677	Cmi16	Cpl21	Ler20	Loc13		Xtr09
N0.HOG0014678	Cmi16		Ler20	Loc13	Gga14	Xtr09
N0.HOG0014679	Cmi16	Cpl21	Ler20		Gga14	Xtr09
N0.HOG0014680	Cmi16	Cpl21		Loc13		Xtr09
N0.HOG0014681	Cmi16	Cpl21	Ler20		Gga14	Xtr09
N0.HOG0014682	Cmi16	Cpl21	Ler20	Loc13	Gga14	
N0.HOG0014683	Cmi16	Cpl21	Ler20	Loc13		Xtr09
N0.HOG0014684	Cmi16	Cpl21	Ler20	Loc13	Gga14	
N0.HOG0014685	Cmi16	Cpl21		Loc13	Gga14	Xtr09
N0.HOG0014686	Cmi16	Cpl21		Loc13	Gga14	Xtr09
N0.HOG0014687	Cmi16	Cpl21	Ler20	Loc13		Xtr09
N0.HOG0014688	Cmi16	Cpl21		Loc13	Gga14	Xtr09
N0.HOG0014689	Cmi16	Cpl21		Loc13	Gga14	Xtr09
N0.HOG0014690	Cmi16	Cpl21	Ler20	Loc13		Xtr08
N0.HOG0014691	Cmi16	Cpl21	Ler20	Loc13		Xtr08
N0.HOG0014692	Cmi16	Cpl21		Loc13	Gga14	Xtr09
N0.HOG0014693	Cmi16	Cpl21	Ler20	Loc13		Xtr03
N0.HOG0014694	Cmi16	Cpl21	Ler20	Loc13		Xtr09
N0.HOG0014695	Cmi16	Cpl21	Ler20		Gga14	Xtr09
N0.HOG0014696	Cmi16		Ler20	Loc13	Gga14	Xtr09
N0.HOG0014697	Cmi16	Cpl21	Ler20	Loc13	Gga14	
N0.HOG0014698	Cmi16	Cpl21	Ler20		Gga14	Xtr09
N0.HOG0014699	Cmi16	Cpl21		Loc13	Gga14	Xtr09
N0.HOG0014700	Cmi16	Cpl21	Ler20	Loc13		Xtr09
N0.HOG0014701	Cmi16	Cpl21	Ler20	Loc13		Xtr09
N0.HOG0014702	Cmi16	Cpl21	Ler20	Loc13	Gga14	
N0.HOG0014703	Cmi16	Cpl21	Ler20		Gga14	Xtr09
N0.HOG0014704	Cmi16	Cpl21	Ler20	Loc13	Gga14	
N0.HOG0014705	Cmi16	Cpl21		Loc13	Gga14	Xtr09
N0.HOG0014706	Cmi17	Cpl16		Loc27	Gga05	Xtr04
N0.HOG0014707	Cmi17	Cpl16	Ler18	Loc27		Xtr04
N0.HOG0014708	Cmi17	Cpl16	Ler18	Loc27		Xtr04
N0.HOG0014709	Cmi17	Cpl16		Loc27	Gga05	Xtr04
N0.HOG0014710	Cmi17	Cpl16	Ler18		Gga05	Xtr04
N0.HOG0014711	Cmi17		Ler18	Loc27	Gga05	Xtr04
N0.HOG0014712	Cmi17	Cpl16	Ler18		Gga05	Xtr04
N0.HOG0014713	Cmi17					
N0.HOG0014714	Cmi17	Cpl16	Ler18	Loc27	Gga05	
N0.HOG0014715	Cmi17	CplSca	Ler18	Loc27		Xtr04
N0.HOG0014716	Cmi17	Cpl16	Ler18	Loc01	Gga05	
N0.HOG0014717	Cmi17	Cpl16	Ler18		Gga05	Xtr04
N0.HOG0014718	Cmi17	Cpl16	Ler18		Gga05	Xtr04
N0.HOG0014719	Cmi17	Cpl16	Ler18		Gga05	Xtr04
N0.HOG0014720	Cmi17	CplSca	Ler18		Gga05	Xtr04
N0.HOG0014721	Cmi17	Cpl16	Ler18		Gga05	Xtr04
N0.HOG0014722	Cmi17	Cpl16	Ler18		Gga05	Xtr04
N0.HOG0014723	Cmi17		Ler18	Loc27	Gga05	Xtr04
N0.HOG0014724	Cmi17	Cpl16	Ler18		Gga05	Xtr04
N0.HOG0014725	Cmi17	Cpl16	Ler18		Gga05	Xtr04
N0.HOG0014726	Cmi17	Cpl16	Ler18	LocSca		Xtr04
N0.HOG0014727	Cmi17	Cpl16	Ler18		Gga05	Xtr04
N0.HOG0014728	Cmi17		Ler18	Loc27	Gga05	Xtr04
N0.HOG0014729	Cmi17	Cpl16	Ler18	Loc27	Gga05	
N0.HOG0014730	Cmi17	Cpl16	Ler18	Loc27	Gga05	
N0.HOG0014731	Cmi17	Cpl16		Loc27	Gga05	Xtr04
N0.HOG0014732	Cmi17	Cpl16	Ler18	Loc27		Xtr04
N0.HOG0014733	Cmi17	Cpl16	Ler18	Loc27		Xtr04
N0.HOG0014734	Cmi17	Cpl16		Loc27	Gga05	Xtr04
N0.HOG0014735	Cmi17	Cpl16		Loc27	Gga05	Xtr04
N0.HOG0014736	Cmi17	Cpl16	Ler18		Gga05	Xtr04
N0.HOG0014737	Cmi17	Cpl16	Ler18		Gga05	Xtr08
N0.HOG0014738	Cmi17		Ler18	Loc27	Gga05	Xtr04
N0.HOG0014739	Cmi17	Cpl16	Ler18	Loc27		Xtr04
N0.HOG0014740	Cmi17	Cpl16	Ler18	Loc27	Gga05	
N0.HOG0014741	Cmi17	Cpl16	Ler18	Loc27		
N0.HOG0014742	Cmi17	Cpl16	Ler18	Loc27		Xtr01
N0.HOG0014743	Cmi17	Cpl16		Loc27	Gga05	Xtr04
N0.HOG0014744	Cmi18			Loc28, Loc01		
N0.HOG0014745	Cmi18	Cpl20	Ler21	Loc18		Xtr10
N0.HOG0014746	Cmi18	Cpl20	Ler21	Loc18		Xtr06
N0.HOG0014747	Cmi18	Cpl20	Ler21	Loc18		Xtr10
N0.HOG0014748	Cmi18	Cpl20	Ler21	Loc18	Gga20	
N0.HOG0014749	Cmi18	Cpl20	Ler21	Loc18	Gga20	
N0.HOG0014750	Cmi18	Cpl20		Loc18	Gga20	Xtr10
N0.HOG0014751	Cmi18			Loc23, Loc18	Gga20	Xtr10
N0.HOG0014752	Cmi18		Ler21	Loc18	Gga20	Xtr10
N0.HOG0014753	Cmi18	Cpl20	Ler21		Gga20	Xtr10
N0.HOG0014754	Cmi18	Cpl20	Ler21	Loc18		Xtr10
N0.HOG0014755	Cmi18	Cpl35	Ler21		Gga01	Xtr10
N0.HOG0014756	Cmi18	Cpl35		Loc18	Gga20	Xtr10
N0.HOG0014757	Cmi18	Cpl20		Loc18	Gga20	Xtr10
N0.HOG0014758	Cmi18	Cpl20		Loc18	Gga20	Xtr10
N0.HOG0014759	Cmi18	Cpl20		Loc18	Gga20	Xtr10
N0.HOG0014760	Cmi18	Cpl20		Loc18	Gga20	Xtr10
N0.HOG0014761	Cmi18	Cpl20	Ler21	Loc18		Xtr10
N0.HOG0014762	Cmi18	Cpl20		Loc18	Gga20	Xtr10
N0.HOG0014763	Cmi18	Cpl20	Ler21	Loc18		Xtr10
N0.HOG0014764	Cmi18	Cpl20		Loc18	Gga20	Xtr10
N0.HOG0014765	Cmi18	Cpl20	Ler21	Loc18		Xtr10
N0.HOG0014766	Cmi18	Cpl20		Loc18	Gga20	Xtr10
N0.HOG0014767	Cmi18	Cpl20	Ler21		Gga20	Xtr10
N0.HOG0014768	Cmi18	Cpl20	Ler21		Gga20	Xtr10
N0.HOG0014769	Cmi19	Cpl26	Ler24	Loc03	Gga26	
N0.HOG0014770	Cmi19	Cpl26		Loc03	Gga26	Xtr02
N0.HOG0014771	Cmi19		Ler24	Loc03	Gga26	Xtr02
N0.HOG0014772	Cmi19	Cpl26	Ler24	Loc03	Gga26	
N0.HOG0014773	Cmi19	Cpl26	Ler24	Loc03	Gga26	
N0.HOG0014774	Cmi19	Cpl26	Ler24	Loc03	Gga26	
N0.HOG0014775	Cmi19	Cpl26	Ler24	Loc03		Xtr02
N0.HOG0014776	Cmi19	Cpl26		Loc03	Gga26	Xtr02
N0.HOG0014777	Cmi19	Cpl26		Loc03	Gga26	Xtr02
N0.HOG0014778	Cmi19	Cpl26	Ler24	Loc03	Gga26	
N0.HOG0014779	Cmi19	Cpl26	Ler24	Loc03	Gga26	
N0.HOG0014780	Cmi19	Cpl26	Ler24	Loc03	Gga26	
N0.HOG0014781	Cmi19	Cpl26	Ler24	Loc03	Gga26	
N0.HOG0014782	Cmi19	Cpl26	Ler24	Loc03	Gga26	
N0.HOG0014783	Cmi19	Cpl26	Ler24	Loc03	Gga26	
N0.HOG0014784	Cmi19	Cpl26	Ler24	Loc03	Gga26	
N0.HOG0014785	Cmi19	Cpl04	Ler24		Gga26	Xtr02
N0.HOG0014786	Cmi19	Cpl26	Ler18		Gga26	Xtr02
N0.HOG0014787	Cmi19		Ler24	Loc03	Gga26	Xtr02
N0.HOG0014788	Cmi19	Cpl26	Ler24	Loc03	Gga26	
N0.HOG0014789	Cmi19	Cpl26	Ler24	Loc03	Gga26	
N0.HOG0014790	Cmi19	Cpl26	Ler24		Gga26	Xtr02
N0.HOG0014791	Cmi19	Cpl26		Loc03	Gga26	Xtr02
N0.HOG0014792	Cmi19	Cpl26		Loc03	Gga26	Xtr02
N0.HOG0014793	Cmi19	Cpl26	Ler24	Loc03	Gga26	
N0.HOG0014794	Cmi19	Cpl26	Ler24	Loc03	Gga26	
N0.HOG0014795	Cmi19	Cpl26	Ler24	Loc03	Gga26	
N0.HOG0014796	Cmi19	Cpl26		Loc03	Gga26	Xtr02
N0.HOG0014797	Cmi19	Cpl26	Ler24	Loc03		Xtr02
N0.HOG0014798	Cmi19	Cpl26	Ler24	Loc03		Xtr02
N0.HOG0014799	Cmi19	Cpl26	Ler24	Loc03	Gga26	
N0.HOG0014800	Cmi20	Cpl24	Ler23, Ler20	Loc10		
N0.HOG0014801	Cmi20	Cpl24	Ler23	LocSca		Xtr10
N0.HOG0014802	Cmi20	Cpl24	Ler23	Loc10		Xtr07
N0.HOG0014803	Cmi20		Ler23	Loc10	Gga18	Xtr10
N0.HOG0014804	Cmi20	Cpl24	Ler23	Loc10		Xtr10
N0.HOG0014805	Cmi20	Cpl24		Loc10	Gga18	Xtr10
N0.HOG0014806	Cmi20	Cpl24	Ler23	Loc10		Xtr10
N0.HOG0014807	Cmi20	Cpl24	Ler23	Loc10		Xtr10
N0.HOG0014808	Cmi20		Ler23	Loc10	Gga18	Xtr10
N0.HOG0014809	Cmi20	Cpl24	Ler23	Loc10	Gga18	
N0.HOG0014810	Cmi20	Cpl24	Ler23	Loc10	Gga18	
N0.HOG0014811	Cmi20	Cpl24	Ler23		Gga18	Xtr10
N0.HOG0014812	Cmi20	Cpl24	Ler23	Loc10	Gga18	
N0.HOG0014813	Cmi20	Cpl24	Ler23	Loc10		
N0.HOG0014814	Cmi20	Cpl24	Ler23	Loc10		Xtr10
N0.HOG0014815	Cmi20	Cpl24	Ler23	Loc10		Xtr10
N0.HOG0014816	Cmi20	Cpl24		Loc10	Gga18	Xtr10
N0.HOG0014817	Cmi20	Cpl24	Ler23	Loc10		Xtr10
N0.HOG0014818	Cmi20	Cpl24	Ler23	Loc10		Xtr10
N0.HOG0014819	Cmi20		Ler23	Loc10	Gga18	Xtr10
N0.HOG0014820	Cmi20	Cpl24		Loc10	Gga18	Xtr10
N0.HOG0014821	Cmi20	Cpl24	Ler23	Loc10		Xtr09
N0.HOG0014822	Cmi20	Cpl24	Ler23	Loc10		Xtr10
N0.HOG0014823	Cmi20	Cpl24	Ler23	Loc10		Xtr10
N0.HOG0014824	Cmi20	Cpl24	Ler23	Loc10		
N0.HOG0014825	Cmi20, Cmi30		LerSca			Xtr05
N0.HOG0014826	Cmi20	CplSca		Loc10	Gga18	Xtr10
N0.HOG0014827	Cmi21	Cpl31	Ler29	Loc19		Xtr01
N0.HOG0014828	Cmi21	Cpl31	Ler29	Loc19	Gga28	
N0.HOG0014829	Cmi21	Cpl31	Ler29	Loc19		Xtr01
N0.HOG0014830	Cmi21		Ler29	Loc19	Gga28	Xtr01
N0.HOG0014831	Cmi21	Cpl31	Ler29		Gga28	Xtr05
N0.HOG0014832	Cmi21	Cpl31		Loc19	Gga28	Xtr01
N0.HOG0014833	Cmi21	Cpl31	Ler29	Loc19	Gga28	
N0.HOG0014834	Cmi21	Cpl31	Ler29	Loc19	Gga28	
N0.HOG0014835	Cmi21	Cpl31	Ler29		Gga28	Xtr06
N0.HOG0014836	Cmi21	Cpl31	Ler29	Loc19		Xtr01
N0.HOG0014837	Cmi21		Ler29	Loc19	Gga28	Xtr01
N0.HOG0014838	Cmi21	Cpl31	Ler29	Loc19		Xtr01
N0.HOG0014839	Cmi21	Cpl31	Ler29, Ler32	Loc19		
N0.HOG0014840	Cmi21	Cpl31	Ler29	Loc19		Xtr01
N0.HOG0014841	Cmi21	Cpl31	Ler29	Loc19	Gga28	
N0.HOG0014842	Cmi21	Cpl31	Ler29		Gga28	Xtr01
N0.HOG0014843	Cmi21		Ler29	Loc19	Gga28	Xtr01
N0.HOG0014844	Cmi21	Cpl31	Ler29	Loc19	Gga28	
N0.HOG0014845	Cmi21	Cpl31		Loc19	Gga28	Xtr01
N0.HOG0014846	Cmi21	Cpl31	Ler29		Gga28	Xtr01
N0.HOG0014847	Cmi21	Cpl31	Ler29	Loc19		Xtr01
N0.HOG0014848	Cmi21	Cpl31	Ler29		Gga28	Xtr01
N0.HOG0014849	Cmi21	Cpl31	Ler29	Loc19	Gga28	
N0.HOG0014850	Cmi21	Cpl31	Ler29	Loc19		Xtr01
N0.HOG0014851	Cmi21	Cpl31	Ler29		Gga28	Xtr01
N0.HOG0014852	Cmi21	Cpl31	Ler29		Gga28	Xtr01
N0.HOG0014853	Cmi22	Cpl36	Ler33		Gga10	Xtr03
N0.HOG0014854	Cmi22		Ler33	Loc03	Gga10	Xtr03
N0.HOG0014855	Cmi22	Cpl36	Ler33	Loc03		Xtr03
N0.HOG0014856	Cmi22		Ler33	Loc03	Gga10	Xtr03
N0.HOG0014857	Cmi22	Cpl36	Ler33	Loc03	Gga10	
N0.HOG0014858	Cmi22		Ler33	Loc03	Gga10	Xtr03
N0.HOG0014859	Cmi22	Cpl40	Ler36	Loc03		Xtr03
N0.HOG0014860	Cmi22	Cpl40	Ler36	Loc03		Xtr08
N0.HOG0014861	Cmi22		Ler36	Loc03	Gga10	Xtr03
N0.HOG0014862	Cmi22		Ler36	Loc03	Gga10	Xtr01
N0.HOG0014863	Cmi22	Cpl40	Ler36	Loc03		Xtr03
N0.HOG0014864	Cmi22	Cpl40	Ler36	Loc03		Xtr03
N0.HOG0014865	Cmi22	Cpl40	Ler36	Loc03		Xtr03
N0.HOG0014866	Cmi22	Cpl40	Ler36	Loc03		Xtr03
N0.HOG0014867	Cmi22	Cpl40	Ler36	Loc03		Xtr03
N0.HOG0014868	Cmi22	Cpl40		Loc03	Gga10	Xtr03
N0.HOG0014869	Cmi22	Cpl40	Ler36		Gga10	Xtr03
N0.HOG0014870	Cmi22	Cpl40	Ler36	Loc03	Gga10	
N0.HOG0014871	Cmi23	Cpl33	Ler27		Gga27	Xtr10
N0.HOG0014872	Cmi23		Ler27	Loc15	Gga27	Xtr10
N0.HOG0014873	Cmi23	Cpl33	Ler27		Gga27	Xtr10
N0.HOG0014874	Cmi23			Loc04		Xtr06
N0.HOG0014875	Cmi23	Cpl33	Ler27	Loc15	Gga27	
N0.HOG0014876	Cmi23	Cpl33	Ler27		Gga27	Xtr10
N0.HOG0014877	Cmi23	Cpl33	Ler27	Loc15		Xtr04
N0.HOG0014878	Cmi23	Cpl33	Ler27		Gga27	Xtr10
N0.HOG0014879	Cmi23	Cpl33	Ler27	Loc15		Xtr10
N0.HOG0014880	Cmi23	Cpl21		Loc09	Gga05	Xtr07
N0.HOG0014881	Cmi23	Cpl33	Ler27	Loc15	Gga27	
N0.HOG0014882	Cmi23	Cpl33	Ler27	Loc15		Xtr10
N0.HOG0014883	Cmi23	Cpl33	Ler27	Loc15		Xtr10
N0.HOG0014884	Cmi23	Cpl31	Ler27	Loc15		Xtr10
N0.HOG0014885	Cmi23	Cpl31	Ler27	Loc15	Gga27	
N0.HOG0014886	Cmi23	Cpl33		Loc15	Gga27	Xtr10
N0.HOG0014887	Cmi23			Loc15		Xtr02, Xtr10
N0.HOG0014888	Cmi23	Cpl33	Ler27	Loc15		Xtr10
N0.HOG0014889	Cmi23		Ler27	Loc15	Gga27	Xtr10
N0.HOG0014890	Cmi23	Cpl33	Ler27	Loc01		Xtr07
N0.HOG0014891	Cmi23	Cpl33	Ler27	Loc15	Gga27	
N0.HOG0014892	Cmi23	Cpl33	Ler27	Loc15	Gga27	
N0.HOG0014893	Cmi23	Cpl33	Ler27	Loc15	Gga27	
N0.HOG0014894	Cmi23	Cpl33	Ler27	Loc15	Gga27	
N0.HOG0014895	Cmi23	Cpl33		Loc15	Gga27	Xtr10
N0.HOG0014896	Cmi24	Cpl34	Ler30	Loc25	Gga21	
N0.HOG0014897	Cmi24	Cpl34	Ler30	Loc25		Xtr07
N0.HOG0014898	Cmi24	Cpl34	Ler30	Loc25		Xtr07
N0.HOG0014899	Cmi24	Cpl34	Ler30	Loc25		Xtr07
N0.HOG0014900	Cmi24	Cpl34	Ler30	Loc25		Xtr07
N0.HOG0014901	Cmi24		Ler30	Loc25	Gga21	Xtr07
N0.HOG0014902	Cmi24	Cpl34	Ler30	Loc25		Xtr07
N0.HOG0014903	Cmi24	Cpl34	Ler30	Loc25		Xtr07
N0.HOG0014904	Cmi24	Cpl34		Loc25	Gga21	Xtr07
N0.HOG0014905	Cmi24	Cpl34	Ler30	Loc25		Xtr07
N0.HOG0014906	Cmi24	Cpl34	Ler30	Loc25		
N0.HOG0014907	Cmi24	Cpl34	Ler30	Loc25		Xtr07
N0.HOG0014908	Cmi24	Cpl34	Ler30		Gga21	XtrSca
N0.HOG0014909	Cmi24	Cpl34	Ler30	Loc25	Gga21	
N0.HOG0014910	Cmi24	Cpl34	Ler30	Loc25		Xtr07
N0.HOG0014911	Cmi24	Cpl34	Ler30	Loc25	Gga21	
N0.HOG0014912	Cmi24	Cpl34	Ler30		Gga21	Xtr07
N0.HOG0014913	Cmi24	Cpl34		Loc25	Gga21	Xtr07
N0.HOG0014914	Cmi24	Cpl34	Ler30	Loc25		Xtr07
N0.HOG0014915	Cmi24	Cpl34	Ler30		Gga21	Xtr07
N0.HOG0014916	Cmi24	Cpl34	Ler30	Loc25	Gga21	
N0.HOG0014917	Cmi24	Cpl34	Ler30	Loc25	Gga21	
N0.HOG0014918	Cmi24	Cpl34	Ler30	Loc25		Xtr07
N0.HOG0014919	Cmi24	Cpl34	Ler30	Loc25		Xtr07
N0.HOG0014920	Cmi24	Cpl34	Ler30	Loc25		Xtr07
N0.HOG0014921	Cmi24	Cpl34		Loc25	Gga21	Xtr07
N0.HOG0014922	Cmi24	Cpl34	Ler30			Xtr07
N0.HOG0014923	Cmi24		Ler30	Loc25	Gga21	Xtr07
N0.HOG0014924	Cmi24	Cpl34	Ler30		Gga21	Xtr07
N0.HOG0014925	Cmi24	Cpl34	Ler30	Loc25	Gga21	
N0.HOG0014926	Cmi24	Cpl34		Loc26, Loc25		
N0.HOG0014927	Cmi25	Cpl35		Loc26	Gga24	Xtr07
N0.HOG0014928	Cmi25	Cpl35	Ler32	Loc26		Xtr07
N0.HOG0014929	Cmi25	Cpl35		Loc26	Gga24	Xtr07
N0.HOG0014930	Cmi25	Cpl35	Ler32	Loc26, Loc27		
N0.HOG0014931	Cmi25		Ler32	Loc26	Gga24	Xtr07
N0.HOG0014932	Cmi25	Cpl35		Loc26	Gga24	Xtr07
N0.HOG0014933	Cmi25	Cpl35	Ler32	Loc01	Gga13	
N0.HOG0014934	Cmi25	Cpl35	Ler32		Gga24	Xtr07
N0.HOG0014935	Cmi25	Cpl35	Ler32	Loc26		
N0.HOG0014936	Cmi25	Cpl35		Loc26, Loc04		Xtr07
N0.HOG0014937	Cmi25	Cpl35	Ler32	Loc26	Gga24	
N0.HOG0014938	Cmi25	Cpl35	Ler32	Loc26	Gga24	
N0.HOG0014939	Cmi25	Cpl35	Ler32	Loc26		Xtr07
N0.HOG0014940	Cmi25	Cpl35	Ler32		Gga24	Xtr07
N0.HOG0014941	Cmi25	Cpl36	Ler32	Loc26		Xtr07
N0.HOG0014942	Cmi25	Cpl36	Ler32		Gga24	Xtr07
N0.HOG0014943	Cmi25	Cpl35		Loc26	Gga24	Xtr07
N0.HOG0014944	Cmi26	Cpl36	Ler33		Gga10	Xtr03
N0.HOG0014945	Cmi26	Cpl36		Loc03	Gga10	Xtr03
N0.HOG0014946	Cmi26	Cpl36	Ler33		Gga10	Xtr03
N0.HOG0014947	Cmi26		Ler33	Loc03	Gga10	Xtr03
N0.HOG0014948	Cmi26	Cpl36	Ler33	Loc03		Xtr03
N0.HOG0014949	Cmi26	Cpl36	Ler33	Loc03		Xtr03
N0.HOG0014950	Cmi26		Ler33	Loc03	Gga10	Xtr03
N0.HOG0014951	Cmi26	Cpl36	Ler33	Loc03		Xtr03
N0.HOG0014952	Cmi26		Ler36	Loc03	Gga10	Xtr03
N0.HOG0014953	Cmi26			Loc03	Gga10	Xtr03
N0.HOG0014954	Cmi26	Cpl51		Loc03	Gga25	Xtr08
N0.HOG0014955	Cmi26	Cpl40	Ler36	Loc03		Xtr08
N0.HOG0014956	Cmi27	CplSca		Loc04	Gga34	Xtr02
N0.HOG0014957	Cmi27	CplSca		Loc12	Gga07	Xtr09
N0.HOG0014958	Cmi27	Cpl43		Loc04	Gga34	Xtr02
N0.HOG0014959	Cmi27		Ler40	Loc04	Gga34	Xtr02
N0.HOG0014960	Cmi27	Cpl43	Ler40	Loc04		Xtr02
N0.HOG0014961	Cmi27	Cpl43	Ler40	Loc04		Xtr02
N0.HOG0014962	Cmi27	Cpl43	Ler40		Gga34	Xtr02
N0.HOG0014963	Cmi27	Cpl43		Loc04	Gga34	Xtr02
N0.HOG0014964	Cmi27	Cpl43	Ler40		Gga34	Xtr02
N0.HOG0014965	Cmi27		LerSca	Loc04	Gga34	Xtr02
N0.HOG0014966	Cmi27	CplSca	Ler36		Gga34	Xtr09
N0.HOG0014967	Cmi27		LerSca	Loc04	Gga34	Xtr02
N0.HOG0014968	Cmi27		LerSca	Loc04	Gga34	Xtr02
N0.HOG0014969	Cmi27	Cpl04		Loc11	Gga02	Xtr06
N0.HOG0014970	Cmi27	Cpl04		Loc04	Gga34	Xtr02
N0.HOG0014971	Cmi27	Cpl43	Ler40		Gga34	Xtr02
N0.HOG0014972	Cmi27	Cpl43		Loc04	Gga34	Xtr02
N0.HOG0014973	Cmi27	Cpl43	Ler40		Gga34	Xtr02
N0.HOG0014974	Cmi27	CplSca		Loc04	Gga34	Xtr02
N0.HOG0014975	Cmi27	Cpl18		Loc04	Gga09	Xtr05
N0.HOG0014976	Cmi27		Ler02	Loc04	Gga34	Xtr02
N0.HOG0014977	Cmi27	Cpl43	Ler40		Gga34	Xtr02
N0.HOG0014978	Cmi27	Cpl43	Ler40		Gga34	Xtr02
N0.HOG0014979	Cmi27	Cpl43	Ler40	Loc04	Gga34	
N0.HOG0014980	Cmi27	Cpl43	Ler40	Loc04		Xtr02
N0.HOG0014981	Cmi27	Cpl43	Ler40	Loc04		Xtr02
N0.HOG0014982	Cmi27	Cpl43	Ler40	Loc04		Xtr02
N0.HOG0014983	Cmi27	Cpl43	Ler40	Loc04		Xtr02
N0.HOG0014984	Cmi27		Ler40	Loc04		Xtr02
N0.HOG0014985	Cmi27	Cpl43	Ler40	Loc04		Xtr02
N0.HOG0014986	Cmi28	Cpl42	Ler35	Loc01		Xtr03
N0.HOG0014987	Cmi28	Cpl42	Ler35		Gga22	Xtr03
N0.HOG0014988	Cmi28		Ler35	Loc01	Gga22	Xtr03
N0.HOG0014989	Cmi28	Cpl42, Cpl01		Loc01		Xtr03
N0.HOG0014990	Cmi28		Ler35	Loc01	Gga22	Xtr03
N0.HOG0014991	Cmi28	Cpl42	Ler35	Loc01		Xtr03
N0.HOG0014992	Cmi28	Cpl42	Ler35	Loc01		Xtr03
N0.HOG0014993	Cmi28	Cpl42	Ler35	Loc01	Gga22	
N0.HOG0014994	Cmi28	CplSca	Ler35	Loc01		Xtr03
N0.HOG0014995	Cmi28	Cpl42	Ler35	Loc01		Xtr03
N0.HOG0014996	Cmi28	Cpl42	Ler35	Loc01		Xtr03
N0.HOG0014997	Cmi28	Cpl42	Ler35	Loc01		Xtr03
N0.HOG0014998	Cmi28	Cpl42	Ler35	Loc01		Xtr03
N0.HOG0014999	Cmi28		Ler35	Loc01	Gga22	Xtr03
N0.HOG0015000	Cmi28	Cpl42	Ler05	Loc01		
N0.HOG0015001	Cmi28	Cpl42	Ler35	Loc01		Xtr03
N0.HOG0015002	Cmi28	Cpl42	Ler35	Loc01		Xtr03
N0.HOG0015003	Cmi28		Ler35	Loc01	Gga22	Xtr03
N0.HOG0015004	Cmi28	Cpl42	Ler35		Gga22	Xtr03
N0.HOG0015005	Cmi28	CplSca	Ler35	Loc01		Xtr03
N0.HOG0015006	Cmi28	Cpl42	Ler35	Loc01		Xtr03
N0.HOG0015007	Cmi29	Cpl09				
N0.HOG0015008	Cmi29	Cpl08	Ler39		Gga30	Xtr03
N0.HOG0015009	Cmi29	CplSca	Ler39		Gga30	Xtr03
N0.HOG0015010	Cmi29	Cpl47			Gga31	
N0.HOG0015011	Cmi29	Cpl08	Ler39	Loc06		Xtr03
N0.HOG0015012	Cmi29	Cpl08	Ler39	Loc06		Xtr03
N0.HOG0015013	Cmi29	CplSca	Ler39	Loc06		Xtr03
N0.HOG0015014	Cmi29	Cpl08	Ler39	Loc06		Xtr09
N0.HOG0015015	Cmi29	Cpl08	Ler39	Loc06		Xtr03
N0.HOG0015016	Cmi29	Cpl08	Ler39	Loc06		Xtr10
N0.HOG0015017	Cmi29	Cpl08	Ler39	Loc06		Xtr03
N0.HOG0015018	Cmi29	Cpl08	Ler39	Loc06		Xtr03
N0.HOG0015019	Cmi29	Cpl08	Ler39	Loc06		Xtr03
N0.HOG0015020	Cmi29	Cpl08	Ler39	Loc06		Xtr03
N0.HOG0015021	Cmi29	Cpl08	Ler39	Loc06		Xtr03
N0.HOG0015022	Cmi29	Cpl08	Ler39	Loc06		Xtr03
N0.HOG0015023	Cmi29	Cpl08	Ler39	Loc06		Xtr03
N0.HOG0015024	Cmi29	Cpl08	Ler39	Loc06		Xtr03
N0.HOG0015025	Cmi29	Cpl08	Ler39, Ler29			Xtr03
N0.HOG0015026	Cmi29	Cpl08	Ler39	Loc06		Xtr03
N0.HOG0015027	Cmi29		Ler39	Loc06	Gga30	Xtr01
N0.HOG0015028	Cmi29	Cpl08	Ler39	Loc06		Xtr03
N0.HOG0015029	Cmi29	Cpl34	Ler39	Loc06		Xtr03
N0.HOG0015030	Cmi29	Cpl08	Ler39			Xtr03
N0.HOG0015031	Cmi30	Cpl37	LerSca	Loc08		Xtr04
N0.HOG0015032	Cmi30	Cpl37				Xtr09
N0.HOG0015033	Cmi30		Ler02			
N0.HOG0015034	Cmi30	Cpl37		Loc28	GgaSca	Xtr08
N0.HOG0015035	Cmi31	Cpl39	Ler37		Gga01	Xtr04
N0.HOG0015036	Cmi31	Cpl39	Ler37		Gga01	Xtr04
N0.HOG0015037	Cmi31	Cpl39		Loc12	Gga01	Xtr04
N0.HOG0015038	Cmi31	Cpl39	Ler37		Gga01	Xtr04
N0.HOG0015039	Cmi31	Cpl39	Ler37			
N0.HOG0015040	Cmi31	Cpl39	Ler37		Gga01	Xtr04
N0.HOG0015041	Cmi31	Cpl39	Ler37	Loc12		Xtr04
N0.HOG0015042	Cmi31	Cpl39	Ler37		Gga01	Xtr04
N0.HOG0015043	Cmi31	Cpl39	Ler37		Gga01	Xtr04
N0.HOG0015044	Cmi31	Cpl39	Ler37		Gga01	Xtr04
N0.HOG0015045	Cmi31	Cpl39	Ler37	LocSca		Xtr07
N0.HOG0015046	Cmi31	Cpl39	Ler37		Gga01	Xtr04
N0.HOG0015047	Cmi31	Cpl39	Ler37		Gga01	Xtr04
N0.HOG0015048	Cmi31	Cpl39		Loc04	Gga04	Xtr01
N0.HOG0015049	Cmi31	Cpl39	Ler37		Gga01	Xtr04
N0.HOG0015050	Cmi31	Cpl39	Ler37		Gga01	Xtr04
N0.HOG0015051	Cmi31	Cpl39	Ler37		Gga01	Xtr04
N0.HOG0015052	Cmi31	Cpl39	Ler37		Gga31	Xtr07
N0.HOG0015053	Cmi31	Cpl39	Ler37		Gga31	Xtr07
N0.HOG0015054	Cmi31	Cpl39	Ler37	Loc12		Xtr07
N0.HOG0015055	Cmi31	Cpl39	Ler37		Gga01	Xtr04
N0.HOG0015056	Cmi31	Cpl39	Ler37		Gga01	Xtr04
N0.HOG0015057	Cmi31	Cpl39	Ler37		Gga01	Xtr04
N0.HOG0015058	Cmi31	Cpl39	Ler37		Gga01	Xtr04
N0.HOG0015059	Cmi31	Cpl39	Ler37		Gga01	Xtr04
N0.HOG0015060	Cmi31	Cpl39	Ler37		Gga01	Xtr04
N0.HOG0015061	Cmi31	Cpl39	Ler37		Gga01	Xtr04
N0.HOG0015062	Cmi31	Cpl39	Ler37		Gga01	Xtr04
N0.HOG0015063	Cmi31	Cpl39	Ler37		Gga01	Xtr04
N0.HOG0015064	Cmi31	Cpl39	Ler37		Gga01	Xtr04
N0.HOG0015065	Cmi31	Cpl39	Ler37			Xtr07
N0.HOG0015066	Cmi31	Cpl39	Ler37	Loc08		Xtr07
N0.HOG0015067	Cmi31	Cpl39	Ler37		Gga27	Xtr07
N0.HOG0015068	Cmi31	Cpl39	Ler37	LocSca		Xtr07
N0.HOG0015069	Cmi31	Cpl39	Ler37		Gga31	Xtr07
N0.HOG0015070	Cmi31		Ler37	Loc06	Gga23	Xtr02
N0.HOG0015071	Cmi31	Cpl39	Ler37	Loc22		Xtr07
N0.HOG0015072	Cmi31	Cpl39	Ler37	LocSca		Xtr07
N0.HOG0015073	Cmi31	Cpl39	Ler37	LocSca		Xtr07
N0.HOG0015074	Cmi31	Cpl39	Ler37		Gga31	Xtr07
N0.HOG0015075	Cmi31	Cpl39	Ler37		Gga31	Xtr07
N0.HOG0015076	Cmi31	Cpl39	Ler37	Loc08		Xtr07
N0.HOG0015077	Cmi31	Cpl39	Ler37		Gga01	Xtr04
N0.HOG0015078	Cmi31	CplSca	Ler37	Loc14		Xtr04
N0.HOG0015079	Cmi31	Cpl39	Ler37		Gga01	Xtr04
N0.HOG0015080	Cmi31	Cpl39	Ler37		Gga01	Xtr04
N0.HOG0015081	Cmi31		Ler24	Loc24	Gga25	Xtr08
N0.HOG0015082	Cmi31	Cpl39	Ler37		Gga01	Xtr04
N0.HOG0015083	Cmi31	Cpl39	Ler37		Gga01	Xtr04
N0.HOG0015084	Cmi31	CplSca	Ler03, Ler37	Loc12		
N0.HOG0015085	CmiSca	Cpl02	Ler03	Loc04		Xtr01
N0.HOG0015086	CmiSca	Cpl02	Ler03	Loc02	GgaZ	
N0.HOG0015087	CmiSca	Cpl02	Ler03	Loc02	GgaZ	
N0.HOG0015088	CmiSca	Cpl05		Loc11	Gga02	Xtr06
N0.HOG0015089	CmiSca	Cpl45	LerSca		GgaSca	Xtr04
N0.HOG0015090	CmiSca	Cpl45	LerSca	Loc28		Xtr04
N0.HOG0015091	CmiSca	Cpl45		Loc28	Gga05	Xtr04
N0.HOG0015092	CmiSca	CplSca		Loc28	GgaSca	Xtr04
N0.HOG0015093	CmiSca	Cpl48	LerSca			Xtr03
N0.HOG0015094	CmiSca	Cpl48	LerSca	Loc02		Xtr03
N0.HOG0015095	CmiSca	CplSca	LerSca	Loc02		Xtr03
N0.HOG0015096	CmiSca	Cpl48	LerSca	Loc02		Xtr03
N0.HOG0015097	CmiSca	CplSca	LerSca	Loc02		Xtr03
N0.HOG0015098	CmiSca	Cpl41	Ler38	Loc02		Xtr08
N0.HOG0015099	CmiSca	Cpl41	Ler38	Loc02		Xtr02
N0.HOG0015100	CmiSca	Cpl12	Ler13	Loc17	Gga01	
N0.HOG0015101	CmiSca	Cpl02	Ler03	Loc02		Xtr01
N0.HOG0015102	CmiSca	Cpl20	Ler09	Loc01		Xtr08
N0.HOG0015103	CmiSca	Cpl45	LerSca	Loc28		Xtr04
N0.HOG0015104	CmiSca	Cpl45	Ler44	Loc28		Xtr04
N0.HOG0015105	CmiSca	Cpl45	Ler44	Loc28		Xtr04
N0.HOG0015106	CmiSca	Cpl35	Ler32	Loc02		Xtr03
N0.HOG0015107	CmiSca	Cpl48		Loc02	GgaSca	Xtr03
N0.HOG0015108	CmiSca	Cpl48	LerSca	Loc02		Xtr03
N0.HOG0015109	CmiSca	Cpl48		Loc02	GgaSca	Xtr03
N0.HOG0015110	CmiSca	Cpl48		Loc02	GgaSca	Xtr03
N0.HOG0015111	CmiSca	Cpl48	LerSca	Loc02		Xtr03
N0.HOG0015112	CmiSca	Cpl48	LerSca	Loc02		Xtr03
N0.HOG0015113	CmiSca	Cpl48	LerSca	Loc02		
N0.HOG0015114	CmiSca		LerSca			
N0.HOG0015115	CmiSca	Cpl41	Ler38	Loc02	Gga38	
N0.HOG0015116	CmiSca	Cpl34	Ler30	Loc25		Xtr07
N0.HOG0015117	CmiSca	Cpl41	Ler38	Loc02		
N0.HOG0015118	CmiSca		LerSca	Loc24	Gga25	Xtr08
N0.HOG0015119	CmiSca	Cpl51		Loc24	Gga25	Xtr08
N0.HOG0015120	CmiSca					
N0.HOG0015121	CmiSca	Cpl37	Ler42			Xtr08
N0.HOG0015122	CmiSca	Cpl37	Ler42	LocSca		Xtr08
N0.HOG0015123	CmiSca	Cpl37	Ler42	LocSca		Xtr08
N0.HOG0015124	CmiSca	Cpl41	Ler38	Loc26		Xtr08
N0.HOG0015125	CmiSca	Cpl41	Ler38	Loc02		Xtr08
N0.HOG0015126	CmiSca	Cpl16		Loc27	Gga05	Xtr04
N0.HOG0015127	CmiSca	Cpl37	LerSca			Xtr08
N0.HOG0015128	CmiSca		LerSca	Loc24	Gga25	Xtr08
N0.HOG0015129	CmiSca	CplSca		Loc24	Gga25	Xtr08
N0.HOG0015130	CmiSca	Cpl41	Ler38	Loc02		Xtr08
N0.HOG0015131	CmiSca	Cpl12	Ler09	Loc07		Xtr08
N0.HOG0015132	CmiSca					Xtr08, Xtr05
N0.HOG0015133	CmiSca			Loc03, Loc02, Loc01		
N0.HOG0015134	CmiSca	Cpl41	Ler38	Loc02		Xtr08
N0.HOG0015135	CmiSca	Cpl41	Ler38	Loc02		Xtr08
N0.HOG0015136	CmiSca	Cpl41	Ler38		Gga38	Xtr08
N0.HOG0015137	CmiSca	Cpl43	Ler51	Loc02		Xtr03
N0.HOG0015138	CmiSca	Cpl06	Ler06	Loc03		Xtr02
N0.HOG0015139	CmiSca	Cpl08	Ler39		Gga30	Xtr03
N0.HOG0015140	CmiSca	Cpl08		Loc06	Gga30	Xtr03
N0.HOG0015141	CmiSca	Cpl39	Ler37			Xtr07
N0.HOG0015142	CmiSca		LerSca		GgaZ	Xtr09
N0.HOG0015143	CmiSca	Cpl42	Ler35		Gga22	Xtr03
N0.HOG0015144	CmiSca	Cpl45	LerSca	Loc28		Xtr04
N0.HOG0015145	CmiSca	Cpl41	Ler38	Loc02		Xtr08
N0.HOG0015146	CmiSca		LerSca	Loc24	Gga25	Xtr08
N0.HOG0015147	CmiSca	Cpl41	Ler38	Loc02		Xtr08
N0.HOG0015148	CmiSca	Cpl39	Ler35		Gga36	Xtr09
N0.HOG0015149	CmiSca	Cpl45	LerSca	Loc28		Xtr04
N0.HOG0015150	CmiSca	Cpl08	Ler39	Loc06		Xtr03
N0.HOG0015151	CmiSca	Cpl46, Cpl37		Loc09		
N0.HOG0015152	CmiSca	Cpl41	Ler38			
N0.HOG0015153		Cpl01	LerSca	Loc04	Gga04	Xtr01
N0.HOG0015154		Cpl01	LerSca	Loc02	Gga04	Xtr01
N0.HOG0015155		Cpl01	LerSca	Loc02	Gga04	Xtr01
N0.HOG0015156		Cpl01	LerSca	LocSca	Gga04	Xtr01
N0.HOG0015157		Cpl01	Ler01	Loc04	Gga04	Xtr01
N0.HOG0015158		Cpl01	Ler01	Loc02	GgaZ	Xtr01
N0.HOG0015159		Cpl31, Cpl01	Ler01	Loc02		Xtr08
N0.HOG0015160		Cpl01	Ler01	Loc02	GgaZ	Xtr01
N0.HOG0015161		Cpl01	Ler01	Loc06	Gga04	Xtr01
N0.HOG0015162		Cpl01	Ler01	Loc02	Gga04	Xtr01
N0.HOG0015163		Cpl02	LerSca	Loc02	GgaZ	Xtr01
N0.HOG0015164		Cpl02	LerSca	Loc02	GgaZ	Xtr01
N0.HOG0015165		Cpl02	LerSca	Loc02	GgaZ	Xtr01
N0.HOG0015166		Cpl02	Ler03	Loc02	GgaZ	Xtr01
N0.HOG0015167		Cpl02	Ler03	Loc02	GgaZ	Xtr01
N0.HOG0015168		Cpl02	Ler03	Loc02	GgaZ	Xtr01
N0.HOG0015169		Cpl02		Loc24		Xtr06
N0.HOG0015170		Cpl02	Ler03	Loc02	GgaZ	
N0.HOG0015171		Cpl02	Ler03	Loc02	GgaZ	Xtr01
N0.HOG0015172		Cpl03		Loc01	Gga03	Xtr05
N0.HOG0015173		Cpl03	Ler05	Loc16	Gga03	Xtr05
N0.HOG0015174		Cpl03	LerSca	Loc01	Gga09	Xtr08
N0.HOG0015175		Cpl03	Ler05	Loc01	Gga03	Xtr05
N0.HOG0015176		Cpl03	Ler04, Ler09, Ler17, Ler05			
N0.HOG0015177		Cpl03	Ler05	Loc01	Gga03	Xtr05
N0.HOG0015178		Cpl03	LerSca	Loc02	Gga04	Xtr01
N0.HOG0015179		Cpl04	Ler04	Loc09	Gga02	Xtr06
N0.HOG0015180		Cpl04	Ler04	Loc11	Gga02	Xtr06
N0.HOG0015181		Cpl04	Ler04	Loc09	Gga02	Xtr06
N0.HOG0015182		Cpl04	Ler04	Loc11	Gga02	Xtr06
N0.HOG0015183		Cpl04	LerSca	Loc11	Gga02	Xtr06
N0.HOG0015184		Cpl04, Cpl47	LerSca	Loc24		Xtr07
N0.HOG0015185		Cpl05	Ler02	Loc11	Gga02	Xtr06
N0.HOG0015186		Cpl05	Ler02	Loc11	Gga01	Xtr06
N0.HOG0015187		Cpl05	Ler02	Loc09	Gga02	Xtr06
N0.HOG0015188		Cpl06	Ler39	Loc12	Gga09	Xtr09
N0.HOG0015189		Cpl06	Ler06	Loc03	Gga01	Xtr02
N0.HOG0015190		Cpl06	Ler06	Loc17	Gga01	Xtr02
N0.HOG0015191		Cpl06	Ler45	Loc03	Gga01	Xtr02
N0.HOG0015192		Cpl06	Ler06	Loc03	Gga01	Xtr02
N0.HOG0015193		Cpl06	LerSca	Loc03	Gga01	Xtr02
N0.HOG0015194		Cpl06	Ler06	Loc17	Gga01	Xtr02
N0.HOG0015195		Cpl06	Ler06	Loc03	Gga01	Xtr02
N0.HOG0015196		Cpl06	Ler06	Loc03	Gga01	Xtr02
N0.HOG0015197		Cpl06	Ler06	Loc03	Gga01	Xtr02
N0.HOG0015198		Cpl06	Ler06	Loc15		Xtr02
N0.HOG0015199		Cpl07	Ler07	Loc12	Gga07	Xtr09
N0.HOG0015200		Cpl07	Ler07	Loc12	Gga07	Xtr09
N0.HOG0015201		Cpl07	Ler07	Loc12	Gga07	Xtr09
N0.HOG0015202		Cpl07	Ler07	Loc12	Gga07	Xtr09
N0.HOG0015203		Cpl07	Ler07	Loc12	Gga08	Xtr09
N0.HOG0015204		Cpl07	Ler07	Loc12	Gga07	Xtr09
N0.HOG0015205		Cpl07	LerSca	Loc12	Gga07	Xtr09
N0.HOG0015206		Cpl07	LerSca	Loc12	Gga07	Xtr09
N0.HOG0015207		Cpl08	LerSca	Loc24		Xtr07
N0.HOG0015208		Cpl08	Ler39	Loc06	Gga30	Xtr03
N0.HOG0015209		Cpl08	Ler39	Loc06		Xtr03
N0.HOG0015210		Cpl08	Ler39	Loc06		Xtr03
N0.HOG0015211		Cpl08	Ler39	Loc06	Gga17	Xtr03
N0.HOG0015212		Cpl08	Ler39	Loc06	Gga17	Xtr03
N0.HOG0015213		Cpl08	Ler39	Loc06	Gga30	Xtr03
N0.HOG0015214		Cpl08	Ler39		GgaZ	Xtr01, Xtr03
N0.HOG0015215		Cpl08	Ler39	Loc06	Gga30	Xtr03
N0.HOG0015216		Cpl08	Ler39	Loc06	Gga30	Xtr03
N0.HOG0015217		Cpl08	Ler39	Loc06	Gga30	Xtr03
N0.HOG0015218		Cpl08	Ler39	Loc06	Gga30	Xtr03
N0.HOG0015219		Cpl08	Ler39	Loc06	Gga30	Xtr03
N0.HOG0015220		Cpl09	Ler08	Loc01	Gga03	Xtr05
N0.HOG0015221		Cpl09	LerSca	LocSca	Gga03	Xtr05
N0.HOG0015222		Cpl09	LerSca	Loc01	Gga03	Xtr05
N0.HOG0015223		Cpl09	Ler08	Loc01	Gga03	Xtr05
N0.HOG0015224		Cpl09	Ler08	Loc01	Gga03	Xtr05
N0.HOG0015225		Cpl09	Ler08	Loc01	Gga03	Xtr05
N0.HOG0015226		Cpl09	Ler08	Loc01	Gga03	Xtr05
N0.HOG0015227		Cpl09	Ler08	LocSca	Gga03	Xtr05
N0.HOG0015228		Cpl09	Ler08	Loc01	Gga03	Xtr05
N0.HOG0015229		Cpl09	Ler08	Loc16	Gga03	Xtr05
N0.HOG0015230		Cpl09	Ler08	Loc16	Gga03	Xtr05
N0.HOG0015231		Cpl09	Ler08	Loc01	Gga03	Xtr05
N0.HOG0015232		Cpl09	Ler08	Loc01	Gga03	Xtr05
N0.HOG0015233		Cpl09	Ler08	Loc01	Gga03	Xtr05
N0.HOG0015234		Cpl09	Ler08	Loc01	Gga03	Xtr05
N0.HOG0015235		Cpl09	Ler08	Loc16	Gga03	Xtr05
N0.HOG0015236		Cpl09	Ler08	Loc14, Loc17		
N0.HOG0015237		Cpl09	LerSca	Loc16	Gga03	Xtr05
N0.HOG0015238		Cpl10	Ler09	Loc07	Gga05	Xtr08
N0.HOG0015239		Cpl10	Ler09	Loc07	Gga05	Xtr08
N0.HOG0015240		Cpl10	Ler09	Loc07	Gga05	Xtr08
N0.HOG0015241		Cpl10	Ler09	Loc07	Gga05	Xtr08
N0.HOG0015242		Cpl10	Ler09	Loc07	Gga05	Xtr08
N0.HOG0015243		Cpl10	Ler09	Loc07	Gga05	Xtr08
N0.HOG0015244		Cpl11	LerSca	Loc10	Gga08	Xtr04
N0.HOG0015245		Cpl11	LerSca	Loc10	Gga08	Xtr04
N0.HOG0015246		Cpl11	LerSca	Loc10	Gga08	Xtr04
N0.HOG0015247		Cpl11, Cpl37	LerSca		Gga16	Xtr08
N0.HOG0015248		Cpl11	Ler10	Loc10	Gga08	Xtr04
N0.HOG0015249		Cpl11	Ler10	Loc10	Gga08	Xtr04
N0.HOG0015250		Cpl11	Ler10	Loc10	Gga08	Xtr04
N0.HOG0015251		Cpl11	Ler10	Loc10	Gga08	Xtr04
N0.HOG0015252		Cpl12	Ler13	Loc17	Gga01	Xtr02
N0.HOG0015253		Cpl50, Cpl12				
N0.HOG0015254		Cpl12	Ler31	Loc09	Gga03	Xtr03
N0.HOG0015255		Cpl12	Ler13	Loc17	Gga01	Xtr02
N0.HOG0015256		Cpl12	Ler13	Loc17	Gga01	Xtr02
N0.HOG0015257		Cpl12	Ler13	Loc17	Gga01	Xtr02
N0.HOG0015258		Cpl12	Ler13	Loc17	Gga01	Xtr02
N0.HOG0015259		Cpl12	Ler13	Loc14	Gga01	Xtr02
N0.HOG0015260		Cpl12	Ler13	Loc03	Gga01	Xtr02
N0.HOG0015261		Cpl12	Ler13	Loc17	Gga01	Xtr02
N0.HOG0015262		Cpl12	Ler13	Loc17	Gga01	Xtr02
N0.HOG0015263		Cpl13	Ler14	Loc14	Gga09	Xtr05
N0.HOG0015264		Cpl13	Ler14	Loc14	Gga09	Xtr05
N0.HOG0015265		Cpl13	Ler14	Loc02		Xtr02
N0.HOG0015266		Cpl13	Ler14	Loc14	Gga09	Xtr05
N0.HOG0015267		Cpl13	Ler14	Loc14	Gga09	Xtr05
N0.HOG0015268		Cpl13, Cpl48	Ler51	Loc02		Xtr03
N0.HOG0015269		Cpl13	Ler14	Loc14	Gga09	Xtr05
N0.HOG0015270		Cpl13	Ler14	Loc14	Gga09	Xtr05
N0.HOG0015271		Cpl13	Ler14	Loc14		
N0.HOG0015272		Cpl14	Ler11	Loc06	Gga13	Xtr03
N0.HOG0015273		Cpl14	Ler11	Loc06	Gga13	Xtr03
N0.HOG0015274		Cpl14	Ler11	Loc06	Gga13	Xtr03
N0.HOG0015275		Cpl14	Ler11	Loc06	Gga13	Xtr03
N0.HOG0015276		Cpl14	Ler11	Loc06	Gga13	Xtr03
N0.HOG0015277		Cpl14	Ler11	Loc06	Gga13	Xtr03
N0.HOG0015278		Cpl14, Cpl37	LerSca			
N0.HOG0015279		Cpl15	Ler12	Loc07	Gga04	Xtr08
N0.HOG0015280		Cpl15	Ler12	Loc07	Gga04	Xtr08
N0.HOG0015281		Cpl15		Loc05	Gga04	Xtr08
N0.HOG0015282		Cpl15	Ler12			
N0.HOG0015283		Cpl15	Ler12	Loc07	Gga04	Xtr08
N0.HOG0015284		Cpl15	Ler12	Loc07	Gga04	Xtr08
N0.HOG0015285		Cpl15	Ler12	Loc07	Gga04	Xtr08
N0.HOG0015286		Cpl15	Ler12	Loc07	Gga04	Xtr08
N0.HOG0015287		Cpl15	Ler12	Loc07	Gga04	Xtr08
N0.HOG0015288		Cpl16	Ler18	Loc27	Gga05	Xtr04
N0.HOG0015289		Cpl16	Ler18	Loc27	Gga05	Xtr04
N0.HOG0015290		Cpl16	Ler18	LocSca	Gga05	Xtr04
N0.HOG0015291		Cpl16	Ler18	Loc27	Gga05	Xtr04
N0.HOG0015292		Cpl16	Ler18	Loc27	Gga05	Xtr04
N0.HOG0015293		Cpl16	LerSca	LocSca	Gga03	Xtr05
N0.HOG0015294		Cpl16	Ler18	Loc27	Gga05	Xtr04
N0.HOG0015295		Cpl16	Ler03	Loc02	GgaZ	Xtr01
N0.HOG0015296		Cpl16	Ler03	Loc02	GgaZ	Xtr01
N0.HOG0015297		Cpl17	Ler50	Loc23	Gga11	Xtr04
N0.HOG0015298		Cpl17	Ler17	Loc23	Gga11	Xtr04
N0.HOG0015299		Cpl17	Ler17			
N0.HOG0015300		Cpl17	Ler17	Loc23	Gga11	Xtr04
N0.HOG0015301		Cpl17	Ler17	Loc23	Gga11	Xtr04
N0.HOG0015302		Cpl18	Ler16			Xtr03
N0.HOG0015303		Cpl18	Ler16	Loc05	Gga11	Xtr04
N0.HOG0015304		Cpl18	Ler16	Loc05	Gga12	Xtr04
N0.HOG0015305		Cpl18	Ler16	Loc05	Gga12	Xtr03
N0.HOG0015306		Cpl18	Ler16	Loc05	Gga12	Xtr04
N0.HOG0015307		Cpl18	Ler16	Loc05	Gga12	Xtr04
N0.HOG0015308		Cpl19	Ler19	Loc08	Gga01	Xtr03
N0.HOG0015309		Cpl19	Ler19	Loc05		Xtr03
N0.HOG0015310		Cpl19	Ler19	Loc08	Gga01	Xtr03
N0.HOG0015311		Cpl19	Ler19	Loc16	Gga03	Xtr05
N0.HOG0015312		Cpl20	Ler21	Loc18	Gga20	Xtr10
N0.HOG0015313		Cpl20	Ler21	Loc18	Gga20	Xtr10
N0.HOG0015314		Cpl20	Ler21	Loc18	Gga20	Xtr10
N0.HOG0015315		Cpl20	Ler21	Loc18	Gga20	Xtr10
N0.HOG0015316		Cpl20	Ler21	Loc18	Gga20	Xtr10
N0.HOG0015317		Cpl20	Ler21	Loc18	Gga20	Xtr10
N0.HOG0015318		Cpl21	Ler20	Loc13	Gga14	Xtr09
N0.HOG0015319		Cpl21	Ler20	Loc13	GgaSca	Xtr07
N0.HOG0015320		Cpl21	Ler20	Loc13	Gga14	Xtr09
N0.HOG0015321		Cpl21	Ler20	Loc13	Gga14	Xtr09
N0.HOG0015322		Cpl21	Ler20	Loc13	Gga14	Xtr09
N0.HOG0015323		Cpl21	Ler20	Loc13	Gga14	Xtr09
N0.HOG0015324		Cpl21	Ler20	Loc13	Gga14	Xtr09
N0.HOG0015325		Cpl21	Ler20	Loc13	Gga14	Xtr09
N0.HOG0015326		Cpl21	Ler20	Loc13	Gga14	Xtr09
N0.HOG0015327		Cpl21	Ler20	Loc13	Gga14	Xtr09
N0.HOG0015328		Cpl21	Ler20	Loc13	Gga14	Xtr09
N0.HOG0015329		Cpl21	Ler20	Loc13	Gga14	Xtr09
N0.HOG0015330		Cpl21	Ler20	Loc13	Gga14	Xtr09
N0.HOG0015331		Cpl21	Ler20	Loc13	Gga14	Xtr09
N0.HOG0015332		Cpl21	Ler20	Loc13	Gga14	Xtr09
N0.HOG0015333		Cpl22	Ler15		Gga06	Xtr07
N0.HOG0015334		Cpl22	Ler15	Loc05	Gga06	Xtr07
N0.HOG0015335		Cpl22	Ler15	Loc05	Gga06	Xtr07
N0.HOG0015336		Cpl22	Ler15	Loc05	Gga06	Xtr07
N0.HOG0015337		Cpl22	Ler15	Loc05	Gga06	Xtr07
N0.HOG0015338		Cpl22	Ler15	Loc05	Gga06	Xtr07
N0.HOG0015339		Cpl22	Ler15	Loc05	Gga06	Xtr07
N0.HOG0015340		Cpl23	Ler22	Loc08	Gga01	Xtr03
N0.HOG0015341		Cpl23	Ler22	Loc08	Gga01	Xtr03
N0.HOG0015342		Cpl23	Ler22	Loc08	Gga01	Xtr03
N0.HOG0015343		Cpl23	Ler22	Loc08	GgaSca	Xtr03
N0.HOG0015344		Cpl24	Ler23	Loc10	Gga18	Xtr10
N0.HOG0015345		Cpl24	Ler12	Loc07	Gga04	Xtr08
N0.HOG0015346		Cpl24	Ler23	Loc10	Gga18	Xtr10
N0.HOG0015347		Cpl24	LerSca	Loc10	Gga18	Xtr10
N0.HOG0015348		Cpl24	Ler23	Loc10	Gga18	Xtr10
N0.HOG0015349		Cpl25	Ler25	Loc20		Xtr01
N0.HOG0015350		Cpl25	Ler25	Loc20	Gga15	Xtr01
N0.HOG0015351		Cpl25	Ler25	Loc20	Gga15	Xtr01
N0.HOG0015352		Cpl26	Ler24	Loc03	Gga26	Xtr02
N0.HOG0015353		Cpl26	Ler24	Loc03	Gga26	Xtr02
N0.HOG0015354		Cpl26	Ler19	Loc08	Gga01	Xtr03
N0.HOG0015355		Cpl27	Ler26	Loc06	Gga23	Xtr02
N0.HOG0015356		Cpl28	Ler28	Loc22	Gga19	Xtr02
N0.HOG0015357		Cpl28	Ler28	Loc22	Gga19	Xtr02
N0.HOG0015358		Cpl28	Ler28	Loc22	Gga19	Xtr02
N0.HOG0015359		Cpl28	Ler28	Loc22	Gga01	Xtr02
N0.HOG0015360		Cpl28	Ler28	Loc22	Gga19	Xtr02
N0.HOG0015361		Cpl28	Ler28	Loc22	Gga19	Xtr05
N0.HOG0015362		Cpl28	Ler28	Loc22	Gga19	Xtr02
N0.HOG0015363		Cpl28	Ler28	Loc22	Gga19	Xtr02
N0.HOG0015364		Cpl29	Ler02	Loc11	Gga02	Xtr06
N0.HOG0015365		Cpl29	Ler02	Loc09, Loc15		Xtr06
N0.HOG0015366		Cpl29	Ler02	Loc09	Gga02	Xtr06
N0.HOG0015367		Cpl30	Ler31	Loc21	Gga17	Xtr08
N0.HOG0015368		Cpl30	Ler10, Ler09, Ler07, Ler06			
N0.HOG0015369		Cpl30	Ler31	Loc21	Gga17	Xtr08
N0.HOG0015370		Cpl30	Ler31	Loc21	Gga17	Xtr08
N0.HOG0015371		Cpl31	Ler29	Loc19	Gga28	Xtr01
N0.HOG0015372		Cpl31	Ler29	Loc19	Gga28	Xtr01
N0.HOG0015373		Cpl31	Ler29	Loc19	Gga28	Xtr01
N0.HOG0015374		Cpl31	Ler29	Loc19	Gga28	Xtr01
N0.HOG0015375		Cpl31	Ler29	Loc19	Gga28	Xtr01
N0.HOG0015376		Cpl32	Ler01	Loc04	Gga04	Xtr01
N0.HOG0015377		Cpl32	Ler01	Loc04		Xtr01
N0.HOG0015378		Cpl32	Ler01	Loc04	Gga04	Xtr01
N0.HOG0015379		Cpl32	Ler01	LocSca	Gga04	Xtr01
N0.HOG0015380		Cpl33	Ler27	Loc15	Gga27	Xtr10
N0.HOG0015381		Cpl33	Ler02	Loc15		Xtr10
N0.HOG0015382		Cpl33	Ler27	Loc15	Gga27	Xtr10
N0.HOG0015383		Cpl33	Ler27	Loc15	Gga27	Xtr10
N0.HOG0015384		Cpl34		Loc06		Xtr03
N0.HOG0015385		Cpl34	Ler30	Loc25	Gga21	Xtr07
N0.HOG0015386		Cpl34	Ler30	Loc25	Gga21	Xtr07
N0.HOG0015387		Cpl34	Ler30	Loc25	Gga21	Xtr07
N0.HOG0015388		Cpl34	Ler30		Gga21	Xtr07
N0.HOG0015389		Cpl34	Ler30	Loc25	Gga21	Xtr07
N0.HOG0015390		Cpl35	Ler32	Loc26	Gga24	Xtr07
N0.HOG0015391		Cpl35	Ler32	Loc26	Gga24	Xtr07
N0.HOG0015392		Cpl35	Ler32	Loc26	Gga24	Xtr07
N0.HOG0015393		Cpl35	Ler32	Loc26	Gga24	Xtr07
N0.HOG0015394		Cpl35	Ler32	Loc26	Gga24	Xtr07
N0.HOG0015395		Cpl35	Ler32	Loc26	Gga24	Xtr07
N0.HOG0015396		Cpl35	Ler32	Loc26	Gga24	Xtr07
N0.HOG0015397		Cpl35	Ler32	Loc26	Gga09	Xtr08
N0.HOG0015398		Cpl35	Ler32	Loc26	Gga24	Xtr07
N0.HOG0015399		Cpl37	LerSca	Loc14	Gga09	Xtr08
N0.HOG0015400		Cpl37	LerSca			
N0.HOG0015401		Cpl37	LerSca	Loc29	Gga26	Xtr08
N0.HOG0015402		Cpl37	LerSca	Loc01	Gga16	Xtr08
N0.HOG0015403		Cpl37	LerSca	Loc09		Xtr08
N0.HOG0015404		Cpl37	LerSca	LocSca		Xtr08
N0.HOG0015405		Cpl38	Ler34	Loc05	Gga06	Xtr07
N0.HOG0015406		Cpl39	Ler37	Loc27	Gga05	Xtr04
N0.HOG0015407		Cpl39	Ler37	Loc12	Gga01	Xtr04
N0.HOG0015408		Cpl39	Ler37	Loc12	Gga01	Xtr04
N0.HOG0015409		Cpl39	Ler37		Gga01	Xtr04
N0.HOG0015410		Cpl39	Ler37		Gga01	Xtr04
N0.HOG0015411		Cpl39	Ler37	Loc12	Gga01	Xtr04
N0.HOG0015412		Cpl39	Ler37	Loc12	Gga01	Xtr04
N0.HOG0015413		Cpl39	Ler37	Loc12	Gga01	Xtr04
N0.HOG0015414		Cpl39	LerSca	Loc01	GgaSca	Xtr08
N0.HOG0015415		Cpl40	LerSca	Loc07		Xtr07
N0.HOG0015416		Cpl41	Ler38	Loc02	Gga38	Xtr08
N0.HOG0015417		Cpl41		Loc02		Xtr08
N0.HOG0015418		Cpl45		Loc28		
N0.HOG0015419		Cpl41	Ler38	Loc02	Gga16	Xtr08
N0.HOG0015420		Cpl41		Loc02	Gga38	Xtr01, Xtr08
N0.HOG0015421		Cpl41	Ler38	Loc02	Gga38	Xtr08
N0.HOG0015422		Cpl41	Ler38	Loc02		Xtr08
N0.HOG0015423		Cpl41	Ler38	Loc02	Gga38	Xtr08
N0.HOG0015424		Cpl41	Ler38	Loc02	Gga38	Xtr08
N0.HOG0015425		Cpl41	Ler38	Loc02	Gga11	Xtr08
N0.HOG0015426		Cpl42	Ler35	Loc01	Gga22	Xtr03
N0.HOG0015427		Cpl42	Ler35	Loc01	Gga22	Xtr03
N0.HOG0015428		Cpl42	Ler35	Loc01	Gga22	Xtr03
N0.HOG0015429		Cpl42	Ler35	Loc01	Gga22	Xtr03
N0.HOG0015430		Cpl42	Ler35	Loc01	Gga22	Xtr03
N0.HOG0015431		Cpl42	Ler35	Loc01	Gga22	Xtr03
N0.HOG0015432		Cpl42	Ler35	Loc01	Gga22	Xtr03
N0.HOG0015433		Cpl42	Ler35	Loc01	Gga22	Xtr03
N0.HOG0015434		Cpl42	Ler40	Loc04	Gga34	Xtr02
N0.HOG0015435		Cpl42	Ler40	Loc04	Gga34	Xtr02
N0.HOG0015436		Cpl43	Ler40		Gga34	Xtr02
N0.HOG0015437		Cpl43	Ler40	Loc04	Gga34	Xtr02
N0.HOG0015438		Cpl43	Ler40	Loc04	Gga34	Xtr02
N0.HOG0015439		Cpl43	Ler40	Loc04	Gga34	Xtr02
N0.HOG0015440		Cpl44	Ler15			
N0.HOG0015441		Cpl44	Ler05	LocSca		Xtr01
N0.HOG0015442		Cpl45	LerSca	Loc28	Gga39	Xtr04
N0.HOG0015443		Cpl45	LerSca	Loc28	Gga39	Xtr04
N0.HOG0015444		Cpl45	LerSca	Loc07	Gga39	Xtr04
N0.HOG0015445		Cpl45	LerSca	Loc28		Xtr04
N0.HOG0015446		Cpl45	LerSca	Loc28	Gga39	Xtr04
N0.HOG0015447		Cpl45	Ler02, Ler32, Ler44			Xtr04
N0.HOG0015448		Cpl45	LerSca	Loc02		Xtr04, Xtr05
N0.HOG0015449		Cpl47	LerSca	Loc24		
N0.HOG0015450		Cpl48	LerSca	Loc02	GgaSca	Xtr03
N0.HOG0015451		Cpl48	LerSca	Loc02	GgaSca	Xtr03
N0.HOG0015452		Cpl51	LerSca	Loc24	Gga25	Xtr08
N0.HOG0015453		Cpl51	LerSca	Loc24	Gga25	Xtr08
N0.HOG0015454		Cpl51	LerSca	Loc24	Gga25	Xtr08
N0.HOG0015455		Cpl51	LerSca	Loc24	Gga25	Xtr08
N0.HOG0015456		Cpl51	LerSca	Loc24	Gga25	Xtr08
N0.HOG0015457		Cpl51		Loc24	Gga25	Xtr08
N0.HOG0015458		Cpl51	LerSca	Loc24	Gga25	Xtr08
N0.HOG0015459		Cpl51	LerSca	Loc24	Gga25	Xtr08
N0.HOG0015460		Cpl51	LerSca	Loc24	Gga25	Xtr08
N0.HOG0015461		Cpl51	LerSca	Loc24	Gga25	Xtr08
N0.HOG0015462		Cpl51	LerSca	Loc24	Gga25	Xtr08
N0.HOG0015463		Cpl51	LerSca	Loc24	Gga25	Xtr08
N0.HOG0015464		CplSca	Ler24, Ler16, Ler22			
N0.HOG0015465		CplSca	Ler16	Loc05	Gga12	Xtr04
N0.HOG0015466		CplSca		Loc24	Gga25	Xtr08
N0.HOG0015467		CplSca	Ler14	Loc14	Gga09	Xtr05
N0.HOG0015468		CplSca	LerSca	Loc24	Gga25	Xtr08
N0.HOG0015469		CplSca	Ler08	Loc16	Gga03	Xtr05
N0.HOG0015470		CplSca	Ler40	Loc04	Gga34	Xtr02
N0.HOG0015471		CplSca	Ler15	LocSca	Gga35	Xtr01
N0.HOG0015472		CplSca		Loc24		Xtr07
N0.HOG0015473		CplSca	LerSca	Loc28	Gga39	Xtr08
N0.HOG0015474		CplSca	LerSca		Gga01	Xtr07
N0.HOG0015475		CplSca	LerSca	Loc26	Gga01	Xtr07
N0.HOG0015476		CplSca	Ler24	Loc03	Gga26	Xtr02
N0.HOG0015477		CplSca	Ler09	Loc05	Gga31	Xtr07
N0.HOG0015478		CplSca		Loc09	Gga05	Xtr07
N0.HOG0015479		CplSca	LerSca	Loc02	GgaSca	Xtr03
N0.HOG0015480		CplSca	LerSca	Loc02	GgaSca	Xtr03
N0.HOG0015481		CplSca	Ler24	LocSca	Gga25	Xtr08
N0.HOG0015482		CplSca	LerSca	Loc03	Gga01	Xtr02
N0.HOG0015483		CplSca	LerSca	Loc24	Gga25	Xtr08
N0.HOG0015484		CplSca	LerSca	Loc02	GgaZ	Xtr01
N0.HOG0015485		CplSca	LerSca	Loc24	GgaSca	Xtr07
N0.HOG0015486		CplSca	LerSca	Loc24	Gga25	Xtr08
N0.HOG0015487		CplSca	LerSca		GgaSca	Xtr07
N0.HOG0015488		CplSca	LerSca	Loc09	Gga02	Xtr06
N0.HOG0015489		CplSca	LerSca	Loc16	Gga03	Xtr05
N0.HOG0015490		CplSca	LerSca	Loc24	Gga25	Xtr08
N0.HOG0015491		CplSca	LerSca		Gga25	Xtr08
N0.HOG0015492		CplSca		Loc24, Loc26	Gga01	Xtr07
N0.HOG0015493		CplSca	LerSca	Loc02	GgaZ	Xtr01
N0.HOG0015494		CplSca	LerSca	Loc26	Gga07	Xtr09
N0.HOG0015495		CplSca	LerSca	Loc24	Gga25	Xtr08
N0.HOG0015496		CplSca		Loc24	Gga19	Xtr07
N0.HOG0015497		CplSca		Loc28	Gga38	Xtr04
N0.HOG0015498		CplSca				Xtr07
N0.HOG0015499		CplSca	LerSca	Loc22	Gga24	
N0.HOG0015500		CplSca	Ler24	Loc05	Gga25	Xtr08
N0.HOG0015501			Ler37	Loc12	Gga01	Xtr04
N0.HOG0015502					Gga01	Xtr02
N0.HOG0015503					Gga04, Gga01	Xtr02, Xtr08
N0.HOG0015504					Gga01	
N0.HOG0015505					Gga06, Gga10	
N0.HOG0015506			Ler17	Loc23	Gga11	Xtr06, Xtr04
N0.HOG0015507				Loc05	Gga06, Gga13	Xtr07, Xtr03
N0.HOG0015508				Loc13	Gga14	Xtr09
N0.HOG0015509					Gga15	Xtr01
N0.HOG0015510			Ler38	Loc10	Gga18	Xtr10, Xtr07
N0.HOG0015511					Gga18	Xtr10
N0.HOG0015512			Ler04	Loc11	Gga02	Xtr06
N0.HOG0015513					Gga20	Xtr10
N0.HOG0015514			Ler02, Ler16, Ler22	Loc08	Gga20	
N0.HOG0015515			LerSca	Loc24	Gga25	Xtr08
N0.HOG0015516			Ler24	Loc24	Gga25	Xtr08
N0.HOG0015517				Loc05	Gga25	Xtr08
N0.HOG0015518			Ler24	Loc28	Gga25	Xtr08
N0.HOG0015519			Ler24	Loc03	Gga26	Xtr02
N0.HOG0015520					Gga03	Xtr05
N0.HOG0015521			Ler08, Ler09	Loc28	Gga39	Xtr05
N0.HOG0015522				Loc02	Gga06, Gga04	
N0.HOG0015523					Gga04	Xtr04
N0.HOG0015524				LocSca	Gga05	Xtr01, Xtr03
N0.HOG0015525			LerSca		Gga07	Xtr09
N0.HOG0015526					GgaZ	
N0.HOG0015527			Ler01			
N0.HOG0015528			Ler28			
N0.HOG0015529			LerSca			
N0.HOG0015530			Ler04, Ler07, Ler25			
N0.HOG0015531			Ler11			
N0.HOG0015532			Ler02, Ler01, Ler10			
N0.HOG0015533			Ler01			
N0.HOG0015534			Ler11, Ler15			
N0.HOG0015535			Ler04, Ler11, Ler02			
N0.HOG0015536			Ler01, Ler27, Ler11, Ler23, Ler17			
N0.HOG0015537			Ler03, Ler11, Ler04, Ler05			
N0.HOG0015538			Ler15, Ler12, Ler09, Ler24			
N0.HOG0015539			Ler13, Ler12, Ler14, Ler18			
N0.HOG0015540			Ler26, Ler12, Ler18, Ler09, Ler17			
N0.HOG0015541			Ler01			
N0.HOG0015542			Ler08, Ler13, Ler14, Ler02			
N0.HOG0015543			Ler08, Ler13, Ler02, Ler06			
N0.HOG0015544			LerSca	Loc05		Xtr07
N0.HOG0015545			Ler01, Ler31, Ler14, Ler18, Ler04			
N0.HOG0015546			Ler15, Ler03, Ler04, Ler17, Ler06			
N0.HOG0015547			Ler26, Ler15, Ler01, Ler05, Ler06			
N0.HOG0015548			Ler26, Ler15, Ler24, Ler08			
N0.HOG0015549			Ler15, Ler01, Ler29, Ler33, Ler19			
N0.HOG0015550			LerSca			
N0.HOG0015551			Ler28, Ler03, Ler04, Ler17, Ler16			
N0.HOG0015552			Ler20, Ler16, Ler22			Xtr03
N0.HOG0015553			Ler07, Ler16, Ler22	Loc03		Xtr08
N0.HOG0015554			Ler08, Ler01, Ler17			
N0.HOG0015555			Ler04, Ler27, Ler03, Ler18			
N0.HOG0015556			Ler02, Ler01			
N0.HOG0015557			Ler03, Ler02, Ler23, Ler19			
N0.HOG0015558			Ler03, Ler01			
N0.HOG0015559			Ler03, Ler07, Ler01, Ler09			
N0.HOG0015560			Ler01, Ler30, Ler04, Ler23, Ler06			
N0.HOG0015561			Ler20			Xtr05
N0.HOG0015562			Ler20			
N0.HOG0015563			Ler22, Ler04, Ler07, Ler09, Ler06			
N0.HOG0015564			Ler25			
N0.HOG0015565			Ler38, Ler09	Loc02		Xtr05
N0.HOG0015566			Ler03			
N0.HOG0015567			Ler04			Xtr09, Xtr05
N0.HOG0015568			Ler51	Loc14, Loc02		Xtr03, Xtr05
N0.HOG0015569				Loc12, Loc01		
N0.HOG0015570				Loc01		
N0.HOG0015571				Loc01, Loc04, Loc07		
N0.HOG0015572				Loc12, Loc26, Loc02, Loc15		
N0.HOG0015573				Loc14, Loc02		
N0.HOG0015574				Loc14		
N0.HOG0015575				Loc16, Loc25		Xtr07
N0.HOG0015576				Loc02		
N0.HOG0015577				Loc02		Xtr03
N0.HOG0015578				Loc21, Loc02		
N0.HOG0015579				Loc24		Xtr08
N0.HOG0015580				Loc29, Loc06		
N0.HOG0015581				Loc03		Xtr02
N0.HOG0015582				Loc05		
N0.HOG0015583				Loc06		
N0.HOG0015584				Loc06		Xtr01
N0.HOG0015585				LocSca		
N0.HOG0015586				LocSca		
N0.HOG0015587				LocSca		
N0.HOG0015588						Xtr06, Xtr01, Xtr03, Xtr09
N0.HOG0015589						Xtr01, Xtr06, Xtr07, Xtr04
N0.HOG0015590						Xtr06, Xtr05, Xtr09, Xtr01, Xtr04
N0.HOG0015591						Xtr01
N0.HOG0015592						Xtr10, Xtr08
N0.HOG0015593						Xtr06, Xtr10, Xtr08, Xtr05
N0.HOG0015594						Xtr02, Xtr06, Xtr07, Xtr05
N0.HOG0015595						Xtr02, Xtr05
N0.HOG0015596						Xtr08, Xtr03
N0.HOG0015597						Xtr06, Xtr03, Xtr09
N0.HOG0015598						Xtr03
N0.HOG0015599						Xtr07, Xtr08, Xtr03
N0.HOG0015600						Xtr06, Xtr03
N0.HOG0015601						Xtr03
N0.HOG0015602						Xtr08, Xtr04, Xtr05
N0.HOG0015603						Xtr06
N0.HOG0015604						Xtr07, Xtr08
N0.HOG0015605						Xtr07
N0.HOG0015606						Xtr07
N0.HOG0015607						Xtr08
N0.HOG0015608						Xtr08
N0.HOG0015609						Xtr08
N0.HOG0015610						Xtr09
N0.HOG0015611						Xtr09
N0.HOG0015612	Cmi01	Cpl32	Ler07, Ler01			
N0.HOG0015613	Cmi01			Loc02	Gga04	Xtr01
N0.HOG0015614	Cmi01		Ler01		Gga18	Xtr03
N0.HOG0015615	Cmi01		Ler03	Loc02		Xtr01
N0.HOG0015616	Cmi01			Loc02	Gga04	Xtr01
N0.HOG0015617	Cmi01	Cpl01			Gga04	Xtr01
N0.HOG0015618	Cmi01	Cpl01	Ler01			
N0.HOG0015619	Cmi01	Cpl01	Ler01	Loc04		
N0.HOG0015620	Cmi01	Cpl32	Ler01	Loc04		
N0.HOG0015621	Cmi01	Cpl32	Ler01		Gga04	
N0.HOG0015622	Cmi01	CplSca	Ler01			Xtr01
N0.HOG0015623	Cmi01	Cpl01	Ler01			Xtr01
N0.HOG0015624	Cmi01	Cpl01	Ler01	Loc02		
N0.HOG0015625	Cmi01	Cpl01	Ler01		Gga04	
N0.HOG0015626	Cmi01	Cpl01	Ler01			Xtr01
N0.HOG0015627	Cmi01	Cpl01	Ler01			Xtr01
N0.HOG0015628	Cmi01	Cpl01	LerSca	Loc04		
N0.HOG0015629	Cmi01	Cpl01	LerSca	Loc04		
N0.HOG0015630	Cmi01	Cpl01		Loc04		Xtr01
N0.HOG0015631	Cmi01			Loc04	Gga04	Xtr01
N0.HOG0015632	Cmi01	Cpl32		Loc04		Xtr01
N0.HOG0015633	Cmi01	Cpl02	Ler03	Loc04		
N0.HOG0015634	Cmi01	Cpl02	Ler03	Loc09		
N0.HOG0015635	Cmi01	Cpl02	Ler03	Loc02		
N0.HOG0015636	Cmi01	Cpl02	Ler03			
N0.HOG0015637	Cmi01	Cpl02		Loc02		Xtr01
N0.HOG0015638	Cmi01	Cpl02			GgaZ	Xtr01
N0.HOG0015639	Cmi01	Cpl02			GgaZ	Xtr01
N0.HOG0015640	Cmi01	Cpl02	Ler03	Loc02		
N0.HOG0015641	Cmi01	Cpl02		Loc02		
N0.HOG0015642	Cmi01	Cpl02		Loc02		Xtr01
N0.HOG0015643	Cmi01			Loc19	GgaZ	Xtr01
N0.HOG0015644	Cmi01		Ler03	Loc02		Xtr01
N0.HOG0015645	Cmi01	Cpl02	Ler03	Loc02		
N0.HOG0015646	Cmi01	Cpl01	Ler01	Loc02		
N0.HOG0015647	Cmi01	Cpl01			GgaZ	Xtr01
N0.HOG0015648	Cmi01	Cpl01	Ler01	Loc02		
N0.HOG0015649	Cmi01		Ler03		GgaZ	Xtr01
N0.HOG0015650	Cmi01			Loc02	GgaZ	Xtr01
N0.HOG0015651	Cmi02		Ler02		Gga02	Xtr06
N0.HOG0015652	Cmi02			Loc09	Gga02	Xtr06
N0.HOG0015653	Cmi02	Cpl05	Ler02			Xtr06
N0.HOG0015654	Cmi02	Cpl29	Ler02	Loc09		
N0.HOG0015655	Cmi02	Cpl29	Ler02			Xtr04
N0.HOG0015656	Cmi02	Cpl29	Ler02	Loc11		
N0.HOG0015657	Cmi02	Cpl29	Ler02	LocSca		
N0.HOG0015658	Cmi02	Cpl29		Loc11	Gga02	
N0.HOG0015659	Cmi02			Loc23	Gga11	Xtr04
N0.HOG0015660	Cmi02		Ler02	Loc11		Xtr06
N0.HOG0015661	Cmi02			Loc11	Gga02	Xtr06
N0.HOG0015662	Cmi02		Ler02	Loc11	Gga02	
N0.HOG0015663	Cmi02	Cpl05	Ler02	Loc11		
N0.HOG0015664	Cmi02	Cpl05		Loc11		Xtr10
N0.HOG0015665	Cmi02	Cpl05		Loc11	Gga02	
N0.HOG0015666	Cmi02	Cpl05	Ler02	Loc11		
N0.HOG0015667	Cmi02	Cpl05	Ler02	Loc09		
N0.HOG0015668	Cmi02		Ler02	Loc11		Xtr06
N0.HOG0015669	Cmi02			Loc09	Gga02	Xtr06
N0.HOG0015670	Cmi02	Cpl04	Ler04			
N0.HOG0015671	Cmi03, Cmi02		Ler04			
N0.HOG0015672	Cmi02			Loc11	Gga02	Xtr06
N0.HOG0015673	Cmi02	Cpl04	Ler04	Loc11		
N0.HOG0015674	Cmi02	Cpl04	Ler04	Loc09		
N0.HOG0015675	Cmi02				Gga02	Xtr06
N0.HOG0015676	Cmi02	Cpl04	Ler04	Loc09		
N0.HOG0015677	Cmi02			Loc11	Gga02	Xtr06
N0.HOG0015678	Cmi02			Loc09	Gga02	Xtr06
N0.HOG0015679	Cmi02			Loc09	Gga02	Xtr06
N0.HOG0015680	Cmi02	Cpl04	Ler04	Loc11		
N0.HOG0015681	Cmi02			Loc09	Gga02	Xtr06
N0.HOG0015682	Cmi02	Cpl04	Ler04			
N0.HOG0015683	Cmi02		Ler04	Loc11		Xtr06
N0.HOG0015684	Cmi02	Cpl05	Ler02	Loc11		
N0.HOG0015685	Cmi02		Ler04	Loc09	Gga02	
N0.HOG0015686	Cmi02	Cpl04	Ler04	Loc09		
N0.HOG0015687	Cmi02	Cpl04		Loc11		Xtr06
N0.HOG0015688	Cmi03	Cpl09	Ler08	Loc01		
N0.HOG0015689	Cmi03	Cpl03	Ler05	Loc01		
N0.HOG0015690	Cmi03	Cpl03	Ler05	Loc01		
N0.HOG0015691	Cmi03	Cpl03	Ler05			Xtr05
N0.HOG0015692	Cmi03	Cpl03	Ler05	Loc01		
N0.HOG0015693	Cmi03	Cpl03	Ler05	Loc01		
N0.HOG0015694	Cmi03			Loc01	Gga03	Xtr05
N0.HOG0015695	Cmi03	Cpl03		Loc01		Xtr05
N0.HOG0015696	Cmi03			Loc01	Gga03	Xtr05
N0.HOG0015697	Cmi03			Loc01	Gga03	Xtr05
N0.HOG0015698	Cmi03	Cpl09	Ler08		Gga03	
N0.HOG0015699	Cmi03, Cmi12	Cpl18	Ler16			
N0.HOG0015700	Cmi03		Ler08, Ler09			Xtr08
N0.HOG0015701	Cmi03	Cpl09	Ler08	Loc08		
N0.HOG0015702	Cmi03	Cpl09		Loc16		Xtr05
N0.HOG0015703	Cmi03	Cpl09	Ler08	Loc13		
N0.HOG0015704	Cmi03	Cpl09	Ler08			
N0.HOG0015705	Cmi03		Ler08	Loc01	Gga03	
N0.HOG0015706	Cmi03	Cpl09	Ler08			
N0.HOG0015707	Cmi03	Cpl09	Ler08			Xtr09
N0.HOG0015708	Cmi03	Cpl09		Loc16	Gga03	
N0.HOG0015709	Cmi03	Cpl09		Loc16		Xtr05
N0.HOG0015710	Cmi03	Cpl03	Ler05	Loc16		
N0.HOG0015711	Cmi03		Ler08	Loc16		Xtr05
N0.HOG0015712	Cmi03	Cpl09	Ler08	Loc16		
N0.HOG0015713	Cmi03			Loc01	Gga03	
N0.HOG0015714	Cmi03	Cpl03			Gga03	Xtr05
N0.HOG0015715	Cmi03		Ler08	Loc01		Xtr05
N0.HOG0015716	Cmi04			Loc03	Gga01	Xtr02
N0.HOG0015717	Cmi04	Cpl12	Ler13	Loc17		
N0.HOG0015718	Cmi04	Cpl12		Loc17	Gga01	
N0.HOG0015719	Cmi04	Cpl12	Ler13	Loc17		
N0.HOG0015720	Cmi04	Cpl12	Ler13			Xtr02
N0.HOG0015721	Cmi04			Loc14	Gga01	Xtr02
N0.HOG0015722	Cmi04			Loc17	Gga01	Xtr02
N0.HOG0015723	Cmi04	Cpl12		Loc03, Loc26		
N0.HOG0015724	Cmi04	Cpl12	Ler13		Gga01	
N0.HOG0015725	Cmi04	Cpl12	Ler13			Xtr02
N0.HOG0015726	Cmi26, Cmi04	Cpl40	Ler36			
N0.HOG0015727	Cmi04	CplSca	Ler13	Loc17		
N0.HOG0015728	Cmi04	CplSca	Ler13	Loc07		
N0.HOG0015729	Cmi04			Loc17	Gga01	Xtr02
N0.HOG0015730	Cmi04		Ler06		Gga01	Xtr02
N0.HOG0015731	Cmi04			Loc17	Gga01	
N0.HOG0015732	Cmi04			Loc17	Gga01	Xtr02
N0.HOG0015733	Cmi04			Loc03	Gga01	Xtr02
N0.HOG0015734	Cmi04	Cpl12, Cpl48	Ler13			
N0.HOG0015735	Cmi04	Cpl12	Ler13	Loc17		
N0.HOG0015736	Cmi04			Loc17	Gga01	Xtr02
N0.HOG0015737	Cmi04			Loc17	Gga01	Xtr02
N0.HOG0015738	Cmi04	Cpl06	Ler06		Gga01	
N0.HOG0015739	Cmi04	Cpl06		Loc03		Xtr02
N0.HOG0015740	Cmi04	Cpl06	Ler06			
N0.HOG0015741	Cmi04	Cpl06	Ler06		Gga01	
N0.HOG0015742	Cmi04	Cpl06	Ler06	LocSca		
N0.HOG0015743	Cmi04	Cpl06	Ler06		Gga01	
N0.HOG0015744	Cmi04	Cpl06	Ler06	Loc03		
N0.HOG0015745	Cmi17, Cmi11, Cmi04, Cmi30					
N0.HOG0015746	Cmi04	Cpl13	Ler45			
N0.HOG0015747	Cmi05	Cpl11		Loc10		Xtr04
N0.HOG0015748	Cmi05	Cpl11		Loc10		Xtr04
N0.HOG0015749	Cmi05			Loc10	Gga08	Xtr04
N0.HOG0015750	Cmi05	Cpl11	Ler10			Xtr04
N0.HOG0015751	Cmi05			Loc10	Gga08	Xtr04
N0.HOG0015752	Cmi05	Cpl11	Ler10		Gga08	
N0.HOG0015753	Cmi05	CplSca		Loc10		Xtr08
N0.HOG0015754	Cmi05	Cpl11	Ler10	Loc10		
N0.HOG0015755	Cmi05	Cpl11	Ler10		Gga08	
N0.HOG0015756	Cmi05			Loc10	Gga08	Xtr04
N0.HOG0015757	Cmi05	Cpl11	LerSca	Loc10		
N0.HOG0015758	Cmi05	Cpl11	Ler10	Loc10		
N0.HOG0015759	Cmi05	Cpl11	Ler10		Gga08	
N0.HOG0015760	Cmi05			Loc10	Gga08	Xtr04
N0.HOG0015761	Cmi05	Cpl23		Loc08		Xtr03
N0.HOG0015762	Cmi05	Cpl23		Loc08		Xtr03
N0.HOG0015763	Cmi05	Cpl19	Ler19			Xtr03
N0.HOG0015764	Cmi05	Cpl19		Loc08		Xtr03
N0.HOG0015765	Cmi05		Ler19	Loc08		Xtr03
N0.HOG0015766	Cmi05	Cpl19		Loc08		Xtr03
N0.HOG0015767	Cmi05	Cpl19	Ler19	Loc08		
N0.HOG0015768	Cmi05			Loc08	Gga01	Xtr03
N0.HOG0015769	Cmi05			Loc08	Gga01	Xtr03
N0.HOG0015770	Cmi05			Loc08	Gga01	Xtr03
N0.HOG0015771	Cmi05	Cpl19	Ler19	Loc08		
N0.HOG0015772	Cmi05		Ler19		Gga01	Xtr03
N0.HOG0015773	Cmi05	Cpl23	Ler22	Loc08		
N0.HOG0015774	Cmi05	Cpl23	Ler22			Xtr03
N0.HOG0015775	Cmi05	Cpl23	Ler22			
N0.HOG0015776	Cmi05			Loc08	Gga01	Xtr06
N0.HOG0015777	Cmi05	Cpl23		Loc04		
N0.HOG0015778	Cmi05	Cpl23	Ler22	Loc08		
N0.HOG0015779	Cmi06	Cpl07	Ler07			Xtr09
N0.HOG0015780	Cmi06		Ler07			
N0.HOG0015781	Cmi06	Cpl07	Ler07	Loc12		
N0.HOG0015782	Cmi06	Cpl07	Ler07	Loc12		
N0.HOG0015783	Cmi06	Cpl07	Ler07		Gga07	
N0.HOG0015784	Cmi06	Cpl07	Ler07	Loc12		
N0.HOG0015785	Cmi06	Cpl07	Ler07			
N0.HOG0015786	Cmi06	Cpl07	Ler07	Loc12		
N0.HOG0015787	Cmi06	Cpl07	Ler07	Loc12		
N0.HOG0015788	Cmi06	Cpl07		Loc12		Xtr09
N0.HOG0015789	Cmi06	Cpl07	Ler07			Xtr09
N0.HOG0015790	Cmi06	Cpl07	Ler07	Loc12		
N0.HOG0015791	Cmi07	Cpl22	Ler15			Xtr07
N0.HOG0015792	Cmi07	Cpl38	Ler34	Loc05		
N0.HOG0015793	Cmi07			Loc05	Gga06	Xtr07
N0.HOG0015794	Cmi07		Ler34	Loc05	Gga06	
N0.HOG0015795	Cmi07	Cpl38	Ler34	Loc05		
N0.HOG0015796	Cmi07	Cpl38	Ler34		Gga06	
N0.HOG0015797	Cmi07	Cpl38	Ler34	Loc05		
N0.HOG0015798	Cmi07	Cpl38	Ler34	Loc05		
N0.HOG0015799	Cmi07	Cpl38	Ler34	Loc05		
N0.HOG0015800	Cmi07					Xtr07
N0.HOG0015801	Cmi07			Loc05	Gga06	Xtr07
N0.HOG0015802	Cmi07	Cpl22	Ler15	Loc05		
N0.HOG0015803	Cmi07	Cpl38	Ler34	Loc05		
N0.HOG0015804	Cmi07	Cpl38	Ler34	Loc05		
N0.HOG0015805	Cmi07	Cpl38	Ler34	Loc05		
N0.HOG0015806	Cmi07	Cpl38	Ler34	Loc05		
N0.HOG0015807	Cmi07			Loc05	Gga06	Xtr07
N0.HOG0015808	Cmi07		Ler15		Gga06	Xtr07
N0.HOG0015809	Cmi07	Cpl22	Ler15	Loc05		
N0.HOG0015810	Cmi07	Cpl22	Ler15	Loc05		
N0.HOG0015811	Cmi08			Loc20	Gga15	Xtr01
N0.HOG0015812	Cmi08	Cpl25	Ler25			Xtr09
N0.HOG0015813	Cmi08	Cpl25	Ler25			Xtr01
N0.HOG0015814	Cmi08	Cpl25	Ler25	Loc20		
N0.HOG0015815	Cmi08	Cpl25	Ler25		Gga15	
N0.HOG0015816	Cmi08	Cpl25	Ler25			Xtr01
N0.HOG0015817	Cmi08			Loc20	Gga15	Xtr01
N0.HOG0015818	Cmi08	Cpl25	Ler25	Loc20		
N0.HOG0015819	Cmi08	Cpl06	Ler25			Xtr01
N0.HOG0015820	Cmi08	Cpl25	Ler25	Loc20		
N0.HOG0015821	Cmi08	Cpl30		Loc21		
N0.HOG0015822	Cmi08		Ler31	Loc21	Gga17	
N0.HOG0015823	Cmi08		Ler31	Loc21	Gga19	
N0.HOG0015824	Cmi08	Cpl03	Ler31	Loc21		
N0.HOG0015825	Cmi08	Cpl30		Loc21		Xtr08
N0.HOG0015826	Cmi08	Cpl30	Ler31	Loc21		
N0.HOG0015827	Cmi08		Ler03, Ler31	LocSca		
N0.HOG0015828	Cmi08	Cpl30		Loc21		Xtr08
N0.HOG0015829	Cmi09	Cpl10	Ler09	Loc07		
N0.HOG0015830	Cmi09	Cpl10		Loc07	Gga05	
N0.HOG0015831	Cmi09		Ler09		Gga05	Xtr08
N0.HOG0015832	Cmi09			Loc07	Gga05	Xtr08
N0.HOG0015833	Cmi09	Cpl10	Ler09	Loc07		
N0.HOG0015834	Cmi09	Cpl10			Gga05	Xtr08
N0.HOG0015835	Cmi09	Cpl10		Loc23	Gga11	
N0.HOG0015836	Cmi09	Cpl10	Ler09	Loc07		
N0.HOG0015837	Cmi09	CplSca				
N0.HOG0015838	Cmi09	Cpl10		Loc07		Xtr08
N0.HOG0015839	Cmi09	Cpl10	Ler09			
N0.HOG0015840	Cmi09	Cpl41	Ler38			Xtr08
N0.HOG0015841	Cmi09	Cpl41		Loc02		Xtr08
N0.HOG0015842	Cmi10	Cpl39	Ler28			Xtr02
N0.HOG0015843	Cmi10		Ler28	Loc22		Xtr09
N0.HOG0015844	Cmi10		Ler28	Loc24		
N0.HOG0015845	Cmi10			Loc24	Gga25	Xtr08
N0.HOG0015846	Cmi10	Cpl28	Ler28			Xtr02
N0.HOG0015847	Cmi10	Cpl28	Ler28			Xtr02
N0.HOG0015848	Cmi10	Cpl28	Ler28			Xtr02
N0.HOG0015849	Cmi10	Cpl28	Ler28	Loc22		
N0.HOG0015850	Cmi10		Ler28			Xtr02
N0.HOG0015851	Cmi10	Cpl28		Loc22		Xtr02
N0.HOG0015852	Cmi10	Cpl28	Ler28	Loc22		
N0.HOG0015853	Cmi10	Cpl28	Ler28	Loc22		
N0.HOG0015854	Cmi10		Ler28	Loc22		
N0.HOG0015855	Cmi10		Ler28, Ler01	Loc22		
N0.HOG0015856	Cmi10	Cpl27	Ler26	Loc22		
N0.HOG0015857	Cmi10	Cpl27	Ler26	Loc06		
N0.HOG0015858	Cmi10	Cpl27		Loc06		
N0.HOG0015859	Cmi10	Cpl27	Ler26	Loc06		
N0.HOG0015860	Cmi10			Loc06	Gga23	Xtr02
N0.HOG0015861	Cmi10	Cpl27	Ler26		Gga23	
N0.HOG0015862	Cmi10	Cpl27	Ler26	Loc06		
N0.HOG0015863	Cmi10	Cpl27	Ler26	Loc06		
N0.HOG0015864	Cmi10	Cpl27	Ler26	Loc06		
N0.HOG0015865	Cmi10	Cpl27	Ler26	Loc06		
N0.HOG0015866	Cmi10	Cpl27	Ler26	Loc06		
N0.HOG0015867	Cmi10	Cpl27	Ler26	Loc06		
N0.HOG0015868	Cmi10	Cpl27, Cpl11	Ler26			
N0.HOG0015869	Cmi11			Loc14	Gga09	Xtr05
N0.HOG0015870	Cmi11			Loc14	Gga09	Xtr05
N0.HOG0015871	Cmi11	Cpl13	Ler14			Xtr05
N0.HOG0015872	Cmi11			Loc14	Gga09	Xtr05
N0.HOG0015873	Cmi11	Cpl13	Ler14	Loc14		
N0.HOG0015874	Cmi11	Cpl13	Ler14	Loc14		
N0.HOG0015875	Cmi11	Cpl13		Loc14		Xtr05
N0.HOG0015876	Cmi11		Ler14	Loc14		Xtr05
N0.HOG0015877	Cmi11	Cpl13		Loc14		Xtr05
N0.HOG0015878	Cmi11	Cpl13	Ler14	Loc14		
N0.HOG0015879	Cmi11	Cpl13		Loc14		Xtr05
N0.HOG0015880	Cmi11	Cpl13	Ler14			Xtr05
N0.HOG0015881	Cmi11			Loc14	Gga01	Xtr07
N0.HOG0015882	Cmi12	Cpl18	Ler16	Loc05		
N0.HOG0015883	Cmi12	Cpl18	Ler16	Loc19		
N0.HOG0015884	Cmi12	Cpl37	LerSca			Xtr08
N0.HOG0015885	Cmi12	Cpl18	Ler16			Xtr04
N0.HOG0015886	Cmi12	Cpl18	Ler16	Loc05		
N0.HOG0015887	Cmi12			Loc05	Gga12	Xtr04
N0.HOG0015888	Cmi12	Cpl18	Ler16		Gga12	
N0.HOG0015889	Cmi12	Cpl18	Ler13, Ler16			
N0.HOG0015890	Cmi12	Cpl18	Ler16			Xtr04
N0.HOG0015891	Cmi12	Cpl18	Ler16			
N0.HOG0015892	Cmi12	Cpl18	Ler16	Loc14		
N0.HOG0015893	Cmi12		Ler05	Loc05		Xtr04
N0.HOG0015894	Cmi12			Loc05	Gga12	Xtr04
N0.HOG0015895	Cmi13	Cpl14	Ler11	Loc06		
N0.HOG0015896	Cmi13	Cpl14	Ler11	Loc06		
N0.HOG0015897	Cmi13	Cpl14	Ler11	Loc06		
N0.HOG0015898	Cmi13	Cpl14	Ler11	Loc06		
N0.HOG0015899	Cmi13	Cpl14	Ler11	Loc06		
N0.HOG0015900	Cmi13	Cpl14	Ler11	Loc06		
N0.HOG0015901	Cmi13	Cpl14		Loc06	Gga13	
N0.HOG0015902	Cmi13	Cpl14	Ler11			Xtr01
N0.HOG0015903	Cmi13	Cpl14			Gga13	Xtr03
N0.HOG0015904	Cmi13	Cpl14	Ler11			Xtr03
N0.HOG0015905	Cmi13	Cpl14	Ler11		Gga13	
N0.HOG0015906	Cmi13	Cpl50				
N0.HOG0015907	Cmi13	Cpl14	Ler11	Loc06		
N0.HOG0015908	Cmi13	Cpl14	Ler11			
N0.HOG0015909	Cmi13	Cpl14	Ler11	Loc06		
N0.HOG0015910	Cmi13	Cpl14	Ler11		Gga13	
N0.HOG0015911	Cmi13			Loc06	Gga13	Xtr03
N0.HOG0015912	Cmi13	Cpl14		Loc06	Gga13	
N0.HOG0015913	Cmi14			Loc01		
N0.HOG0015914	Cmi14	Cpl17	Ler17			Xtr04
N0.HOG0015915	Cmi14			Loc23	Gga11	Xtr04
N0.HOG0015916	Cmi14	Cpl17	Ler17			Xtr04
N0.HOG0015917	Cmi14	Cpl17	Ler17		Gga11	
N0.HOG0015918	Cmi14		Ler17	Loc23	Gga11	
N0.HOG0015919	Cmi14	Cpl17		Loc23		Xtr04
N0.HOG0015920	Cmi14	Cpl17			Gga11	Xtr04
N0.HOG0015921	Cmi14	Cpl17	Ler17	Loc23		
N0.HOG0015922	Cmi14					
N0.HOG0015923	Cmi14	Cpl17	Ler17	Loc23		
N0.HOG0015924	Cmi14	Cpl17	Ler17	Loc23		
N0.HOG0015925	Cmi15	Cpl15	Ler12	Loc07		
N0.HOG0015926	Cmi15	Cpl15	Ler12	Loc07		
N0.HOG0015927	Cmi15	Cpl15	Ler12			Xtr08
N0.HOG0015928	Cmi15	Cpl15	Ler12	Loc07		
N0.HOG0015929	Cmi15	Cpl15	Ler12	Loc07		
N0.HOG0015930	Cmi15			Loc07	Gga04	Xtr08
N0.HOG0015931	Cmi15	Cpl15	Ler12	Loc17		
N0.HOG0015932	Cmi15	Cpl15	Ler12	Loc07		
N0.HOG0015933	Cmi15	Cpl15		Loc07	Gga04	
N0.HOG0015934	Cmi15	Cpl15			Gga04	Xtr08
N0.HOG0015935	Cmi15	Cpl24	Ler12			Xtr08
N0.HOG0015936	Cmi15		Ler12	Loc07		Xtr08
N0.HOG0015937	Cmi15	Cpl15	Ler12		Gga01	
N0.HOG0015938	Cmi16			Loc13	Gga14	Xtr09
N0.HOG0015939	Cmi16		Ler20	Loc13	Gga14	
N0.HOG0015940	Cmi16	Cpl21			Gga14	Xtr09
N0.HOG0015941	Cmi16		Ler20	Loc13		Xtr09
N0.HOG0015942	Cmi16	Cpl21	Ler20			
N0.HOG0015943	Cmi16	Cpl21		Loc13		Xtr09
N0.HOG0015944	Cmi16	Cpl21	Ler20			Xtr09
N0.HOG0015945	Cmi17		Ler18	Loc27		Xtr04
N0.HOG0015946	Cmi17	Cpl16	Ler18	Loc27		
N0.HOG0015947	Cmi17	Cpl16		Loc27	Gga05	
N0.HOG0015948	Cmi17	Cpl16	Ler18	Loc27		
N0.HOG0015949	Cmi17	Cpl16	Ler18			Xtr04
N0.HOG0015950	Cmi17	Cpl16	Ler18	Loc04		
N0.HOG0015951	Cmi17	Cpl16	Ler18			Xtr04
N0.HOG0015952	Cmi17	Cpl16		Loc27		Xtr04
N0.HOG0015953	Cmi17	Cpl16	Ler18	Loc27		
N0.HOG0015954	Cmi17	Cpl16	Ler18	Loc27		
N0.HOG0015955	Cmi17	Cpl16	Ler18	Loc27		
N0.HOG0015956	Cmi17	Cpl16			Gga05	Xtr04
N0.HOG0015957	Cmi17	Cpl16	LerSca			Xtr04
N0.HOG0015958	Cmi17	Cpl16		Loc03		Xtr04
N0.HOG0015959	Cmi17		Ler24, Ler18			Xtr04
N0.HOG0015960	Cmi18	Cpl20	Ler21	Loc18		
N0.HOG0015961	Cmi18	Cpl20	Ler21	Loc18		
N0.HOG0015962	Cmi18	CplSca	Ler21	Loc18		
N0.HOG0015963	Cmi18	Cpl20	Ler21	Loc18		
N0.HOG0015964	Cmi18			Loc18		Xtr10
N0.HOG0015965	Cmi18			Loc18	Gga20	Xtr10
N0.HOG0015966	Cmi18			Loc18	Gga20	Xtr10
N0.HOG0015967	Cmi18	Cpl20	Ler21	Loc18		
N0.HOG0015968	Cmi18	Cpl20	Ler21	Loc18		
N0.HOG0015969	Cmi19	Cpl26	Ler24			Xtr02
N0.HOG0015970	Cmi19		Ler24	Loc03	Gga26	
N0.HOG0015971	Cmi19		Ler24	Loc03, Loc08		
N0.HOG0015972	Cmi19	Cpl26	Ler24		Gga26	
N0.HOG0015973	Cmi19			Loc03	Gga26	Xtr02
N0.HOG0015974	Cmi19	Cpl26	Ler24			
N0.HOG0015975	Cmi19	Cpl26	Ler24	Loc03		
N0.HOG0015976	Cmi19		Ler37	Loc03		Xtr02
N0.HOG0015977	Cmi19			Loc24	Gga25	Xtr08
N0.HOG0015978	Cmi19	Cpl26	Ler24			
N0.HOG0015979	Cmi19	Cpl26	Ler24	Loc03		
N0.HOG0015980	Cmi20	Cpl24	Ler23	Loc10		
N0.HOG0015981	Cmi20	Cpl24	Ler23	Loc10		
N0.HOG0015982	Cmi20	Cpl24	Ler23			Xtr10
N0.HOG0015983	Cmi20	Cpl24	Ler23	Loc10		
N0.HOG0015984	Cmi20	Cpl24	Ler23	Loc10		
N0.HOG0015985	Cmi20	CplSca			Gga18	Xtr10
N0.HOG0015986	Cmi20			Loc10	Gga18	Xtr10
N0.HOG0015987	Cmi20	Cpl24			Gga18	Xtr10
N0.HOG0015988	Cmi21	Cpl31	Ler29		Gga28	
N0.HOG0015989	Cmi21	Cpl31	Ler29			
N0.HOG0015990	Cmi21		Ler29	Loc19		Xtr01
N0.HOG0015991	Cmi21	Cpl31	Ler29	Loc19		
N0.HOG0015992	Cmi21	Cpl31			Gga28	Xtr01
N0.HOG0015993	Cmi21	Cpl31	Ler29	Loc19		
N0.HOG0015994	Cmi21	Cpl31	Ler29	Loc19		
N0.HOG0015995	Cmi21	CplSca	Ler29			
N0.HOG0015996	Cmi21	Cpl31	Ler29		Gga28	
N0.HOG0015997	Cmi21	Cpl31	Ler29			Xtr01
N0.HOG0015998	Cmi21			Loc19	Gga28	Xtr01
N0.HOG0015999	Cmi21	Cpl31	Ler29			
N0.HOG0016000	Cmi21	Cpl31	Ler29			
N0.HOG0016001	Cmi21	Cpl31		Loc19	Gga28	
N0.HOG0016002	Cmi21	Cpl31			Gga28	Xtr01
N0.HOG0016003	Cmi22	Cpl36	Ler33	Loc03		
N0.HOG0016004	Cmi22	Cpl32	Ler33	Loc03		
N0.HOG0016005	Cmi22		Ler33	Loc03		Xtr03
N0.HOG0016006	Cmi26, Cmi22			Loc03		Xtr03
N0.HOG0016007	Cmi22		Ler36	Loc03		Xtr03
N0.HOG0016008	Cmi22	Cpl40		Loc03		Xtr03
N0.HOG0016009	Cmi22	Cpl40			Gga10	Xtr03
N0.HOG0016010	Cmi22			Loc03	Gga10	Xtr03
N0.HOG0016011	Cmi22	Cpl40	Ler36	Loc03		
N0.HOG0016012	Cmi23	Cpl33	Ler27	Loc15		
N0.HOG0016013	Cmi23	Cpl33	Ler27	Loc15		
N0.HOG0016014	Cmi23	Cpl33	Ler27	Loc15		
N0.HOG0016015	Cmi23	Cpl33	Ler27			Xtr10
N0.HOG0016016	Cmi23	Cpl33	Ler27	Loc15		
N0.HOG0016017	Cmi23	Cpl33			Gga27	Xtr10
N0.HOG0016018	Cmi23	Cpl33		Loc15	Gga27	
N0.HOG0016019	Cmi23	Cpl33			Gga27	Xtr10
N0.HOG0016020	Cmi24	Cpl34		Loc25		Xtr07
N0.HOG0016021	Cmi24	Cpl34	Ler30	Loc25		
N0.HOG0016022	Cmi24	Cpl34	Ler30	Loc25		
N0.HOG0016023	Cmi24	Cpl34	Ler30	Loc25		
N0.HOG0016024	Cmi24	Cpl34		Loc21		Xtr08
N0.HOG0016025	Cmi24	Cpl34	Ler30		Gga21	
N0.HOG0016026	Cmi24	Cpl34	Ler30			Xtr07
N0.HOG0016027	Cmi24	Cpl34	Ler30		Gga21	
N0.HOG0016028	Cmi24	Cpl34	Ler30	Loc25		
N0.HOG0016029	Cmi25	Cpl35	Ler32			Xtr07
N0.HOG0016030	Cmi25	Cpl35	Ler32			Xtr07
N0.HOG0016031	Cmi25			Loc26	Gga24	Xtr07
N0.HOG0016032	Cmi25		Ler32	Loc26		Xtr07
N0.HOG0016033	Cmi26	Cpl36		Loc03	Gga10	
N0.HOG0016034	Cmi26	Cpl36	Ler33	Loc03		
N0.HOG0016035	Cmi26	Cpl36	Ler33	Loc03		
N0.HOG0016036	Cmi26			Loc03	Gga10	Xtr03
N0.HOG0016037	Cmi26	Cpl40		Loc03		
N0.HOG0016038	Cmi26	Cpl40		Loc03		Xtr03
N0.HOG0016039	Cmi26	Cpl40	Ler36	Loc03		
N0.HOG0016040	Cmi26	Cpl40	Ler36	Loc03		
N0.HOG0016041	Cmi27		Ler40	Loc04		Xtr02
N0.HOG0016042	Cmi27	Cpl43	Ler40	Loc04		
N0.HOG0016043	Cmi27	Cpl43			Gga34	Xtr02
N0.HOG0016044	Cmi27		Ler02	Loc04		Xtr02
N0.HOG0016045	Cmi27			Loc04	Gga34	Xtr02
N0.HOG0016046	Cmi27			Loc04	Gga34	Xtr02
N0.HOG0016047	Cmi27			Loc04	Gga34	Xtr02
N0.HOG0016048	Cmi27			Loc04	Gga34	Xtr02
N0.HOG0016049	Cmi27			Loc04	Gga34	Xtr02
N0.HOG0016050	Cmi27			Loc04	Gga34	Xtr02
N0.HOG0016051	Cmi27			Loc04	Gga34	Xtr02
N0.HOG0016052	Cmi27			Loc04	Gga34	Xtr02
N0.HOG0016053	Cmi27		Ler40	Loc04		Xtr02
N0.HOG0016054	Cmi27	Cpl43	Ler40	Loc04		
N0.HOG0016055	Cmi27	Cpl43	Ler40			Xtr02
N0.HOG0016056	Cmi27			Loc04	Gga34	Xtr02
N0.HOG0016057	Cmi27			Loc04	Gga34	Xtr02
N0.HOG0016058	Cmi27			Loc04	Gga34	Xtr02
N0.HOG0016059	Cmi27	Cpl42	Ler40	Loc04		
N0.HOG0016060	Cmi28	Cpl01		Loc12	Gga07	
N0.HOG0016061	Cmi28	Cpl42	Ler35	Loc01		
N0.HOG0016062	Cmi28	Cpl42	Ler35			
N0.HOG0016063	Cmi28			Loc01	Gga22	Xtr03
N0.HOG0016064	Cmi28	Cpl42	Ler35	Loc01		
N0.HOG0016065	Cmi28	Cpl42	Ler35	LocSca		
N0.HOG0016066	Cmi28	Cpl42	Ler35			
N0.HOG0016067	Cmi28	Cpl42	Ler35	Loc01		
N0.HOG0016068	Cmi28	CplSca	Ler35			Xtr03
N0.HOG0016069	Cmi28		Ler35	Loc01		Xtr03
N0.HOG0016070	Cmi29		Ler39	Loc06	Gga30	
N0.HOG0016071	Cmi29	Cpl08	Ler39	Loc06		
N0.HOG0016072	Cmi29	Cpl08	Ler39	Loc06		
N0.HOG0016073	Cmi29	Cpl08		Loc06		Xtr03
N0.HOG0016074	Cmi29	Cpl08	Ler39	Loc06		
N0.HOG0016075	Cmi29	Cpl08		Loc06		Xtr03
N0.HOG0016076	Cmi29	Cpl08	Ler39	Loc06		
N0.HOG0016077	Cmi29	Cpl08	Ler39			Xtr03
N0.HOG0016078	Cmi30	Cpl37			Gga16	Xtr08
N0.HOG0016079	Cmi30	Cpl37	LerSca			Xtr08
N0.HOG0016080	Cmi30	Cpl12, Cpl37	LerSca			
N0.HOG0016081	Cmi30	CplSca	LerSca			Xtr07
N0.HOG0016082	Cmi30		LerSca	Loc26		
N0.HOG0016083	Cmi30		LerSca	Loc05		Xtr08
N0.HOG0016084	Cmi30		LerSca	Loc21		Xtr08
N0.HOG0016085	Cmi31	Cpl39			Gga01	Xtr04
N0.HOG0016086	Cmi31		Ler37		Gga01	Xtr04
N0.HOG0016087	Cmi31	Cpl40			Gga01	Xtr07
N0.HOG0016088	Cmi31	Cpl39	Ler37			Xtr07
N0.HOG0016089	Cmi31	Cpl39	Ler37			Xtr07
N0.HOG0016090	Cmi31	Cpl39	Ler37			Xtr07
N0.HOG0016091	Cmi31		Ler37		Gga01	Xtr04
N0.HOG0016092	Cmi31	CplSca	Ler37		Gga01	
N0.HOG0016093	Cmi31	Cpl39	Ler37			Xtr07
N0.HOG0016094	Cmi31	Cpl39	Ler37			Xtr07
N0.HOG0016095	Cmi31	Cpl39	Ler37			Xtr07
N0.HOG0016096	Cmi31	Cpl39	Ler37			Xtr07
N0.HOG0016097	Cmi31	Cpl39	Ler37			Xtr07
N0.HOG0016098	Cmi31	Cpl39	Ler37			Xtr07
N0.HOG0016099	Cmi31	Cpl39	Ler37			Xtr07
N0.HOG0016100	Cmi31			Loc12	Gga31	
N0.HOG0016101	Cmi31	Cpl39	Ler37			Xtr07
N0.HOG0016102	Cmi31	Cpl39	Ler37			Xtr07
N0.HOG0016103	Cmi31	Cpl39	Ler37			Xtr07
N0.HOG0016104	Cmi31	Cpl39	Ler37			Xtr07
N0.HOG0016105	Cmi31	Cpl39	Ler37			Xtr07
N0.HOG0016106	Cmi31	Cpl39	Ler37		Gga01	
N0.HOG0016107	Cmi31	Cpl39	LerSca			Xtr07
N0.HOG0016108	CmiSca	Cpl45			Gga39	Xtr04
N0.HOG0016109	CmiSca	Cpl45	Ler44			Xtr04
N0.HOG0016110	CmiSca			LocSca	Gga39	Xtr02
N0.HOG0016111	CmiSca	Cpl08	LerSca			
N0.HOG0016112	CmiSca	Cpl45		Loc28		Xtr04
N0.HOG0016113	CmiSca	Cpl45	LerSca			Xtr04
N0.HOG0016114	CmiSca	CplSca	LerSca			Xtr03
N0.HOG0016115	CmiSca	Cpl48	LerSca	Loc02		
N0.HOG0016116	CmiSca			Loc04	Gga04	Xtr01
N0.HOG0016117	CmiSca	Cpl41	Ler38	Loc02		
N0.HOG0016118	CmiSca	Cpl41	Ler38	Loc02		
N0.HOG0016119	CmiSca		Ler38		Gga38	Xtr08
N0.HOG0016120	CmiSca		Ler09	Loc07	Gga05	
N0.HOG0016121	CmiSca	Cpl27		Loc06		Xtr02
N0.HOG0016122	CmiSca	Cpl39	LerSca	Loc01		
N0.HOG0016123	CmiSca	Cpl45	LerSca			Xtr04
N0.HOG0016124	CmiSca	Cpl13, Cpl48				
N0.HOG0016125	CmiSca	CplSca		LocSca		
N0.HOG0016126	CmiSca	Cpl41	Ler38	Loc02		
N0.HOG0016127	CmiSca			Loc07	Gga04	Xtr08
N0.HOG0016128	CmiSca	CplSca	LerSca			Xtr03
N0.HOG0016129	CmiSca					
N0.HOG0016130	CmiSca	Cpl51	LerSca			Xtr08
N0.HOG0016131	CmiSca			Loc24	Gga25	Xtr08
N0.HOG0016132	CmiSca	Cpl37	LerSca			Xtr08
N0.HOG0016133	CmiSca	Cpl37	LerSca			Xtr08
N0.HOG0016134	CmiSca	Cpl37	LerSca			Xtr03
N0.HOG0016135	CmiSca	Cpl37	Ler42			Xtr08
N0.HOG0016136	CmiSca	Cpl37	Ler42			Xtr08
N0.HOG0016137	CmiSca			Loc04	Gga04	Xtr01
N0.HOG0016138	CmiSca					
N0.HOG0016139	CmiSca	Cpl37	LerSca			Xtr08
N0.HOG0016140	CmiSca	Cpl37	LerSca			Xtr08
N0.HOG0016141	CmiSca	Cpl45	LerSca			
N0.HOG0016142	CmiSca	Cpl41	Ler38			Xtr08
N0.HOG0016143	CmiSca	Cpl43		Loc02		Xtr03
N0.HOG0016144	CmiSca					
N0.HOG0016145	CmiSca	CplSca	Ler38	Loc02		
N0.HOG0016146	CmiSca			Loc02		
N0.HOG0016147	CmiSca					
N0.HOG0016148	CmiSca		LerSca	Loc28		Xtr04
N0.HOG0016149	CmiSca	Cpl41	Ler38			Xtr08
N0.HOG0016150	CmiSca	Cpl09	Ler08, Ler20			
N0.HOG0016151	CmiSca	Cpl20		Loc18		Xtr10
N0.HOG0016152	CmiSca		LerSca	Loc01		Xtr08
N0.HOG0016153	CmiSca				Gga35	Xtr01
N0.HOG0016154	CmiSca	Cpl37	LerSca			Xtr08
N0.HOG0016155	CmiSca	Cpl08	Ler39			Xtr03
N0.HOG0016156	CmiSca	Cpl37	LerSca			Xtr08
N0.HOG0016157	CmiSca			Loc02	Gga38	Xtr08
N0.HOG0016158		Cpl01		Loc04	Gga04	Xtr01
N0.HOG0016159		Cpl01	Ler48	Loc04		
N0.HOG0016160		Cpl01	Ler11			Xtr03
N0.HOG0016161		Cpl01, Cpl51			GgaZ	Xtr01
N0.HOG0016162		Cpl01	Ler01	Loc04		Xtr01
N0.HOG0016163		Cpl01		Loc04	Gga04	Xtr01
N0.HOG0016164		Cpl01	Ler01	Loc04	Gga04	
N0.HOG0016165		Cpl02	Ler03	Loc02		Xtr01
N0.HOG0016166		Cpl02	Ler03	Loc02		Xtr01
N0.HOG0016167		Cpl02	Ler03	Loc02		Xtr01
N0.HOG0016168		Cpl02	Ler03	Loc02		Xtr01
N0.HOG0016169		Cpl02	Ler03	Loc04	Gga04	
N0.HOG0016170		Cpl02		Loc24, Loc04		Xtr01
N0.HOG0016171		Cpl02	Ler03	Loc02	Gga04	
N0.HOG0016172		Cpl03	Ler05		Gga03	Xtr08
N0.HOG0016173		Cpl03	LerSca	Loc01		Xtr08
N0.HOG0016174		Cpl03				
N0.HOG0016175		Cpl03, Cpl41	Ler38			Xtr05
N0.HOG0016176		Cpl04	Ler04	Loc06		Xtr03
N0.HOG0016177		Cpl04	Ler04	Loc11		Xtr06
N0.HOG0016178		Cpl04	Ler04	Loc11	Gga02	
N0.HOG0016179		Cpl04	Ler43	Loc12	Gga02	
N0.HOG0016180		Cpl04	Ler04		Gga02	Xtr06
N0.HOG0016181		Cpl04	Ler04		Gga02	Xtr06
N0.HOG0016182		Cpl04		Loc09	Gga02	Xtr06
N0.HOG0016183		Cpl29, Cpl16, Cpl30, Cpl04				
N0.HOG0016184		Cpl04	Ler04	Loc16		Xtr06
N0.HOG0016185		Cpl04		Loc10	Gga18	Xtr10
N0.HOG0016186		Cpl05		Loc11	Gga02	Xtr06
N0.HOG0016187		Cpl05	Ler02	Loc11		Xtr06
N0.HOG0016188		Cpl05		Loc09	Gga02	Xtr06
N0.HOG0016189		Cpl05	Ler02			
N0.HOG0016190		Cpl05	Ler02	Loc11		Xtr07
N0.HOG0016191		Cpl06	Ler06			
N0.HOG0016192		Cpl06		Loc17		Xtr02
N0.HOG0016193		Cpl06		Loc17	Gga01	Xtr02
N0.HOG0016194		Cpl06		LocSca	Gga01	Xtr02
N0.HOG0016195		Cpl06		Loc03	Gga01	Xtr02
N0.HOG0016196		Cpl06		Loc03	Gga01	Xtr06
N0.HOG0016197		Cpl06	LerSca	Loc03		Xtr02
N0.HOG0016198		Cpl06	LerSca	Loc03		Xtr02
N0.HOG0016199		Cpl06		Loc03	Gga01	Xtr02
N0.HOG0016200		Cpl06		Loc17	Gga01	Xtr02
N0.HOG0016201		Cpl07		Loc12	Gga07	Xtr09
N0.HOG0016202		Cpl28, Cpl37, Cpl07	LerSca			
N0.HOG0016203		Cpl07	LerSca	Loc17		Xtr09
N0.HOG0016204		Cpl07	LerSca	Loc01		XtrSca
N0.HOG0016205		Cpl07	LerSca	Loc12		Xtr09
N0.HOG0016206		Cpl07		Loc12	Gga07	Xtr09
N0.HOG0016207		Cpl21, Cpl08, Cpl37				
N0.HOG0016208		Cpl08	Ler39			
N0.HOG0016209		Cpl08	Ler39	Loc06		Xtr03
N0.HOG0016210		Cpl08	Ler39	Loc06		Xtr03
N0.HOG0016211		Cpl08	Ler39	Loc06		Xtr03
N0.HOG0016212		Cpl08	Ler39	Loc06		Xtr03
N0.HOG0016213		Cpl08	Ler39	Loc06		
N0.HOG0016214		Cpl08	Ler39	Loc06		Xtr03
N0.HOG0016215		Cpl08	Ler39	Loc06		Xtr03
N0.HOG0016216		Cpl08	Ler39	Loc06		Xtr03
N0.HOG0016217		Cpl08	Ler39	Loc06		Xtr03
N0.HOG0016218		Cpl08	Ler39	Loc06		Xtr03
N0.HOG0016219		Cpl08	Ler39	Loc06		Xtr03
N0.HOG0016220		Cpl09	Ler08		Gga03	Xtr05
N0.HOG0016221		Cpl09		Loc01	Gga03	Xtr05
N0.HOG0016222		Cpl09	Ler08			
N0.HOG0016223		Cpl09	Ler08	Loc16		Xtr08
N0.HOG0016224		Cpl09		Loc16		
N0.HOG0016225		Cpl45		Loc28		
N0.HOG0016226		Cpl09		Loc28		
N0.HOG0016227		Cpl09	LerSca	Loc26		Xtr07
N0.HOG0016228		Cpl12, Cpl09				
N0.HOG0016229		Cpl09	Ler08	Loc16		Xtr05
N0.HOG0016230		Cpl09	Ler08	Loc16		Xtr05
N0.HOG0016231		Cpl09	Ler08	Loc01	Gga03	
N0.HOG0016232		Cpl09	Ler08	Loc16		Xtr05
N0.HOG0016233		Cpl09	Ler08	Loc16		Xtr05
N0.HOG0016234		Cpl10	Ler09	Loc07	Gga05	
N0.HOG0016235		Cpl10	Ler09	Loc07		Xtr08
N0.HOG0016236		Cpl10		Loc26	Gga01	Xtr07
N0.HOG0016237		Cpl10		Loc07	Gga05	Xtr08
N0.HOG0016238		Cpl13, Cpl11, Cpl18				
N0.HOG0016239		Cpl11	Ler10	Loc23	GgaZ	
N0.HOG0016240		Cpl11	Ler10	Loc10		Xtr04
N0.HOG0016241		Cpl11	Ler10			Xtr08
N0.HOG0016242		Cpl11	Ler10	Loc10		Xtr04
N0.HOG0016243		Cpl11	Ler10	Loc10	Gga08	
N0.HOG0016244		Cpl11		Loc10	Gga08	Xtr04
N0.HOG0016245		Cpl11		Loc10	Gga08	Xtr04
N0.HOG0016246		Cpl11	Ler15	Loc01		XtrSca
N0.HOG0016247		Cpl12	Ler13		Gga01	Xtr02
N0.HOG0016248		Cpl12		Loc17	Gga01	Xtr02
N0.HOG0016249		Cpl12	Ler13	Loc03	Gga01	
N0.HOG0016250		Cpl12		Loc14	Gga01	Xtr02
N0.HOG0016251		Cpl12		Loc07	Gga05	Xtr08
N0.HOG0016252		Cpl12	Ler09	Loc07	Gga05	
N0.HOG0016253		Cpl12	Ler09		Gga05	Xtr08
N0.HOG0016254		Cpl13		Loc14	Gga09	Xtr05
N0.HOG0016255		Cpl13, Cpl40	Ler36, Ler14			
N0.HOG0016256		Cpl13	Ler14			
N0.HOG0016257		Cpl13	Ler14	Loc14	Gga09	
N0.HOG0016258		Cpl13	Ler14	Loc14		Xtr05
N0.HOG0016259		Cpl13		Loc14	Gga09	Xtr05
N0.HOG0016260		Cpl13		Loc14	Gga09	Xtr05
N0.HOG0016261		Cpl13	Ler14		Gga09	Xtr05
N0.HOG0016262		Cpl13	Ler14	Loc14		Xtr05
N0.HOG0016263		Cpl14		Loc06	Gga13	Xtr03
N0.HOG0016264		Cpl14	LerSca	Loc06		
N0.HOG0016265		Cpl15		Loc07	Gga04	Xtr08
N0.HOG0016266		Cpl15		Loc07	Gga04	Xtr08
N0.HOG0016267		Cpl15	Ler12	Loc07		Xtr08
N0.HOG0016268		Cpl16	Ler18		Gga05	Xtr04
N0.HOG0016269		Cpl16	Ler18		Gga05	Xtr04
N0.HOG0016270		Cpl16	Ler18			Xtr04
N0.HOG0016271		Cpl16	Ler18	Loc27	Gga05	
N0.HOG0016272		Cpl17	Ler17	Loc23		
N0.HOG0016273		Cpl17	Ler17		Gga11	Xtr04
N0.HOG0016274		Cpl18	Ler16	Loc05		Xtr04
N0.HOG0016275		Cpl18	Ler16	Loc05		Xtr04
N0.HOG0016276		Cpl18	Ler16	Loc05		Xtr04
N0.HOG0016277		Cpl18		Loc05	Gga12	Xtr04
N0.HOG0016278		Cpl18		Loc05	GgaZ	Xtr01
N0.HOG0016279		Cpl18	Ler16	Loc05		Xtr04
N0.HOG0016280		Cpl19	Ler19	Loc19		Xtr01
N0.HOG0016281		Cpl19		LocSca		Xtr08
N0.HOG0016282		Cpl19	Ler19	Loc08		Xtr03
N0.HOG0016283		Cpl19	Ler19	Loc08		
N0.HOG0016284		Cpl19	Ler19	Loc08		Xtr03
N0.HOG0016285		Cpl19	Ler11, Ler09, Ler19			
N0.HOG0016286		Cpl19	Ler01	Loc04	Gga04	
N0.HOG0016287		Cpl20	Ler21	Loc18		Xtr10
N0.HOG0016288		Cpl20	Ler21		Gga20	Xtr10
N0.HOG0016289		Cpl20	Ler21	Loc18	Gga20	
N0.HOG0016290		Cpl20		Loc18	Gga20	Xtr10
N0.HOG0016291		Cpl21		Loc13	Gga14	Xtr09
N0.HOG0016292		Cpl21	Ler20		Gga14	Xtr09
N0.HOG0016293		Cpl21		Loc13	Gga14	Xtr09
N0.HOG0016294		Cpl21	Ler20	Loc13		Xtr09
N0.HOG0016295		Cpl21	Ler20	Loc13		Xtr09
N0.HOG0016296		Cpl22	Ler15	Loc05		Xtr07
N0.HOG0016297		Cpl22		Loc05	Gga06	Xtr07
N0.HOG0016298		Cpl22	Ler15	Loc06		
N0.HOG0016299		Cpl23	Ler22	Loc08		
N0.HOG0016300		Cpl23	Ler22		Gga01	Xtr03
N0.HOG0016301		Cpl23	Ler22			
N0.HOG0016302		Cpl23	Ler22	Loc08		Xtr03
N0.HOG0016303		Cpl23	Ler22	Loc08		Xtr03
N0.HOG0016304		Cpl23	Ler22	Loc08		Xtr03
N0.HOG0016305		Cpl23	Ler28	Loc22		Xtr02
N0.HOG0016306		Cpl24	Ler23		Gga18	Xtr10
N0.HOG0016307		Cpl24		Loc10	Gga18	Xtr10
N0.HOG0016308		Cpl24	Ler23	Loc10		
N0.HOG0016309		Cpl24	Ler23	Loc10	Gga18	
N0.HOG0016310		Cpl25	Ler25	Loc06	Gga23	
N0.HOG0016311		Cpl26		Loc03	Gga26	Xtr02
N0.HOG0016312		Cpl26, Cpl36				
N0.HOG0016313		Cpl26	Ler24	LocSca		Xtr02
N0.HOG0016314		Cpl26	Ler24	Loc03	Gga26	
N0.HOG0016315		Cpl27	Ler26	Loc06		Xtr02
N0.HOG0016316		Cpl28	Ler28	Loc22		Xtr02
N0.HOG0016317		Cpl28	Ler28	Loc22		Xtr08
N0.HOG0016318		Cpl28	Ler28		Gga01	Xtr02
N0.HOG0016319		Cpl28	Ler28	Loc22, Loc05		
N0.HOG0016320		Cpl28		LocSca	GgaSca	Xtr09
N0.HOG0016321		Cpl29		Loc09	Gga02	Xtr06
N0.HOG0016322		Cpl30	Ler31	Loc21		Xtr08
N0.HOG0016323		Cpl30		Loc09	Gga02	Xtr06
N0.HOG0016324		Cpl30	Ler31	Loc21		Xtr08
N0.HOG0016325		Cpl30		Loc21	Gga17	Xtr08
N0.HOG0016326		Cpl31		Loc19	Gga28	Xtr01
N0.HOG0016327		Cpl32	Ler01		GgaZ	Xtr01
N0.HOG0016328		Cpl32	Ler33		Gga10	Xtr03
N0.HOG0016329		Cpl33	Ler27	Loc21		Xtr08
N0.HOG0016330		Cpl34	Ler39	Loc06		Xtr03
N0.HOG0016331		Cpl34	Ler39	Loc06		Xtr03
N0.HOG0016332		Cpl34	LerSca	Loc01		Xtr01
N0.HOG0016333		Cpl34	Ler30			Xtr07
N0.HOG0016334		Cpl34	Ler30		Gga21	Xtr07
N0.HOG0016335		Cpl35	Ler32	Loc26		Xtr07
N0.HOG0016336		Cpl35	Ler32			
N0.HOG0016337		Cpl35		Loc26	Gga24	Xtr07
N0.HOG0016338		Cpl35	Ler21		Gga20	Xtr10
N0.HOG0016339		Cpl36	Ler33	Loc03	Gga10	
N0.HOG0016340		Cpl36	Ler33	Loc03		Xtr03
N0.HOG0016341		Cpl36	Ler33	Loc03		Xtr03
N0.HOG0016342		Cpl36	Ler33		Gga10	
N0.HOG0016343		Cpl36	Ler32	Loc26		Xtr07
N0.HOG0016344		Cpl36	Ler32	Loc26		Xtr07
N0.HOG0016345		Cpl37		Loc05	Gga10	Xtr09
N0.HOG0016346		Cpl37	LerSca		Gga16	
N0.HOG0016347		Cpl37		Loc10	Gga08	Xtr04
N0.HOG0016348		Cpl37				
N0.HOG0016349		Cpl37	LerSca			Xtr08
N0.HOG0016350		Cpl37				
N0.HOG0016351		Cpl37	LerSca			Xtr08
N0.HOG0016352		Cpl37	LerSca			
N0.HOG0016353		Cpl37	LerSca	LocSca		Xtr08
N0.HOG0016354		Cpl37	LerSca		Gga16	Xtr08
N0.HOG0016355		Cpl37, Cpl47				
N0.HOG0016356		Cpl37	LerSca	Loc20		Xtr08
N0.HOG0016357		Cpl37	LerSca	LocSca		Xtr08
N0.HOG0016358		Cpl38	Ler34		Gga06	Xtr07
N0.HOG0016359		Cpl38	Ler34	Loc05	Gga06	
N0.HOG0016360		Cpl39	Ler37	LocSca		Xtr07
N0.HOG0016361		Cpl39	Ler37		Gga01	Xtr04
N0.HOG0016362		Cpl39		Loc16	GgaZ	Xtr01
N0.HOG0016363		Cpl39	LerSca	Loc01		Xtr08
N0.HOG0016364		Cpl39		LocSca	Gga04	Xtr08
N0.HOG0016365		Cpl39		Loc24	Gga25	Xtr08
N0.HOG0016366		Cpl39		Loc24	Gga25	Xtr08
N0.HOG0016367		Cpl39		Loc24	Gga25	Xtr08
N0.HOG0016368		Cpl39	LerSca			
N0.HOG0016369		Cpl40	Ler36	Loc03		Xtr03
N0.HOG0016370		Cpl41	Ler38	Loc02		Xtr08
N0.HOG0016371		Cpl41	Ler38	Loc02		Xtr08
N0.HOG0016372		Cpl41	Ler38	Loc02		Xtr08
N0.HOG0016373		Cpl41	Ler38	Loc02		Xtr08
N0.HOG0016374		Cpl41	Ler38	Loc02		Xtr08
N0.HOG0016375		Cpl41	Ler38	Loc02		Xtr08
N0.HOG0016376		Cpl41	Ler38	Loc02		Xtr08
N0.HOG0016377		Cpl41	Ler38	Loc02		Xtr08
N0.HOG0016378		Cpl41	Ler38	Loc02		Xtr08
N0.HOG0016379		Cpl42	Ler35	Loc01		Xtr03
N0.HOG0016380		Cpl43	Ler40	Loc04		Xtr02
N0.HOG0016381		Cpl43	Ler40	Loc04		Xtr02
N0.HOG0016382		Cpl43		Loc04	Gga34	Xtr02
N0.HOG0016383		Cpl43		Loc02	GgaSca	Xtr03
N0.HOG0016384		Cpl44	LerSca	Loc02		
N0.HOG0016385		Cpl45	LerSca		Gga39	Xtr04
N0.HOG0016386		Cpl45	LerSca	Loc28		Xtr04
N0.HOG0016387		Cpl45	LerSca	Loc28		Xtr04
N0.HOG0016388		Cpl45	LerSca		GgaSca	Xtr04
N0.HOG0016389		Cpl45	LerSca	Loc28		Xtr02
N0.HOG0016390		Cpl45	Ler44		Gga39	Xtr04
N0.HOG0016391		Cpl45	LerSca	Loc28		
N0.HOG0016392		Cpl45	LerSca		Gga39	Xtr04
N0.HOG0016393		Cpl45	Ler44		Gga39	Xtr04
N0.HOG0016394		Cpl45	Ler44	Loc28		Xtr04
N0.HOG0016395		Cpl45	Ler44	Loc28		
N0.HOG0016396		Cpl45	LerSca	Loc28		Xtr04
N0.HOG0016397		Cpl46		Loc14	Gga03	Xtr07
N0.HOG0016398		Cpl47		LocSca	Gga01	Xtr07
N0.HOG0016399		Cpl47	LerSca	Loc24		Xtr07
N0.HOG0016400		Cpl47	LerSca			
N0.HOG0016401		Cpl47		Loc09	Gga05	Xtr07
N0.HOG0016402		Cpl48	Ler51	Loc02		Xtr03
N0.HOG0016403		Cpl48	Ler51	Loc18, Loc02		
N0.HOG0016404		Cpl48	Ler51	Loc11		Xtr02
N0.HOG0016405		Cpl48	LerSca	Loc02		Xtr03
N0.HOG0016406		Cpl48	LerSca	Loc02		Xtr03
N0.HOG0016407		Cpl48	LerSca	Loc02		Xtr03
N0.HOG0016408		Cpl48	LerSca	Loc02		Xtr03
N0.HOG0016409		Cpl48	LerSca	Loc02		Xtr03
N0.HOG0016410		Cpl48	LerSca	Loc08		Xtr03
N0.HOG0016411		Cpl48	LerSca			Xtr03
N0.HOG0016412		Cpl48		Loc06	Gga13	
N0.HOG0016413		Cpl48	LerSca	Loc02		Xtr01
N0.HOG0016414		Cpl48	LerSca			
N0.HOG0016415		Cpl48		Loc02		Xtr03
N0.HOG0016416		Cpl51		Loc24	Gga25	Xtr08
N0.HOG0016417		Cpl51	LerSca		Gga25	Xtr08
N0.HOG0016418		Cpl51	LerSca		Gga25	Xtr08
N0.HOG0016419		Cpl51	LerSca		Gga25	Xtr08
N0.HOG0016420		Cpl51	LerSca		Gga25	Xtr08
N0.HOG0016421		Cpl51	LerSca	Loc24		Xtr08
N0.HOG0016422		Cpl51		Loc24	Gga25	Xtr08
N0.HOG0016423		Cpl51		Loc24	Gga25	Xtr08
N0.HOG0016424		Cpl51	LerSca		Gga25	Xtr08
N0.HOG0016425		Cpl51	Ler38	Loc02		Xtr08
N0.HOG0016426		CplSca		Loc17	Gga01	Xtr02
N0.HOG0016427		CplSca	LerSca		Gga05	Xtr05
N0.HOG0016428		CplSca				
N0.HOG0016429		CplSca	LerSca	Loc02		Xtr03
N0.HOG0016430		CplSca	Ler37		Gga01	Xtr04
N0.HOG0016431		CplSca		Loc24	Gga25	Xtr08
N0.HOG0016432		CplSca	LerSca	Loc02		Xtr03
N0.HOG0016433		CplSca	LerSca			Xtr01
N0.HOG0016434		CplSca	Ler51, Ler06			Xtr03
N0.HOG0016435		CplSca	LerSca		Gga15	Xtr04
N0.HOG0016436		CplSca		Loc14	Gga27	Xtr07
N0.HOG0016437		CplSca	LerSca	LocSca		Xtr01
N0.HOG0016438		CplSca		Loc01	GgaSca	Xtr08
N0.HOG0016439		CplSca		Loc02	GgaZ	Xtr01
N0.HOG0016440		CplSca	Ler40, Ler27			Xtr10
N0.HOG0016441		CplSca		Loc24	Gga25	Xtr08
N0.HOG0016442		CplSca	LerSca	Loc01		Xtr08
N0.HOG0016443		CplSca		LocSca	Gga36	Xtr09
N0.HOG0016444		CplSca		Loc09	Gga05	Xtr07
N0.HOG0016445		CplSca	LerSca	Loc02		Xtr03
N0.HOG0016446		CplSca		Loc02	Gga25	Xtr03
N0.HOG0016447		CplSca	LerSca	LocSca		Xtr01
N0.HOG0016448		CplSca	Ler38	Loc02		Xtr08
N0.HOG0016449		CplSca		Loc24	GgaSca	Xtr07
N0.HOG0016450		CplSca		Loc24	GgaZ	Xtr08
N0.HOG0016451		CplSca		Loc09	Gga05	Xtr07
N0.HOG0016452		CplSca		Loc24		Xtr07
N0.HOG0016453		CplSca	LerSca	Loc14		Xtr07
N0.HOG0016454		CplSca	LerSca	Loc28		Xtr04
N0.HOG0016455		CplSca	Ler19			
N0.HOG0016456		CplSca		Loc24	Gga05	Xtr07
N0.HOG0016457		CplSca	Ler02	LocSca		Xtr07
N0.HOG0016458		CplSca		Loc02	GgaSca	Xtr03
N0.HOG0016459		CplSca	Ler18	LocSca		Xtr04
N0.HOG0016460		CplSca		Loc24	Gga25	Xtr08
N0.HOG0016461		CplSca	LerSca	Loc01		Xtr08
N0.HOG0016462		CplSca		Loc28	Gga39	Xtr04
N0.HOG0016463		CplSca		Loc18	Gga20	Xtr10
N0.HOG0016464		CplSca	LerSca	Loc01		Xtr08
N0.HOG0016465		CplSca		Loc28	Gga39	Xtr04
N0.HOG0016466		CplSca	LerSca	Loc24		Xtr08
N0.HOG0016467		CplSca	Ler14	LocSca		Xtr07
N0.HOG0016468		CplSca	LerSca			
N0.HOG0016469		CplSca	Ler31, Ler16			
N0.HOG0016470		CplSca		Loc04	Gga04	Xtr01
N0.HOG0016471		CplSca		Loc24	GgaSca	Xtr07
N0.HOG0016472		CplSca	LerSca	Loc02		Xtr03
N0.HOG0016473		CplSca	LerSca	Loc28		Xtr08
N0.HOG0016474		CplSca	LerSca	Loc01		Xtr08
N0.HOG0016475		CplSca		Loc24	GgaSca	Xtr07
N0.HOG0016476					Gga01, Gga03	
N0.HOG0016477				Loc08	Gga01	Xtr06, Xtr03
N0.HOG0016478			Ler19	Loc08	Gga01	Xtr03
N0.HOG0016479			Ler22	Loc08	Gga01	Xtr08
N0.HOG0016480					Gga01	Xtr07
N0.HOG0016481				Loc06	Gga01	Xtr07
N0.HOG0016482				Loc26	Gga01	Xtr07
N0.HOG0016483				Loc26	Gga01	Xtr07
N0.HOG0016484				Loc26	Gga01	Xtr07
N0.HOG0016485				Loc26	Gga01	Xtr07
N0.HOG0016486					Gga01	
N0.HOG0016487				Loc17	Gga01	Xtr02
N0.HOG0016488				Loc17	Gga01	Xtr02
N0.HOG0016489				Loc17	Gga01	Xtr02
N0.HOG0016490				Loc17, Loc13	Gga01	Xtr02
N0.HOG0016491			Ler01, Ler12, Ler06		Gga01	
N0.HOG0016492					Gga05, Gga15, Gga01	
N0.HOG0016493				Loc23	Gga11	Xtr04
N0.HOG0016494			Ler17	Loc23	Gga11	Xtr04
N0.HOG0016495			Ler16	Loc05, Loc01	Gga12	
N0.HOG0016496			Ler20	Loc13	Gga14	Xtr09
N0.HOG0016497				Loc13	Gga14	Xtr09
N0.HOG0016498					Gga39, Gga16, GgaW	
N0.HOG0016499			Ler05	Loc01	Gga17	Xtr08
N0.HOG0016500					Gga18	Xtr10
N0.HOG0016501				Loc10	Gga18	Xtr10
N0.HOG0016502			Ler23	Loc10	Gga18	Xtr10
N0.HOG0016503					Gga19	
N0.HOG0016504			Ler04	Loc09	Gga02	Xtr06
N0.HOG0016505					Gga02	Xtr06
N0.HOG0016506					Gga02	
N0.HOG0016507			Ler02	Loc09	Gga02	Xtr06
N0.HOG0016508				Loc11	Gga02	Xtr06
N0.HOG0016509					Gga02	
N0.HOG0016510			Ler04	Loc09	Gga02	Xtr06
N0.HOG0016511					Gga20	Xtr10
N0.HOG0016512					Gga22	Xtr03
N0.HOG0016513			Ler35	Loc01	Gga22	Xtr03
N0.HOG0016514			LerSca	Loc02	Gga22	Xtr07
N0.HOG0016515			Ler26	Loc06	Gga23	Xtr02
N0.HOG0016516			Ler32	Loc26	Gga24	Xtr07
N0.HOG0016517			Ler24	Loc05	Gga25	Xtr08
N0.HOG0016518				Loc24, Loc19	Gga25	Xtr08
N0.HOG0016519			LerSca	Loc24	Gga25	Xtr08
N0.HOG0016520			LerSca	Loc24	Gga25	Xtr08
N0.HOG0016521			Ler24		Gga25	Xtr08
N0.HOG0016522					Gga25	Xtr01
N0.HOG0016523			Ler24	Loc05	Gga25	Xtr08
N0.HOG0016524			Ler24	LocSca	Gga25	Xtr08
N0.HOG0016525			LerSca	Loc24	Gga25	Xtr08
N0.HOG0016526				Loc24	Gga25	Xtr08
N0.HOG0016527			Ler27	Loc15	Gga27	Xtr10
N0.HOG0016528			Ler27	Loc15	Gga27	Xtr10
N0.HOG0016529			Ler29	Loc19	Gga28	Xtr01
N0.HOG0016530					Gga03	Xtr05
N0.HOG0016531			Ler05	Loc01	Gga03	Xtr05
N0.HOG0016532			LerSca	Loc01	Gga03	Xtr05
N0.HOG0016533					Gga03	
N0.HOG0016534					Gga03	
N0.HOG0016535					Gga31	
N0.HOG0016536				Loc04	Gga34	Xtr02
N0.HOG0016537			LerSca	Loc08	Gga35	Xtr01
N0.HOG0016538			LerSca	Loc08	Gga35	Xtr01
N0.HOG0016539			Ler14		Gga36	Xtr09
N0.HOG0016540					Gga04, Gga37	
N0.HOG0016541			LerSca	Loc28	Gga39	Xtr04
N0.HOG0016542				Loc07	Gga04	Xtr08
N0.HOG0016543				Loc07	Gga04	Xtr08
N0.HOG0016544				Loc02	Gga04	Xtr01
N0.HOG0016545					Gga04	Xtr01
N0.HOG0016546			Ler01	Loc04	Gga04	Xtr01
N0.HOG0016547				Loc04, Loc01	Gga04	Xtr01
N0.HOG0016548			LerSca	Loc02	Gga04	Xtr01
N0.HOG0016549			LerSca	Loc02	Gga04	Xtr01
N0.HOG0016550					Gga05	
N0.HOG0016551					Gga06	
N0.HOG0016552			Ler15	Loc05	Gga06	Xtr07
N0.HOG0016553			Ler15	Loc05	Gga06	Xtr07
N0.HOG0016554			Ler07	Loc12	Gga07	Xtr09
N0.HOG0016555			Ler07	Loc12	Gga07	Xtr09
N0.HOG0016556					Gga07	Xtr09
N0.HOG0016557			LerSca	LocSca	Gga07	Xtr09
N0.HOG0016558			Ler14	Loc14	Gga09	Xtr05
N0.HOG0016559			Ler14	Loc14	Gga09	Xtr05
N0.HOG0016560			Ler01	Loc24, Loc04	GgaZ	
N0.HOG0016561				Loc24	GgaZ	
N0.HOG0016562				Loc17, Loc02	GgaZ	Xtr01
N0.HOG0016563			Ler03	Loc02	GgaZ	Xtr01
N0.HOG0016564					GgaZ	Xtr01
N0.HOG0016565					GgaZ	
N0.HOG0016566					GgaZ	
N0.HOG0016567					GgaZ	
N0.HOG0016568				Loc01	GgaSca	Xtr08
N0.HOG0016569				Loc24	GgaSca	Xtr07
N0.HOG0016570			LerSca	Loc01	GgaSca	Xtr08
N0.HOG0016571			LerSca	Loc01	GgaSca	Xtr08
N0.HOG0016572			LerSca			
N0.HOG0016573			Ler03, Ler14			
N0.HOG0016574			Ler04, Ler10			
N0.HOG0016575			Ler19, Ler06			
N0.HOG0016576			LerSca			Xtr09
N0.HOG0016577			Ler10			
N0.HOG0016578			Ler11, Ler10, Ler19, Ler18			
N0.HOG0016579			Ler10, Ler01, Ler12			
N0.HOG0016580			Ler46, Ler10, Ler12			
N0.HOG0016581			Ler11, Ler08, Ler02			
N0.HOG0016582			Ler28, Ler11, Ler08, Ler19			
N0.HOG0016583			Ler11, Ler01, Ler34			
N0.HOG0016584			Ler03, Ler11, Ler13			
N0.HOG0016585			Ler50, Ler01, Ler12, Ler05			
N0.HOG0016586			Ler01, Ler12, Ler16, Ler22			
N0.HOG0016587			LerSca	Loc01		Xtr08
N0.HOG0016588			LerSca			
N0.HOG0016589			Ler40, Ler04, Ler01, Ler13			
N0.HOG0016590			LerSca			
N0.HOG0016591			LerSca			Xtr04
N0.HOG0016592			Ler28, Ler14			
N0.HOG0016593			Ler03, Ler02, Ler14, Ler05			
N0.HOG0016594			Ler01, Ler31, Ler21, Ler14			
N0.HOG0016595			Ler14	Loc14		
N0.HOG0016596			Ler15, Ler09, Ler35, Ler30			
N0.HOG0016597			Ler23, Ler19			
N0.HOG0016598			Ler03, Ler29, Ler04, Ler16			
N0.HOG0016599			LerSca	LocSca		
N0.HOG0016600			Ler03, Ler02, Ler09, Ler17			
N0.HOG0016601			LerSca			
N0.HOG0016602			Ler02, Ler01, Ler07, Ler31			
N0.HOG0016603			Ler04, Ler01, Ler06			
N0.HOG0016604			Ler01, Ler09, Ler37, Ler06			
N0.HOG0016605			Ler22, Ler21, Ler06			
N0.HOG0016606			Ler03, Ler07, Ler23, Ler09			
N0.HOG0016607			Ler28, Ler03, Ler25, Ler32			
N0.HOG0016608			Ler02, Ler25, Ler09			
N0.HOG0016609			Ler04, Ler26, Ler05			
N0.HOG0016610			Ler26	Loc22		Xtr02
N0.HOG0016611			Ler47, Ler27, Ler03, Ler05			
N0.HOG0016612			Ler40, Ler27			
N0.HOG0016613			Ler32	Loc21		
N0.HOG0016614			Ler45, Ler02			
N0.HOG0016615			Ler28, Ler03, Ler07, Ler31			
N0.HOG0016616			Ler04, Ler02, Ler34, Ler05			
N0.HOG0016617			Ler07, Ler37			Xtr01
N0.HOG0016618			Ler37			
N0.HOG0016619			Ler03			
N0.HOG0016620			Ler04, Ler05			
N0.HOG0016621			Ler04	Loc09		
N0.HOG0016622			LerSca			
N0.HOG0016623			Ler05			
N0.HOG0016624			LerSca	Loc10, Loc02		
N0.HOG0016625			Ler08			
N0.HOG0016626				Loc10		Xtr04
N0.HOG0016627				Loc11		
N0.HOG0016628				Loc24, Loc14		
N0.HOG0016629				Loc14, Loc17		Xtr09
N0.HOG0016630				Loc17		Xtr02
N0.HOG0016631				Loc18, Loc26		
N0.HOG0016632				Loc02		
N0.HOG0016633				Loc02		
N0.HOG0016634				Loc08, Loc06, Loc02		
N0.HOG0016635				Loc02		Xtr08
N0.HOG0016636				Loc25		Xtr01
N0.HOG0016637				Loc05		
N0.HOG0016638				Loc05		
N0.HOG0016639				LocSca		Xtr02, Xtr10, Xtr09
N0.HOG0016640						Xtr02, Xtr06, Xtr01
N0.HOG0016641						Xtr01, Xtr04
N0.HOG0016642						Xtr01, Xtr07
N0.HOG0016643						Xtr01
N0.HOG0016644						Xtr01
N0.HOG0016645						Xtr01, Xtr03, Xtr09, Xtr05
N0.HOG0016646						Xtr01
N0.HOG0016647						Xtr10
N0.HOG0016648						Xtr10, Xtr08
N0.HOG0016649						Xtr10, Xtr08, Xtr03
N0.HOG0016650						Xtr10, Xtr07
N0.HOG0016651						Xtr02
N0.HOG0016652						Xtr02, Xtr06, Xtr07
N0.HOG0016653						Xtr02, Xtr06, Xtr08
N0.HOG0016654						Xtr02
N0.HOG0016655						Xtr06, Xtr03, Xtr09
N0.HOG0016656						Xtr03
N0.HOG0016657						Xtr04, Xtr09
N0.HOG0016658						Xtr04, Xtr08, Xtr09
N0.HOG0016659						Xtr07, Xtr04
N0.HOG0016660						Xtr07, Xtr08, Xtr09, Xtr04
N0.HOG0016661						Xtr04
N0.HOG0016662						Xtr09, Xtr08, Xtr04
N0.HOG0016663						Xtr06, Xtr05
N0.HOG0016664						Xtr05
N0.HOG0016665						Xtr05
N0.HOG0016666						Xtr05
N0.HOG0016667						Xtr05
N0.HOG0016668						Xtr06
N0.HOG0016669						Xtr06
N0.HOG0016670						Xtr06
N0.HOG0016671						Xtr06, Xtr09
N0.HOG0016672						Xtr06, Xtr07, Xtr08, Xtr09
N0.HOG0016673						Xtr06
N0.HOG0016674						Xtr06
N0.HOG0016675						Xtr07
N0.HOG0016676						Xtr07
N0.HOG0016677						Xtr07, Xtr08, Xtr09
N0.HOG0016678						Xtr07
N0.HOG0016679						Xtr08
N0.HOG0016680						Xtr08
N0.HOG0016681						Xtr08
N0.HOG0016682						Xtr08
N0.HOG0016683						Xtr09
N0.HOG0016684						Xtr09
N0.HOG0016685						Xtr09
N0.HOG0016686						Xtr09
N0.HOG0016687						Xtr09
N0.HOG0016688	Cmi01	Cpl01	Ler01			
N0.HOG0016689	Cmi01, Cmi08					
N0.HOG0016690	Cmi01			Loc04		Xtr01
N0.HOG0016691	Cmi01	Cpl01	Ler01			
N0.HOG0016692	Cmi01	Cpl01	Ler01			
N0.HOG0016693	Cmi01	Cpl01	Ler01			
N0.HOG0016694	Cmi01			Loc04		Xtr01
N0.HOG0016695	Cmi01	Cpl02	Ler03			
N0.HOG0016696	Cmi01					
N0.HOG0016697	Cmi01	Cpl01	LerSca			
N0.HOG0016698	Cmi01	Cpl01	LerSca			
N0.HOG0016699	Cmi01			Loc04		Xtr01
N0.HOG0016700	Cmi01	CplSca		Loc04		
N0.HOG0016701	Cmi01	Cpl32	Ler01			
N0.HOG0016702	Cmi01	Cpl02	Ler03			
N0.HOG0016703	Cmi01				GgaZ	Xtr01
N0.HOG0016704	Cmi01	Cpl32	Ler01			
N0.HOG0016705	Cmi01	Cpl02	LerSca			
N0.HOG0016706	Cmi01	Cpl02	Ler03			
N0.HOG0016707	Cmi01	Cpl02	Ler03			
N0.HOG0016708	Cmi01			Loc02		Xtr01
N0.HOG0016709	Cmi01	Cpl02	Ler03			
N0.HOG0016710	Cmi01	Cpl02	Ler03			
N0.HOG0016711	Cmi01		Ler01			Xtr03
N0.HOG0016712	Cmi01	Cpl01	Ler01			
N0.HOG0016713	Cmi01	Cpl01	Ler01			
N0.HOG0016714	Cmi01			Loc02		Xtr01
N0.HOG0016715	Cmi02	Cpl05	Ler02			
N0.HOG0016716	Cmi02	Cpl05		Loc09		
N0.HOG0016717	Cmi02	Cpl15				Xtr01
N0.HOG0016718	Cmi02	Cpl29	Ler02			
N0.HOG0016719	Cmi02	Cpl05	Ler02			
N0.HOG0016720	Cmi02	Cpl05		Loc09		
N0.HOG0016721	Cmi02	Cpl04	Ler04			
N0.HOG0016722	Cmi02	Cpl04		Loc11		
N0.HOG0016723	Cmi02			Loc11		Xtr06
N0.HOG0016724	Cmi02	Cpl04	Ler04			
N0.HOG0016725	Cmi02	Cpl04	Ler04			
N0.HOG0016726	Cmi02			Loc09		Xtr06
N0.HOG0016727	Cmi02	Cpl05	Ler02			
N0.HOG0016728	Cmi02				Gga02	Xtr06
N0.HOG0016729	Cmi02		Ler04			Xtr06
N0.HOG0016730	Cmi02	Cpl04	LerSca			
N0.HOG0016731	Cmi02	Cpl04	Ler04			
N0.HOG0016732	Cmi03			Loc16		Xtr05
N0.HOG0016733	Cmi03		Ler05		Gga03	
N0.HOG0016734	Cmi03	Cpl03	Ler05			
N0.HOG0016735	Cmi03	Cpl03	Ler05			
N0.HOG0016736	Cmi03	Cpl03	Ler05			
N0.HOG0016737	Cmi03	Cpl03	Ler05			
N0.HOG0016738	Cmi03			Loc01	Gga03	
N0.HOG0016739	Cmi03	Cpl03	Ler05			
N0.HOG0016740	Cmi03	Cpl03	Ler05			
N0.HOG0016741	Cmi03			Loc01		Xtr05
N0.HOG0016742	Cmi03	Cpl03		Loc01		
N0.HOG0016743	Cmi03		Ler05	Loc01		
N0.HOG0016744	Cmi03	Cpl03	LerSca			
N0.HOG0016745	Cmi03			Loc16	Gga03	
N0.HOG0016746	Cmi03	Cpl09	Ler08			
N0.HOG0016747	Cmi03	Cpl09				Xtr05
N0.HOG0016748	Cmi03	Cpl09	Ler08			
N0.HOG0016749	Cmi03	Cpl09				Xtr05
N0.HOG0016750	Cmi03			Loc16	Gga03	
N0.HOG0016751	Cmi03		Ler08			Xtr05
N0.HOG0016752	Cmi03	Cpl09	Ler08			
N0.HOG0016753	Cmi03			Loc01		Xtr05
N0.HOG0016754	Cmi03		Ler08			Xtr05
N0.HOG0016755	Cmi03	Cpl09	Ler08			
N0.HOG0016756	Cmi03	Cpl03	Ler05			
N0.HOG0016757	Cmi03		Ler05			Xtr05
N0.HOG0016758	Cmi03			Loc01		Xtr05
N0.HOG0016759	Cmi03	Cpl03	Ler05			
N0.HOG0016760	Cmi03			Loc16	Gga03	
N0.HOG0016761	Cmi03	CplSca				Xtr09
N0.HOG0016762	Cmi03	Cpl09	Ler08			
N0.HOG0016763	Cmi03				Gga03	Xtr05
N0.HOG0016764	Cmi03				Gga03	Xtr05
N0.HOG0016765	Cmi03			Loc16		Xtr05
N0.HOG0016766	Cmi03	Cpl09	Ler08			
N0.HOG0016767	Cmi03	Cpl09	Ler08			
N0.HOG0016768	Cmi03		Ler08	Loc01		
N0.HOG0016769	Cmi03	Cpl09			Gga03	
N0.HOG0016770	Cmi04	CplSca	Ler13			
N0.HOG0016771	Cmi04	Cpl12	Ler13			
N0.HOG0016772	Cmi04	Cpl12	Ler13			
N0.HOG0016773	Cmi04	Cpl12	Ler13			
N0.HOG0016774	Cmi04		Ler13			
N0.HOG0016775	Cmi04		Ler13	Loc17		
N0.HOG0016776	Cmi04	Cpl12	Ler13			
N0.HOG0016777	Cmi04	Cpl12	Ler13			
N0.HOG0016778	Cmi04	Cpl12	Ler13			
N0.HOG0016779	Cmi04	Cpl07	Ler13			
N0.HOG0016780	Cmi04	Cpl06	Ler06			
N0.HOG0016781	Cmi04			Loc17		Xtr02
N0.HOG0016782	Cmi04			Loc17	Gga01	
N0.HOG0016783	Cmi04	Cpl07	Ler13			
N0.HOG0016784	Cmi04			Loc03	Gga01	
N0.HOG0016785	Cmi04	Cpl06	Ler06			
N0.HOG0016786	Cmi04	Cpl06	Ler06			
N0.HOG0016787	Cmi04	CplSca	Ler13			
N0.HOG0016788	Cmi04	Cpl12	Ler13			
N0.HOG0016789	Cmi04	Cpl12	Ler13			
N0.HOG0016790	Cmi04	Cpl12	Ler13			
N0.HOG0016791	Cmi04	Cpl06				Xtr02
N0.HOG0016792	Cmi04	Cpl06				
N0.HOG0016793	Cmi04	Cpl06	Ler06			
N0.HOG0016794	Cmi04			Loc17		Xtr02
N0.HOG0016795	Cmi04	Cpl06		Loc03		
N0.HOG0016796	Cmi04			Loc24		
N0.HOG0016797	Cmi04	Cpl06	Ler06			
N0.HOG0016798	Cmi04		Ler01, Ler06			
N0.HOG0016799	Cmi04	Cpl06				
N0.HOG0016800	Cmi04	Cpl06	Ler06			
N0.HOG0016801	Cmi05	Cpl11	Ler10			
N0.HOG0016802	Cmi05				Gga08	Xtr09
N0.HOG0016803	Cmi05	Cpl11	Ler10			
N0.HOG0016804	Cmi05	Cpl11	Ler10			
N0.HOG0016805	Cmi05	Cpl11	Ler10			
N0.HOG0016806	Cmi05	CplSca	Ler10			
N0.HOG0016807	Cmi05	Cpl11	Ler10			
N0.HOG0016808	Cmi05	Cpl06		Loc10		
N0.HOG0016809	Cmi05	Cpl11	Ler10			
N0.HOG0016810	Cmi05	Cpl11	Ler10			
N0.HOG0016811	Cmi05		Ler10		Gga08	
N0.HOG0016812	Cmi05	Cpl11	Ler10			
N0.HOG0016813	Cmi05	Cpl11	Ler10			
N0.HOG0016814	Cmi05			Loc08	Gga01	
N0.HOG0016815	Cmi05	Cpl23		Loc08		
N0.HOG0016816	Cmi05		Ler19	Loc03		
N0.HOG0016817	Cmi05	Cpl19	Ler19			
N0.HOG0016818	Cmi05	Cpl19	Ler19			
N0.HOG0016819	Cmi05	Cpl19		Loc08		
N0.HOG0016820	Cmi05			Loc08		Xtr03
N0.HOG0016821	Cmi05	Cpl19		Loc08		
N0.HOG0016822	Cmi05	Cpl19	Ler19			
N0.HOG0016823	Cmi05	Cpl19				
N0.HOG0016824	Cmi05					
N0.HOG0016825	Cmi05	Cpl19			Gga01	
N0.HOG0016826	Cmi05		Ler22			Xtr03
N0.HOG0016827	Cmi05	Cpl23	Ler22			
N0.HOG0016828	Cmi05			Loc08		Xtr03
N0.HOG0016829	Cmi05	Cpl23	Ler22			
N0.HOG0016830	Cmi05	Cpl23	Ler22			
N0.HOG0016831	Cmi05	Cpl39	LerSca			
N0.HOG0016832	Cmi05		Ler22	Loc06		
N0.HOG0016833	Cmi06	CplSca	Ler07			
N0.HOG0016834	Cmi06	Cpl07	Ler07			
N0.HOG0016835	Cmi06			Loc12	Gga07	
N0.HOG0016836	Cmi06	Cpl07			Gga07	
N0.HOG0016837	Cmi06	Cpl07	Ler07			
N0.HOG0016838	Cmi06	Cpl07	Ler07			
N0.HOG0016839	Cmi06	Cpl07	Ler07			
N0.HOG0016840	Cmi06	Cpl07	Ler07			
N0.HOG0016841	Cmi06			Loc12	Gga07	
N0.HOG0016842	Cmi07	Cpl22	Ler15			
N0.HOG0016843	Cmi07		Ler15			Xtr07
N0.HOG0016844	Cmi07	Cpl38	Ler34			
N0.HOG0016845	Cmi07	Cpl38	Ler34			
N0.HOG0016846	Cmi07	Cpl38	Ler34			
N0.HOG0016847	Cmi07	Cpl38		Loc05		
N0.HOG0016848	Cmi07			Loc05	Gga06	
N0.HOG0016849	Cmi07	Cpl38		Loc05		
N0.HOG0016850	Cmi07	Cpl38	Ler34			
N0.HOG0016851	Cmi07				Gga06	Xtr07
N0.HOG0016852	Cmi08	Cpl25	Ler25			
N0.HOG0016853	Cmi08	Cpl25	Ler25			
N0.HOG0016854	Cmi08	Cpl25		Loc20		
N0.HOG0016855	Cmi08	Cpl25	Ler25			
N0.HOG0016856	Cmi08				Gga15	Xtr01
N0.HOG0016857	Cmi08	Cpl37		Loc20		
N0.HOG0016858	Cmi08	Cpl25	Ler25			
N0.HOG0016859	Cmi08		Ler25	Loc20		
N0.HOG0016860	Cmi08	Cpl25	Ler25			
N0.HOG0016861	Cmi08			Loc20		Xtr01
N0.HOG0016862	Cmi08	Cpl30	Ler31			
N0.HOG0016863	Cmi08	Cpl30	Ler31			
N0.HOG0016864	Cmi08	Cpl30	Ler31			
N0.HOG0016865	Cmi08	Cpl30	Ler31			
N0.HOG0016866	Cmi08			Loc21		Xtr08
N0.HOG0016867	Cmi08		Ler31			Xtr08
N0.HOG0016868	Cmi29, Cmi08				Gga17	
N0.HOG0016869	Cmi08	Cpl30	Ler31			
N0.HOG0016870	Cmi08	Cpl30	Ler31			
N0.HOG0016871	Cmi08	Cpl30	Ler31			
N0.HOG0016872	Cmi09	Cpl10		Loc07		
N0.HOG0016873	Cmi09	Cpl10	Ler09			
N0.HOG0016874	Cmi09	Cpl10	Ler09			
N0.HOG0016875	Cmi09	Cpl10	Ler09			
N0.HOG0016876	Cmi09	Cpl10		Loc07		
N0.HOG0016877	Cmi09					
N0.HOG0016878	Cmi09	CplSca	Ler09			
N0.HOG0016879	Cmi09	Cpl10	Ler09			
N0.HOG0016880	Cmi10	Cpl28	Ler28			
N0.HOG0016881	Cmi10	Cpl28	Ler28			
N0.HOG0016882	Cmi10	Cpl27	Ler26			
N0.HOG0016883	Cmi10	Cpl27				Xtr02
N0.HOG0016884	Cmi10	Cpl27	Ler26			
N0.HOG0016885	Cmi10	Cpl27	Ler26			
N0.HOG0016886	Cmi10	Cpl27	Ler26			
N0.HOG0016887	Cmi10	Cpl27	Ler26			
N0.HOG0016888	Cmi10	Cpl27	Ler26			
N0.HOG0016889	Cmi10	Cpl27	Ler26			
N0.HOG0016890	Cmi10	Cpl27	Ler26			
N0.HOG0016891	Cmi10	Cpl27	Ler26			
N0.HOG0016892	Cmi10	Cpl27	Ler26			
N0.HOG0016893	Cmi10	Cpl27	Ler26			
N0.HOG0016894	Cmi10	Cpl27	Ler26			
N0.HOG0016895	Cmi11	CplSca	Ler14			
N0.HOG0016896	Cmi11		Ler06		Gga01	
N0.HOG0016897	Cmi11				Gga09	Xtr05
N0.HOG0016898	Cmi11		Ler14			Xtr05
N0.HOG0016899	Cmi11	Cpl13		Loc14		
N0.HOG0016900	Cmi11	Cpl13	Ler14			
N0.HOG0016901	Cmi11	Cpl13				Xtr01
N0.HOG0016902	Cmi11	Cpl13	Ler14			
N0.HOG0016903	Cmi11	Cpl13	Ler14			
N0.HOG0016904	Cmi11	Cpl13	Ler14			
N0.HOG0016905	Cmi11		Ler14			Xtr05
N0.HOG0016906	Cmi11	Cpl13	Ler14			
N0.HOG0016907	Cmi12			Loc08		Xtr04
N0.HOG0016908	Cmi12	Cpl18	Ler16			
N0.HOG0016909	Cmi12				Gga12	Xtr04
N0.HOG0016910	Cmi12	Cpl18	Ler16			
N0.HOG0016911	Cmi12	Cpl18	Ler16			
N0.HOG0016912	Cmi12	Cpl18	Ler16			
N0.HOG0016913	Cmi12	Cpl18	Ler16			
N0.HOG0016914	Cmi12		Ler16	Loc05		
N0.HOG0016915	Cmi12	Cpl18	Ler16			
N0.HOG0016916	Cmi12	Cpl18	Ler16			
N0.HOG0016917	Cmi12	Cpl18	Ler16			
N0.HOG0016918	Cmi12	Cpl18	Ler16			
N0.HOG0016919	Cmi13			Loc06		Xtr03
N0.HOG0016920	Cmi13	Cpl14	Ler11			
N0.HOG0016921	Cmi13	Cpl14	Ler11			
N0.HOG0016922	Cmi13	Cpl14	Ler11			
N0.HOG0016923	Cmi13	Cpl14	Ler11			
N0.HOG0016924	Cmi13		Ler11			Xtr03
N0.HOG0016925	Cmi13	Cpl14	Ler11			
N0.HOG0016926	Cmi13	Cpl14	Ler11			
N0.HOG0016927	Cmi13	Cpl14	Ler11			
N0.HOG0016928	Cmi13	Cpl14	Ler11			
N0.HOG0016929	Cmi13	Cpl14	Ler11			
N0.HOG0016930	Cmi13	Cpl14		Loc06		
N0.HOG0016931	Cmi13	Cpl14	Ler11			
N0.HOG0016932	Cmi13	Cpl14	Ler11			
N0.HOG0016933	Cmi13		Ler11			Xtr03
N0.HOG0016934	Cmi13	Cpl14	Ler11			
N0.HOG0016935	Cmi13	Cpl14	Ler11			
N0.HOG0016936	Cmi13	Cpl14	Ler11			
N0.HOG0016937	Cmi13		Ler11			
N0.HOG0016938	Cmi14			Loc01		Xtr08
N0.HOG0016939	Cmi14	Cpl17	Ler17			
N0.HOG0016940	Cmi14	Cpl17	Ler17			
N0.HOG0016941	Cmi14		Ler31	Loc21		
N0.HOG0016942	Cmi14	Cpl17	Ler17			
N0.HOG0016943	Cmi14	Cpl17		Loc23		
N0.HOG0016944	Cmi14	Cpl17	Ler17			
N0.HOG0016945	Cmi14	Cpl17				
N0.HOG0016946	Cmi14	Cpl17	Ler17			
N0.HOG0016947	Cmi14			Loc23	Gga11	
N0.HOG0016948	Cmi14	Cpl17	Ler17			
N0.HOG0016949	Cmi14	Cpl17				
N0.HOG0016950	Cmi15	Cpl15	Ler12			
N0.HOG0016951	Cmi15	Cpl15	Ler12			
N0.HOG0016952	Cmi15	Cpl15		Loc07		
N0.HOG0016953	Cmi15	Cpl15		Loc07		
N0.HOG0016954	Cmi15	Cpl15	Ler12			
N0.HOG0016955	Cmi15				Gga23	Xtr02
N0.HOG0016956	Cmi15	Cpl15	Ler12			
N0.HOG0016957	Cmi15	Cpl15	Ler12			
N0.HOG0016958	Cmi15	Cpl15	Ler12			
N0.HOG0016959	Cmi15	Cpl15	Ler12			
N0.HOG0016960	Cmi15			Loc07	Gga04	
N0.HOG0016961	Cmi15	Cpl15	Ler12			
N0.HOG0016962	Cmi16	Cpl21	Ler20			
N0.HOG0016963	Cmi16	Cpl21		Loc13		
N0.HOG0016964	Cmi16	Cpl21		Loc13		
N0.HOG0016965	Cmi16	Cpl21		Loc13		
N0.HOG0016966	Cmi16	Cpl21	Ler20			
N0.HOG0016967	Cmi16	Cpl21	Ler20			
N0.HOG0016968	Cmi17	Cpl16	Ler18			
N0.HOG0016969	Cmi17	Cpl16	Ler18			
N0.HOG0016970	Cmi17	Cpl16	Ler18			
N0.HOG0016971	Cmi17	Cpl16	Ler18			
N0.HOG0016972	Cmi17	Cpl16	Ler18			
N0.HOG0016973	Cmi18	Cpl20		Loc14		
N0.HOG0016974	Cmi18	Cpl20	Ler21			
N0.HOG0016975	Cmi18		Ler21	Loc18		
N0.HOG0016976	Cmi18	Cpl20	Ler21			
N0.HOG0016977	Cmi18	Cpl20	Ler21			
N0.HOG0016978	Cmi18	Cpl20	Ler21			
N0.HOG0016979	Cmi18	Cpl20	Ler21			
N0.HOG0016980	Cmi18					
N0.HOG0016981	Cmi19	Cpl26	Ler24			
N0.HOG0016982	Cmi19				Gga26	Xtr02
N0.HOG0016983	Cmi19	Cpl26	Ler24			
N0.HOG0016984	Cmi19	Cpl26	Ler24			
N0.HOG0016985	Cmi19	Cpl26		Loc03		
N0.HOG0016986	Cmi19	Cpl26	LerSca			
N0.HOG0016987	Cmi19	Cpl26	Ler24			
N0.HOG0016988	Cmi19	Cpl26	Ler24			
N0.HOG0016989	Cmi19	Cpl26	Ler24			
N0.HOG0016990	Cmi19	Cpl26	Ler24			
N0.HOG0016991	Cmi19			Loc03	Gga26	
N0.HOG0016992	Cmi19	Cpl26	Ler24			
N0.HOG0016993	Cmi19	Cpl26	Ler24			
N0.HOG0016994	Cmi19	Cpl26	Ler24			
N0.HOG0016995	Cmi19			Loc03	Gga26	
N0.HOG0016996	Cmi20	Cpl24	Ler23			
N0.HOG0016997	Cmi20	Cpl24	Ler23			
N0.HOG0016998	Cmi20	Cpl24		Loc10		
N0.HOG0016999	Cmi20	Cpl24	Ler23			
N0.HOG0017000	Cmi20	Cpl24	Ler23			
N0.HOG0017001	Cmi20	Cpl28	Ler28			
N0.HOG0017002	Cmi20				Gga18	Xtr10
N0.HOG0017003	Cmi21	Cpl31	Ler29			
N0.HOG0017004	Cmi21	Cpl31	Ler29			
N0.HOG0017005	Cmi21	Cpl31	Ler29			
N0.HOG0017006	Cmi21	Cpl31	Ler29			
N0.HOG0017007	Cmi21	Cpl31	Ler29			
N0.HOG0017008	Cmi21		Ler29			
N0.HOG0017009	Cmi21	Cpl31	Ler29			
N0.HOG0017010	Cmi21	Cpl31	Ler29			
N0.HOG0017011	Cmi21	Cpl31	Ler29			
N0.HOG0017012	Cmi21	Cpl31	Ler29			
N0.HOG0017013	Cmi21	Cpl31	Ler29			
N0.HOG0017014	Cmi21	Cpl31				Xtr01
N0.HOG0017015	Cmi21	Cpl31	Ler29			
N0.HOG0017016	Cmi21	Cpl31	Ler29			
N0.HOG0017017	Cmi21	Cpl31	Ler29			
N0.HOG0017018	Cmi21	Cpl31	Ler29			
N0.HOG0017019	Cmi21	Cpl31	Ler29			
N0.HOG0017020	Cmi22			Loc03		Xtr03
N0.HOG0017021	Cmi22	Cpl40	Ler36			
N0.HOG0017022	Cmi22	Cpl40	Ler36			
N0.HOG0017023	Cmi22	Cpl40	Ler36			
N0.HOG0017024	Cmi22	Cpl40	Ler36			
N0.HOG0017025	Cmi23	Cpl33	Ler27			
N0.HOG0017026	Cmi23					
N0.HOG0017027	Cmi23		Ler27		Gga27	
N0.HOG0017028	Cmi23	Cpl33	Ler27			
N0.HOG0017029	Cmi23	Cpl33	Ler27			
N0.HOG0017030	Cmi23	Cpl33	Ler27			
N0.HOG0017031	Cmi23	Cpl33	Ler27			
N0.HOG0017032	Cmi23	Cpl33	Ler27			
N0.HOG0017033	Cmi23	Cpl33	Ler27			
N0.HOG0017034	Cmi23	Cpl33	Ler27			
N0.HOG0017035	Cmi23	Cpl33	Ler27			
N0.HOG0017036	Cmi24	Cpl34	Ler30			
N0.HOG0017037	Cmi24	Cpl34		Loc25		
N0.HOG0017038	Cmi24	Cpl34	Ler30			
N0.HOG0017039	Cmi24	Cpl34	Ler30			
N0.HOG0017040	Cmi24	Cpl34	Ler30			
N0.HOG0017041	Cmi24	Cpl34	Ler30			
N0.HOG0017042	Cmi25	Cpl35	Ler32			
N0.HOG0017043	Cmi25	Cpl35	Ler32			
N0.HOG0017044	Cmi25	Cpl35				Xtr07
N0.HOG0017045	Cmi25	Cpl35		Loc26		
N0.HOG0017046	Cmi25	Cpl35	Ler32			
N0.HOG0017047	Cmi25	Cpl35	Ler32			
N0.HOG0017048	Cmi26	Cpl36	Ler33			
N0.HOG0017049	Cmi27		Ler40			
N0.HOG0017050	Cmi27	Cpl43	Ler40			
N0.HOG0017051	Cmi27				Gga34	Xtr02
N0.HOG0017052	Cmi27				Gga34	Xtr02
N0.HOG0017053	Cmi27			Loc04		Xtr02
N0.HOG0017054	Cmi27			Loc04		Xtr02
N0.HOG0017055	Cmi27			Loc04		Xtr02
N0.HOG0017056	Cmi27		LerSca			Xtr02
N0.HOG0017057	Cmi27	Cpl43	Ler40			
N0.HOG0017058	Cmi27	Cpl43	Ler40			
N0.HOG0017059	Cmi27	Cpl43	Ler40			
N0.HOG0017060	Cmi27	Cpl43	Ler40			
N0.HOG0017061	Cmi27	Cpl43	Ler40			
N0.HOG0017062	Cmi27	Cpl43	Ler40			
N0.HOG0017063	Cmi28	Cpl42	Ler35			
N0.HOG0017064	Cmi28	Cpl42	Ler35			
N0.HOG0017065	Cmi28	Cpl42	Ler35			
N0.HOG0017066	Cmi28	Cpl42	Ler35			
N0.HOG0017067	Cmi28	Cpl42				Xtr03
N0.HOG0017068	Cmi28	Cpl42	Ler35			
N0.HOG0017069	Cmi28	Cpl42		Loc01		
N0.HOG0017070	Cmi29					
N0.HOG0017071	Cmi29	Cpl08	Ler39			
N0.HOG0017072	Cmi29	Cpl08	Ler39			
N0.HOG0017073	Cmi29	Cpl08	Ler39			
N0.HOG0017074	Cmi29	Cpl08		Loc06		
N0.HOG0017075	Cmi29	Cpl08	Ler39			
N0.HOG0017076	Cmi29	Cpl08		Loc06		
N0.HOG0017077	Cmi30	Cpl37	LerSca			
N0.HOG0017078	Cmi30	Cpl07	LerSca			
N0.HOG0017079	Cmi31		LerSca			Xtr07
N0.HOG0017080	Cmi31			LocSca		Xtr07
N0.HOG0017081	Cmi31	Cpl39	Ler37			
N0.HOG0017082	Cmi31	CplSca	Ler37			
N0.HOG0017083	Cmi31	Cpl39	Ler37			
N0.HOG0017084	Cmi31		Ler37			Xtr07
N0.HOG0017085	Cmi31			Loc12	Gga01	
N0.HOG0017086	Cmi31				Gga01	Xtr04
N0.HOG0017087	Cmi31	Cpl39	Ler37			
N0.HOG0017088	Cmi31		Ler37			Xtr04
N0.HOG0017089	Cmi31	Cpl39				Xtr07
N0.HOG0017090	Cmi31	Cpl39				Xtr07
N0.HOG0017091	Cmi31	Cpl39				Xtr07
N0.HOG0017092	Cmi31	Cpl39	Ler37			
N0.HOG0017093	Cmi31	Cpl39	Ler37			
N0.HOG0017094	Cmi31	Cpl39	Ler37			
N0.HOG0017095	Cmi31		Ler37	Loc12		
N0.HOG0017096	CmiSca	Cpl02	Ler03			
N0.HOG0017097	CmiSca	Cpl45		Loc28		
N0.HOG0017098	CmiSca	Cpl49				Xtr04
N0.HOG0017099	CmiSca	Cpl45	LerSca			
N0.HOG0017100	CmiSca	CplSca				Xtr05
N0.HOG0017101	CmiSca		LerSca	Loc02		
N0.HOG0017102	CmiSca	Cpl41		Loc02		
N0.HOG0017103	CmiSca	Cpl41		Loc02		
N0.HOG0017104	CmiSca					Xtr08
N0.HOG0017105	CmiSca	Cpl50				
N0.HOG0017106	CmiSca		LerSca			Xtr08
N0.HOG0017107	CmiSca		LerSca			Xtr08
N0.HOG0017108	CmiSca			Loc01		Xtr08
N0.HOG0017109	CmiSca			Loc01		Xtr08
N0.HOG0017110	CmiSca	Cpl48			Gga05	
N0.HOG0017111	CmiSca	Cpl48	LerSca			
N0.HOG0017112	CmiSca	Cpl41	Ler38			
N0.HOG0017113	CmiSca	Cpl41	Ler38			
N0.HOG0017114	CmiSca		Ler12			Xtr08
N0.HOG0017115	CmiSca	CplSca				
N0.HOG0017116	CmiSca		Ler16			Xtr03
N0.HOG0017117	CmiSca	CplSca	Ler39			
N0.HOG0017118	CmiSca					
N0.HOG0017119	CmiSca				Gga25	Xtr08
N0.HOG0017120	CmiSca	CplSca				Xtr01
N0.HOG0017121	CmiSca				Gga36	Xtr09
N0.HOG0017122	CmiSca	Cpl41	Ler38			
N0.HOG0017123	CmiSca			Loc09		Xtr06
N0.HOG0017124	CmiSca	Cpl45	LerSca			
N0.HOG0017125	CmiSca	Cpl45	LerSca			
N0.HOG0017126	CmiSca	CplSca	Ler33			
N0.HOG0017127	CmiSca					
N0.HOG0017128	CmiSca	Cpl37	LerSca			
N0.HOG0017129	CmiSca		Ler19			
N0.HOG0017130	CmiSca				Gga14	Xtr09
N0.HOG0017131	CmiSca	CplSca	LerSca			
N0.HOG0017132	CmiSca	CplSca				Xtr09
N0.HOG0017133	CmiSca				Gga36	Xtr09
N0.HOG0017134	CmiSca			LocSca		
N0.HOG0017135	CmiSca					Xtr08
N0.HOG0017136	CmiSca		Ler44			Xtr04
N0.HOG0017137	CmiSca		LerSca			Xtr04
N0.HOG0017138	CmiSca	Cpl28	Ler28			
N0.HOG0017139	CmiSca	CplSca	LerSca			
N0.HOG0017140	CmiSca	CplSca	LerSca			
N0.HOG0017141	CmiSca		LerSca			Xtr08
N0.HOG0017142		Cpl01, Cpl18				
N0.HOG0017143		Cpl01		LocSca		Xtr01
N0.HOG0017144		Cpl01	Ler01			Xtr01
N0.HOG0017145		Cpl01	Ler01			Xtr01
N0.HOG0017146		Cpl01				
N0.HOG0017147		Cpl01			GgaZ	Xtr01
N0.HOG0017148		Cpl01	Ler01	Loc02		
N0.HOG0017149		Cpl01	Ler01			Xtr01
N0.HOG0017150		Cpl02	Ler03			
N0.HOG0017151		Cpl02	Ler03			
N0.HOG0017152		Cpl02	Ler03			
N0.HOG0017153		Cpl02		Loc24		Xtr08
N0.HOG0017154		Cpl10, Cpl19, Cpl03				
N0.HOG0017155		Cpl03	Ler05		Gga03	
N0.HOG0017156		Cpl03	Ler05			Xtr05
N0.HOG0017157		Cpl12, Cpl03	Ler13			
N0.HOG0017158		Cpl03	Ler05			Xtr05
N0.HOG0017159		Cpl03	Ler05		Gga03	
N0.HOG0017160		Cpl03	Ler05		Gga03	
N0.HOG0017161		Cpl03	LerSca			Xtr01
N0.HOG0017162		Cpl37, Cpl04				
N0.HOG0017163		Cpl04	Ler04	Loc11		
N0.HOG0017164		Cpl04	Ler04		Gga02	
N0.HOG0017165		Cpl04	Ler43			Xtr06
N0.HOG0017166		Cpl04	Ler04		Gga02	
N0.HOG0017167		Cpl04			Gga02	Xtr06
N0.HOG0017168		Cpl04	Ler04		Gga02	
N0.HOG0017169		Cpl04	Ler04			Xtr06
N0.HOG0017170		Cpl05		Loc28		Xtr04
N0.HOG0017171		Cpl05	Ler02	Loc12		
N0.HOG0017172		Cpl06	Ler06	Loc03		
N0.HOG0017173		Cpl06	LerSca			
N0.HOG0017174		Cpl07		Loc12		Xtr09
N0.HOG0017175		Cpl07	Ler07		Gga07	
N0.HOG0017176		Cpl07	LerSca	Loc12		
N0.HOG0017177		Cpl07	LerSca			Xtr09
N0.HOG0017178		Cpl08		LocSca		
N0.HOG0017179		Cpl08	Ler39			
N0.HOG0017180		Cpl08	Ler39			Xtr03
N0.HOG0017181		Cpl08	Ler39	Loc06		
N0.HOG0017182		Cpl09		Loc16		Xtr05
N0.HOG0017183		Cpl09	Ler08	Loc16		
N0.HOG0017184		Cpl10	Ler09			Xtr08
N0.HOG0017185		Cpl10	Ler09			Xtr08
N0.HOG0017186		Cpl11	LerSca			
N0.HOG0017187		Cpl11	Ler10, Ler14			
N0.HOG0017188		Cpl11	Ler10	Loc10		
N0.HOG0017189		Cpl11	Ler10			Xtr04
N0.HOG0017190		Cpl11		Loc01		
N0.HOG0017191		Cpl12				
N0.HOG0017192		Cpl12		Loc17		Xtr02
N0.HOG0017193		Cpl12		Loc17		Xtr02
N0.HOG0017194		Cpl12	Ler13		Gga01	
N0.HOG0017195		Cpl12	Ler13	Loc03		
N0.HOG0017196		Cpl12	Ler13, Ler24			
N0.HOG0017197		Cpl12	Ler13	Loc03		
N0.HOG0017198		Cpl13	Ler14			
N0.HOG0017199		Cpl13	Ler14	Loc14		
N0.HOG0017200		Cpl13		Loc14		Xtr05
N0.HOG0017201		Cpl13	Ler14			
N0.HOG0017202		Cpl14			Gga13	Xtr03
N0.HOG0017203		Cpl14	Ler11			Xtr03
N0.HOG0017204		Cpl15	Ler12		Gga04	
N0.HOG0017205		Cpl15	Ler12	Loc07		
N0.HOG0017206		Cpl15	Ler12	Loc07		
N0.HOG0017207		Cpl15	Ler12	Loc07		
N0.HOG0017208		Cpl16		Loc27		Xtr04
N0.HOG0017209		Cpl16, Cpl36				
N0.HOG0017210		Cpl17	Ler17			
N0.HOG0017211		Cpl17	Ler17			Xtr04
N0.HOG0017212		Cpl18	Ler16			Xtr04
N0.HOG0017213		Cpl18	Ler16	Loc05		
N0.HOG0017214		Cpl18	Ler16	Loc05		
N0.HOG0017215		Cpl19			Gga01	Xtr03
N0.HOG0017216		Cpl19		Loc08		
N0.HOG0017217		Cpl19	Ler19	Loc08		
N0.HOG0017218		Cpl19	Ler19	Loc08		
N0.HOG0017219		Cpl19		Loc08		
N0.HOG0017220		Cpl20		Loc18	Gga20	
N0.HOG0017221		Cpl21	Ler20	Loc13		
N0.HOG0017222		Cpl21		Loc13		Xtr09
N0.HOG0017223		Cpl21		Loc13		
N0.HOG0017224		Cpl22	Ler15	Loc05		
N0.HOG0017225		Cpl22		Loc05		Xtr07
N0.HOG0017226		Cpl22	Ler15			
N0.HOG0017227		Cpl22		Loc05		Xtr07
N0.HOG0017228		Cpl22		Loc05		Xtr07
N0.HOG0017229		Cpl23	Ler22	Loc08		
N0.HOG0017230		Cpl23	Ler22	Loc08		
N0.HOG0017231		Cpl23	Ler22	Loc10		
N0.HOG0017232		Cpl24	Ler12			
N0.HOG0017233		Cpl24		Loc10		
N0.HOG0017234		Cpl25	Ler25			Xtr01
N0.HOG0017235		Cpl26	Ler24			
N0.HOG0017236		Cpl26	Ler24			
N0.HOG0017237		Cpl26				
N0.HOG0017238		Cpl27	Ler26	Loc06		
N0.HOG0017239		Cpl27	Ler26		Gga23	
N0.HOG0017240		Cpl27			Gga23	Xtr02
N0.HOG0017241		Cpl28				
N0.HOG0017242		Cpl28	Ler28			Xtr02
N0.HOG0017243		Cpl30		Loc21		Xtr09
N0.HOG0017244		Cpl30	Ler31	Loc12		
N0.HOG0017245		Cpl30			Gga17	Xtr08
N0.HOG0017246		Cpl30	Ler31	Loc21		
N0.HOG0017247		Cpl31		Loc19		Xtr01
N0.HOG0017248		Cpl31	Ler29	Loc19		
N0.HOG0017249		Cpl32		Loc02		Xtr01
N0.HOG0017250		Cpl32		Loc04		Xtr01
N0.HOG0017251		Cpl33	Ler27		Gga27	
N0.HOG0017252		Cpl34	Ler39			Xtr03
N0.HOG0017253		Cpl34	Ler30			Xtr07
N0.HOG0017254		Cpl34	LerSca			
N0.HOG0017255		Cpl35	Ler32			Xtr07
N0.HOG0017256		Cpl35		Loc26		Xtr05
N0.HOG0017257		Cpl36	Ler33			Xtr03
N0.HOG0017258		Cpl36	LerSca			
N0.HOG0017259		Cpl37				
N0.HOG0017260		Cpl37	LerSca			
N0.HOG0017261		Cpl37		Loc24, Loc02		
N0.HOG0017262		Cpl37	LerSca			Xtr08
N0.HOG0017263		Cpl37	LerSca			Xtr08
N0.HOG0017264		Cpl37	LerSca			
N0.HOG0017265		Cpl37		LocSca		Xtr08
N0.HOG0017266		Cpl37	LerSca			Xtr08
N0.HOG0017267		Cpl37	LerSca		Gga16	
N0.HOG0017268		Cpl37	LerSca			Xtr08
N0.HOG0017269		Cpl37	LerSca			
N0.HOG0017270		Cpl37	LerSca			Xtr08
N0.HOG0017271		Cpl37				
N0.HOG0017272		Cpl50, Cpl37				
N0.HOG0017273		Cpl38	Ler34			Xtr07
N0.HOG0017274		Cpl38		Loc05		Xtr07
N0.HOG0017275		Cpl39	Ler37			Xtr07
N0.HOG0017276		Cpl39	Ler37			Xtr07
N0.HOG0017277		Cpl39		Loc14, Loc26		
N0.HOG0017278		Cpl39		Loc01		Xtr08
N0.HOG0017279		Cpl39	LerSca			
N0.HOG0017280		Cpl39			GgaSca	Xtr08
N0.HOG0017281		Cpl39	LerSca	Loc05		
N0.HOG0017282		Cpl40			Gga10	Xtr03
N0.HOG0017283		Cpl41		Loc02		Xtr08
N0.HOG0017284		Cpl41	Ler38			
N0.HOG0017285		Cpl41	Ler38	Loc02		
N0.HOG0017286		Cpl41	Ler38	Loc02		
N0.HOG0017287		Cpl41	Ler38	Loc02		
N0.HOG0017288		Cpl41	Ler38	Loc02		
N0.HOG0017289		Cpl41	Ler38	Loc02		
N0.HOG0017290		Cpl41	Ler38			Xtr08
N0.HOG0017291		Cpl41	Ler38	Loc02		
N0.HOG0017292		Cpl41	Ler38	Loc02		
N0.HOG0017293		Cpl41	Ler38	Loc05		
N0.HOG0017294		Cpl41	Ler38	Loc02		
N0.HOG0017295		Cpl41	Ler38			Xtr08
N0.HOG0017296		Cpl43		Loc04	Gga01	
N0.HOG0017297		Cpl43		Loc02		Xtr03
N0.HOG0017298		Cpl43	Ler51	Loc02		
N0.HOG0017299		Cpl44				Xtr01
N0.HOG0017300		Cpl44		Loc25		Xtr01
N0.HOG0017301		Cpl45				Xtr03
N0.HOG0017302		Cpl45		Loc28		Xtr04
N0.HOG0017303		Cpl45	Ler44			Xtr04
N0.HOG0017304		Cpl45	LerSca			
N0.HOG0017305		Cpl45		Loc28, Loc14		
N0.HOG0017306		Cpl45		Loc28		Xtr04
N0.HOG0017307		Cpl45	LerSca			Xtr04
N0.HOG0017308		Cpl45	LerSca	Loc28		
N0.HOG0017309		Cpl45	Ler38, Ler44			
N0.HOG0017310		Cpl45	Ler08	Loc28		
N0.HOG0017311		Cpl45	LerSca	Loc28		
N0.HOG0017312		Cpl46		LocSca		
N0.HOG0017313		Cpl47			Gga06	Xtr09
N0.HOG0017314		Cpl47		Loc24		Xtr07
N0.HOG0017315		Cpl47		Loc24		Xtr07
N0.HOG0017316		Cpl47		Loc24		Xtr07
N0.HOG0017317		Cpl47		Loc24		Xtr07
N0.HOG0017318		Cpl47		Loc24		Xtr07
N0.HOG0017319		Cpl48	LerSca	Loc02		
N0.HOG0017320		Cpl48	LerSca	Loc02		
N0.HOG0017321		Cpl48	LerSca	Loc02		
N0.HOG0017322		Cpl48		Loc02		Xtr03
N0.HOG0017323		Cpl48	LerSca	Loc02		
N0.HOG0017324		Cpl48	LerSca	Loc02		
N0.HOG0017325		Cpl48	LerSca	Loc02		
N0.HOG0017326		Cpl48	LerSca	Loc02		
N0.HOG0017327		Cpl48	LerSca			Xtr03
N0.HOG0017328		Cpl48	LerSca	Loc02		
N0.HOG0017329		Cpl51			Gga25	Xtr08
N0.HOG0017330		Cpl51	LerSca			Xtr08
N0.HOG0017331		Cpl51	Ler24			Xtr08
N0.HOG0017332		Cpl51		Loc02		Xtr08
N0.HOG0017333		CplMT		LocMT	GgaMT	
N0.HOG0017334		CplMT		LocMT	GgaMT	
N0.HOG0017335		CplMT		LocMT	GgaMT	
N0.HOG0017336		CplMT		LocMT	GgaMT	
N0.HOG0017337		CplMT		LocMT	GgaMT	
N0.HOG0017338		CplMT		LocMT	GgaMT	
N0.HOG0017339		CplMT		LocMT	GgaMT	
N0.HOG0017340		CplMT		LocMT	GgaMT	
N0.HOG0017341		CplMT		LocMT	GgaMT	
N0.HOG0017342		CplMT		LocMT	GgaMT	
N0.HOG0017343		CplMT		LocMT	GgaMT	
N0.HOG0017344		CplMT		LocMT	GgaMT	
N0.HOG0017345		CplSca	Ler05			
N0.HOG0017346		CplSca			Gga25	Xtr08
N0.HOG0017347		CplSca			Gga35	Xtr01
N0.HOG0017348		CplSca	Ler02	LocSca		
N0.HOG0017349		CplSca		Loc24		Xtr07
N0.HOG0017350		CplSca				Xtr07
N0.HOG0017351		CplSca	LerSca			
N0.HOG0017352		CplSca	Ler11			
N0.HOG0017353		CplSca		Loc28		Xtr04
N0.HOG0017354		CplSca	Ler51			Xtr03
N0.HOG0017355		CplSca		Loc04		Xtr01
N0.HOG0017356		CplSca	LerSca	LocSca		
N0.HOG0017357		CplSca	LerSca	Loc02		
N0.HOG0017358		CplSca	Ler02			
N0.HOG0017359		CplSca	LerSca	LocSca		
N0.HOG0017360		CplSca				
N0.HOG0017361		CplSca				
N0.HOG0017362		CplSca				
N0.HOG0017363		CplSca				
N0.HOG0017364		CplSca	LerSca			
N0.HOG0017365		CplSca		Loc01		Xtr08
N0.HOG0017366		CplSca			Gga36	Xtr09
N0.HOG0017367		CplSca				
N0.HOG0017368		CplSca	Ler24	Loc24		
N0.HOG0017369		CplSca		Loc01		Xtr07
N0.HOG0017370		CplSca		Loc24		Xtr07
N0.HOG0017371		CplSca				
N0.HOG0017372		CplSca		Loc24		Xtr08
N0.HOG0017373		CplSca	LerSca			Xtr08
N0.HOG0017374		CplSca		Loc01	GgaSca	
N0.HOG0017375		CplSca		Loc28		Xtr04
N0.HOG0017376		CplSca		Loc01		XtrSca
N0.HOG0017377		CplSca	LerSca			
N0.HOG0017378		CplSca	LerSca			Xtr08
N0.HOG0017379		CplSca	LerSca			Xtr01
N0.HOG0017380		CplSca				Xtr02
N0.HOG0017381		CplSca	LerSca			Xtr09
N0.HOG0017382		CplSca		Loc24		Xtr07
N0.HOG0017383		CplSca	LerSca			Xtr03
N0.HOG0017384		CplSca	LerSca			
N0.HOG0017385		CplSca		Loc07	Gga05	
N0.HOG0017386		CplSca	Ler06			Xtr02
N0.HOG0017387		CplSca		Loc01		Xtr08
N0.HOG0017388		CplSca	LerSca			
N0.HOG0017389		CplSca		Loc01		Xtr08
N0.HOG0017390		CplSca		Loc01		Xtr08
N0.HOG0017391		CplSca	Ler28, Ler08			
N0.HOG0017392		CplSca	LerSca			Xtr07
N0.HOG0017393		CplSca	LerSca			Xtr01
N0.HOG0017394		CplSca	LerSca			Xtr01
N0.HOG0017395		CplSca	LerSca	LocSca		
N0.HOG0017396		CplSca	LerSca			Xtr01
N0.HOG0017397		CplSca	LerSca	Loc01		
N0.HOG0017398		CplSca	LerSca		GgaSca	
N0.HOG0017399		CplSca	Ler35, Ler16			
N0.HOG0017400		CplSca		Loc28		
N0.HOG0017401				Loc08	Gga01	Xtr03
N0.HOG0017402				Loc08	Gga01	Xtr03
N0.HOG0017403				Loc08	Gga01	Xtr03
N0.HOG0017404				LocSca	Gga01	
N0.HOG0017405			Ler37		Gga01	Xtr04
N0.HOG0017406				Loc26	Gga01	Xtr07
N0.HOG0017407				Loc26	Gga01	Xtr07
N0.HOG0017408				Loc26	Gga01	Xtr07
N0.HOG0017409				Loc26	Gga01	Xtr07
N0.HOG0017410				Loc26	Gga01	Xtr07
N0.HOG0017411				Loc26	Gga01	Xtr07
N0.HOG0017412				Loc26	Gga01	Xtr07
N0.HOG0017413				Loc26	Gga01	Xtr07
N0.HOG0017414				Loc26	Gga01	Xtr07
N0.HOG0017415				Loc26	Gga01	Xtr07
N0.HOG0017416				Loc26	Gga01	Xtr07
N0.HOG0017417				Loc26	Gga01	Xtr07
N0.HOG0017418					Gga01	Xtr07
N0.HOG0017419					Gga01	
N0.HOG0017420				Loc03	Gga01	Xtr02
N0.HOG0017421				Loc17	Gga01	
N0.HOG0017422				Loc03	Gga01	Xtr02
N0.HOG0017423				Loc03	Gga01	Xtr02
N0.HOG0017424				Loc17	Gga01	Xtr02
N0.HOG0017425				Loc17	Gga01	Xtr02
N0.HOG0017426				Loc17	Gga01	Xtr02
N0.HOG0017427				Loc03	Gga01	Xtr02
N0.HOG0017428				Loc03	Gga01	Xtr02
N0.HOG0017429					Gga01	
N0.HOG0017430				Loc03	Gga01	Xtr02
N0.HOG0017431				Loc03	Gga01	Xtr02
N0.HOG0017432					Gga10	
N0.HOG0017433				Loc03	Gga10	Xtr03
N0.HOG0017434				Loc03	Gga10	Xtr03
N0.HOG0017435				Loc03	Gga10	Xtr03
N0.HOG0017436				Loc23	Gga11	Xtr04
N0.HOG0017437				Loc05	Gga12	Xtr04
N0.HOG0017438				Loc05	Gga12	Xtr04
N0.HOG0017439				Loc06	Gga13	Xtr03
N0.HOG0017440				Loc06	Gga13	Xtr03
N0.HOG0017441				Loc06	Gga13	Xtr03
N0.HOG0017442					Gga13	Xtr03
N0.HOG0017443				Loc06	Gga13	Xtr03
N0.HOG0017444					Gga14	
N0.HOG0017445				Loc13	Gga14	Xtr09
N0.HOG0017446				Loc13	Gga14	Xtr09
N0.HOG0017447				Loc20	Gga15	Xtr01
N0.HOG0017448					Gga16	
N0.HOG0017449					Gga16, Gga09	
N0.HOG0017450			LerSca		Gga16	Xtr08
N0.HOG0017451				Loc05	Gga17	Xtr09
N0.HOG0017452			Ler31, Ler14		Gga17	
N0.HOG0017453				Loc10	Gga18	Xtr10
N0.HOG0017454				Loc10	Gga18	Xtr10
N0.HOG0017455				Loc10	Gga18	Xtr10
N0.HOG0017456				Loc10	Gga18	Xtr10
N0.HOG0017457				Loc10	Gga18	Xtr10
N0.HOG0017458				Loc10	Gga18	Xtr10
N0.HOG0017459				Loc22	Gga19	Xtr02
N0.HOG0017460				Loc09	Gga02	Xtr06
N0.HOG0017461				Loc01	Gga02	
N0.HOG0017462					Gga02	
N0.HOG0017463					Gga02	
N0.HOG0017464				Loc09	Gga02	Xtr06
N0.HOG0017465				Loc09	Gga02	Xtr06
N0.HOG0017466				Loc11	Gga02	Xtr06
N0.HOG0017467				LocSca	Gga02	Xtr06
N0.HOG0017468				LocSca	Gga02	Xtr06
N0.HOG0017469				Loc11	Gga02	Xtr06
N0.HOG0017470			LerSca		Gga02	Xtr06
N0.HOG0017471				Loc09	Gga02	Xtr06
N0.HOG0017472				Loc18	Gga20	Xtr10
N0.HOG0017473					Gga20	Xtr04
N0.HOG0017474					Gga20	
N0.HOG0017475				Loc18	Gga20	Xtr10
N0.HOG0017476			Ler30		Gga21	Xtr07
N0.HOG0017477				Loc25	Gga21	Xtr07
N0.HOG0017478				Loc25	Gga21	Xtr07
N0.HOG0017479				Loc01	Gga22	Xtr03
N0.HOG0017480					Gga22	
N0.HOG0017481				Loc01	Gga22	Xtr03
N0.HOG0017482				Loc06	Gga23	Xtr02
N0.HOG0017483				Loc06	Gga23	Xtr02
N0.HOG0017484				Loc06	Gga23	Xtr02
N0.HOG0017485				Loc06	Gga23	Xtr02
N0.HOG0017486			Ler32		Gga24	Xtr07
N0.HOG0017487				LocSca	Gga25	Xtr08
N0.HOG0017488			LerSca	Loc24	Gga25	
N0.HOG0017489				Loc24	Gga25	Xtr08
N0.HOG0017490				Loc24	Gga25	Xtr08
N0.HOG0017491				Loc24	Gga25	Xtr08
N0.HOG0017492				Loc24	Gga25	Xtr08
N0.HOG0017493				Loc05	Gga25	Xtr08
N0.HOG0017494					Gga25	
N0.HOG0017495					Gga25	
N0.HOG0017496				Loc24	Gga25	Xtr08
N0.HOG0017497			LerSca		Gga25	Xtr08
N0.HOG0017498				Loc24	Gga25	Xtr08
N0.HOG0017499				Loc24	Gga25	Xtr08
N0.HOG0017500				Loc24	Gga25	Xtr08
N0.HOG0017501			Ler24		Gga25	Xtr08
N0.HOG0017502				Loc01	Gga25	Xtr08
N0.HOG0017503					Gga25	Xtr08
N0.HOG0017504				Loc03	Gga26	Xtr02
N0.HOG0017505				Loc03	Gga26	Xtr02
N0.HOG0017506				Loc03	Gga26	Xtr02
N0.HOG0017507				Loc03	Gga26	Xtr02
N0.HOG0017508				Loc15	Gga27	Xtr10
N0.HOG0017509				Loc15	Gga27	Xtr10
N0.HOG0017510				Loc15	Gga27	Xtr03
N0.HOG0017511			LerSca		Gga28	Xtr09
N0.HOG0017512				Loc19	Gga28	Xtr01
N0.HOG0017513			Ler39, Ler29		Gga28	
N0.HOG0017514				Loc19	Gga28	Xtr01
N0.HOG0017515					Gga28	Xtr01
N0.HOG0017516				Loc19	Gga28	Xtr01
N0.HOG0017517				Loc01	Gga03	Xtr05
N0.HOG0017518				Loc16	Gga03	XtrSca
N0.HOG0017519					Gga03	
N0.HOG0017520				Loc01	Gga03	Xtr05
N0.HOG0017521				LocSca	Gga03	Xtr09
N0.HOG0017522				Loc03, Loc15	Gga03	
N0.HOG0017523					Gga03	
N0.HOG0017524				Loc01	Gga03	Xtr05
N0.HOG0017525				LocSca	Gga03	Xtr05
N0.HOG0017526				Loc01	Gga03	Xtr05
N0.HOG0017527				Loc01	Gga03	Xtr05
N0.HOG0017528				LocSca	Gga03	Xtr05
N0.HOG0017529					Gga03	
N0.HOG0017530				LocSca	Gga03	Xtr05
N0.HOG0017531					Gga31	
N0.HOG0017532				Loc04	Gga34	Xtr02
N0.HOG0017533				Loc04	Gga34	Xtr02
N0.HOG0017534				Loc04	Gga34	Xtr02
N0.HOG0017535				Loc04	Gga34	Xtr02
N0.HOG0017536				Loc04	Gga34	Xtr02
N0.HOG0017537				Loc04	Gga34	Xtr02
N0.HOG0017538			Ler40	Loc04	Gga34	
N0.HOG0017539					Gga34	
N0.HOG0017540				Loc04	Gga34	Xtr02
N0.HOG0017541				LocSca	Gga35	Xtr01
N0.HOG0017542				LocSca	Gga35	Xtr01
N0.HOG0017543				LocSca	Gga35	Xtr01
N0.HOG0017544				Loc21	Gga35	Xtr01
N0.HOG0017545				Loc05	Gga36	Xtr09
N0.HOG0017546				LocSca	Gga36	Xtr09
N0.HOG0017547					Gga06, Gga37	
N0.HOG0017548				Loc07	Gga04	Xtr08
N0.HOG0017549				Loc07	Gga04	Xtr08
N0.HOG0017550			Ler12		Gga04	Xtr08
N0.HOG0017551				Loc02	Gga04	Xtr01
N0.HOG0017552					Gga04	Xtr01
N0.HOG0017553				Loc02	Gga04	Xtr01
N0.HOG0017554				Loc04	Gga04	Xtr01
N0.HOG0017555				Loc02	Gga04	Xtr01
N0.HOG0017556				Loc09	Gga05	Xtr07
N0.HOG0017557				Loc09	Gga05	Xtr07
N0.HOG0017558				Loc09	Gga05	Xtr07
N0.HOG0017559				LocSca	Gga05	Xtr07
N0.HOG0017560				Loc09	Gga05	Xtr07
N0.HOG0017561				Loc26	Gga05	Xtr07
N0.HOG0017562				Loc01	Gga05	
N0.HOG0017563			Ler18		Gga05	Xtr04
N0.HOG0017564				LocSca	Gga05	Xtr08
N0.HOG0017565			Ler18		Gga05	Xtr04
N0.HOG0017566				Loc27	Gga05	Xtr04
N0.HOG0017567			Ler18	Loc27	Gga05	
N0.HOG0017568				Loc27	Gga05	Xtr04
N0.HOG0017569			Ler18		Gga05	Xtr04
N0.HOG0017570					Gga05	Xtr08
N0.HOG0017571				Loc07	Gga05	Xtr08
N0.HOG0017572			Ler09	Loc07	Gga05	
N0.HOG0017573				Loc07	Gga05	Xtr08
N0.HOG0017574				Loc05	Gga06	Xtr07
N0.HOG0017575				Loc05	Gga06	Xtr07
N0.HOG0017576				Loc05	Gga06	Xtr07
N0.HOG0017577				Loc05	Gga06	Xtr07
N0.HOG0017578					Gga07	Xtr09
N0.HOG0017579				Loc12	Gga07	
N0.HOG0017580				Loc12	Gga07	Xtr09
N0.HOG0017581				Loc10	Gga08	Xtr04
N0.HOG0017582			Ler10, Ler20		Gga08	
N0.HOG0017583				Loc10	Gga08	Xtr04
N0.HOG0017584				Loc10	Gga08	Xtr04
N0.HOG0017585			Ler10		Gga08	Xtr04
N0.HOG0017586				Loc02	Gga08	Xtr09
N0.HOG0017587				Loc12	Gga09	Xtr09
N0.HOG0017588				Loc14	Gga09	Xtr05
N0.HOG0017589					GgaZ	
N0.HOG0017590				Loc02	GgaZ	Xtr01
N0.HOG0017591				Loc04	GgaZ	Xtr01
N0.HOG0017592				Loc01	GgaSca	Xtr08
N0.HOG0017593				Loc01	GgaSca	Xtr08
N0.HOG0017594				Loc01	GgaSca	Xtr02
N0.HOG0017595				Loc01	GgaSca	Xtr08
N0.HOG0017596				Loc05	GgaSca	Xtr09
N0.HOG0017597			Ler04			
N0.HOG0017598			LerSca			
N0.HOG0017599			Ler07, Ler37			
N0.HOG0017600			Ler34			
N0.HOG0017601			LerSca			
N0.HOG0017602			Ler02, Ler10, Ler05			
N0.HOG0017603			Ler10, Ler24, Ler22			
N0.HOG0017604			Ler10, Ler20, Ler02			
N0.HOG0017605			Ler11, Ler10, Ler05			
N0.HOG0017606			Ler10, Ler01, Ler06			
N0.HOG0017607			Ler10, Ler39	Loc21		
N0.HOG0017608			Ler10, Ler29			Xtr03
N0.HOG0017609			Ler10, Ler07, Ler14			
N0.HOG0017610			Ler10, Ler01, Ler05			
N0.HOG0017611			Ler10, Ler16			Xtr03
N0.HOG0017612			Ler10	LocSca		Xtr04
N0.HOG0017613			LerSca			
N0.HOG0017614			Ler47, Ler05			
N0.HOG0017615			Ler22			Xtr03
N0.HOG0017616			LerSca			
N0.HOG0017617			Ler11, Ler02			
N0.HOG0017618			Ler11, Ler09, Ler02			
N0.HOG0017619			Ler11, Ler01, Ler08			
N0.HOG0017620			Ler11, Ler12			
N0.HOG0017621			Ler11, Ler02, Ler05			
N0.HOG0017622			Ler11, Ler07, Ler18			
N0.HOG0017623			Ler05			
N0.HOG0017624			Ler02, Ler12, Ler18			
N0.HOG0017625			Ler12			
N0.HOG0017626			Ler08, Ler12, Ler05			
N0.HOG0017627			Ler08, Ler12			
N0.HOG0017628			Ler23, Ler12, Ler13			
N0.HOG0017629			Ler15, Ler12, Ler34			
N0.HOG0017630			LerSca			
N0.HOG0017631			Ler32			
N0.HOG0017632			Ler13			
N0.HOG0017633			Ler07, Ler13			
N0.HOG0017634			Ler13, Ler01			
N0.HOG0017635			Ler28, Ler13, Ler05			
N0.HOG0017636			Ler26, Ler13			Xtr02
N0.HOG0017637			Ler04, Ler01, Ler13			
N0.HOG0017638			Ler20, Ler13, Ler17			
N0.HOG0017639			Ler03, Ler13, Ler01			
N0.HOG0017640			Ler13	Loc05		Xtr02
N0.HOG0017641			LerSca	Loc26		Xtr07
N0.HOG0017642			LerSca			
N0.HOG0017643			Ler14	Loc14		Xtr05
N0.HOG0017644			Ler14			
N0.HOG0017645			Ler27, Ler14			
N0.HOG0017646			LerSca			
N0.HOG0017647			LerSca	Loc28		Xtr04
N0.HOG0017648			Ler15, Ler01, Ler35			
N0.HOG0017649			Ler15, Ler01, Ler02			
N0.HOG0017650			Ler15			Xtr02, Xtr01
N0.HOG0017651			LerSca	Loc02		Xtr03
N0.HOG0017652			LerSca	Loc02		Xtr07
N0.HOG0017653			Ler16	Loc05		Xtr04
N0.HOG0017654			Ler16	Loc14		Xtr02
N0.HOG0017655			Ler17			
N0.HOG0017656			Ler04, Ler02, Ler17			
N0.HOG0017657			LerSca	Loc24		Xtr08
N0.HOG0017658			LerSca	LocSca		Xtr01
N0.HOG0017659			LerSca	LocSca		Xtr01
N0.HOG0017660			Ler05, Ler19, Ler18			
N0.HOG0017661			Ler31, Ler21, Ler18			
N0.HOG0017662			Ler04, Ler02, Ler18			
N0.HOG0017663			Ler18			
N0.HOG0017664			Ler18			
N0.HOG0017665			Ler19	Loc08		Xtr03
N0.HOG0017666			Ler19	LocSca		Xtr04
N0.HOG0017667			Ler04, Ler25, Ler19			
N0.HOG0017668			Ler04, Ler19, Ler06			
N0.HOG0017669			Ler01			
N0.HOG0017670			Ler04, Ler01, Ler09			
N0.HOG0017671			Ler01, Ler06			
N0.HOG0017672			Ler02, Ler01, Ler06			
N0.HOG0017673			Ler08, Ler01			
N0.HOG0017674			Ler01			
N0.HOG0017675			Ler26, Ler29, Ler01			
N0.HOG0017676			Ler01, Ler06			
N0.HOG0017677			Ler02, Ler23, Ler01			
N0.HOG0017678			Ler01	Loc04		Xtr01
N0.HOG0017679			Ler03, Ler01			
N0.HOG0017680			Ler01, Ler06			Xtr01
N0.HOG0017681			Ler20	Loc13		Xtr09
N0.HOG0017682			Ler20, Ler21			
N0.HOG0017683			Ler04, Ler21, Ler05			
N0.HOG0017684			Ler04, Ler21, Ler05			
N0.HOG0017685			Ler28, Ler24, Ler22			
N0.HOG0017686			Ler22			
N0.HOG0017687			Ler22			Xtr03
N0.HOG0017688			Ler04, Ler23, Ler06			
N0.HOG0017689			Ler23	Loc02		Xtr04
N0.HOG0017690			Ler04, Ler02, Ler23			
N0.HOG0017691			Ler08			Xtr09
N0.HOG0017692			Ler24	Loc04		Xtr08
N0.HOG0017693			Ler09, Ler24			
N0.HOG0017694			Ler09, Ler24			
N0.HOG0017695			Ler24			
N0.HOG0017696			Ler03, Ler24			
N0.HOG0017697			Ler03			
N0.HOG0017698			Ler04, Ler25			
N0.HOG0017699			Ler25, Ler29			
N0.HOG0017700			Ler26, Ler08, Ler32			
N0.HOG0017701			Ler04, Ler26			
N0.HOG0017702			Ler26	Loc06		Xtr02
N0.HOG0017703			Ler03, Ler26			
N0.HOG0017704			Ler27	LocSca		Xtr07
N0.HOG0017705			Ler02	Loc02		Xtr09
N0.HOG0017706			Ler02			Xtr06
N0.HOG0017707			Ler02			
N0.HOG0017708			Ler02			
N0.HOG0017709			Ler04, Ler02, Ler06			
N0.HOG0017710			Ler03, Ler02			
N0.HOG0017711			Ler02, Ler06			
N0.HOG0017712			Ler02			
N0.HOG0017713			Ler02	Loc09		
N0.HOG0017714			Ler30	Loc02		Xtr03
N0.HOG0017715			Ler09, Ler30			
N0.HOG0017716			Ler30	Loc25		Xtr07
N0.HOG0017717			Ler31	Loc21		Xtr08
N0.HOG0017718			Ler31	Loc21		Xtr08
N0.HOG0017719			Ler32	Loc24		Xtr07
N0.HOG0017720			Ler32	Loc15, Loc07		
N0.HOG0017721			Ler03, Ler09, Ler33			
N0.HOG0017722			Ler04, Ler34, Ler33			
N0.HOG0017723			Ler04			
N0.HOG0017724			Ler03, Ler34, Ler05			
N0.HOG0017725			LerSca			
N0.HOG0017726			LerSca			
N0.HOG0017727			Ler03			
N0.HOG0017728			Ler03	Loc09, Loc01		
N0.HOG0017729			Ler03, Ler08			
N0.HOG0017730			Ler03	Loc03		
N0.HOG0017731			Ler03	Loc03		Xtr03
N0.HOG0017732			Ler40	Loc04		Xtr02
N0.HOG0017733			Ler44	Loc28		Xtr04
N0.HOG0017734			Ler04			
N0.HOG0017735			LerSca			
N0.HOG0017736			Ler05, Ler08, Ler06			
N0.HOG0017737			Ler06	Loc17		Xtr02
N0.HOG0017738			Ler06	Loc17		Xtr02
N0.HOG0017739			LerSca	LocSca		Xtr08
N0.HOG0017740			Ler07	Loc12		
N0.HOG0017741			Ler08	Loc16		Xtr05
N0.HOG0017742			LerSca	Loc12		Xtr09
N0.HOG0017743				Loc05, Loc01		
N0.HOG0017744				Loc01		Xtr08
N0.HOG0017745				Loc14, Loc01		
N0.HOG0017746				Loc01		Xtr03
N0.HOG0017747				Loc01		
N0.HOG0017748				Loc14		
N0.HOG0017749				Loc15		Xtr10
N0.HOG0017750				Loc03, Loc17		
N0.HOG0017751				Loc02		Xtr01
N0.HOG0017752				Loc02		
N0.HOG0017753				Loc02		Xtr02
N0.HOG0017754				Loc02		Xtr03
N0.HOG0017755				Loc24		Xtr10
N0.HOG0017756				Loc24		Xtr07
N0.HOG0017757				Loc24		Xtr07, Xtr08
N0.HOG0017758				Loc24		Xtr03
N0.HOG0017759				Loc25		Xtr07
N0.HOG0017760				Loc26		Xtr07
N0.HOG0017761				Loc03, Loc26		
N0.HOG0017762				Loc05, Loc04, Loc07		
N0.HOG0017763				Loc04		Xtr01, Xtr03
N0.HOG0017764				Loc05		
N0.HOG0017765				Loc06		
N0.HOG0017766				Loc07		Xtr09, Xtr05
N0.HOG0017767				Loc08		
N0.HOG0017768				Loc08		Xtr03
N0.HOG0017769				LocSca		
N0.HOG0017770				LocSca		
N0.HOG0017771						Xtr01, Xtr04
N0.HOG0017772						Xtr01
N0.HOG0017773						Xtr02, Xtr01
N0.HOG0017774						Xtr02, Xtr01, Xtr05
N0.HOG0017775						Xtr07, Xtr01, Xtr03
N0.HOG0017776						Xtr01
N0.HOG0017777						Xtr01, Xtr08, Xtr04
N0.HOG0017778						Xtr01, Xtr03, Xtr05
N0.HOG0017779						Xtr02, Xtr01, Xtr08
N0.HOG0017780						Xtr10, Xtr01, Xtr05
N0.HOG0017781						Xtr10, Xtr09, Xtr05
N0.HOG0017782						Xtr10
N0.HOG0017783						Xtr10
N0.HOG0017784						Xtr10, Xtr03
N0.HOG0017785						Xtr02, Xtr10, Xtr08
N0.HOG0017786						Xtr02, Xtr09
N0.HOG0017787						Xtr02, Xtr07
N0.HOG0017788						Xtr02
N0.HOG0017789						Xtr02
N0.HOG0017790						Xtr02, Xtr06, Xtr07
N0.HOG0017791						Xtr02
N0.HOG0017792						Xtr02, Xtr07, Xtr09
N0.HOG0017793						Xtr02
N0.HOG0017794						Xtr02, Xtr06, Xtr04
N0.HOG0017795						Xtr02, Xtr05
N0.HOG0017796						Xtr03
N0.HOG0017797						Xtr08, Xtr03
N0.HOG0017798						Xtr06, Xtr07, Xtr03
N0.HOG0017799						Xtr03
N0.HOG0017800						Xtr08, Xtr03, Xtr05
N0.HOG0017801						Xtr06, Xtr03, Xtr04
N0.HOG0017802						Xtr08, Xtr03
N0.HOG0017803						Xtr03
N0.HOG0017804						Xtr06, Xtr03, Xtr05
N0.HOG0017805						Xtr03
N0.HOG0017806						Xtr08, Xtr03
N0.HOG0017807						Xtr03
N0.HOG0017808						Xtr08, Xtr03, Xtr05
N0.HOG0017809						Xtr03
N0.HOG0017810						Xtr03
N0.HOG0017811						Xtr04
N0.HOG0017812						Xtr04
N0.HOG0017813						Xtr09, Xtr06, Xtr04
N0.HOG0017814						Xtr07, Xtr04
N0.HOG0017815						Xtr08, Xtr04
N0.HOG0017816						Xtr04
N0.HOG0017817						Xtr04
N0.HOG0017818						Xtr04
N0.HOG0017819						Xtr04, Xtr05
N0.HOG0017820						Xtr06, Xtr04
N0.HOG0017821						Xtr05
N0.HOG0017822						Xtr05
N0.HOG0017823						Xtr06, Xtr05
N0.HOG0017824						Xtr05
N0.HOG0017825						Xtr05
N0.HOG0017826						Xtr06
N0.HOG0017827						Xtr06
N0.HOG0017828						Xtr06
N0.HOG0017829						Xtr06, Xtr08
N0.HOG0017830						Xtr06, Xtr09
N0.HOG0017831						Xtr06
N0.HOG0017832						Xtr07
N0.HOG0017833						Xtr07
N0.HOG0017834						Xtr07
N0.HOG0017835						Xtr07
N0.HOG0017836						Xtr07
N0.HOG0017837						Xtr07
N0.HOG0017838						Xtr07
N0.HOG0017839						Xtr07
N0.HOG0017840						Xtr07
N0.HOG0017841						Xtr07
N0.HOG0017842						Xtr08
N0.HOG0017843						Xtr08
N0.HOG0017844						Xtr08
N0.HOG0017845						Xtr08
N0.HOG0017846						Xtr08
N0.HOG0017847						Xtr08
N0.HOG0017848						Xtr08
N0.HOG0017849						Xtr08, Xtr09
N0.HOG0017850						Xtr08
N0.HOG0017851						Xtr08
N0.HOG0017852						Xtr09
N0.HOG0017853						Xtr09
N0.HOG0017854	Cmi01	Cpl02				
N0.HOG0017855	Cmi01	CplSca				
N0.HOG0017856	Cmi01	Cpl32				
N0.HOG0017857	Cmi01			Loc02		
N0.HOG0017858	Cmi01	Cpl01				
N0.HOG0017859	Cmi01		Ler41			
N0.HOG0017860	Cmi01, Cmi03					
N0.HOG0017861	Cmi01	CplSca				
N0.HOG0017862	Cmi01					Xtr01
N0.HOG0017863	Cmi01	Cpl01				
N0.HOG0017864	Cmi01			Loc04		
N0.HOG0017865	Cmi01		Ler03			
N0.HOG0017866	Cmi01	Cpl02				
N0.HOG0017867	Cmi01			Loc02		
N0.HOG0017868	Cmi01		Ler03			
N0.HOG0017869	Cmi01	Cpl02				
N0.HOG0017870	Cmi01			Loc02		
N0.HOG0017871	Cmi01	Cpl02				
N0.HOG0017872	Cmi01	Cpl01				
N0.HOG0017873	Cmi01	Cpl01				
N0.HOG0017874	Cmi01					
N0.HOG0017875	Cmi01					
N0.HOG0017876	Cmi01				GgaZ	
N0.HOG0017877	Cmi01	Cpl16				
N0.HOG0017878	Cmi02	Cpl05				
N0.HOG0017879	Cmi02			Loc09		
N0.HOG0017880	Cmi02			Loc11		
N0.HOG0017881	Cmi02		Ler02			
N0.HOG0017882	Cmi02		Ler02			
N0.HOG0017883	Cmi02		Ler02			
N0.HOG0017884	Cmi02		Ler02			
N0.HOG0017885	Cmi02		Ler04			
N0.HOG0017886	Cmi02			Loc11		
N0.HOG0017887	Cmi02	Cpl04				
N0.HOG0017888	Cmi02		Ler43			
N0.HOG0017889	Cmi02					
N0.HOG0017890	Cmi02					
N0.HOG0017891	Cmi02			LocSca		
N0.HOG0017892	Cmi02		Ler04			
N0.HOG0017893	Cmi02		Ler04			
N0.HOG0017894	Cmi02		Ler04			
N0.HOG0017895	Cmi03			Loc01		
N0.HOG0017896	Cmi03					
N0.HOG0017897	Cmi03	Cpl03				
N0.HOG0017898	Cmi03		Ler05			
N0.HOG0017899	Cmi03					Xtr05
N0.HOG0017900	Cmi03, Cmi14					
N0.HOG0017901	Cmi03			Loc01		
N0.HOG0017902	Cmi03		Ler05			
N0.HOG0017903	Cmi03	Cpl03				
N0.HOG0017904	Cmi03				Gga03	
N0.HOG0017905	Cmi03				Gga03	
N0.HOG0017906	Cmi03			Loc01		
N0.HOG0017907	Cmi03				Gga03	
N0.HOG0017908	Cmi03	Cpl09				
N0.HOG0017909	Cmi04		Ler13			
N0.HOG0017910	Cmi04			Loc17		
N0.HOG0017911	Cmi04					
N0.HOG0017912	Cmi04					Xtr02
N0.HOG0017913	Cmi04	Cpl45				
N0.HOG0017914	Cmi04		Ler06			
N0.HOG0017915	Cmi04		Ler06			
N0.HOG0017916	Cmi04	Cpl06				
N0.HOG0017917	Cmi05					
N0.HOG0017918	Cmi05			Loc10		
N0.HOG0017919	Cmi05	Cpl11				
N0.HOG0017920	Cmi05	Cpl11				
N0.HOG0017921	Cmi05		Ler10			
N0.HOG0017922	Cmi05					
N0.HOG0017923	Cmi05					
N0.HOG0017924	Cmi05			Loc08		
N0.HOG0017925	Cmi05		Ler19			
N0.HOG0017926	Cmi05				Gga01	
N0.HOG0017927	Cmi05					
N0.HOG0017928	Cmi05					
N0.HOG0017929	Cmi05		Ler22			
N0.HOG0017930	Cmi06		LerSca			
N0.HOG0017931	Cmi06		LerSca			
N0.HOG0017932	Cmi06	Cpl07				
N0.HOG0017933	Cmi06			Loc12		
N0.HOG0017934	Cmi06			Loc12		
N0.HOG0017935	Cmi06	Cpl07				
N0.HOG0017936	Cmi06		Ler07			
N0.HOG0017937	Cmi07	Cpl22				
N0.HOG0017938	Cmi07					
N0.HOG0017939	Cmi07			Loc05		
N0.HOG0017940	Cmi07			Loc05		
N0.HOG0017941	Cmi07		Ler34			
N0.HOG0017942	Cmi07		Ler34			
N0.HOG0017943	Cmi07	Cpl38				
N0.HOG0017944	Cmi07			Loc05		
N0.HOG0017945	Cmi08	Cpl25				
N0.HOG0017946	Cmi08	Cpl25				
N0.HOG0017947	Cmi08		Ler25			
N0.HOG0017948	Cmi08		Ler31			
N0.HOG0017949	Cmi08		Ler31			
N0.HOG0017950	Cmi08			Loc21		
N0.HOG0017951	Cmi08		Ler31			
N0.HOG0017952	Cmi08	Cpl30				
N0.HOG0017953	Cmi08		Ler10			
N0.HOG0017954	Cmi09	Cpl10				
N0.HOG0017955	Cmi09		Ler09			
N0.HOG0017956	Cmi09		Ler09			
N0.HOG0017957	Cmi09	Cpl10				
N0.HOG0017958	Cmi09		Ler38			
N0.HOG0017959	Cmi09		Ler38			
N0.HOG0017960	Cmi10				Gga19	
N0.HOG0017961	Cmi10	Cpl28				
N0.HOG0017962	Cmi10	Cpl29				
N0.HOG0017963	Cmi10	Cpl27				
N0.HOG0017964	Cmi10	Cpl27				
N0.HOG0017965	Cmi10					
N0.HOG0017966	Cmi11	Cpl13				
N0.HOG0017967	Cmi11					
N0.HOG0017968	Cmi11	Cpl13				
N0.HOG0017969	Cmi12			Loc05		
N0.HOG0017970	Cmi24, Cmi12					
N0.HOG0017971	Cmi12			Loc05		
N0.HOG0017972	Cmi12					Xtr04
N0.HOG0017973	Cmi13			Loc06		
N0.HOG0017974	Cmi13		Ler11			
N0.HOG0017975	Cmi13		Ler11			
N0.HOG0017976	Cmi13		Ler11			
N0.HOG0017977	Cmi13		Ler11			
N0.HOG0017978	Cmi14		Ler17			
N0.HOG0017979	Cmi14			Loc23		
N0.HOG0017980	Cmi14		Ler17			
N0.HOG0017981	Cmi14					Xtr07
N0.HOG0017982	Cmi14			Loc23		
N0.HOG0017983	Cmi14	Cpl17				
N0.HOG0017984	Cmi15					Xtr08
N0.HOG0017985	Cmi15	Cpl15				
N0.HOG0017986	Cmi15			Loc07		
N0.HOG0017987	Cmi15					
N0.HOG0017988	Cmi16	Cpl21				
N0.HOG0017989	Cmi16			Loc13		
N0.HOG0017990	Cmi16		Ler20			
N0.HOG0017991	Cmi17		Ler18			
N0.HOG0017992	Cmi17	Cpl16				
N0.HOG0017993	Cmi17	Cpl16				
N0.HOG0017994	Cmi17	Cpl16				
N0.HOG0017995	Cmi18					
N0.HOG0017996	Cmi19		Ler24			
N0.HOG0017997	Cmi19		Ler24			
N0.HOG0017998	Cmi19			Loc08		
N0.HOG0017999	Cmi19		Ler24			
N0.HOG0018000	Cmi19		Ler24			
N0.HOG0018001	Cmi19					
N0.HOG0018002	Cmi19			Loc08		
N0.HOG0018003	Cmi19		Ler24			
N0.HOG0018004	Cmi19			Loc03		
N0.HOG0018005	Cmi19	CplSca				
N0.HOG0018006	Cmi20	Cpl24				
N0.HOG0018007	Cmi20	Cpl24				
N0.HOG0018008	Cmi21		Ler29			
N0.HOG0018009	Cmi21		Ler03			
N0.HOG0018010	Cmi21	Cpl31				
N0.HOG0018011	Cmi21		Ler29			
N0.HOG0018012	Cmi21					
N0.HOG0018013	Cmi21					
N0.HOG0018014	Cmi21	Cpl31				
N0.HOG0018015	Cmi21	Cpl31				
N0.HOG0018016	Cmi22				Gga10	
N0.HOG0018017	Cmi22			Loc03		
N0.HOG0018018	Cmi22					
N0.HOG0018019	Cmi23					
N0.HOG0018020	Cmi23	CplSca				
N0.HOG0018021	Cmi23		Ler27			
N0.HOG0018022	Cmi24	Cpl34				
N0.HOG0018023	Cmi24	Cpl34				
N0.HOG0018024	Cmi25		Ler32			
N0.HOG0018025	Cmi26	Cpl36				
N0.HOG0018026	Cmi26	Cpl36				
N0.HOG0018027	Cmi27					
N0.HOG0018028	Cmi27					Xtr02
N0.HOG0018029	Cmi27					
N0.HOG0018030	Cmi27		LerSca			
N0.HOG0018031	Cmi27		LerSca			
N0.HOG0018032	Cmi27	Cpl43				
N0.HOG0018033	Cmi27					
N0.HOG0018034	Cmi27					
N0.HOG0018035	Cmi28	Cpl35				
N0.HOG0018036	Cmi28		Ler35			
N0.HOG0018037	Cmi28			Loc01		
N0.HOG0018038	Cmi28			Loc01		
N0.HOG0018039	Cmi28					
N0.HOG0018040	Cmi29					
N0.HOG0018041	Cmi29	Cpl08				
N0.HOG0018042	Cmi29		Ler39			
N0.HOG0018043	Cmi29	Cpl08				
N0.HOG0018044	Cmi29		Ler39			
N0.HOG0018045	Cmi29					
N0.HOG0018046	Cmi30					Xtr08
N0.HOG0018047	Cmi30	Cpl37				
N0.HOG0018048	Cmi30					Xtr07
N0.HOG0018049	Cmi30					
N0.HOG0018050	Cmi31	Cpl39				
N0.HOG0018051	Cmi31	Cpl39				
N0.HOG0018052	CmiSca	Cpl49				
N0.HOG0018053	CmiSca	Cpl45				
N0.HOG0018054	CmiSca	CplSca				
N0.HOG0018055	CmiSca	CplSca				
N0.HOG0018056	CmiSca		Ler08			
N0.HOG0018057	CmiSca			Loc02		
N0.HOG0018058	CmiSca	CplSca				
N0.HOG0018059	CmiSca					
N0.HOG0018060	CmiSca					Xtr08
N0.HOG0018061	CmiSca					
N0.HOG0018062	CmiSca					
N0.HOG0018063	CmiSca					
N0.HOG0018064	CmiSca					
N0.HOG0018065	CmiSca					
N0.HOG0018066	CmiSca					
N0.HOG0018067	CmiSca					Xtr04
N0.HOG0018068	CmiSca					
N0.HOG0018069	CmiSca		Ler38			
N0.HOG0018070	CmiSca					
N0.HOG0018071	CmiSca					
N0.HOG0018072	CmiSca					
N0.HOG0018073	CmiSca					Xtr04
N0.HOG0018074	CmiSca					
N0.HOG0018075	CmiSca					
N0.HOG0018076	CmiSca	Cpl16				
N0.HOG0018077	CmiSca		Ler08			
N0.HOG0018078	CmiSca					
N0.HOG0018079	CmiSca					
N0.HOG0018080	CmiSca					Xtr09
N0.HOG0018081	CmiSca	CplSca				
N0.HOG0018082	CmiSca		LerSca			
N0.HOG0018083	CmiSca		LerSca			
N0.HOG0018084	CmiSca	Cpl09				
N0.HOG0018085	CmiSca		LerSca			
N0.HOG0018086	CmiSca					Xtr08
N0.HOG0018087	CmiSca					
N0.HOG0018088	CmiSca	CplSca				
N0.HOG0018089	CmiSca		Ler11			
N0.HOG0018090	CmiSca	CplSca				
N0.HOG0018091	CmiSca		LerSca			
N0.HOG0018092	CmiSca	Cpl18				
N0.HOG0018093	CmiSca	CplSca				
N0.HOG0018094		Cpl01	LerSca			
N0.HOG0018095		Cpl01	LerSca			
N0.HOG0018096		Cpl01				Xtr09
N0.HOG0018097		Cpl01	Ler01			
N0.HOG0018098		Cpl01	Ler01			
N0.HOG0018099		Cpl01		Loc04		
N0.HOG0018100		Cpl01	Ler01			
N0.HOG0018101		Cpl01	Ler01			
N0.HOG0018102		Cpl02	Ler03			
N0.HOG0018103		Cpl02	Ler03			
N0.HOG0018104		Cpl02	Ler03			
N0.HOG0018105		Cpl02	Ler03			
N0.HOG0018106		Cpl02	Ler03			
N0.HOG0018107		Cpl02	Ler03			
N0.HOG0018108		Cpl02	Ler03			
N0.HOG0018109		Cpl02	Ler03			
N0.HOG0018110		Cpl02	Ler03			
N0.HOG0018111		Cpl02	Ler03			
N0.HOG0018112		Cpl02				Xtr01
N0.HOG0018113		Cpl03	Ler05			
N0.HOG0018114		Cpl03	Ler05			
N0.HOG0018115		Cpl03				
N0.HOG0018116		Cpl03				Xtr01
N0.HOG0018117		Cpl03			Gga03	
N0.HOG0018118		Cpl03	Ler05			
N0.HOG0018119		Cpl03	Ler05			
N0.HOG0018120		Cpl03				
N0.HOG0018121		Cpl04	Ler04			
N0.HOG0018122		Cpl04	LerSca			
N0.HOG0018123		Cpl04	Ler04			
N0.HOG0018124		Cpl04				Xtr06
N0.HOG0018125		Cpl04		Loc09		
N0.HOG0018126		Cpl04	Ler04			
N0.HOG0018127		Cpl05	Ler02			
N0.HOG0018128		Cpl05				
N0.HOG0018129		Cpl05	Ler02			
N0.HOG0018130		Cpl05	Ler02			
N0.HOG0018131		Cpl05	Ler02			
N0.HOG0018132		Cpl05	Ler02			
N0.HOG0018133		Cpl05	Ler02			
N0.HOG0018134		Cpl05	Ler02			
N0.HOG0018135		Cpl05	Ler02			
N0.HOG0018136		Cpl05	Ler02			
N0.HOG0018137		Cpl05	Ler02			
N0.HOG0018138		Cpl06	Ler06			
N0.HOG0018139		Cpl06	Ler06			
N0.HOG0018140		Cpl06	Ler06			
N0.HOG0018141		Cpl06	Ler06			
N0.HOG0018142		Cpl06	Ler06			
N0.HOG0018143		Cpl07	Ler07			
N0.HOG0018144		Cpl07	Ler07			
N0.HOG0018145		Cpl07		Loc12		
N0.HOG0018146		Cpl07		Loc12		
N0.HOG0018147		Cpl07	Ler07			
N0.HOG0018148		Cpl07	Ler07			
N0.HOG0018149		Cpl07	Ler04			
N0.HOG0018150		Cpl07	Ler07			
N0.HOG0018151		Cpl07	LerSca			
N0.HOG0018152		Cpl07	LerSca			
N0.HOG0018153		Cpl08	LerSca			
N0.HOG0018154		Cpl08	Ler39			
N0.HOG0018155		Cpl08	Ler39			
N0.HOG0018156		Cpl08				Xtr03
N0.HOG0018157		Cpl08	Ler39			
N0.HOG0018158		Cpl08	Ler39			
N0.HOG0018159		Cpl08	Ler39			
N0.HOG0018160		Cpl08	Ler39			
N0.HOG0018161		Cpl08	Ler39			
N0.HOG0018162		Cpl09	Ler08			
N0.HOG0018163		Cpl09	Ler08			
N0.HOG0018164		Cpl09	Ler15			
N0.HOG0018165		Cpl09	Ler08			
N0.HOG0018166		Cpl09	Ler08			
N0.HOG0018167		Cpl09			Gga03	
N0.HOG0018168		Cpl09	Ler08			
N0.HOG0018169		Cpl09				
N0.HOG0018170		Cpl09	Ler08			
N0.HOG0018171		Cpl09	Ler08			
N0.HOG0018172		Cpl09	Ler08			
N0.HOG0018173		Cpl09		Loc16		
N0.HOG0018174		Cpl10		Loc02		
N0.HOG0018175		Cpl10	Ler09			
N0.HOG0018176		Cpl10		Loc09		
N0.HOG0018177		Cpl10	Ler09			
N0.HOG0018178		Cpl10	Ler09			
N0.HOG0018179		Cpl11	LerSca			
N0.HOG0018180		Cpl11				
N0.HOG0018181		Cpl11	Ler10			
N0.HOG0018182		Cpl11	Ler10			
N0.HOG0018183		Cpl11	LerSca			
N0.HOG0018184		Cpl11	Ler10			
N0.HOG0018185		Cpl11	Ler10			
N0.HOG0018186		Cpl11	Ler10			
N0.HOG0018187		Cpl12	Ler13			
N0.HOG0018188		Cpl12	Ler13			
N0.HOG0018189		Cpl12	Ler13			
N0.HOG0018190		Cpl12	Ler13			
N0.HOG0018191		Cpl12	Ler13			
N0.HOG0018192		Cpl12	Ler13			
N0.HOG0018193		Cpl12	Ler13			
N0.HOG0018194		Cpl12	Ler13			
N0.HOG0018195		Cpl13	Ler14			
N0.HOG0018196		Cpl13	Ler14			
N0.HOG0018197		Cpl14	Ler11			
N0.HOG0018198		Cpl14	Ler11			
N0.HOG0018199		Cpl14	Ler11			
N0.HOG0018200		Cpl14	Ler11			
N0.HOG0018201		Cpl14	Ler11			
N0.HOG0018202		Cpl44, Cpl14				
N0.HOG0018203		Cpl14	Ler11			
N0.HOG0018204		Cpl15				
N0.HOG0018205		Cpl15	Ler12			
N0.HOG0018206		Cpl16	Ler18			
N0.HOG0018207		Cpl16	Ler18			
N0.HOG0018208		Cpl16				
N0.HOG0018209		Cpl16	Ler18			
N0.HOG0018210		Cpl16				
N0.HOG0018211		Cpl16				
N0.HOG0018212		Cpl16	Ler03			
N0.HOG0018213		Cpl17	Ler17			
N0.HOG0018214		Cpl18		Loc05		
N0.HOG0018215		Cpl18				Xtr04
N0.HOG0018216		Cpl18	Ler16			
N0.HOG0018217		Cpl18	Ler16			
N0.HOG0018218		Cpl19	Ler19			
N0.HOG0018219		Cpl19	Ler19			
N0.HOG0018220		Cpl19	Ler19			
N0.HOG0018221		Cpl19	Ler19			
N0.HOG0018222		Cpl19	Ler19			
N0.HOG0018223		Cpl20	Ler21			
N0.HOG0018224		Cpl28, Cpl20				
N0.HOG0018225		Cpl20	Ler21			
N0.HOG0018226		Cpl20	Ler21			
N0.HOG0018227		Cpl20	Ler21			
N0.HOG0018228		Cpl21				
N0.HOG0018229		Cpl21	Ler20			
N0.HOG0018230		Cpl22	Ler15			
N0.HOG0018231		Cpl22	Ler15			
N0.HOG0018232		Cpl23	Ler22			
N0.HOG0018233		Cpl24	Ler23			
N0.HOG0018234		Cpl24	Ler23			
N0.HOG0018235		Cpl24	Ler23			
N0.HOG0018236		Cpl24	Ler23			
N0.HOG0018237		Cpl25	Ler25			
N0.HOG0018238		Cpl25	Ler25			
N0.HOG0018239		Cpl25	Ler25			
N0.HOG0018240		Cpl26				
N0.HOG0018241		Cpl26	Ler24			
N0.HOG0018242		Cpl26	Ler24			
N0.HOG0018243		Cpl27	Ler26			
N0.HOG0018244		Cpl27	Ler26			
N0.HOG0018245		Cpl27	Ler26			
N0.HOG0018246		Cpl27	Ler26			
N0.HOG0018247		Cpl27	Ler26			
N0.HOG0018248		Cpl27	Ler26			
N0.HOG0018249		Cpl28	Ler28			
N0.HOG0018250		Cpl28	Ler28			
N0.HOG0018251		Cpl28	Ler28			
N0.HOG0018252		Cpl29	Ler02			
N0.HOG0018253		Cpl29				Xtr07
N0.HOG0018254		Cpl29	Ler02			
N0.HOG0018255		Cpl29		Loc09		
N0.HOG0018256		Cpl30	Ler31			
N0.HOG0018257		Cpl30	Ler31			
N0.HOG0018258		Cpl30	Ler31			
N0.HOG0018259		Cpl30				Xtr08
N0.HOG0018260		Cpl30	Ler31			
N0.HOG0018261		Cpl30	Ler31			
N0.HOG0018262		Cpl31	Ler29			
N0.HOG0018263		Cpl31	Ler29			
N0.HOG0018264		Cpl31	Ler29			
N0.HOG0018265		Cpl31	Ler29			
N0.HOG0018266		Cpl31	Ler29			
N0.HOG0018267		Cpl31	Ler29			
N0.HOG0018268		Cpl31	Ler29			
N0.HOG0018269		Cpl32	Ler01			
N0.HOG0018270		Cpl32	Ler01			
N0.HOG0018271		Cpl33	Ler27			
N0.HOG0018272		Cpl33	Ler27			
N0.HOG0018273		Cpl33	Ler27			
N0.HOG0018274		Cpl33				Xtr08
N0.HOG0018275		Cpl33				
N0.HOG0018276		Cpl33	Ler27			
N0.HOG0018277		Cpl33	Ler27			
N0.HOG0018278		Cpl34	Ler30			
N0.HOG0018279		Cpl34				Xtr07
N0.HOG0018280		Cpl34	Ler30			
N0.HOG0018281		Cpl34	Ler30			
N0.HOG0018282		Cpl34	Ler30			
N0.HOG0018283		Cpl35	Ler32			
N0.HOG0018284		Cpl36	Ler33			
N0.HOG0018285		Cpl36	Ler33			
N0.HOG0018286		Cpl36	Ler33			
N0.HOG0018287		Cpl36	Ler32			
N0.HOG0018288		Cpl37	LerSca			
N0.HOG0018289		Cpl37	LerSca			
N0.HOG0018290		Cpl37	LerSca			
N0.HOG0018291		Cpl37	LerSca			
N0.HOG0018292		Cpl37	LerSca			
N0.HOG0018293		Cpl37				
N0.HOG0018294		Cpl37	LerSca			
N0.HOG0018295		Cpl37	LerSca			
N0.HOG0018296		Cpl37				Xtr08
N0.HOG0018297		Cpl37	LerSca			
N0.HOG0018298		Cpl37	LerSca			
N0.HOG0018299		Cpl37	LerSca			
N0.HOG0018300		Cpl37				Xtr08
N0.HOG0018301		Cpl37	LerSca			
N0.HOG0018302		Cpl37	LerSca			
N0.HOG0018303		Cpl37	LerSca			
N0.HOG0018304		Cpl37	LerSca			
N0.HOG0018305		Cpl37				Xtr09
N0.HOG0018306		Cpl37	LerSca			
N0.HOG0018307		Cpl37	LerSca			
N0.HOG0018308		Cpl37				
N0.HOG0018309		Cpl37	LerSca			
N0.HOG0018310		Cpl37				Xtr07
N0.HOG0018311		Cpl38		LocSca		
N0.HOG0018312		Cpl38	Ler34			
N0.HOG0018313		Cpl38	Ler34			
N0.HOG0018314		Cpl38	Ler34			
N0.HOG0018315		Cpl39	Ler37			
N0.HOG0018316		Cpl39	Ler37			
N0.HOG0018317		Cpl39	Ler37			
N0.HOG0018318		Cpl39	Ler37			
N0.HOG0018319		Cpl39	Ler37			
N0.HOG0018320		Cpl39	Ler37			
N0.HOG0018321		Cpl39	Ler37			
N0.HOG0018322		Cpl39	Ler37			
N0.HOG0018323		Cpl39	Ler37			
N0.HOG0018324		Cpl40				Xtr03
N0.HOG0018325		Cpl40	Ler36			
N0.HOG0018326		Cpl40	Ler36			
N0.HOG0018327		Cpl40	Ler36			
N0.HOG0018328		Cpl40	Ler36			
N0.HOG0018329		Cpl41	Ler38			
N0.HOG0018330		Cpl41	Ler38			
N0.HOG0018331		Cpl41	Ler38			
N0.HOG0018332		Cpl41	Ler38			
N0.HOG0018333		Cpl41	Ler38			
N0.HOG0018334		Cpl41				Xtr08
N0.HOG0018335		Cpl41	Ler38			
N0.HOG0018336		Cpl41	Ler38			
N0.HOG0018337		Cpl41	Ler38			
N0.HOG0018338		Cpl41	Ler38			
N0.HOG0018339		Cpl41	Ler38			
N0.HOG0018340		Cpl41	Ler38			
N0.HOG0018341		Cpl41		Loc02		
N0.HOG0018342		Cpl41	Ler38			
N0.HOG0018343		Cpl41	Ler38			
N0.HOG0018344		Cpl41	Ler38			
N0.HOG0018345		Cpl41	Ler38			
N0.HOG0018346		Cpl41	Ler38			
N0.HOG0018347		Cpl41				
N0.HOG0018348		Cpl42	Ler35			
N0.HOG0018349		Cpl42	Ler35			
N0.HOG0018350		Cpl42	Ler35			
N0.HOG0018351		Cpl42	Ler35			
N0.HOG0018352		Cpl42	Ler35			
N0.HOG0018353		Cpl42	Ler35			
N0.HOG0018354		Cpl42	Ler35			
N0.HOG0018355		Cpl42		Loc01		
N0.HOG0018356		Cpl42	Ler35			
N0.HOG0018357		Cpl43	Ler40			
N0.HOG0018358		Cpl43, Cpl47				
N0.HOG0018359		Cpl43	LerSca			
N0.HOG0018360		Cpl43				
N0.HOG0018361		Cpl44				
N0.HOG0018362		Cpl45	LerSca			
N0.HOG0018363		Cpl45	LerSca			
N0.HOG0018364		Cpl45				
N0.HOG0018365		Cpl45	Ler08			
N0.HOG0018366		Cpl45	LerSca			
N0.HOG0018367		Cpl45	Ler09			
N0.HOG0018368		Cpl45				Xtr04
N0.HOG0018369		Cpl45				
N0.HOG0018370		Cpl46				
N0.HOG0018371		Cpl46				Xtr07
N0.HOG0018372		Cpl47	LerSca			
N0.HOG0018373		Cpl47	LerSca			
N0.HOG0018374		Cpl47				
N0.HOG0018375		Cpl47				Xtr07
N0.HOG0018376		Cpl47				
N0.HOG0018377		Cpl47			Gga03	
N0.HOG0018378		Cpl47			GgaZ	
N0.HOG0018379		Cpl47				Xtr07
N0.HOG0018380		Cpl48	Ler51			
N0.HOG0018381		Cpl48	Ler51			
N0.HOG0018382		Cpl48	LerSca			
N0.HOG0018383		Cpl48	LerSca			
N0.HOG0018384		Cpl48	LerSca			
N0.HOG0018385		Cpl48	LerSca			
N0.HOG0018386		Cpl48	LerSca			
N0.HOG0018387		Cpl48				
N0.HOG0018388		Cpl50				
N0.HOG0018389		Cpl50				
N0.HOG0018390		Cpl51	LerSca			
N0.HOG0018391		Cpl51	Ler36			
N0.HOG0018392		Cpl51	LerSca			
N0.HOG0018393		Cpl51		Loc04		
N0.HOG0018394		Cpl51				Xtr08
N0.HOG0018395		Cpl51	LerSca			
N0.HOG0018396		Cpl51	LerSca			
N0.HOG0018397		CplMT		LocMT		
N0.HOG0018398		CplSca				
N0.HOG0018399		CplSca	Ler08			
N0.HOG0018400		CplSca	Ler09			
N0.HOG0018401		CplSca			Gga05	
N0.HOG0018402		CplSca				
N0.HOG0018403		CplSca	Ler15			
N0.HOG0018404		CplSca	Ler44			
N0.HOG0018405		CplSca				
N0.HOG0018406		CplSca	LerSca			
N0.HOG0018407		CplSca	Ler12			
N0.HOG0018408		CplSca	LerSca			
N0.HOG0018409		CplSca	Ler12			
N0.HOG0018410		CplSca				
N0.HOG0018411		CplSca		Loc10		
N0.HOG0018412		CplSca				
N0.HOG0018413		CplSca				Xtr04
N0.HOG0018414		CplSca	Ler51			
N0.HOG0018415		CplSca	LerSca			
N0.HOG0018416		CplSca	LerSca			
N0.HOG0018417		CplSca	Ler36			
N0.HOG0018418		CplSca	Ler10			
N0.HOG0018419		CplSca				
N0.HOG0018420		CplSca				
N0.HOG0018421		CplSca	LerSca			
N0.HOG0018422		CplSca				
N0.HOG0018423		CplSca	Ler02			
N0.HOG0018424		CplSca				
N0.HOG0018425		CplSca	LerSca			
N0.HOG0018426		CplSca				
N0.HOG0018427		CplSca				
N0.HOG0018428		CplSca	Ler06			
N0.HOG0018429		CplSca				Xtr09
N0.HOG0018430		CplSca				
N0.HOG0018431		CplSca				
N0.HOG0018432		CplSca				
N0.HOG0018433		CplSca	LerSca			
N0.HOG0018434		CplSca	LerSca			
N0.HOG0018435		CplSca		Loc02		
N0.HOG0018436		CplSca				
N0.HOG0018437		CplSca	LerSca			
N0.HOG0018438		CplSca				Xtr01
N0.HOG0018439		CplSca				
N0.HOG0018440		CplSca	Ler39			
N0.HOG0018441		CplSca	Ler25			
N0.HOG0018442		CplSca	Ler24			
N0.HOG0018443		CplSca	LerSca			
N0.HOG0018444		CplSca		Loc16		
N0.HOG0018445		CplSca	Ler22			
N0.HOG0018446		CplSca	LerSca			
N0.HOG0018447		CplSca		LocSca		
N0.HOG0018448		CplSca	Ler51			
N0.HOG0018449		CplSca				Xtr08
N0.HOG0018450		CplSca	Ler40			
N0.HOG0018451		CplSca		Loc12		
N0.HOG0018452		CplSca				
N0.HOG0018453		CplSca				
N0.HOG0018454		CplSca	Ler51			
N0.HOG0018455		CplSca				Xtr08
N0.HOG0018456		CplSca				Xtr09
N0.HOG0018457		CplSca	LerSca			
N0.HOG0018458		CplSca	LerSca			
N0.HOG0018459		CplSca	LerSca			
N0.HOG0018460		CplSca	Ler33			
N0.HOG0018461		CplSca				
N0.HOG0018462		CplSca				Xtr03
N0.HOG0018463		CplSca	Ler02			
N0.HOG0018464		CplSca	Ler13			
N0.HOG0018465		CplSca	LerSca			
N0.HOG0018466		CplSca			Gga39	
N0.HOG0018467		CplSca	LerSca			
N0.HOG0018468		CplSca		Loc01		
N0.HOG0018469		CplSca			Gga05	
N0.HOG0018470		CplSca	LerSca			
N0.HOG0018471		CplSca		Loc16		
N0.HOG0018472		CplSca				
N0.HOG0018473		CplSca		Loc23		
N0.HOG0018474		CplSca		Loc24		
N0.HOG0018475		CplSca	Ler09			
N0.HOG0018476		CplSca	LerSca			
N0.HOG0018477		CplSca	LerSca			
N0.HOG0018478		CplSca				
N0.HOG0018479		CplSca				Xtr07
N0.HOG0018480		CplSca				Xtr07
N0.HOG0018481		CplSca	LerSca			
N0.HOG0018482		CplSca		Loc24		
N0.HOG0018483		CplSca		LocSca		
N0.HOG0018484		CplSca				Xtr09
N0.HOG0018485		CplSca		Loc01		
N0.HOG0018486					Gga01	Xtr03
N0.HOG0018487					Gga01	Xtr03
N0.HOG0018488				Loc04	Gga01	
N0.HOG0018489					Gga01	Xtr04
N0.HOG0018490				LocSca	Gga01	
N0.HOG0018491					Gga01	Xtr04
N0.HOG0018492					Gga01	Xtr04
N0.HOG0018493					Gga01	Xtr04
N0.HOG0018494					Gga01	Xtr04
N0.HOG0018495					Gga01	
N0.HOG0018496					Gga01	Xtr03
N0.HOG0018497					Gga01	Xtr03
N0.HOG0018498					Gga01	Xtr03
N0.HOG0018499					Gga01	
N0.HOG0018500					Gga01	Xtr07
N0.HOG0018501					Gga01	Xtr07
N0.HOG0018502					Gga01	Xtr07
N0.HOG0018503					Gga01	Xtr07
N0.HOG0018504					Gga01	Xtr07
N0.HOG0018505					Gga01	Xtr07
N0.HOG0018506					Gga01	Xtr07
N0.HOG0018507					Gga01	Xtr07
N0.HOG0018508					Gga01	Xtr02
N0.HOG0018509				Loc03	Gga01	
N0.HOG0018510				Loc04	Gga01	
N0.HOG0018511					Gga01	Xtr02
N0.HOG0018512					Gga01	Xtr02
N0.HOG0018513					Gga01	Xtr02
N0.HOG0018514					Gga01	Xtr02
N0.HOG0018515				Loc03	Gga01	
N0.HOG0018516					Gga01	Xtr02
N0.HOG0018517					Gga10	
N0.HOG0018518					Gga10	
N0.HOG0018519					Gga10	
N0.HOG0018520					Gga10	Xtr03
N0.HOG0018521					Gga10	Xtr03
N0.HOG0018522					Gga12	Xtr04
N0.HOG0018523					Gga12	Xtr04
N0.HOG0018524					Gga13, Gga07	
N0.HOG0018525					Gga13	Xtr03
N0.HOG0018526					Gga13	Xtr03
N0.HOG0018527					Gga13	Xtr03
N0.HOG0018528					Gga13	Xtr03
N0.HOG0018529					Gga13	Xtr03
N0.HOG0018530					Gga04, Gga13	
N0.HOG0018531					Gga14	Xtr09
N0.HOG0018532					Gga14	Xtr09
N0.HOG0018533					Gga14	
N0.HOG0018534					Gga14	
N0.HOG0018535					Gga15	
N0.HOG0018536					Gga15	Xtr01
N0.HOG0018537					Gga16	
N0.HOG0018538					Gga16	
N0.HOG0018539					Gga17	Xtr08
N0.HOG0018540					Gga17	Xtr08
N0.HOG0018541					Gga17	
N0.HOG0018542					Gga17	Xtr08
N0.HOG0018543					Gga18	Xtr10
N0.HOG0018544					Gga19	
N0.HOG0018545					Gga19	Xtr02
N0.HOG0018546					Gga19	Xtr02
N0.HOG0018547					Gga02	Xtr06
N0.HOG0018548					Gga02	Xtr06
N0.HOG0018549					Gga02	Xtr06
N0.HOG0018550				Loc11	Gga02	
N0.HOG0018551					Gga02	
N0.HOG0018552					Gga02	
N0.HOG0018553					Gga02	Xtr06
N0.HOG0018554					Gga02	Xtr06
N0.HOG0018555					Gga02	
N0.HOG0018556					Gga02	Xtr06
N0.HOG0018557				Loc09	Gga02	
N0.HOG0018558					Gga02	
N0.HOG0018559					Gga02	Xtr06
N0.HOG0018560					Gga02	Xtr06
N0.HOG0018561			Ler04		Gga02	
N0.HOG0018562					Gga02	
N0.HOG0018563					Gga02	Xtr06
N0.HOG0018564					Gga02	Xtr06
N0.HOG0018565					Gga02	Xtr06
N0.HOG0018566					Gga02	Xtr06
N0.HOG0018567					Gga02	Xtr06
N0.HOG0018568				Loc18	Gga20	
N0.HOG0018569					Gga20	Xtr10
N0.HOG0018570					Gga20	Xtr10
N0.HOG0018571					Gga21	
N0.HOG0018572					Gga22	Xtr03
N0.HOG0018573				Loc06	Gga23	
N0.HOG0018574					Gga23	Xtr02
N0.HOG0018575			Ler26		Gga23	
N0.HOG0018576					Gga23	Xtr02
N0.HOG0018577					Gga24	Xtr07
N0.HOG0018578					Gga24	Xtr07
N0.HOG0018579					Gga25	Xtr08
N0.HOG0018580					Gga25	Xtr08
N0.HOG0018581					Gga25	Xtr08
N0.HOG0018582					Gga25	Xtr08
N0.HOG0018583					Gga25	Xtr08
N0.HOG0018584					Gga25	Xtr08
N0.HOG0018585					Gga25	Xtr08
N0.HOG0018586					Gga25	
N0.HOG0018587					Gga25	
N0.HOG0018588					Gga25	
N0.HOG0018589					Gga25	
N0.HOG0018590					Gga25	
N0.HOG0018591					Gga25	
N0.HOG0018592					Gga25	
N0.HOG0018593					Gga25	Xtr08
N0.HOG0018594					Gga25	Xtr08
N0.HOG0018595					Gga25	Xtr08
N0.HOG0018596				Loc24	Gga25	
N0.HOG0018597					Gga25	
N0.HOG0018598				Loc03	Gga26	
N0.HOG0018599				Loc03	Gga26	
N0.HOG0018600					Gga26	Xtr02
N0.HOG0018601					Gga26	Xtr02
N0.HOG0018602					Gga26	Xtr02
N0.HOG0018603					Gga27	
N0.HOG0018604					Gga27	Xtr10
N0.HOG0018605					Gga28	
N0.HOG0018606				Loc05	Gga28	
N0.HOG0018607			Ler29		Gga28	
N0.HOG0018608					Gga28	Xtr01
N0.HOG0018609					Gga28	Xtr01
N0.HOG0018610					Gga28	Xtr01
N0.HOG0018611					Gga28	Xtr01
N0.HOG0018612				Loc19	Gga28	
N0.HOG0018613				Loc19	Gga28	
N0.HOG0018614				Loc19	Gga28	
N0.HOG0018615				Loc16	Gga03	
N0.HOG0018616					Gga03	Xtr05
N0.HOG0018617				Loc01	Gga03	
N0.HOG0018618					Gga03	Xtr05
N0.HOG0018619					Gga03	Xtr05
N0.HOG0018620					Gga03	Xtr08
N0.HOG0018621					Gga03	
N0.HOG0018622				Loc01	Gga03	
N0.HOG0018623					Gga03	Xtr05
N0.HOG0018624					Gga03	Xtr05
N0.HOG0018625				Loc01	Gga03	
N0.HOG0018626				LocSca	Gga03	
N0.HOG0018627					Gga03	
N0.HOG0018628					Gga30	
N0.HOG0018629				Loc26	Gga31	
N0.HOG0018630					Gga34	Xtr02
N0.HOG0018631					Gga34	Xtr02
N0.HOG0018632					Gga34	
N0.HOG0018633					Gga35	Xtr01
N0.HOG0018634					Gga35	Xtr01
N0.HOG0018635					Gga35	Xtr01
N0.HOG0018636					Gga35	Xtr01
N0.HOG0018637					Gga35	Xtr01
N0.HOG0018638					Gga35	Xtr01
N0.HOG0018639					Gga36	
N0.HOG0018640					Gga36	Xtr09
N0.HOG0018641				Loc09	Gga36	
N0.HOG0018642					Gga36	Xtr09
N0.HOG0018643			Ler38		Gga38	
N0.HOG0018644					Gga04	Xtr08
N0.HOG0018645					Gga04	Xtr08
N0.HOG0018646			Ler01		Gga04	
N0.HOG0018647					Gga04	Xtr01
N0.HOG0018648					Gga04	Xtr01
N0.HOG0018649					Gga04	Xtr09
N0.HOG0018650					Gga04	Xtr01
N0.HOG0018651					Gga05	Xtr07
N0.HOG0018652					Gga05	
N0.HOG0018653					Gga05	Xtr07
N0.HOG0018654					Gga05	Xtr07
N0.HOG0018655					Gga05	Xtr04
N0.HOG0018656					Gga05	Xtr04
N0.HOG0018657				Loc27	Gga05	
N0.HOG0018658					Gga05	Xtr04
N0.HOG0018659					Gga05	Xtr07
N0.HOG0018660				Loc09	Gga05	
N0.HOG0018661					Gga05	Xtr08
N0.HOG0018662					Gga05	Xtr08
N0.HOG0018663					Gga05	Xtr08
N0.HOG0018664					Gga06	Xtr07
N0.HOG0018665					Gga06	
N0.HOG0018666					Gga06	Xtr07
N0.HOG0018667					Gga06	
N0.HOG0018668			Ler15		Gga06	
N0.HOG0018669					Gga07	
N0.HOG0018670				Loc12	Gga07	
N0.HOG0018671					Gga07	
N0.HOG0018672					Gga07	Xtr09
N0.HOG0018673					Gga07	Xtr09
N0.HOG0018674					Gga07, Gga09	
N0.HOG0018675					Gga08	Xtr04
N0.HOG0018676				Loc11	Gga08	
N0.HOG0018677				Loc10	Gga08	
N0.HOG0018678					Gga08	Xtr04
N0.HOG0018679					Gga09	
N0.HOG0018680					Gga09	Xtr05
N0.HOG0018681					Gga09	Xtr05
N0.HOG0018682					GgaZ	Xtr01
N0.HOG0018683					GgaZ	Xtr01
N0.HOG0018684				Loc02	GgaZ	
N0.HOG0018685					GgaZ	Xtr01
N0.HOG0018686			Ler03		GgaZ	
N0.HOG0018687				Loc04	GgaZ	
N0.HOG0018688					GgaSca	Xtr07
N0.HOG0018689				Loc01	GgaSca	
N0.HOG0018690					GgaSca	Xtr03
N0.HOG0018691					GgaSca	
N0.HOG0018692					GgaSca	Xtr08
N0.HOG0018693			LerSca			
N0.HOG0018694			LerSca			
N0.HOG0018695			LerSca			
N0.HOG0018696			Ler05			
N0.HOG0018697			LerSca			
N0.HOG0018698			Ler10			
N0.HOG0018699			Ler07, Ler10			
N0.HOG0018700			Ler10	Loc10		
N0.HOG0018701			Ler07, Ler10			
N0.HOG0018702			Ler02, Ler10			
N0.HOG0018703			Ler10			
N0.HOG0018704			Ler04, Ler10			
N0.HOG0018705			Ler10, Ler19			
N0.HOG0018706			Ler02, Ler10			
N0.HOG0018707			LerSca			
N0.HOG0018708			LerSca			
N0.HOG0018709			LerSca			
N0.HOG0018710			LerSca			
N0.HOG0018711			LerSca			Xtr03
N0.HOG0018712			LerSca			
N0.HOG0018713			Ler04			
N0.HOG0018714			LerSca			
N0.HOG0018715			LerSca			
N0.HOG0018716			Ler11			
N0.HOG0018717			Ler11			
N0.HOG0018718			Ler04, Ler11			
N0.HOG0018719			Ler11			Xtr03
N0.HOG0018720			Ler11, Ler17			
N0.HOG0018721			Ler11			
N0.HOG0018722			Ler11			
N0.HOG0018723			Ler11, Ler34			
N0.HOG0018724			Ler11			
N0.HOG0018725			Ler11	Loc06		
N0.HOG0018726			Ler11, Ler25			
N0.HOG0018727			Ler11, Ler12			
N0.HOG0018728			Ler11, Ler41			
N0.HOG0018729			Ler11, Ler17			
N0.HOG0018730			Ler11			
N0.HOG0018731			LerSca			Xtr04
N0.HOG0018732			LerSca			
N0.HOG0018733			LerSca			Xtr01
N0.HOG0018734			Ler01			
N0.HOG0018735			LerSca			Xtr01
N0.HOG0018736			Ler12, Ler06			
N0.HOG0018737			Ler12, Ler06			
N0.HOG0018738			Ler03, Ler12			
N0.HOG0018739			Ler12			
N0.HOG0018740			Ler12, Ler22			
N0.HOG0018741			Ler04, Ler12			
N0.HOG0018742			Ler12, Ler05			
N0.HOG0018743			Ler01, Ler12			
N0.HOG0018744			Ler04, Ler12			
N0.HOG0018745			Ler12, Ler05			
N0.HOG0018746			Ler02, Ler12			
N0.HOG0018747			LerSca			
N0.HOG0018748			Ler07			
N0.HOG0018749			Ler19			
N0.HOG0018750			Ler25			
N0.HOG0018751			Ler13			
N0.HOG0018752			Ler13	Loc17		
N0.HOG0018753			Ler13	Loc03		
N0.HOG0018754			Ler13			
N0.HOG0018755			Ler13			
N0.HOG0018756			Ler13			Xtr02
N0.HOG0018757			Ler05			
N0.HOG0018758			LerSca			Xtr04
N0.HOG0018759			Ler04, Ler14			
N0.HOG0018760			Ler14			
N0.HOG0018761			Ler03, Ler14			
N0.HOG0018762			Ler14, Ler06			
N0.HOG0018763			Ler32, Ler14			
N0.HOG0018764			Ler14			
N0.HOG0018765			Ler14			
N0.HOG0018766			Ler24, Ler14			
N0.HOG0018767			Ler14	Loc14		
N0.HOG0018768			Ler14			Xtr05
N0.HOG0018769			LerSca			
N0.HOG0018770			Ler15, Ler30			
N0.HOG0018771			Ler15, Ler18			
N0.HOG0018772			Ler03, Ler15			
N0.HOG0018773			Ler16			
N0.HOG0018774			Ler33, Ler16			
N0.HOG0018775			Ler16	Loc05		
N0.HOG0018776			LerSca			
N0.HOG0018777			Ler17	Loc23		
N0.HOG0018778			Ler01, Ler17			
N0.HOG0018779			Ler25, Ler17			
N0.HOG0018780			Ler17			Xtr04
N0.HOG0018781			Ler17			
N0.HOG0018782			Ler17			Xtr04
N0.HOG0018783			Ler17			Xtr04
N0.HOG0018784			Ler08, Ler17			
N0.HOG0018785			LerSca			
N0.HOG0018786			LerSca			Xtr01
N0.HOG0018787			Ler37, Ler18			
N0.HOG0018788			Ler01, Ler18			
N0.HOG0018789			Ler09, Ler18			
N0.HOG0018790			Ler18			
N0.HOG0018791			Ler21, Ler18			
N0.HOG0018792			Ler05, Ler18			
N0.HOG0018793			Ler22, Ler18			
N0.HOG0018794			Ler18			
N0.HOG0018795			LerSca			
N0.HOG0018796			Ler19			
N0.HOG0018797			Ler19			
N0.HOG0018798			Ler19, Ler06			
N0.HOG0018799			Ler19	LocSca		
N0.HOG0018800			Ler01			
N0.HOG0018801			Ler36, Ler01			
N0.HOG0018802			Ler01			Xtr01
N0.HOG0018803			Ler01			
N0.HOG0018804			Ler01			
N0.HOG0018805			Ler02, Ler01			
N0.HOG0018806			Ler01			Xtr01
N0.HOG0018807			Ler07, Ler01			
N0.HOG0018808			Ler01, Ler06			
N0.HOG0018809			Ler07, Ler01			
N0.HOG0018810			Ler29, Ler01			
N0.HOG0018811			Ler01, Ler06			
N0.HOG0018812			Ler01			
N0.HOG0018813			Ler02, Ler01			
N0.HOG0018814			Ler07, Ler01			
N0.HOG0018815			Ler04, Ler01			
N0.HOG0018816			Ler01			
N0.HOG0018817			Ler07, Ler01			
N0.HOG0018818			Ler01			
N0.HOG0018819			Ler01			
N0.HOG0018820			Ler26, Ler01			
N0.HOG0018821			Ler01			Xtr03
N0.HOG0018822			Ler01			
N0.HOG0018823			LerSca			
N0.HOG0018824			Ler20	Loc10		
N0.HOG0018825			Ler20			
N0.HOG0018826			Ler20			
N0.HOG0018827			Ler20			Xtr09
N0.HOG0018828			LerSca			Xtr04
N0.HOG0018829			LerSca			
N0.HOG0018830			Ler21	Loc13		
N0.HOG0018831			Ler21			
N0.HOG0018832			Ler04, Ler21			
N0.HOG0018833			Ler09, Ler22			
N0.HOG0018834			Ler04, Ler22			
N0.HOG0018835			Ler23	Loc12		
N0.HOG0018836			Ler23, Ler06			
N0.HOG0018837			Ler23	Loc10		
N0.HOG0018838			Ler24			Xtr02
N0.HOG0018839			Ler24	Loc19		
N0.HOG0018840			Ler24	LocSca		
N0.HOG0018841			Ler24			Xtr08
N0.HOG0018842			Ler24			
N0.HOG0018843			Ler24, Ler05			
N0.HOG0018844			Ler24			Xtr02
N0.HOG0018845			Ler24			
N0.HOG0018846			Ler24			
N0.HOG0018847			LerSca			Xtr01
N0.HOG0018848			Ler02			
N0.HOG0018849			LerSca			
N0.HOG0018850			Ler26, Ler05			
N0.HOG0018851			Ler26, Ler04			
N0.HOG0018852			Ler26, Ler05			
N0.HOG0018853			Ler26, Ler32			
N0.HOG0018854			Ler26			Xtr02
N0.HOG0018855			Ler26			
N0.HOG0018856			LerSca			
N0.HOG0018857			LerSca			
N0.HOG0018858			Ler08			
N0.HOG0018859			LerSca			Xtr09
N0.HOG0018860			Ler27			
N0.HOG0018861			Ler27, Ler02			
N0.HOG0018862			Ler27, Ler07			
N0.HOG0018863			Ler27, Ler31			
N0.HOG0018864			LerSca			
N0.HOG0018865			Ler28			Xtr02
N0.HOG0018866			Ler28			
N0.HOG0018867			Ler28	LocSca		
N0.HOG0018868			LerSca			
N0.HOG0018869			Ler03, Ler29			
N0.HOG0018870			Ler29			
N0.HOG0018871			Ler03, Ler29			
N0.HOG0018872			Ler29			
N0.HOG0018873			Ler02			
N0.HOG0018874			Ler02			
N0.HOG0018875			Ler02	Loc09		
N0.HOG0018876			Ler03, Ler02			
N0.HOG0018877			Ler03, Ler02			
N0.HOG0018878			Ler02			
N0.HOG0018879			Ler02			
N0.HOG0018880			Ler02			
N0.HOG0018881			Ler02			
N0.HOG0018882			Ler02, Ler06			
N0.HOG0018883			Ler07, Ler02			
N0.HOG0018884			Ler02, Ler09			
N0.HOG0018885			Ler02			
N0.HOG0018886			Ler03, Ler02			
N0.HOG0018887			Ler02			
N0.HOG0018888			LerSca			
N0.HOG0018889			Ler30	Loc25		
N0.HOG0018890			Ler30			
N0.HOG0018891			Ler30			Xtr07
N0.HOG0018892			Ler30			Xtr07
N0.HOG0018893			Ler03, Ler30			
N0.HOG0018894			Ler07, Ler30			
N0.HOG0018895			Ler31			Xtr08
N0.HOG0018896			Ler31			
N0.HOG0018897			Ler31	Loc21		
N0.HOG0018898			Ler08			
N0.HOG0018899			Ler32, Ler35			
N0.HOG0018900			Ler32			Xtr07
N0.HOG0018901			Ler34, Ler06			
N0.HOG0018902			Ler09, Ler35			
N0.HOG0018903			Ler35, Ler06			
N0.HOG0018904			LerSca			
N0.HOG0018905			LerSca			
N0.HOG0018906			LerSca			
N0.HOG0018907			Ler36			
N0.HOG0018908			Ler37			Xtr09
N0.HOG0018909			Ler37	Loc08		
N0.HOG0018910			Ler38			
N0.HOG0018911			Ler38	Loc02		
N0.HOG0018912			Ler03, Ler39			
N0.HOG0018913			Ler39	Loc06		
N0.HOG0018914			Ler39			Xtr03
N0.HOG0018915			Ler03, Ler39			
N0.HOG0018916			Ler03, Ler41			
N0.HOG0018917			Ler03			
N0.HOG0018918			Ler03			
N0.HOG0018919			Ler03			
N0.HOG0018920			Ler03			
N0.HOG0018921			Ler03			Xtr01
N0.HOG0018922			Ler03, Ler05			
N0.HOG0018923			Ler40			
N0.HOG0018924			Ler40			Xtr02
N0.HOG0018925			LerSca			
N0.HOG0018926			Ler42			
N0.HOG0018927			Ler09, Ler44			
N0.HOG0018928			Ler44	Loc13		
N0.HOG0018929			Ler46			
N0.HOG0018930			Ler49			
N0.HOG0018931			Ler04			
N0.HOG0018932			Ler04			
N0.HOG0018933			Ler04, Ler05			
N0.HOG0018934			Ler04, Ler05			
N0.HOG0018935			Ler04, Ler05			
N0.HOG0018936			Ler04, Ler06			
N0.HOG0018937			Ler04, Ler06			
N0.HOG0018938			Ler04			
N0.HOG0018939			Ler04, Ler07			
N0.HOG0018940			Ler04			
N0.HOG0018941			Ler04			
N0.HOG0018942			Ler04			
N0.HOG0018943			Ler04	Loc09		
N0.HOG0018944			Ler04, Ler05			
N0.HOG0018945			LerSca			Xtr08
N0.HOG0018946			LerSca			Xtr08
N0.HOG0018947			LerSca			
N0.HOG0018948			Ler05			
N0.HOG0018949			Ler09, Ler05			
N0.HOG0018950			Ler05			Xtr05
N0.HOG0018951			Ler05			
N0.HOG0018952			Ler09, Ler05			
N0.HOG0018953			Ler06, Ler05			
N0.HOG0018954			Ler09, Ler05			
N0.HOG0018955			LerSca			
N0.HOG0018956			LerSca			
N0.HOG0018957			LerSca			
N0.HOG0018958			LerSca			
N0.HOG0018959			LerSca			
N0.HOG0018960			LerSca	Loc01		
N0.HOG0018961			LerSca			
N0.HOG0018962			LerSca			Xtr08
N0.HOG0018963			Ler06	LocSca		
N0.HOG0018964			Ler07, Ler06			
N0.HOG0018965			Ler06	Loc04		
N0.HOG0018966			Ler06			Xtr02
N0.HOG0018967			Ler06			
N0.HOG0018968			Ler06	Loc17		
N0.HOG0018969			LerSca			Xtr04
N0.HOG0018970			Ler07			
N0.HOG0018971			Ler07, Ler09			
N0.HOG0018972			Ler07			
N0.HOG0018973			Ler07			
N0.HOG0018974			LerSca			
N0.HOG0018975			LerSca			Xtr07
N0.HOG0018976			Ler08			
N0.HOG0018977			Ler08			
N0.HOG0018978			Ler08	Loc16		
N0.HOG0018979			Ler08			
N0.HOG0018980			Ler08			
N0.HOG0018981			Ler09			Xtr04
N0.HOG0018982			Ler09			
N0.HOG0018983				Loc01		Xtr08
N0.HOG0018984				Loc01		Xtr08
N0.HOG0018985				Loc01		XtrSca
N0.HOG0018986				Loc01		Xtr08
N0.HOG0018987				Loc01		Xtr08
N0.HOG0018988				Loc01		Xtr08
N0.HOG0018989				Loc01		Xtr08
N0.HOG0018990				Loc01		
N0.HOG0018991				Loc01		Xtr08
N0.HOG0018992				Loc01		Xtr08
N0.HOG0018993				Loc01		Xtr08
N0.HOG0018994				Loc01		Xtr08
N0.HOG0018995				Loc01		XtrSca
N0.HOG0018996				Loc01		Xtr03
N0.HOG0018997				Loc01		Xtr03
N0.HOG0018998				Loc02, Loc01		
N0.HOG0018999				Loc01		Xtr08
N0.HOG0019000				Loc01		Xtr05
N0.HOG0019001				Loc14, Loc01		
N0.HOG0019002				Loc16, Loc01		
N0.HOG0019003				Loc01		Xtr05
N0.HOG0019004				Loc01		Xtr09
N0.HOG0019005				Loc01		Xtr05
N0.HOG0019006				Loc01		Xtr01
N0.HOG0019007				Loc01		
N0.HOG0019008				Loc01		Xtr05
N0.HOG0019009				Loc10		
N0.HOG0019010				Loc10		
N0.HOG0019011				Loc10		
N0.HOG0019012				Loc10, Loc07		
N0.HOG0019013				Loc10		
N0.HOG0019014				Loc10		Xtr10
N0.HOG0019015				Loc10		XtrSca
N0.HOG0019016				Loc10		
N0.HOG0019017				Loc11		Xtr08
N0.HOG0019018				Loc11		
N0.HOG0019019				Loc11		
N0.HOG0019020				Loc11		XtrSca
N0.HOG0019021				Loc12		Xtr09
N0.HOG0019022				Loc12		
N0.HOG0019023				Loc12		Xtr04
N0.HOG0019024				Loc14		Xtr05
N0.HOG0019025				Loc14		Xtr05
N0.HOG0019026				Loc09, Loc14		
N0.HOG0019027				Loc14		Xtr05
N0.HOG0019028				Loc14		
N0.HOG0019029				Loc14		Xtr09
N0.HOG0019030				Loc15		Xtr10
N0.HOG0019031				Loc15		
N0.HOG0019032				Loc16		
N0.HOG0019033				Loc16		Xtr05
N0.HOG0019034				Loc17		
N0.HOG0019035				Loc08, Loc17		
N0.HOG0019036				Loc17		Xtr02
N0.HOG0019037				Loc17		
N0.HOG0019038				Loc17		Xtr07
N0.HOG0019039				Loc17		Xtr02
N0.HOG0019040				Loc17		
N0.HOG0019041				Loc17		Xtr02
N0.HOG0019042				Loc17		Xtr02
N0.HOG0019043				Loc17		Xtr02
N0.HOG0019044				Loc17		Xtr02
N0.HOG0019045				Loc18		Xtr01
N0.HOG0019046				Loc03, Loc18		
N0.HOG0019047				Loc18		Xtr10
N0.HOG0019048				Loc18		Xtr10
N0.HOG0019049				Loc19		Xtr01
N0.HOG0019050				Loc05, Loc19		
N0.HOG0019051				Loc02		Xtr01
N0.HOG0019052				Loc02		Xtr01
N0.HOG0019053				Loc02		
N0.HOG0019054				Loc02		Xtr01
N0.HOG0019055				Loc02		Xtr01
N0.HOG0019056				Loc02, Loc05		
N0.HOG0019057				Loc02		
N0.HOG0019058				Loc02		Xtr03
N0.HOG0019059				Loc02		Xtr08
N0.HOG0019060				Loc02		Xtr03
N0.HOG0019061				Loc02		Xtr03
N0.HOG0019062				Loc02		Xtr03
N0.HOG0019063				Loc02		Xtr08
N0.HOG0019064				Loc02		Xtr08
N0.HOG0019065				Loc02		Xtr08
N0.HOG0019066				Loc02		Xtr08
N0.HOG0019067				Loc21		Xtr08
N0.HOG0019068				Loc22		Xtr02
N0.HOG0019069				Loc22		
N0.HOG0019070				Loc06, Loc22		
N0.HOG0019071				Loc23		Xtr04
N0.HOG0019072				Loc23		Xtr04
N0.HOG0019073				Loc24		Xtr07
N0.HOG0019074				Loc24		Xtr07
N0.HOG0019075				Loc24		Xtr07
N0.HOG0019076				Loc24		Xtr07
N0.HOG0019077				Loc24		Xtr07
N0.HOG0019078				Loc24		Xtr07
N0.HOG0019079				Loc24		Xtr07
N0.HOG0019080				Loc24		Xtr07
N0.HOG0019081				Loc24		Xtr07
N0.HOG0019082				Loc24		Xtr07
N0.HOG0019083				Loc24		
N0.HOG0019084				Loc24		Xtr07
N0.HOG0019085				Loc24		Xtr07
N0.HOG0019086				Loc24		Xtr07
N0.HOG0019087				Loc24		
N0.HOG0019088				Loc24		
N0.HOG0019089				Loc24		XtrSca
N0.HOG0019090				Loc24		Xtr08
N0.HOG0019091				Loc24		Xtr08
N0.HOG0019092				Loc24		Xtr08
N0.HOG0019093				Loc24		Xtr08
N0.HOG0019094				Loc24		Xtr08
N0.HOG0019095				Loc25		Xtr07
N0.HOG0019096				Loc25		Xtr07
N0.HOG0019097				Loc25		Xtr07
N0.HOG0019098				Loc26, Loc04		
N0.HOG0019099				Loc26		Xtr07
N0.HOG0019100				Loc26		Xtr07
N0.HOG0019101				Loc26		Xtr07
N0.HOG0019102				Loc26		Xtr07
N0.HOG0019103				Loc27		Xtr04
N0.HOG0019104				Loc27		
N0.HOG0019105				Loc28		Xtr04
N0.HOG0019106				Loc28		Xtr04
N0.HOG0019107				Loc28		Xtr04
N0.HOG0019108				Loc28		Xtr04
N0.HOG0019109				Loc28		Xtr04
N0.HOG0019110				Loc28		Xtr04
N0.HOG0019111				Loc28		Xtr04
N0.HOG0019112				Loc28		Xtr04
N0.HOG0019113				Loc03, Loc07		
N0.HOG0019114				Loc03		Xtr02
N0.HOG0019115				Loc03		Xtr06
N0.HOG0019116				Loc03		Xtr02
N0.HOG0019117				Loc03		
N0.HOG0019118				Loc03		Xtr02
N0.HOG0019119				Loc03		
N0.HOG0019120				Loc03		Xtr06
N0.HOG0019121				Loc04		Xtr02
N0.HOG0019122				Loc04		Xtr02
N0.HOG0019123				Loc04		Xtr02
N0.HOG0019124				Loc04		Xtr02
N0.HOG0019125				Loc04		Xtr02
N0.HOG0019126				Loc04		Xtr02
N0.HOG0019127				Loc04		Xtr01
N0.HOG0019128				Loc04		
N0.HOG0019129				Loc04		Xtr01
N0.HOG0019130				Loc04		Xtr01
N0.HOG0019131				Loc04		Xtr01
N0.HOG0019132				Loc04		
N0.HOG0019133				Loc05		Xtr01
N0.HOG0019134				Loc05		
N0.HOG0019135				Loc05		
N0.HOG0019136				Loc05		Xtr09
N0.HOG0019137				Loc05		Xtr09
N0.HOG0019138				Loc05		Xtr09
N0.HOG0019139				Loc05		Xtr07
N0.HOG0019140				Loc05		Xtr01
N0.HOG0019141				Loc05		Xtr04
N0.HOG0019142				Loc05		Xtr04
N0.HOG0019143				Loc06		Xtr03
N0.HOG0019144				Loc06		
N0.HOG0019145				Loc06		Xtr03
N0.HOG0019146				Loc06		Xtr03
N0.HOG0019147				Loc07		Xtr08
N0.HOG0019148				Loc07		Xtr08
N0.HOG0019149				Loc08		Xtr03
N0.HOG0019150				Loc08		Xtr04
N0.HOG0019151				Loc08		
N0.HOG0019152				Loc08		Xtr08
N0.HOG0019153				Loc09		Xtr07
N0.HOG0019154				Loc09		Xtr03
N0.HOG0019155				Loc09		
N0.HOG0019156				Loc09		Xtr06
N0.HOG0019157				Loc09		Xtr06
N0.HOG0019158				Loc09		Xtr06
N0.HOG0019159				LocSca		
N0.HOG0019160				LocSca		
N0.HOG0019161				LocSca		
N0.HOG0019162				LocSca		
N0.HOG0019163				LocSca		
N0.HOG0019164				LocSca		
N0.HOG0019165				LocSca		
N0.HOG0019166				LocSca		
N0.HOG0019167				LocSca		
N0.HOG0019168				LocSca		Xtr02
N0.HOG0019169				LocSca		Xtr07
N0.HOG0019170				LocSca		Xtr07
N0.HOG0019171				LocSca		
N0.HOG0019172				LocSca		
N0.HOG0019173				LocSca		Xtr08
N0.HOG0019174				LocSca		
N0.HOG0019175				LocSca		
N0.HOG0019176				LocSca		Xtr08
N0.HOG0019177				LocSca		Xtr08
N0.HOG0019178				LocSca		
N0.HOG0019179				LocSca		
N0.HOG0019180				LocSca		
N0.HOG0019181				LocSca		
N0.HOG0019182				LocSca		
N0.HOG0019183				LocSca		
N0.HOG0019184				LocSca		
N0.HOG0019185				LocSca		
N0.HOG0019186				LocSca		
N0.HOG0019187						Xtr01, Xtr08
N0.HOG0019188						Xtr01
N0.HOG0019189						Xtr06, Xtr01
N0.HOG0019190						Xtr01
N0.HOG0019191						Xtr01
N0.HOG0019192						Xtr01, Xtr09
N0.HOG0019193						Xtr01, Xtr08
N0.HOG0019194						Xtr07, Xtr01
N0.HOG0019195						Xtr01
N0.HOG0019196						Xtr01
N0.HOG0019197						Xtr01, Xtr09
N0.HOG0019198						Xtr02, Xtr01
N0.HOG0019199						Xtr01, Xtr04
N0.HOG0019200						Xtr01
N0.HOG0019201						Xtr01
N0.HOG0019202						Xtr01
N0.HOG0019203						Xtr01, Xtr04
N0.HOG0019204						Xtr06, Xtr01
N0.HOG0019205						Xtr01
N0.HOG0019206						Xtr02, Xtr01
N0.HOG0019207						Xtr01
N0.HOG0019208						Xtr01
N0.HOG0019209						Xtr01
N0.HOG0019210						Xtr01
N0.HOG0019211						Xtr01
N0.HOG0019212						Xtr01
N0.HOG0019213						Xtr01
N0.HOG0019214						Xtr01
N0.HOG0019215						Xtr01
N0.HOG0019216						Xtr01
N0.HOG0019217						Xtr01
N0.HOG0019218						Xtr06, Xtr01
N0.HOG0019219						Xtr01, Xtr08
N0.HOG0019220						Xtr01, Xtr07
N0.HOG0019221						Xtr01
N0.HOG0019222						Xtr10
N0.HOG0019223						Xtr10
N0.HOG0019224						Xtr10, Xtr07
N0.HOG0019225						Xtr10, Xtr07
N0.HOG0019226						Xtr10
N0.HOG0019227						Xtr10
N0.HOG0019228						Xtr10, Xtr03
N0.HOG0019229						Xtr02
N0.HOG0019230						Xtr02, Xtr08
N0.HOG0019231						Xtr02
N0.HOG0019232						Xtr02
N0.HOG0019233						Xtr02, Xtr06
N0.HOG0019234						Xtr02, Xtr06
N0.HOG0019235						Xtr02
N0.HOG0019236						Xtr02, Xtr04
N0.HOG0019237						Xtr02
N0.HOG0019238						Xtr02
N0.HOG0019239						Xtr02, Xtr07
N0.HOG0019240						Xtr02
N0.HOG0019241						Xtr02
N0.HOG0019242						Xtr02
N0.HOG0019243						Xtr02
N0.HOG0019244						Xtr02
N0.HOG0019245						Xtr02, Xtr03
N0.HOG0019246						Xtr02, Xtr04
N0.HOG0019247						Xtr02, Xtr05
N0.HOG0019248						Xtr08, Xtr03
N0.HOG0019249						Xtr03
N0.HOG0019250						Xtr08, Xtr03
N0.HOG0019251						Xtr03
N0.HOG0019252						Xtr03
N0.HOG0019253						Xtr08, Xtr03
N0.HOG0019254						Xtr03, Xtr04
N0.HOG0019255						Xtr03
N0.HOG0019256						Xtr03
N0.HOG0019257						Xtr03, Xtr05
N0.HOG0019258						Xtr03
N0.HOG0019259						Xtr03
N0.HOG0019260						Xtr03
N0.HOG0019261						Xtr08, Xtr03
N0.HOG0019262						Xtr03, Xtr04
N0.HOG0019263						Xtr03
N0.HOG0019264						Xtr03
N0.HOG0019265						Xtr03
N0.HOG0019266						Xtr03
N0.HOG0019267						Xtr03
N0.HOG0019268						Xtr03
N0.HOG0019269						Xtr04
N0.HOG0019270						Xtr04
N0.HOG0019271						Xtr04
N0.HOG0019272						Xtr04
N0.HOG0019273						Xtr04
N0.HOG0019274						Xtr04
N0.HOG0019275						Xtr04
N0.HOG0019276						Xtr06, Xtr04
N0.HOG0019277						Xtr04, Xtr09
N0.HOG0019278						Xtr04
N0.HOG0019279						Xtr04, Xtr09
N0.HOG0019280						Xtr06, Xtr04
N0.HOG0019281						Xtr08, Xtr04
N0.HOG0019282						Xtr04, Xtr05
N0.HOG0019283						Xtr04, Xtr09
N0.HOG0019284						Xtr04, Xtr05
N0.HOG0019285						Xtr04
N0.HOG0019286						Xtr05
N0.HOG0019287						Xtr07, Xtr05
N0.HOG0019288						Xtr05
N0.HOG0019289						Xtr05
N0.HOG0019290						Xtr05
N0.HOG0019291						Xtr05
N0.HOG0019292						Xtr09, Xtr05
N0.HOG0019293						Xtr06, Xtr05
N0.HOG0019294						Xtr08, Xtr05
N0.HOG0019295						Xtr05
N0.HOG0019296						Xtr05
N0.HOG0019297						Xtr06, Xtr05
N0.HOG0019298						Xtr05
N0.HOG0019299						Xtr08, Xtr05
N0.HOG0019300						Xtr05
N0.HOG0019301						Xtr05
N0.HOG0019302						Xtr06
N0.HOG0019303						Xtr06
N0.HOG0019304						Xtr06
N0.HOG0019305						Xtr06
N0.HOG0019306						Xtr06
N0.HOG0019307						Xtr06, Xtr09
N0.HOG0019308						Xtr06
N0.HOG0019309						Xtr06
N0.HOG0019310						Xtr06
N0.HOG0019311						Xtr06
N0.HOG0019312						Xtr06, Xtr07
N0.HOG0019313						Xtr06
N0.HOG0019314						Xtr06
N0.HOG0019315						Xtr06
N0.HOG0019316						Xtr06
N0.HOG0019317						Xtr07
N0.HOG0019318						Xtr07
N0.HOG0019319						Xtr07
N0.HOG0019320						Xtr07
N0.HOG0019321						Xtr07
N0.HOG0019322						Xtr07
N0.HOG0019323						Xtr07
N0.HOG0019324						Xtr07
N0.HOG0019325						Xtr07
N0.HOG0019326						Xtr07
N0.HOG0019327						Xtr07
N0.HOG0019328						Xtr07
N0.HOG0019329						Xtr07
N0.HOG0019330						Xtr07, Xtr09
N0.HOG0019331						Xtr07
N0.HOG0019332						Xtr07
N0.HOG0019333						Xtr07, Xtr09
N0.HOG0019334						Xtr07
N0.HOG0019335						Xtr07
N0.HOG0019336						Xtr07
N0.HOG0019337						Xtr07
N0.HOG0019338						Xtr07, Xtr08
N0.HOG0019339						Xtr07
N0.HOG0019340						Xtr07
N0.HOG0019341						Xtr07
N0.HOG0019342						Xtr07
N0.HOG0019343						Xtr07
N0.HOG0019344						Xtr07
N0.HOG0019345						Xtr07
N0.HOG0019346						Xtr07
N0.HOG0019347						Xtr08
N0.HOG0019348						Xtr08
N0.HOG0019349						Xtr08
N0.HOG0019350						Xtr08
N0.HOG0019351						Xtr08
N0.HOG0019352						Xtr08
N0.HOG0019353						Xtr08
N0.HOG0019354						Xtr08
N0.HOG0019355						Xtr08
N0.HOG0019356						Xtr08
N0.HOG0019357						Xtr08
N0.HOG0019358						Xtr08
N0.HOG0019359						Xtr08
N0.HOG0019360						Xtr08
N0.HOG0019361						Xtr08
N0.HOG0019362						Xtr08
N0.HOG0019363						Xtr08
N0.HOG0019364						Xtr08
N0.HOG0019365						Xtr08
N0.HOG0019366						Xtr08
N0.HOG0019367						Xtr08, Xtr09
N0.HOG0019368						Xtr08
N0.HOG0019369						Xtr08
N0.HOG0019370						Xtr08
N0.HOG0019371						Xtr08
N0.HOG0019372						Xtr08
N0.HOG0019373						Xtr08
N0.HOG0019374						Xtr08
N0.HOG0019375						Xtr09
N0.HOG0019376						Xtr09
N0.HOG0019377						Xtr09
N0.HOG0019378						Xtr09
N0.HOG0019379						Xtr09
N0.HOG0019380						Xtr09
